[{"arts_boost_damageup_id_": 0, "damageup_rank_": 0, "damageup_rank_type_": 0, "damageup_trigger_probabillity_": 100, "damageup_magnification_": 8000, "super_damageup_trigger_probabillity_": 100, "super_damageup_magnification_": 15000}, {"arts_boost_damageup_id_": 1, "damageup_rank_": 1, "damageup_rank_type_": 0, "damageup_trigger_probabillity_": 1000, "damageup_magnification_": 8000, "super_damageup_trigger_probabillity_": 100, "super_damageup_magnification_": 15000}, {"arts_boost_damageup_id_": 2, "damageup_rank_": 2, "damageup_rank_type_": 0, "damageup_trigger_probabillity_": 2000, "damageup_magnification_": 8000, "super_damageup_trigger_probabillity_": 100, "super_damageup_magnification_": 15000}, {"arts_boost_damageup_id_": 3, "damageup_rank_": 3, "damageup_rank_type_": 0, "damageup_trigger_probabillity_": 3200, "damageup_magnification_": 8000, "super_damageup_trigger_probabillity_": 100, "super_damageup_magnification_": 15000}, {"arts_boost_damageup_id_": 4, "damageup_rank_": 4, "damageup_rank_type_": 0, "damageup_trigger_probabillity_": 4600, "damageup_magnification_": 8000, "super_damageup_trigger_probabillity_": 100, "super_damageup_magnification_": 15000}, {"arts_boost_damageup_id_": 5, "damageup_rank_": 5, "damageup_rank_type_": 0, "damageup_trigger_probabillity_": 6200, "damageup_magnification_": 8000, "super_damageup_trigger_probabillity_": 100, "super_damageup_magnification_": 15000}, {"arts_boost_damageup_id_": 6, "damageup_rank_": 6, "damageup_rank_type_": 0, "damageup_trigger_probabillity_": 8000, "damageup_magnification_": 8000, "super_damageup_trigger_probabillity_": 100, "super_damageup_magnification_": 15000}, {"arts_boost_damageup_id_": 7, "damageup_rank_": 7, "damageup_rank_type_": 0, "damageup_trigger_probabillity_": 10000, "damageup_magnification_": 8000, "super_damageup_trigger_probabillity_": 500, "super_damageup_magnification_": 15000}, {"arts_boost_damageup_id_": 8, "damageup_rank_": 8, "damageup_rank_type_": 1, "damageup_trigger_probabillity_": 10000, "damageup_magnification_": 8000, "super_damageup_trigger_probabillity_": 950, "super_damageup_magnification_": 15000}, {"arts_boost_damageup_id_": 9, "damageup_rank_": 9, "damageup_rank_type_": 1, "damageup_trigger_probabillity_": 10000, "damageup_magnification_": 8000, "super_damageup_trigger_probabillity_": 1450, "super_damageup_magnification_": 15000}, {"arts_boost_damageup_id_": 10, "damageup_rank_": 10, "damageup_rank_type_": 1, "damageup_trigger_probabillity_": 10000, "damageup_magnification_": 8000, "super_damageup_trigger_probabillity_": 2000, "super_damageup_magnification_": 15000}, {"arts_boost_damageup_id_": 100, "damageup_rank_": 0, "damageup_rank_type_": 0, "damageup_trigger_probabillity_": 100, "damageup_magnification_": 8000, "super_damageup_trigger_probabillity_": 100, "super_damageup_magnification_": 15000}, {"arts_boost_damageup_id_": 101, "damageup_rank_": 1, "damageup_rank_type_": 0, "damageup_trigger_probabillity_": 1000, "damageup_magnification_": 8000, "super_damageup_trigger_probabillity_": 100, "super_damageup_magnification_": 15000}, {"arts_boost_damageup_id_": 102, "damageup_rank_": 2, "damageup_rank_type_": 0, "damageup_trigger_probabillity_": 2000, "damageup_magnification_": 8000, "super_damageup_trigger_probabillity_": 100, "super_damageup_magnification_": 15000}, {"arts_boost_damageup_id_": 103, "damageup_rank_": 3, "damageup_rank_type_": 0, "damageup_trigger_probabillity_": 3200, "damageup_magnification_": 8000, "super_damageup_trigger_probabillity_": 100, "super_damageup_magnification_": 15000}, {"arts_boost_damageup_id_": 104, "damageup_rank_": 4, "damageup_rank_type_": 0, "damageup_trigger_probabillity_": 4600, "damageup_magnification_": 8000, "super_damageup_trigger_probabillity_": 100, "super_damageup_magnification_": 15000}, {"arts_boost_damageup_id_": 105, "damageup_rank_": 5, "damageup_rank_type_": 0, "damageup_trigger_probabillity_": 6200, "damageup_magnification_": 8000, "super_damageup_trigger_probabillity_": 100, "super_damageup_magnification_": 15000}, {"arts_boost_damageup_id_": 106, "damageup_rank_": 6, "damageup_rank_type_": 0, "damageup_trigger_probabillity_": 8000, "damageup_magnification_": 8000, "super_damageup_trigger_probabillity_": 100, "super_damageup_magnification_": 15000}, {"arts_boost_damageup_id_": 107, "damageup_rank_": 7, "damageup_rank_type_": 0, "damageup_trigger_probabillity_": 10000, "damageup_magnification_": 8000, "super_damageup_trigger_probabillity_": 500, "super_damageup_magnification_": 15000}, {"arts_boost_damageup_id_": 108, "damageup_rank_": 8, "damageup_rank_type_": 1, "damageup_trigger_probabillity_": 10000, "damageup_magnification_": 8000, "super_damageup_trigger_probabillity_": 950, "super_damageup_magnification_": 15000}, {"arts_boost_damageup_id_": 109, "damageup_rank_": 9, "damageup_rank_type_": 1, "damageup_trigger_probabillity_": 10000, "damageup_magnification_": 8000, "super_damageup_trigger_probabillity_": 1450, "super_damageup_magnification_": 15000}, {"arts_boost_damageup_id_": 110, "damageup_rank_": 10, "damageup_rank_type_": 1, "damageup_trigger_probabillity_": 10000, "damageup_magnification_": 8000, "super_damageup_trigger_probabillity_": 2000, "super_damageup_magnification_": 15000}, {"arts_boost_damageup_id_": 200, "damageup_rank_": 0, "damageup_rank_type_": 0, "damageup_trigger_probabillity_": 100, "damageup_magnification_": 8000, "super_damageup_trigger_probabillity_": 100, "super_damageup_magnification_": 15000}, {"arts_boost_damageup_id_": 201, "damageup_rank_": 1, "damageup_rank_type_": 0, "damageup_trigger_probabillity_": 1000, "damageup_magnification_": 8000, "super_damageup_trigger_probabillity_": 100, "super_damageup_magnification_": 15000}, {"arts_boost_damageup_id_": 202, "damageup_rank_": 2, "damageup_rank_type_": 0, "damageup_trigger_probabillity_": 2000, "damageup_magnification_": 8000, "super_damageup_trigger_probabillity_": 100, "super_damageup_magnification_": 15000}, {"arts_boost_damageup_id_": 203, "damageup_rank_": 3, "damageup_rank_type_": 0, "damageup_trigger_probabillity_": 3200, "damageup_magnification_": 8000, "super_damageup_trigger_probabillity_": 100, "super_damageup_magnification_": 15000}, {"arts_boost_damageup_id_": 204, "damageup_rank_": 4, "damageup_rank_type_": 0, "damageup_trigger_probabillity_": 4600, "damageup_magnification_": 8000, "super_damageup_trigger_probabillity_": 100, "super_damageup_magnification_": 15000}, {"arts_boost_damageup_id_": 205, "damageup_rank_": 5, "damageup_rank_type_": 0, "damageup_trigger_probabillity_": 6200, "damageup_magnification_": 8000, "super_damageup_trigger_probabillity_": 100, "super_damageup_magnification_": 15000}, {"arts_boost_damageup_id_": 206, "damageup_rank_": 6, "damageup_rank_type_": 0, "damageup_trigger_probabillity_": 8000, "damageup_magnification_": 8000, "super_damageup_trigger_probabillity_": 100, "super_damageup_magnification_": 15000}, {"arts_boost_damageup_id_": 207, "damageup_rank_": 7, "damageup_rank_type_": 0, "damageup_trigger_probabillity_": 10000, "damageup_magnification_": 8000, "super_damageup_trigger_probabillity_": 500, "super_damageup_magnification_": 15000}, {"arts_boost_damageup_id_": 208, "damageup_rank_": 8, "damageup_rank_type_": 1, "damageup_trigger_probabillity_": 10000, "damageup_magnification_": 8000, "super_damageup_trigger_probabillity_": 950, "super_damageup_magnification_": 15000}, {"arts_boost_damageup_id_": 209, "damageup_rank_": 9, "damageup_rank_type_": 1, "damageup_trigger_probabillity_": 10000, "damageup_magnification_": 8000, "super_damageup_trigger_probabillity_": 1450, "super_damageup_magnification_": 15000}, {"arts_boost_damageup_id_": 210, "damageup_rank_": 10, "damageup_rank_type_": 1, "damageup_trigger_probabillity_": 10000, "damageup_magnification_": 8000, "super_damageup_trigger_probabillity_": 2000, "super_damageup_magnification_": 15000}]