[{"challenge_id_": 7, "mode_": 0, "check_type_": 3, "element_id_": 100, "count_type_": 0, "character_count_": -1}, {"challenge_id_": 14, "mode_": 0, "check_type_": 1, "element_id_": 15000, "count_type_": 0, "character_count_": -1}, {"challenge_id_": 15, "mode_": 0, "check_type_": 1, "element_id_": 15001, "count_type_": 0, "character_count_": -1}, {"challenge_id_": 16, "mode_": 0, "check_type_": 1, "element_id_": 15002, "count_type_": 0, "character_count_": -1}, {"challenge_id_": 17, "mode_": 0, "check_type_": 1, "element_id_": 15003, "count_type_": 0, "character_count_": -1}, {"challenge_id_": 18, "mode_": 0, "check_type_": 1, "element_id_": 15004, "count_type_": 0, "character_count_": -1}, {"challenge_id_": 19, "mode_": 0, "check_type_": 1, "element_id_": 15070, "count_type_": 0, "character_count_": -1}, {"challenge_id_": 21, "mode_": 0, "check_type_": 1, "element_id_": 15000, "count_type_": 0, "character_count_": 1}, {"challenge_id_": 22, "mode_": 0, "check_type_": 1, "element_id_": 15001, "count_type_": 0, "character_count_": 1}, {"challenge_id_": 23, "mode_": 0, "check_type_": 1, "element_id_": 15002, "count_type_": 0, "character_count_": 1}, {"challenge_id_": 24, "mode_": 0, "check_type_": 1, "element_id_": 15003, "count_type_": 0, "character_count_": 1}, {"challenge_id_": 25, "mode_": 0, "check_type_": 1, "element_id_": 15004, "count_type_": 0, "character_count_": 1}, {"challenge_id_": 26, "mode_": 0, "check_type_": 1, "element_id_": 15070, "count_type_": 0, "character_count_": 1}, {"challenge_id_": 28, "mode_": 0, "check_type_": 2, "element_id_": -1, "count_type_": 0, "character_count_": 1}, {"challenge_id_": 29, "mode_": 0, "check_type_": -1, "element_id_": -1, "count_type_": 1, "character_count_": -1}, {"challenge_id_": 30, "mode_": 0, "check_type_": -1, "element_id_": -1, "count_type_": 0, "character_count_": -1}, {"challenge_id_": 35, "mode_": 0, "check_type_": 2, "element_id_": -1, "count_type_": 0, "character_count_": 1}, {"challenge_id_": 36, "mode_": 0, "check_type_": 2, "element_id_": -1, "count_type_": 0, "character_count_": 1}, {"challenge_id_": 37, "mode_": 0, "check_type_": 2, "element_id_": -1, "count_type_": 0, "character_count_": 1}, {"challenge_id_": 38, "mode_": 0, "check_type_": 1, "element_id_": -1, "count_type_": 0, "character_count_": -1}, {"challenge_id_": 39, "mode_": 0, "check_type_": 1, "element_id_": -1, "count_type_": 0, "character_count_": 1}, {"challenge_id_": 40, "mode_": 0, "check_type_": 1, "element_id_": -1, "count_type_": 2, "character_count_": -1}, {"challenge_id_": 7, "mode_": 1, "check_type_": 3, "element_id_": 100, "count_type_": 0, "character_count_": -1}, {"challenge_id_": 10, "mode_": 1, "check_type_": -1, "element_id_": -1, "count_type_": 0, "character_count_": 2}, {"challenge_id_": 14, "mode_": 1, "check_type_": 1, "element_id_": 15000, "count_type_": 0, "character_count_": -1}, {"challenge_id_": 15, "mode_": 1, "check_type_": 1, "element_id_": 15001, "count_type_": 0, "character_count_": -1}, {"challenge_id_": 16, "mode_": 1, "check_type_": 1, "element_id_": 15002, "count_type_": 0, "character_count_": -1}, {"challenge_id_": 17, "mode_": 1, "check_type_": 1, "element_id_": 15003, "count_type_": 0, "character_count_": -1}, {"challenge_id_": 18, "mode_": 1, "check_type_": 1, "element_id_": 15004, "count_type_": 0, "character_count_": -1}, {"challenge_id_": 19, "mode_": 1, "check_type_": 1, "element_id_": 15070, "count_type_": 0, "character_count_": -1}, {"challenge_id_": 21, "mode_": 1, "check_type_": 1, "element_id_": 15000, "count_type_": 0, "character_count_": 1}, {"challenge_id_": 22, "mode_": 1, "check_type_": 1, "element_id_": 15001, "count_type_": 0, "character_count_": 1}, {"challenge_id_": 23, "mode_": 1, "check_type_": 1, "element_id_": 15002, "count_type_": 0, "character_count_": 1}, {"challenge_id_": 24, "mode_": 1, "check_type_": 1, "element_id_": 15003, "count_type_": 0, "character_count_": 1}, {"challenge_id_": 25, "mode_": 1, "check_type_": 1, "element_id_": 15004, "count_type_": 0, "character_count_": 1}, {"challenge_id_": 26, "mode_": 1, "check_type_": 1, "element_id_": 15070, "count_type_": 0, "character_count_": 1}, {"challenge_id_": 28, "mode_": 1, "check_type_": 2, "element_id_": -1, "count_type_": 0, "character_count_": 1}, {"challenge_id_": 29, "mode_": 1, "check_type_": -1, "element_id_": -1, "count_type_": 1, "character_count_": -1}, {"challenge_id_": 30, "mode_": 1, "check_type_": -1, "element_id_": -1, "count_type_": 0, "character_count_": -1}, {"challenge_id_": 35, "mode_": 1, "check_type_": 2, "element_id_": -1, "count_type_": 0, "character_count_": 1}, {"challenge_id_": 36, "mode_": 1, "check_type_": 2, "element_id_": -1, "count_type_": 0, "character_count_": 1}, {"challenge_id_": 37, "mode_": 1, "check_type_": 2, "element_id_": -1, "count_type_": 0, "character_count_": 1}, {"challenge_id_": 38, "mode_": 1, "check_type_": 1, "element_id_": -1, "count_type_": 0, "character_count_": -1}, {"challenge_id_": 39, "mode_": 1, "check_type_": 1, "element_id_": -1, "count_type_": 0, "character_count_": 1}, {"challenge_id_": 40, "mode_": 1, "check_type_": 1, "element_id_": -1, "count_type_": 2, "character_count_": -1}, {"challenge_id_": 41, "mode_": 1, "check_type_": -1, "element_id_": -1, "count_type_": 0, "character_count_": 2}, {"challenge_id_": 7, "mode_": 2, "check_type_": 3, "element_id_": 100, "count_type_": 0, "character_count_": -1}, {"challenge_id_": 14, "mode_": 2, "check_type_": 1, "element_id_": 15000, "count_type_": 0, "character_count_": -1}, {"challenge_id_": 15, "mode_": 2, "check_type_": 1, "element_id_": 15001, "count_type_": 0, "character_count_": -1}, {"challenge_id_": 16, "mode_": 2, "check_type_": 1, "element_id_": 15002, "count_type_": 0, "character_count_": -1}, {"challenge_id_": 17, "mode_": 2, "check_type_": 1, "element_id_": 15003, "count_type_": 0, "character_count_": -1}, {"challenge_id_": 18, "mode_": 2, "check_type_": 1, "element_id_": 15004, "count_type_": 0, "character_count_": -1}, {"challenge_id_": 19, "mode_": 2, "check_type_": 1, "element_id_": 15070, "count_type_": 0, "character_count_": -1}, {"challenge_id_": 21, "mode_": 2, "check_type_": 1, "element_id_": 15000, "count_type_": 0, "character_count_": 1}, {"challenge_id_": 22, "mode_": 2, "check_type_": 1, "element_id_": 15001, "count_type_": 0, "character_count_": 1}, {"challenge_id_": 23, "mode_": 2, "check_type_": 1, "element_id_": 15002, "count_type_": 0, "character_count_": 1}, {"challenge_id_": 24, "mode_": 2, "check_type_": 1, "element_id_": 15003, "count_type_": 0, "character_count_": 1}, {"challenge_id_": 25, "mode_": 2, "check_type_": 1, "element_id_": 15004, "count_type_": 0, "character_count_": 1}, {"challenge_id_": 26, "mode_": 2, "check_type_": 1, "element_id_": 15070, "count_type_": 0, "character_count_": 1}, {"challenge_id_": 28, "mode_": 2, "check_type_": 2, "element_id_": -1, "count_type_": 0, "character_count_": 1}, {"challenge_id_": 29, "mode_": 2, "check_type_": -1, "element_id_": -1, "count_type_": 1, "character_count_": -1}, {"challenge_id_": 30, "mode_": 2, "check_type_": -1, "element_id_": -1, "count_type_": 0, "character_count_": -1}, {"challenge_id_": 35, "mode_": 2, "check_type_": 2, "element_id_": -1, "count_type_": 0, "character_count_": 1}, {"challenge_id_": 36, "mode_": 2, "check_type_": 2, "element_id_": -1, "count_type_": 0, "character_count_": 1}, {"challenge_id_": 37, "mode_": 2, "check_type_": 2, "element_id_": -1, "count_type_": 0, "character_count_": 1}, {"challenge_id_": 38, "mode_": 2, "check_type_": 1, "element_id_": -1, "count_type_": 0, "character_count_": -1}, {"challenge_id_": 39, "mode_": 2, "check_type_": 1, "element_id_": -1, "count_type_": 0, "character_count_": 1}, {"challenge_id_": 40, "mode_": 2, "check_type_": 1, "element_id_": -1, "count_type_": 2, "character_count_": -1}, {"challenge_id_": 7, "mode_": 3, "check_type_": 3, "element_id_": 100, "count_type_": 0, "character_count_": -1}, {"challenge_id_": 14, "mode_": 3, "check_type_": 1, "element_id_": 15000, "count_type_": 0, "character_count_": -1}, {"challenge_id_": 15, "mode_": 3, "check_type_": 1, "element_id_": 15001, "count_type_": 0, "character_count_": -1}, {"challenge_id_": 16, "mode_": 3, "check_type_": 1, "element_id_": 15002, "count_type_": 0, "character_count_": -1}, {"challenge_id_": 17, "mode_": 3, "check_type_": 1, "element_id_": 15003, "count_type_": 0, "character_count_": -1}, {"challenge_id_": 18, "mode_": 3, "check_type_": 1, "element_id_": 15004, "count_type_": 0, "character_count_": -1}, {"challenge_id_": 19, "mode_": 3, "check_type_": 1, "element_id_": 15070, "count_type_": 0, "character_count_": -1}, {"challenge_id_": 21, "mode_": 3, "check_type_": 1, "element_id_": 15000, "count_type_": 0, "character_count_": 1}, {"challenge_id_": 22, "mode_": 3, "check_type_": 1, "element_id_": 15001, "count_type_": 0, "character_count_": 1}, {"challenge_id_": 23, "mode_": 3, "check_type_": 1, "element_id_": 15002, "count_type_": 0, "character_count_": 1}, {"challenge_id_": 24, "mode_": 3, "check_type_": 1, "element_id_": 15003, "count_type_": 0, "character_count_": 1}, {"challenge_id_": 25, "mode_": 3, "check_type_": 1, "element_id_": 15004, "count_type_": 0, "character_count_": 1}, {"challenge_id_": 26, "mode_": 3, "check_type_": 1, "element_id_": 15070, "count_type_": 0, "character_count_": 1}, {"challenge_id_": 28, "mode_": 3, "check_type_": 2, "element_id_": -1, "count_type_": 0, "character_count_": 1}, {"challenge_id_": 29, "mode_": 3, "check_type_": -1, "element_id_": -1, "count_type_": 1, "character_count_": -1}, {"challenge_id_": 30, "mode_": 3, "check_type_": -1, "element_id_": -1, "count_type_": 0, "character_count_": -1}, {"challenge_id_": 35, "mode_": 3, "check_type_": 2, "element_id_": -1, "count_type_": 0, "character_count_": 1}, {"challenge_id_": 36, "mode_": 3, "check_type_": 2, "element_id_": -1, "count_type_": 0, "character_count_": 1}, {"challenge_id_": 37, "mode_": 3, "check_type_": 2, "element_id_": -1, "count_type_": 0, "character_count_": 1}, {"challenge_id_": 38, "mode_": 3, "check_type_": 1, "element_id_": -1, "count_type_": 0, "character_count_": -1}, {"challenge_id_": 39, "mode_": 3, "check_type_": 1, "element_id_": -1, "count_type_": 0, "character_count_": 1}, {"challenge_id_": 40, "mode_": 3, "check_type_": 1, "element_id_": -1, "count_type_": 2, "character_count_": -1}]