[{"banner_id_": 1, "box_gasha_id_": 3000700, "action_type_": 1, "action_info_": "StoryList_2_1", "banner_resource_": "home_story_80012", "display_order_": 2, "begin_date_": "2022/3/21  15:00:00", "end_date_": "2022/3/27  15:00:00"}, {"banner_id_": 2, "box_gasha_id_": 3000700, "action_type_": 3, "action_info_": "2618", "banner_resource_": "boxgasha_coinevent01", "display_order_": 1, "begin_date_": "2022/3/14  15:00:00", "end_date_": "2022/3/27  15:00:00"}, {"banner_id_": 3, "box_gasha_id_": 3000800, "action_type_": 3, "action_info_": "2670", "banner_resource_": "boxgasha_coinevent01", "display_order_": 1, "begin_date_": "2022/4/22  15:00:00", "end_date_": "2022/5/12  15:00:00"}, {"banner_id_": 4, "box_gasha_id_": 3000800, "action_type_": 1, "action_info_": "StoryList_2_1", "banner_resource_": "home_story_80013", "display_order_": 2, "begin_date_": "2022/5/4  15:00:00", "end_date_": "2022/5/12  15:00:00"}, {"banner_id_": 5, "box_gasha_id_": 3000900, "action_type_": 1, "action_info_": "StoryList_2_1", "banner_resource_": "home_story_200043", "display_order_": 3, "begin_date_": "2022/5/28  15:00:00", "end_date_": "2022/6/22  15:00:00"}, {"banner_id_": 6, "box_gasha_id_": 3000900, "action_type_": 1, "action_info_": "StoryList_2_1", "banner_resource_": "home_story_90004", "display_order_": 2, "begin_date_": "2022/6/6  15:00:00", "end_date_": "2022/6/20  15:00:00"}, {"banner_id_": 8, "box_gasha_id_": 3001000, "action_type_": 1, "action_info_": "StoryList_2_1", "banner_resource_": "home_story_200044", "display_order_": 2, "begin_date_": "2022/6/22  15:00:00", "end_date_": "2022/7/13  15:00:00"}, {"banner_id_": 9, "box_gasha_id_": 3001000, "action_type_": 1, "action_info_": "StoryList_2_1", "banner_resource_": "home_story_90005", "display_order_": 1, "begin_date_": "2022/6/22  15:00:00", "end_date_": "2022/7/13  15:00:00"}, {"banner_id_": 11, "box_gasha_id_": 3001100, "action_type_": 1, "action_info_": "StoryList_2_1", "banner_resource_": "home_story_200045", "display_order_": 2, "begin_date_": "2022/7/13  15:00:00", "end_date_": "2022/7/27  15:00:00"}, {"banner_id_": 12, "box_gasha_id_": 3001100, "action_type_": 1, "action_info_": "StoryList_2_1", "banner_resource_": "home_story_90006", "display_order_": 1, "begin_date_": "2022/7/13  15:00:00", "end_date_": "2022/7/27  15:00:00"}, {"banner_id_": 14, "box_gasha_id_": 3001200, "action_type_": 1, "action_info_": "StoryList_2_1", "banner_resource_": "home_story_80017", "display_order_": 3, "begin_date_": "2022/8/24  15:00:00", "end_date_": "2022/9/7  15:00:00"}, {"banner_id_": 15, "box_gasha_id_": 3001300, "action_type_": 1, "action_info_": "StoryList_2_1", "banner_resource_": "home_story_80018", "display_order_": 3, "begin_date_": "2022/9/21  15:00:00", "end_date_": "2022/10/5  15:00:00"}, {"banner_id_": 16, "box_gasha_id_": 3001400, "action_type_": 3, "action_info_": "3016", "banner_resource_": "boxgasha_coinevent02", "display_order_": 3, "begin_date_": "2022/11/25  15:00:00", "end_date_": "2022/12/21  15:00:00"}, {"banner_id_": 17, "box_gasha_id_": 3001401, "action_type_": 3, "action_info_": "3063", "banner_resource_": "boxgasha_coinevent03", "display_order_": 3, "begin_date_": "2022/12/21  15:00:00", "end_date_": "2023/1/18  15:00:00"}, {"banner_id_": 18, "box_gasha_id_": 3001500, "action_type_": 3, "action_info_": "3166", "banner_resource_": "boxgasha_coinevent01", "display_order_": 3, "begin_date_": "2023/2/22  15:00:00", "end_date_": "2023/3/8  15:00:00"}, {"banner_id_": 19, "box_gasha_id_": 3001600, "action_type_": 3, "action_info_": "3233", "banner_resource_": "boxgasha_coinevent01", "display_order_": 3, "begin_date_": "2023/3/29  15:00:00", "end_date_": "2023/4/5  15:00:00"}, {"banner_id_": 20, "box_gasha_id_": 3001700, "action_type_": 3, "action_info_": "3327", "banner_resource_": "boxgasha_coinevent04", "display_order_": 3, "begin_date_": "2023/5/27  15:00:00", "end_date_": "2023/7/22  15:00:00"}]