[{"gasha_series_id_": 100, "gasha_type_": 1, "gasha_series_name_id_": 10, "logo_asset_name_": "roulette_logoAniv5", "gasha_series_disclame_id_": 1, "gasha_series_zpower_caution_id_": -1, "gasha_message_id_": "1:2:3_3", "info_uri_": 3329, "max_exec_num_": 1, "begin_date_": "2023/5/27  15:00:00", "end_date_": "2023/7/19  15:00:00", "induce_end_date_": "2023/7/19  15:00:00"}, {"gasha_series_id_": 3000200, "gasha_type_": 0, "gasha_series_name_id_": 3000200, "logo_asset_name_": "none", "gasha_series_disclame_id_": 1, "gasha_series_zpower_caution_id_": -1, "gasha_message_id_": "3_3", "info_uri_": 2270, "max_exec_num_": 10, "begin_date_": "2021/8/25  15:00:00", "end_date_": "2021/9/13  15:00:00", "induce_end_date_": "2021/9/13  15:00:00"}, {"gasha_series_id_": 3000400, "gasha_type_": 0, "gasha_series_name_id_": 3000200, "logo_asset_name_": "none", "gasha_series_disclame_id_": 1, "gasha_series_zpower_caution_id_": -1, "gasha_message_id_": "1:2:3_3", "info_uri_": -1, "max_exec_num_": 10, "begin_date_": "2021/10/6  15:00:00", "end_date_": "2021/10/22  15:00:00", "induce_end_date_": "2021/10/21  15:00:00"}, {"gasha_series_id_": 3000600, "gasha_type_": 0, "gasha_series_name_id_": 3000200, "logo_asset_name_": "none", "gasha_series_disclame_id_": 1, "gasha_series_zpower_caution_id_": -1, "gasha_message_id_": "1:2:3_3", "info_uri_": -1, "max_exec_num_": 10, "begin_date_": "2022/2/16  15:00:00", "end_date_": "2022/3/7  15:00:00", "induce_end_date_": "2022/3/6  15:00:00"}, {"gasha_series_id_": 3000700, "gasha_type_": 0, "gasha_series_name_id_": 3000200, "logo_asset_name_": "none", "gasha_series_disclame_id_": 1, "gasha_series_zpower_caution_id_": -1, "gasha_message_id_": "1:2:3_3", "info_uri_": -1, "max_exec_num_": 10, "begin_date_": "2022/3/14  15:00:00", "end_date_": "2022/3/28  15:00:00", "induce_end_date_": "2022/3/27  15:00:00"}, {"gasha_series_id_": 3000800, "gasha_type_": 0, "gasha_series_name_id_": 3000200, "logo_asset_name_": "none", "gasha_series_disclame_id_": 1, "gasha_series_zpower_caution_id_": -1, "gasha_message_id_": "1:2:3_3", "info_uri_": -1, "max_exec_num_": 10, "begin_date_": "2022/4/22  15:00:00", "end_date_": "2022/5/13  15:00:00", "induce_end_date_": "2022/5/12  15:00:00"}, {"gasha_series_id_": 3000900, "gasha_type_": 0, "gasha_series_name_id_": 3000900, "logo_asset_name_": "none", "gasha_series_disclame_id_": 2, "gasha_series_zpower_caution_id_": -1, "gasha_message_id_": "1:2:3_3", "info_uri_": -1, "max_exec_num_": 10, "begin_date_": "2022/5/28  15:00:00", "end_date_": "2022/6/22  15:00:00", "induce_end_date_": "2022/6/22  15:00:00"}, {"gasha_series_id_": 3001000, "gasha_type_": 0, "gasha_series_name_id_": 3000900, "logo_asset_name_": "none", "gasha_series_disclame_id_": 2, "gasha_series_zpower_caution_id_": -1, "gasha_message_id_": "1:2:3_3", "info_uri_": 2772, "max_exec_num_": 10, "begin_date_": "2022/6/22  15:00:00", "end_date_": "2022/7/13  15:00:00", "induce_end_date_": "2022/7/13  15:00:00"}, {"gasha_series_id_": 3001100, "gasha_type_": 0, "gasha_series_name_id_": 3000900, "logo_asset_name_": "none", "gasha_series_disclame_id_": 2, "gasha_series_zpower_caution_id_": -1, "gasha_message_id_": "1:2:3_3", "info_uri_": 2772, "max_exec_num_": 10, "begin_date_": "2022/7/13  15:00:00", "end_date_": "2022/7/27  15:00:00", "induce_end_date_": "2022/7/27  15:00:00"}, {"gasha_series_id_": 3001200, "gasha_type_": 0, "gasha_series_name_id_": 3001200, "logo_asset_name_": "none", "gasha_series_disclame_id_": 1, "gasha_series_zpower_caution_id_": -1, "gasha_message_id_": "1:2:3_3", "info_uri_": 2861, "max_exec_num_": 10, "begin_date_": "2022/8/24  15:00:00", "end_date_": "2022/9/7  15:00:00", "induce_end_date_": "2022/9/7  15:00:00"}, {"gasha_series_id_": 3001300, "gasha_type_": 0, "gasha_series_name_id_": 3001300, "logo_asset_name_": "none", "gasha_series_disclame_id_": 1, "gasha_series_zpower_caution_id_": -1, "gasha_message_id_": "1:2:3_3", "info_uri_": 2911, "max_exec_num_": 10, "begin_date_": "2022/9/21  15:00:00", "end_date_": "2022/10/5  15:00:00", "induce_end_date_": "2022/10/5  15:00:00"}, {"gasha_series_id_": 3001400, "gasha_type_": 0, "gasha_series_name_id_": 3001400, "logo_asset_name_": "none", "gasha_series_disclame_id_": 1, "gasha_series_zpower_caution_id_": -1, "gasha_message_id_": "1:2:3_3", "info_uri_": 3016, "max_exec_num_": 10, "begin_date_": "2022/11/25  15:00:00", "end_date_": "2022/12/21  15:00:00", "induce_end_date_": "2022/12/21  15:00:00"}, {"gasha_series_id_": 3001401, "gasha_type_": 0, "gasha_series_name_id_": 3001401, "logo_asset_name_": "none", "gasha_series_disclame_id_": 1, "gasha_series_zpower_caution_id_": -1, "gasha_message_id_": "1:2:3_3", "info_uri_": 3063, "max_exec_num_": 10, "begin_date_": "2022/12/21  15:00:00", "end_date_": "2023/1/18  15:00:00", "induce_end_date_": "2023/1/18  15:00:00"}, {"gasha_series_id_": 3001500, "gasha_type_": 0, "gasha_series_name_id_": 3001500, "logo_asset_name_": "none", "gasha_series_disclame_id_": 1, "gasha_series_zpower_caution_id_": -1, "gasha_message_id_": "1:2:3_3", "info_uri_": 3166, "max_exec_num_": 10, "begin_date_": "2023/2/22  15:00:00", "end_date_": "2023/3/8  15:00:00", "induce_end_date_": "2023/3/8  15:00:00"}, {"gasha_series_id_": 3001600, "gasha_type_": 0, "gasha_series_name_id_": 3001600, "logo_asset_name_": "none", "gasha_series_disclame_id_": 1, "gasha_series_zpower_caution_id_": -1, "gasha_message_id_": "1:2:3_3", "info_uri_": 3233, "max_exec_num_": 10, "begin_date_": "2023/3/29  15:00:00", "end_date_": "2023/4/5  15:00:00", "induce_end_date_": "2023/4/5  15:00:00"}, {"gasha_series_id_": 3001700, "gasha_type_": 0, "gasha_series_name_id_": 3001700, "logo_asset_name_": "none", "gasha_series_disclame_id_": 3, "gasha_series_zpower_caution_id_": -1, "gasha_message_id_": "1:2:3_3", "info_uri_": 3327, "max_exec_num_": 10, "begin_date_": "2023/5/27  15:00:00", "end_date_": "2023/7/22  15:00:00", "induce_end_date_": "2023/7/22  15:00:00"}]