[{"gasha_pack_id_": 101, "gasha_series_id_": 100, "box_number_": 1, "creative_image_id_": 11, "disable_limit_flag_": 1, "pick_up_flag_": 0, "next_gasha_pack_id_": 102, "consume_item_type_": 1, "consume_item_id_": 0, "consume_item_num_": 0, "effect_type_": 0}, {"gasha_pack_id_": 102, "gasha_series_id_": 100, "box_number_": 2, "creative_image_id_": 11, "disable_limit_flag_": 1, "pick_up_flag_": 0, "next_gasha_pack_id_": 103, "consume_item_type_": 1, "consume_item_id_": 0, "consume_item_num_": 0, "effect_type_": 0}, {"gasha_pack_id_": 103, "gasha_series_id_": 100, "box_number_": 3, "creative_image_id_": 12, "disable_limit_flag_": 1, "pick_up_flag_": 1, "next_gasha_pack_id_": 101, "consume_item_type_": 1, "consume_item_id_": 0, "consume_item_num_": 0, "effect_type_": 0}, {"gasha_pack_id_": 3000201, "gasha_series_id_": 3000200, "box_number_": 1, "creative_image_id_": 3000200, "disable_limit_flag_": 0, "pick_up_flag_": 0, "next_gasha_pack_id_": 3000202, "consume_item_type_": 9, "consume_item_id_": 3003, "consume_item_num_": 1, "effect_type_": 0}, {"gasha_pack_id_": 3000202, "gasha_series_id_": 3000200, "box_number_": 2, "creative_image_id_": 3000200, "disable_limit_flag_": 0, "pick_up_flag_": 0, "next_gasha_pack_id_": 3000203, "consume_item_type_": 9, "consume_item_id_": 3003, "consume_item_num_": 1, "effect_type_": 0}, {"gasha_pack_id_": 3000203, "gasha_series_id_": 3000200, "box_number_": 3, "creative_image_id_": 3000200, "disable_limit_flag_": 0, "pick_up_flag_": 0, "next_gasha_pack_id_": 3000204, "consume_item_type_": 9, "consume_item_id_": 3003, "consume_item_num_": 1, "effect_type_": 0}, {"gasha_pack_id_": 3000204, "gasha_series_id_": 3000200, "box_number_": 4, "creative_image_id_": 3000200, "disable_limit_flag_": 0, "pick_up_flag_": 0, "next_gasha_pack_id_": 3000205, "consume_item_type_": 9, "consume_item_id_": 3003, "consume_item_num_": 1, "effect_type_": 0}, {"gasha_pack_id_": 3000205, "gasha_series_id_": 3000200, "box_number_": 5, "creative_image_id_": 3000200, "disable_limit_flag_": 0, "pick_up_flag_": 0, "next_gasha_pack_id_": 3000206, "consume_item_type_": 9, "consume_item_id_": 3003, "consume_item_num_": 1, "effect_type_": 0}, {"gasha_pack_id_": 3000206, "gasha_series_id_": 3000200, "box_number_": 6, "creative_image_id_": 3000200, "disable_limit_flag_": 0, "pick_up_flag_": 0, "next_gasha_pack_id_": 3000207, "consume_item_type_": 9, "consume_item_id_": 3003, "consume_item_num_": 1, "effect_type_": 0}, {"gasha_pack_id_": 3000207, "gasha_series_id_": 3000200, "box_number_": 7, "creative_image_id_": 3000200, "disable_limit_flag_": 0, "pick_up_flag_": 0, "next_gasha_pack_id_": 3000207, "consume_item_type_": 9, "consume_item_id_": 3003, "consume_item_num_": 1, "effect_type_": 0}, {"gasha_pack_id_": 3000401, "gasha_series_id_": 3000400, "box_number_": 1, "creative_image_id_": 3000200, "disable_limit_flag_": 0, "pick_up_flag_": 0, "next_gasha_pack_id_": 3000402, "consume_item_type_": 9, "consume_item_id_": 3005, "consume_item_num_": 1, "effect_type_": 0}, {"gasha_pack_id_": 3000402, "gasha_series_id_": 3000400, "box_number_": 2, "creative_image_id_": 3000200, "disable_limit_flag_": 0, "pick_up_flag_": 0, "next_gasha_pack_id_": 3000403, "consume_item_type_": 9, "consume_item_id_": 3005, "consume_item_num_": 1, "effect_type_": 0}, {"gasha_pack_id_": 3000403, "gasha_series_id_": 3000400, "box_number_": 3, "creative_image_id_": 3000200, "disable_limit_flag_": 0, "pick_up_flag_": 0, "next_gasha_pack_id_": 3000404, "consume_item_type_": 9, "consume_item_id_": 3005, "consume_item_num_": 1, "effect_type_": 0}, {"gasha_pack_id_": 3000404, "gasha_series_id_": 3000400, "box_number_": 4, "creative_image_id_": 3000200, "disable_limit_flag_": 0, "pick_up_flag_": 0, "next_gasha_pack_id_": 3000405, "consume_item_type_": 9, "consume_item_id_": 3005, "consume_item_num_": 1, "effect_type_": 0}, {"gasha_pack_id_": 3000405, "gasha_series_id_": 3000400, "box_number_": 5, "creative_image_id_": 3000200, "disable_limit_flag_": 0, "pick_up_flag_": 0, "next_gasha_pack_id_": 3000406, "consume_item_type_": 9, "consume_item_id_": 3005, "consume_item_num_": 1, "effect_type_": 0}, {"gasha_pack_id_": 3000406, "gasha_series_id_": 3000400, "box_number_": 6, "creative_image_id_": 3000200, "disable_limit_flag_": 0, "pick_up_flag_": 0, "next_gasha_pack_id_": 3000407, "consume_item_type_": 9, "consume_item_id_": 3005, "consume_item_num_": 1, "effect_type_": 0}, {"gasha_pack_id_": 3000407, "gasha_series_id_": 3000400, "box_number_": 7, "creative_image_id_": 3000200, "disable_limit_flag_": 0, "pick_up_flag_": 0, "next_gasha_pack_id_": 3000407, "consume_item_type_": 9, "consume_item_id_": 3005, "consume_item_num_": 1, "effect_type_": 0}, {"gasha_pack_id_": 3000601, "gasha_series_id_": 3000600, "box_number_": 1, "creative_image_id_": 3000600, "disable_limit_flag_": 0, "pick_up_flag_": 0, "next_gasha_pack_id_": 3000602, "consume_item_type_": 9, "consume_item_id_": 3007, "consume_item_num_": 1, "effect_type_": 0}, {"gasha_pack_id_": 3000602, "gasha_series_id_": 3000600, "box_number_": 2, "creative_image_id_": 3000600, "disable_limit_flag_": 0, "pick_up_flag_": 0, "next_gasha_pack_id_": 3000603, "consume_item_type_": 9, "consume_item_id_": 3007, "consume_item_num_": 1, "effect_type_": 0}, {"gasha_pack_id_": 3000603, "gasha_series_id_": 3000600, "box_number_": 3, "creative_image_id_": 3000600, "disable_limit_flag_": 0, "pick_up_flag_": 0, "next_gasha_pack_id_": 3000604, "consume_item_type_": 9, "consume_item_id_": 3007, "consume_item_num_": 1, "effect_type_": 0}, {"gasha_pack_id_": 3000604, "gasha_series_id_": 3000600, "box_number_": 4, "creative_image_id_": 3000600, "disable_limit_flag_": 0, "pick_up_flag_": 0, "next_gasha_pack_id_": 3000605, "consume_item_type_": 9, "consume_item_id_": 3007, "consume_item_num_": 1, "effect_type_": 0}, {"gasha_pack_id_": 3000605, "gasha_series_id_": 3000600, "box_number_": 5, "creative_image_id_": 3000600, "disable_limit_flag_": 0, "pick_up_flag_": 0, "next_gasha_pack_id_": 3000606, "consume_item_type_": 9, "consume_item_id_": 3007, "consume_item_num_": 1, "effect_type_": 0}, {"gasha_pack_id_": 3000606, "gasha_series_id_": 3000600, "box_number_": 6, "creative_image_id_": 3000600, "disable_limit_flag_": 0, "pick_up_flag_": 0, "next_gasha_pack_id_": 3000607, "consume_item_type_": 9, "consume_item_id_": 3007, "consume_item_num_": 1, "effect_type_": 0}, {"gasha_pack_id_": 3000607, "gasha_series_id_": 3000600, "box_number_": 7, "creative_image_id_": 3000600, "disable_limit_flag_": 0, "pick_up_flag_": 0, "next_gasha_pack_id_": 3000607, "consume_item_type_": 9, "consume_item_id_": 3007, "consume_item_num_": 1, "effect_type_": 0}, {"gasha_pack_id_": 3000701, "gasha_series_id_": 3000700, "box_number_": 1, "creative_image_id_": 3000600, "disable_limit_flag_": 0, "pick_up_flag_": 0, "next_gasha_pack_id_": 3000702, "consume_item_type_": 9, "consume_item_id_": 3008, "consume_item_num_": 1, "effect_type_": 0}, {"gasha_pack_id_": 3000702, "gasha_series_id_": 3000700, "box_number_": 2, "creative_image_id_": 3000600, "disable_limit_flag_": 0, "pick_up_flag_": 0, "next_gasha_pack_id_": 3000703, "consume_item_type_": 9, "consume_item_id_": 3008, "consume_item_num_": 1, "effect_type_": 0}, {"gasha_pack_id_": 3000703, "gasha_series_id_": 3000700, "box_number_": 3, "creative_image_id_": 3000600, "disable_limit_flag_": 0, "pick_up_flag_": 0, "next_gasha_pack_id_": 3000704, "consume_item_type_": 9, "consume_item_id_": 3008, "consume_item_num_": 1, "effect_type_": 0}, {"gasha_pack_id_": 3000704, "gasha_series_id_": 3000700, "box_number_": 4, "creative_image_id_": 3000600, "disable_limit_flag_": 0, "pick_up_flag_": 0, "next_gasha_pack_id_": 3000705, "consume_item_type_": 9, "consume_item_id_": 3008, "consume_item_num_": 1, "effect_type_": 0}, {"gasha_pack_id_": 3000705, "gasha_series_id_": 3000700, "box_number_": 5, "creative_image_id_": 3000600, "disable_limit_flag_": 0, "pick_up_flag_": 0, "next_gasha_pack_id_": 3000706, "consume_item_type_": 9, "consume_item_id_": 3008, "consume_item_num_": 1, "effect_type_": 0}, {"gasha_pack_id_": 3000706, "gasha_series_id_": 3000700, "box_number_": 6, "creative_image_id_": 3000600, "disable_limit_flag_": 0, "pick_up_flag_": 0, "next_gasha_pack_id_": 3000707, "consume_item_type_": 9, "consume_item_id_": 3008, "consume_item_num_": 1, "effect_type_": 0}, {"gasha_pack_id_": 3000707, "gasha_series_id_": 3000700, "box_number_": 7, "creative_image_id_": 3000600, "disable_limit_flag_": 0, "pick_up_flag_": 0, "next_gasha_pack_id_": 3000707, "consume_item_type_": 9, "consume_item_id_": 3008, "consume_item_num_": 1, "effect_type_": 0}, {"gasha_pack_id_": 3000801, "gasha_series_id_": 3000800, "box_number_": 1, "creative_image_id_": 3000800, "disable_limit_flag_": 0, "pick_up_flag_": 0, "next_gasha_pack_id_": 3000802, "consume_item_type_": 9, "consume_item_id_": 3009, "consume_item_num_": 1, "effect_type_": 0}, {"gasha_pack_id_": 3000802, "gasha_series_id_": 3000800, "box_number_": 2, "creative_image_id_": 3000800, "disable_limit_flag_": 0, "pick_up_flag_": 0, "next_gasha_pack_id_": 3000803, "consume_item_type_": 9, "consume_item_id_": 3009, "consume_item_num_": 1, "effect_type_": 0}, {"gasha_pack_id_": 3000803, "gasha_series_id_": 3000800, "box_number_": 3, "creative_image_id_": 3000800, "disable_limit_flag_": 0, "pick_up_flag_": 0, "next_gasha_pack_id_": 3000804, "consume_item_type_": 9, "consume_item_id_": 3009, "consume_item_num_": 1, "effect_type_": 0}, {"gasha_pack_id_": 3000804, "gasha_series_id_": 3000800, "box_number_": 4, "creative_image_id_": 3000800, "disable_limit_flag_": 0, "pick_up_flag_": 0, "next_gasha_pack_id_": 3000805, "consume_item_type_": 9, "consume_item_id_": 3009, "consume_item_num_": 1, "effect_type_": 0}, {"gasha_pack_id_": 3000805, "gasha_series_id_": 3000800, "box_number_": 5, "creative_image_id_": 3000800, "disable_limit_flag_": 0, "pick_up_flag_": 0, "next_gasha_pack_id_": 3000806, "consume_item_type_": 9, "consume_item_id_": 3009, "consume_item_num_": 1, "effect_type_": 0}, {"gasha_pack_id_": 3000806, "gasha_series_id_": 3000800, "box_number_": 6, "creative_image_id_": 3000800, "disable_limit_flag_": 0, "pick_up_flag_": 0, "next_gasha_pack_id_": 3000807, "consume_item_type_": 9, "consume_item_id_": 3009, "consume_item_num_": 1, "effect_type_": 0}, {"gasha_pack_id_": 3000807, "gasha_series_id_": 3000800, "box_number_": 7, "creative_image_id_": 3000800, "disable_limit_flag_": 0, "pick_up_flag_": 0, "next_gasha_pack_id_": 3000807, "consume_item_type_": 9, "consume_item_id_": 3009, "consume_item_num_": 1, "effect_type_": 0}, {"gasha_pack_id_": 3000901, "gasha_series_id_": 3000900, "box_number_": 1, "creative_image_id_": 3000900, "disable_limit_flag_": 0, "pick_up_flag_": 0, "next_gasha_pack_id_": 3000902, "consume_item_type_": 9, "consume_item_id_": 3010, "consume_item_num_": 1, "effect_type_": 0}, {"gasha_pack_id_": 3000902, "gasha_series_id_": 3000900, "box_number_": 2, "creative_image_id_": 3000900, "disable_limit_flag_": 0, "pick_up_flag_": 0, "next_gasha_pack_id_": 3000903, "consume_item_type_": 9, "consume_item_id_": 3010, "consume_item_num_": 1, "effect_type_": 0}, {"gasha_pack_id_": 3000903, "gasha_series_id_": 3000900, "box_number_": 3, "creative_image_id_": 3000900, "disable_limit_flag_": 0, "pick_up_flag_": 0, "next_gasha_pack_id_": 3000904, "consume_item_type_": 9, "consume_item_id_": 3010, "consume_item_num_": 1, "effect_type_": 0}, {"gasha_pack_id_": 3000904, "gasha_series_id_": 3000900, "box_number_": 4, "creative_image_id_": 3000900, "disable_limit_flag_": 0, "pick_up_flag_": 0, "next_gasha_pack_id_": 3000905, "consume_item_type_": 9, "consume_item_id_": 3010, "consume_item_num_": 1, "effect_type_": 0}, {"gasha_pack_id_": 3000905, "gasha_series_id_": 3000900, "box_number_": 5, "creative_image_id_": 3000900, "disable_limit_flag_": 0, "pick_up_flag_": 0, "next_gasha_pack_id_": 3000906, "consume_item_type_": 9, "consume_item_id_": 3010, "consume_item_num_": 1, "effect_type_": 0}, {"gasha_pack_id_": 3000906, "gasha_series_id_": 3000900, "box_number_": 6, "creative_image_id_": 3000900, "disable_limit_flag_": 0, "pick_up_flag_": 0, "next_gasha_pack_id_": 3000907, "consume_item_type_": 9, "consume_item_id_": 3010, "consume_item_num_": 1, "effect_type_": 0}, {"gasha_pack_id_": 3000907, "gasha_series_id_": 3000900, "box_number_": 7, "creative_image_id_": 3000900, "disable_limit_flag_": 0, "pick_up_flag_": 0, "next_gasha_pack_id_": 3000908, "consume_item_type_": 9, "consume_item_id_": 3010, "consume_item_num_": 1, "effect_type_": 0}, {"gasha_pack_id_": 3000908, "gasha_series_id_": 3000900, "box_number_": 8, "creative_image_id_": 3000900, "disable_limit_flag_": 0, "pick_up_flag_": 0, "next_gasha_pack_id_": 3000909, "consume_item_type_": 9, "consume_item_id_": 3010, "consume_item_num_": 1, "effect_type_": 0}, {"gasha_pack_id_": 3000909, "gasha_series_id_": 3000900, "box_number_": 9, "creative_image_id_": 3000900, "disable_limit_flag_": 1, "pick_up_flag_": 0, "next_gasha_pack_id_": -1, "consume_item_type_": 9, "consume_item_id_": 3010, "consume_item_num_": 1, "effect_type_": 0}, {"gasha_pack_id_": 3001001, "gasha_series_id_": 3001000, "box_number_": 1, "creative_image_id_": 3001000, "disable_limit_flag_": 0, "pick_up_flag_": 0, "next_gasha_pack_id_": 3001002, "consume_item_type_": 9, "consume_item_id_": 3011, "consume_item_num_": 1, "effect_type_": 0}, {"gasha_pack_id_": 3001002, "gasha_series_id_": 3001000, "box_number_": 2, "creative_image_id_": 3001000, "disable_limit_flag_": 0, "pick_up_flag_": 0, "next_gasha_pack_id_": 3001003, "consume_item_type_": 9, "consume_item_id_": 3011, "consume_item_num_": 1, "effect_type_": 0}, {"gasha_pack_id_": 3001003, "gasha_series_id_": 3001000, "box_number_": 3, "creative_image_id_": 3001000, "disable_limit_flag_": 0, "pick_up_flag_": 0, "next_gasha_pack_id_": 3001004, "consume_item_type_": 9, "consume_item_id_": 3011, "consume_item_num_": 1, "effect_type_": 0}, {"gasha_pack_id_": 3001004, "gasha_series_id_": 3001000, "box_number_": 4, "creative_image_id_": 3001000, "disable_limit_flag_": 0, "pick_up_flag_": 0, "next_gasha_pack_id_": 3001005, "consume_item_type_": 9, "consume_item_id_": 3011, "consume_item_num_": 1, "effect_type_": 0}, {"gasha_pack_id_": 3001005, "gasha_series_id_": 3001000, "box_number_": 5, "creative_image_id_": 3001000, "disable_limit_flag_": 0, "pick_up_flag_": 0, "next_gasha_pack_id_": 3001006, "consume_item_type_": 9, "consume_item_id_": 3011, "consume_item_num_": 1, "effect_type_": 0}, {"gasha_pack_id_": 3001006, "gasha_series_id_": 3001000, "box_number_": 6, "creative_image_id_": 3001000, "disable_limit_flag_": 0, "pick_up_flag_": 0, "next_gasha_pack_id_": 3001007, "consume_item_type_": 9, "consume_item_id_": 3011, "consume_item_num_": 1, "effect_type_": 0}, {"gasha_pack_id_": 3001007, "gasha_series_id_": 3001000, "box_number_": 7, "creative_image_id_": 3001000, "disable_limit_flag_": 0, "pick_up_flag_": 0, "next_gasha_pack_id_": 3001008, "consume_item_type_": 9, "consume_item_id_": 3011, "consume_item_num_": 1, "effect_type_": 0}, {"gasha_pack_id_": 3001008, "gasha_series_id_": 3001000, "box_number_": 8, "creative_image_id_": 3001000, "disable_limit_flag_": 0, "pick_up_flag_": 0, "next_gasha_pack_id_": 3001009, "consume_item_type_": 9, "consume_item_id_": 3011, "consume_item_num_": 1, "effect_type_": 0}, {"gasha_pack_id_": 3001009, "gasha_series_id_": 3001000, "box_number_": 9, "creative_image_id_": 3001000, "disable_limit_flag_": 1, "pick_up_flag_": 0, "next_gasha_pack_id_": -1, "consume_item_type_": 9, "consume_item_id_": 3011, "consume_item_num_": 1, "effect_type_": 0}, {"gasha_pack_id_": 3001101, "gasha_series_id_": 3001100, "box_number_": 1, "creative_image_id_": 3001100, "disable_limit_flag_": 0, "pick_up_flag_": 0, "next_gasha_pack_id_": 3001102, "consume_item_type_": 9, "consume_item_id_": 3012, "consume_item_num_": 1, "effect_type_": 0}, {"gasha_pack_id_": 3001102, "gasha_series_id_": 3001100, "box_number_": 2, "creative_image_id_": 3001100, "disable_limit_flag_": 0, "pick_up_flag_": 0, "next_gasha_pack_id_": 3001103, "consume_item_type_": 9, "consume_item_id_": 3012, "consume_item_num_": 1, "effect_type_": 0}, {"gasha_pack_id_": 3001103, "gasha_series_id_": 3001100, "box_number_": 3, "creative_image_id_": 3001100, "disable_limit_flag_": 0, "pick_up_flag_": 0, "next_gasha_pack_id_": 3001104, "consume_item_type_": 9, "consume_item_id_": 3012, "consume_item_num_": 1, "effect_type_": 0}, {"gasha_pack_id_": 3001104, "gasha_series_id_": 3001100, "box_number_": 4, "creative_image_id_": 3001100, "disable_limit_flag_": 0, "pick_up_flag_": 0, "next_gasha_pack_id_": 3001105, "consume_item_type_": 9, "consume_item_id_": 3012, "consume_item_num_": 1, "effect_type_": 0}, {"gasha_pack_id_": 3001105, "gasha_series_id_": 3001100, "box_number_": 5, "creative_image_id_": 3001100, "disable_limit_flag_": 0, "pick_up_flag_": 0, "next_gasha_pack_id_": 3001106, "consume_item_type_": 9, "consume_item_id_": 3012, "consume_item_num_": 1, "effect_type_": 0}, {"gasha_pack_id_": 3001106, "gasha_series_id_": 3001100, "box_number_": 6, "creative_image_id_": 3001100, "disable_limit_flag_": 0, "pick_up_flag_": 0, "next_gasha_pack_id_": 3001107, "consume_item_type_": 9, "consume_item_id_": 3012, "consume_item_num_": 1, "effect_type_": 0}, {"gasha_pack_id_": 3001107, "gasha_series_id_": 3001100, "box_number_": 7, "creative_image_id_": 3001100, "disable_limit_flag_": 0, "pick_up_flag_": 0, "next_gasha_pack_id_": 3001108, "consume_item_type_": 9, "consume_item_id_": 3012, "consume_item_num_": 1, "effect_type_": 0}, {"gasha_pack_id_": 3001108, "gasha_series_id_": 3001100, "box_number_": 8, "creative_image_id_": 3001100, "disable_limit_flag_": 0, "pick_up_flag_": 0, "next_gasha_pack_id_": 3001109, "consume_item_type_": 9, "consume_item_id_": 3012, "consume_item_num_": 1, "effect_type_": 0}, {"gasha_pack_id_": 3001109, "gasha_series_id_": 3001100, "box_number_": 9, "creative_image_id_": 3001100, "disable_limit_flag_": 1, "pick_up_flag_": 0, "next_gasha_pack_id_": -1, "consume_item_type_": 9, "consume_item_id_": 3012, "consume_item_num_": 1, "effect_type_": 0}, {"gasha_pack_id_": 3001201, "gasha_series_id_": 3001200, "box_number_": 1, "creative_image_id_": 3001200, "disable_limit_flag_": 0, "pick_up_flag_": 0, "next_gasha_pack_id_": 3001202, "consume_item_type_": 8, "consume_item_id_": 3001, "consume_item_num_": 1, "effect_type_": 0}, {"gasha_pack_id_": 3001202, "gasha_series_id_": 3001200, "box_number_": 2, "creative_image_id_": 3001200, "disable_limit_flag_": 0, "pick_up_flag_": 0, "next_gasha_pack_id_": 3001203, "consume_item_type_": 8, "consume_item_id_": 3001, "consume_item_num_": 1, "effect_type_": 0}, {"gasha_pack_id_": 3001203, "gasha_series_id_": 3001200, "box_number_": 3, "creative_image_id_": 3001200, "disable_limit_flag_": 0, "pick_up_flag_": 0, "next_gasha_pack_id_": 3001204, "consume_item_type_": 8, "consume_item_id_": 3001, "consume_item_num_": 1, "effect_type_": 0}, {"gasha_pack_id_": 3001204, "gasha_series_id_": 3001200, "box_number_": 4, "creative_image_id_": 3001200, "disable_limit_flag_": 0, "pick_up_flag_": 0, "next_gasha_pack_id_": 3001205, "consume_item_type_": 8, "consume_item_id_": 3001, "consume_item_num_": 1, "effect_type_": 0}, {"gasha_pack_id_": 3001205, "gasha_series_id_": 3001200, "box_number_": 5, "creative_image_id_": 3001200, "disable_limit_flag_": 0, "pick_up_flag_": 0, "next_gasha_pack_id_": 3001206, "consume_item_type_": 8, "consume_item_id_": 3001, "consume_item_num_": 1, "effect_type_": 0}, {"gasha_pack_id_": 3001206, "gasha_series_id_": 3001200, "box_number_": 6, "creative_image_id_": 3001200, "disable_limit_flag_": 0, "pick_up_flag_": 0, "next_gasha_pack_id_": 3001207, "consume_item_type_": 8, "consume_item_id_": 3001, "consume_item_num_": 1, "effect_type_": 0}, {"gasha_pack_id_": 3001207, "gasha_series_id_": 3001200, "box_number_": 7, "creative_image_id_": 3001200, "disable_limit_flag_": 1, "pick_up_flag_": 0, "next_gasha_pack_id_": -1, "consume_item_type_": 8, "consume_item_id_": 3001, "consume_item_num_": 1, "effect_type_": 0}, {"gasha_pack_id_": 3001301, "gasha_series_id_": 3001300, "box_number_": 1, "creative_image_id_": 3001300, "disable_limit_flag_": 0, "pick_up_flag_": 0, "next_gasha_pack_id_": 3001302, "consume_item_type_": 8, "consume_item_id_": 3002, "consume_item_num_": 1, "effect_type_": 0}, {"gasha_pack_id_": 3001302, "gasha_series_id_": 3001300, "box_number_": 2, "creative_image_id_": 3001300, "disable_limit_flag_": 0, "pick_up_flag_": 0, "next_gasha_pack_id_": 3001303, "consume_item_type_": 8, "consume_item_id_": 3002, "consume_item_num_": 1, "effect_type_": 0}, {"gasha_pack_id_": 3001303, "gasha_series_id_": 3001300, "box_number_": 3, "creative_image_id_": 3001300, "disable_limit_flag_": 0, "pick_up_flag_": 0, "next_gasha_pack_id_": 3001304, "consume_item_type_": 8, "consume_item_id_": 3002, "consume_item_num_": 1, "effect_type_": 0}, {"gasha_pack_id_": 3001304, "gasha_series_id_": 3001300, "box_number_": 4, "creative_image_id_": 3001300, "disable_limit_flag_": 0, "pick_up_flag_": 0, "next_gasha_pack_id_": 3001305, "consume_item_type_": 8, "consume_item_id_": 3002, "consume_item_num_": 1, "effect_type_": 0}, {"gasha_pack_id_": 3001305, "gasha_series_id_": 3001300, "box_number_": 5, "creative_image_id_": 3001300, "disable_limit_flag_": 0, "pick_up_flag_": 0, "next_gasha_pack_id_": 3001306, "consume_item_type_": 8, "consume_item_id_": 3002, "consume_item_num_": 1, "effect_type_": 0}, {"gasha_pack_id_": 3001306, "gasha_series_id_": 3001300, "box_number_": 6, "creative_image_id_": 3001300, "disable_limit_flag_": 0, "pick_up_flag_": 0, "next_gasha_pack_id_": 3001307, "consume_item_type_": 8, "consume_item_id_": 3002, "consume_item_num_": 1, "effect_type_": 0}, {"gasha_pack_id_": 3001307, "gasha_series_id_": 3001300, "box_number_": 7, "creative_image_id_": 3001300, "disable_limit_flag_": 1, "pick_up_flag_": 0, "next_gasha_pack_id_": -1, "consume_item_type_": 8, "consume_item_id_": 3002, "consume_item_num_": 1, "effect_type_": 0}, {"gasha_pack_id_": 3001401, "gasha_series_id_": 3001400, "box_number_": 1, "creative_image_id_": 3001400, "disable_limit_flag_": 0, "pick_up_flag_": 0, "next_gasha_pack_id_": 3001402, "consume_item_type_": 8, "consume_item_id_": 3003, "consume_item_num_": 1, "effect_type_": 0}, {"gasha_pack_id_": 3001402, "gasha_series_id_": 3001400, "box_number_": 2, "creative_image_id_": 3001400, "disable_limit_flag_": 1, "pick_up_flag_": 0, "next_gasha_pack_id_": -1, "consume_item_type_": 8, "consume_item_id_": 3003, "consume_item_num_": 1, "effect_type_": 0}, {"gasha_pack_id_": 3001411, "gasha_series_id_": 3001401, "box_number_": 1, "creative_image_id_": 3001401, "disable_limit_flag_": 0, "pick_up_flag_": 0, "next_gasha_pack_id_": 3001412, "consume_item_type_": 8, "consume_item_id_": 3004, "consume_item_num_": 1, "effect_type_": 0}, {"gasha_pack_id_": 3001412, "gasha_series_id_": 3001401, "box_number_": 2, "creative_image_id_": 3001401, "disable_limit_flag_": 1, "pick_up_flag_": 0, "next_gasha_pack_id_": -1, "consume_item_type_": 8, "consume_item_id_": 3004, "consume_item_num_": 1, "effect_type_": 0}, {"gasha_pack_id_": 3001501, "gasha_series_id_": 3001500, "box_number_": 1, "creative_image_id_": 3001500, "disable_limit_flag_": 0, "pick_up_flag_": 0, "next_gasha_pack_id_": 3001502, "consume_item_type_": 8, "consume_item_id_": 3001, "consume_item_num_": 1, "effect_type_": 0}, {"gasha_pack_id_": 3001502, "gasha_series_id_": 3001500, "box_number_": 2, "creative_image_id_": 3001500, "disable_limit_flag_": 0, "pick_up_flag_": 0, "next_gasha_pack_id_": 3001503, "consume_item_type_": 8, "consume_item_id_": 3001, "consume_item_num_": 1, "effect_type_": 0}, {"gasha_pack_id_": 3001503, "gasha_series_id_": 3001500, "box_number_": 3, "creative_image_id_": 3001500, "disable_limit_flag_": 0, "pick_up_flag_": 0, "next_gasha_pack_id_": 3001504, "consume_item_type_": 8, "consume_item_id_": 3001, "consume_item_num_": 1, "effect_type_": 0}, {"gasha_pack_id_": 3001504, "gasha_series_id_": 3001500, "box_number_": 4, "creative_image_id_": 3001500, "disable_limit_flag_": 0, "pick_up_flag_": 0, "next_gasha_pack_id_": 3001505, "consume_item_type_": 8, "consume_item_id_": 3001, "consume_item_num_": 1, "effect_type_": 0}, {"gasha_pack_id_": 3001505, "gasha_series_id_": 3001500, "box_number_": 5, "creative_image_id_": 3001500, "disable_limit_flag_": 0, "pick_up_flag_": 0, "next_gasha_pack_id_": 3001506, "consume_item_type_": 8, "consume_item_id_": 3001, "consume_item_num_": 1, "effect_type_": 0}, {"gasha_pack_id_": 3001506, "gasha_series_id_": 3001500, "box_number_": 6, "creative_image_id_": 3001500, "disable_limit_flag_": 1, "pick_up_flag_": 0, "next_gasha_pack_id_": -1, "consume_item_type_": 8, "consume_item_id_": 3001, "consume_item_num_": 1, "effect_type_": 0}, {"gasha_pack_id_": 3001601, "gasha_series_id_": 3001600, "box_number_": 1, "creative_image_id_": 3001600, "disable_limit_flag_": 0, "pick_up_flag_": 0, "next_gasha_pack_id_": 3001602, "consume_item_type_": 8, "consume_item_id_": 3001, "consume_item_num_": 1, "effect_type_": 0}, {"gasha_pack_id_": 3001602, "gasha_series_id_": 3001600, "box_number_": 2, "creative_image_id_": 3001600, "disable_limit_flag_": 0, "pick_up_flag_": 0, "next_gasha_pack_id_": 3001603, "consume_item_type_": 8, "consume_item_id_": 3001, "consume_item_num_": 1, "effect_type_": 0}, {"gasha_pack_id_": 3001603, "gasha_series_id_": 3001600, "box_number_": 3, "creative_image_id_": 3001600, "disable_limit_flag_": 0, "pick_up_flag_": 0, "next_gasha_pack_id_": 3001604, "consume_item_type_": 8, "consume_item_id_": 3001, "consume_item_num_": 1, "effect_type_": 0}, {"gasha_pack_id_": 3001604, "gasha_series_id_": 3001600, "box_number_": 4, "creative_image_id_": 3001600, "disable_limit_flag_": 1, "pick_up_flag_": 0, "next_gasha_pack_id_": -1, "consume_item_type_": 8, "consume_item_id_": 3001, "consume_item_num_": 1, "effect_type_": 0}, {"gasha_pack_id_": 3001701, "gasha_series_id_": 3001700, "box_number_": 1, "creative_image_id_": 3001700, "disable_limit_flag_": 1, "pick_up_flag_": 0, "next_gasha_pack_id_": -1, "consume_item_type_": 8, "consume_item_id_": 3001, "consume_item_num_": 1, "effect_type_": 0}]