[{"id_": -1, "get_condition_": 0, "get_param_1_": 0, "get_param_2_": -1, "sort_num_": 0, "not_have_visible_": 1, "card_asset_name_": ""}, {"id_": 4, "get_condition_": 1, "get_param_1_": 4, "get_param_2_": -1, "sort_num_": 1004, "not_have_visible_": 1, "card_asset_name_": "0004_Piccolo_01"}, {"id_": 12, "get_condition_": 1, "get_param_1_": 12, "get_param_2_": -1, "sort_num_": 1012, "not_have_visible_": 1, "card_asset_name_": "0012_Nappa_01"}, {"id_": 14, "get_condition_": 1, "get_param_1_": 14, "get_param_2_": -1, "sort_num_": 1014, "not_have_visible_": 1, "card_asset_name_": "0014_Vegeta_01"}, {"id_": 15, "get_condition_": 1, "get_param_1_": 15, "get_param_2_": -1, "sort_num_": 1015, "not_have_visible_": 1, "card_asset_name_": "0015_Goku_03"}, {"id_": 16, "get_condition_": 1, "get_param_1_": 16, "get_param_2_": -1, "sort_num_": 1016, "not_have_visible_": 1, "card_asset_name_": "0016_GokuSS1_01"}, {"id_": 28, "get_condition_": 1, "get_param_1_": 28, "get_param_2_": -1, "sort_num_": 1028, "not_have_visible_": 1, "card_asset_name_": "0028_Frieza1st_01"}, {"id_": 32, "get_condition_": 1, "get_param_1_": 32, "get_param_2_": -1, "sort_num_": 1032, "not_have_visible_": 1, "card_asset_name_": "0032_Frieza4th_01"}, {"id_": 38, "get_condition_": 1, "get_param_1_": 38, "get_param_2_": -1, "sort_num_": 1038, "not_have_visible_": 1, "card_asset_name_": "0038_Pan_01"}, {"id_": 47, "get_condition_": 1, "get_param_1_": 47, "get_param_2_": -1, "sort_num_": 1047, "not_have_visible_": 1, "card_asset_name_": "0047_TrunksSS1_01"}, {"id_": 50, "get_condition_": 1, "get_param_1_": 50, "get_param_2_": -1, "sort_num_": 1050, "not_have_visible_": 1, "card_asset_name_": "0050_Turles_01"}, {"id_": 62, "get_condition_": 1, "get_param_1_": 62, "get_param_2_": -1, "sort_num_": 1062, "not_have_visible_": 1, "card_asset_name_": "0062_Android17_01"}, {"id_": 63, "get_condition_": 1, "get_param_1_": 63, "get_param_2_": -1, "sort_num_": 1063, "not_have_visible_": 1, "card_asset_name_": "0063_Android18_01"}, {"id_": 64, "get_condition_": 1, "get_param_1_": 64, "get_param_2_": -1, "sort_num_": 1064, "not_have_visible_": 1, "card_asset_name_": "0064_Cell1st_01"}, {"id_": 66, "get_condition_": 1, "get_param_1_": 66, "get_param_2_": -1, "sort_num_": 1066, "not_have_visible_": 1, "card_asset_name_": "0066_CabbeSS1_01"}, {"id_": 68, "get_condition_": 1, "get_param_1_": 68, "get_param_2_": -1, "sort_num_": 1068, "not_have_visible_": 1, "card_asset_name_": "0068_Android18_02"}, {"id_": 71, "get_condition_": 1, "get_param_1_": 71, "get_param_2_": -1, "sort_num_": 1071, "not_have_visible_": 1, "card_asset_name_": "0071_Android17_02"}, {"id_": 75, "get_condition_": 1, "get_param_1_": 75, "get_param_2_": -1, "sort_num_": 1075, "not_have_visible_": 1, "card_asset_name_": "0075_GokuSS1_04"}, {"id_": 76, "get_condition_": 1, "get_param_1_": 76, "get_param_2_": -1, "sort_num_": 1076, "not_have_visible_": 1, "card_asset_name_": "0076_GokuTeen_01"}, {"id_": 77, "get_condition_": 1, "get_param_1_": 77, "get_param_2_": -1, "sort_num_": 1077, "not_have_visible_": 1, "card_asset_name_": "0077_VegetaGTSS1_01"}, {"id_": 79, "get_condition_": 1, "get_param_1_": 79, "get_param_2_": -1, "sort_num_": 1079, "not_have_visible_": 1, "card_asset_name_": "0079_PiccoloKing_01"}, {"id_": 80, "get_condition_": 1, "get_param_1_": 80, "get_param_2_": -1, "sort_num_": 1080, "not_have_visible_": 1, "card_asset_name_": "0080_BrolySS1_01"}, {"id_": 90, "get_condition_": 1, "get_param_1_": 90, "get_param_2_": -1, "sort_num_": 1090, "not_have_visible_": 1, "card_asset_name_": "0090_Raditz_02"}, {"id_": 93, "get_condition_": 1, "get_param_1_": 93, "get_param_2_": -1, "sort_num_": 1093, "not_have_visible_": 1, "card_asset_name_": "0093_VegetaSV_01"}, {"id_": 94, "get_condition_": 1, "get_param_1_": 94, "get_param_2_": -1, "sort_num_": 1094, "not_have_visible_": 1, "card_asset_name_": "0094_Piccolo_94"}, {"id_": 95, "get_condition_": 1, "get_param_1_": 95, "get_param_2_": -1, "sort_num_": 1095, "not_have_visible_": 1, "card_asset_name_": "0095_Android16_95"}, {"id_": 96, "get_condition_": 1, "get_param_1_": 96, "get_param_2_": -1, "sort_num_": 1096, "not_have_visible_": 1, "card_asset_name_": "0096_Cell2nd_01"}, {"id_": 108, "get_condition_": 1, "get_param_1_": 108, "get_param_2_": -1, "sort_num_": 1108, "not_have_visible_": 1, "card_asset_name_": "0108_Cell3rd_01"}, {"id_": 109, "get_condition_": 1, "get_param_1_": 109, "get_param_2_": -1, "sort_num_": 1109, "not_have_visible_": 1, "card_asset_name_": "0109_TrunksST_01"}, {"id_": 111, "get_condition_": 1, "get_param_1_": 111, "get_param_2_": -1, "sort_num_": 1111, "not_have_visible_": 1, "card_asset_name_": "0111_GohanTeenSS2_01"}, {"id_": 112, "get_condition_": 1, "get_param_1_": 112, "get_param_2_": -1, "sort_num_": 1112, "not_have_visible_": 1, "card_asset_name_": "0112_GokuSS3_112"}, {"id_": 113, "get_condition_": 1, "get_param_1_": 113, "get_param_2_": -1, "sort_num_": 1113, "not_have_visible_": 1, "card_asset_name_": "0113_Buu1st_113"}, {"id_": 124, "get_condition_": 1, "get_param_1_": 124, "get_param_2_": -1, "sort_num_": 1124, "not_have_visible_": 1, "card_asset_name_": "0124_TrunksFutureSS2_124"}, {"id_": 125, "get_condition_": 1, "get_param_1_": 125, "get_param_2_": -1, "sort_num_": 1125, "not_have_visible_": 1, "card_asset_name_": "0125_GokuK_125"}, {"id_": 126, "get_condition_": 1, "get_param_1_": 126, "get_param_2_": -1, "sort_num_": 1126, "not_have_visible_": 1, "card_asset_name_": "0126_GokuBlack_126"}, {"id_": 128, "get_condition_": 1, "get_param_1_": 128, "get_param_2_": -1, "sort_num_": 1128, "not_have_visible_": 1, "card_asset_name_": "0128_KaleBSS1_128"}, {"id_": 138, "get_condition_": 1, "get_param_1_": 138, "get_param_2_": -1, "sort_num_": 1138, "not_have_visible_": 1, "card_asset_name_": "0138_Vegeta_138"}, {"id_": 140, "get_condition_": 1, "get_param_1_": 140, "get_param_2_": -1, "sort_num_": 1140, "not_have_visible_": 1, "card_asset_name_": "0140_Vegito_140"}, {"id_": 143, "get_condition_": 1, "get_param_1_": 143, "get_param_2_": -1, "sort_num_": 1143, "not_have_visible_": 1, "card_asset_name_": "0143_VegetaM_143"}, {"id_": 147, "get_condition_": 1, "get_param_1_": 147, "get_param_2_": -1, "sort_num_": 1147, "not_have_visible_": 1, "card_asset_name_": "0147_BrolyB_147"}, {"id_": 148, "get_condition_": 1, "get_param_1_": 148, "get_param_2_": -1, "sort_num_": 1148, "not_have_visible_": 1, "card_asset_name_": "0148_GogetaSS1_148"}, {"id_": 149, "get_condition_": 1, "get_param_1_": 149, "get_param_2_": -1, "sort_num_": 1149, "not_have_visible_": 1, "card_asset_name_": "0149_JanembaS_149"}, {"id_": 150, "get_condition_": 1, "get_param_1_": 150, "get_param_2_": -1, "sort_num_": 1150, "not_have_visible_": 1, "card_asset_name_": "0150_GokuSS2_150"}, {"id_": 151, "get_condition_": 1, "get_param_1_": 151, "get_param_2_": -1, "sort_num_": 1151, "not_have_visible_": 1, "card_asset_name_": "0151_BardockSS1_151"}, {"id_": 152, "get_condition_": 1, "get_param_1_": 152, "get_param_2_": -1, "sort_num_": 1152, "not_have_visible_": 1, "card_asset_name_": "0152_Chilled_152"}, {"id_": 164, "get_condition_": 1, "get_param_1_": 164, "get_param_2_": -1, "sort_num_": 1164, "not_have_visible_": 1, "card_asset_name_": "0164_BrolyBSS1_164"}, {"id_": 166, "get_condition_": 1, "get_param_1_": 166, "get_param_2_": -1, "sort_num_": 1166, "not_have_visible_": 1, "card_asset_name_": "0166_Beerus_166"}, {"id_": 168, "get_condition_": 1, "get_param_1_": 168, "get_param_2_": -1, "sort_num_": 1168, "not_have_visible_": 1, "card_asset_name_": "0168_Cooler2nd_168"}, {"id_": 169, "get_condition_": 1, "get_param_1_": 169, "get_param_2_": -1, "sort_num_": 1169, "not_have_visible_": 1, "card_asset_name_": "0169_TrunksTF_169"}, {"id_": 171, "get_condition_": 1, "get_param_1_": 171, "get_param_2_": -1, "sort_num_": 1171, "not_have_visible_": 1, "card_asset_name_": "0171_GohanF_171"}, {"id_": 172, "get_condition_": 1, "get_param_1_": 172, "get_param_2_": -1, "sort_num_": 1172, "not_have_visible_": 1, "card_asset_name_": "0172_CauliflaSS2_172"}, {"id_": 185, "get_condition_": 1, "get_param_1_": 185, "get_param_2_": -1, "sort_num_": 1185, "not_have_visible_": 1, "card_asset_name_": "0185_VegetaSSG_185"}, {"id_": 186, "get_condition_": 1, "get_param_1_": 186, "get_param_2_": -1, "sort_num_": 1186, "not_have_visible_": 1, "card_asset_name_": "0186_GohanUltimate_186"}, {"id_": 189, "get_condition_": 1, "get_param_1_": 189, "get_param_2_": -1, "sort_num_": 1189, "not_have_visible_": 1, "card_asset_name_": "0189_Slug_189"}, {"id_": 191, "get_condition_": 1, "get_param_1_": 191, "get_param_2_": -1, "sort_num_": 1191, "not_have_visible_": 1, "card_asset_name_": "0191_GohanTeenSS2_191"}, {"id_": 192, "get_condition_": 1, "get_param_1_": 192, "get_param_2_": -1, "sort_num_": 1192, "not_have_visible_": 1, "card_asset_name_": "0192_Gtn_192"}, {"id_": 193, "get_condition_": 1, "get_param_1_": 193, "get_param_2_": -1, "sort_num_": 1193, "not_have_visible_": 1, "card_asset_name_": "0193_Gotenks_193"}, {"id_": 196, "get_condition_": 1, "get_param_1_": 196, "get_param_2_": -1, "sort_num_": 1196, "not_have_visible_": 1, "card_asset_name_": "0196_Buu2nd_196"}, {"id_": 199, "get_condition_": 1, "get_param_1_": 199, "get_param_2_": -1, "sort_num_": 1199, "not_have_visible_": 1, "card_asset_name_": "0199_GotenksSS3_199"}, {"id_": 204, "get_condition_": 1, "get_param_1_": 204, "get_param_2_": -1, "sort_num_": 1204, "not_have_visible_": 1, "card_asset_name_": "0204_GotenTeenSS1_204"}, {"id_": 205, "get_condition_": 1, "get_param_1_": 205, "get_param_2_": -1, "sort_num_": 1205, "not_have_visible_": 1, "card_asset_name_": "0205_GohanSS1_205"}, {"id_": 206, "get_condition_": 1, "get_param_1_": 206, "get_param_2_": -1, "sort_num_": 1206, "not_have_visible_": 1, "card_asset_name_": "0206_GokuSS1_206"}, {"id_": 207, "get_condition_": 1, "get_param_1_": 207, "get_param_2_": -1, "sort_num_": 1207, "not_have_visible_": 1, "card_asset_name_": "0207_BrolySS1_207"}, {"id_": 208, "get_condition_": 1, "get_param_1_": 208, "get_param_2_": -1, "sort_num_": 1208, "not_have_visible_": 1, "card_asset_name_": "0208_MetalCooler_208"}, {"id_": 213, "get_condition_": 1, "get_param_1_": 213, "get_param_2_": -1, "sort_num_": 1213, "not_have_visible_": 1, "card_asset_name_": "0213_Piccolo_213"}, {"id_": 216, "get_condition_": 1, "get_param_1_": 216, "get_param_2_": -1, "sort_num_": 1216, "not_have_visible_": 1, "card_asset_name_": "0216_GokuSSGSS_216"}, {"id_": 217, "get_condition_": 1, "get_param_1_": 217, "get_param_2_": -1, "sort_num_": 1217, "not_have_visible_": 1, "card_asset_name_": "0217_VegetaSSGSS_217"}, {"id_": 219, "get_condition_": 1, "get_param_1_": 219, "get_param_2_": -1, "sort_num_": 1219, "not_have_visible_": 1, "card_asset_name_": "0219_FriezaFP_219"}, {"id_": 220, "get_condition_": 1, "get_param_1_": 220, "get_param_2_": -1, "sort_num_": 1220, "not_have_visible_": 1, "card_asset_name_": "0220_Goku_220"}, {"id_": 223, "get_condition_": 1, "get_param_1_": 223, "get_param_2_": -1, "sort_num_": 1223, "not_have_visible_": 1, "card_asset_name_": "0223_Beerus_223"}, {"id_": 224, "get_condition_": 1, "get_param_1_": 224, "get_param_2_": -1, "sort_num_": 1224, "not_have_visible_": 1, "card_asset_name_": "0224_VegitoSV_224"}, {"id_": 235, "get_condition_": 1, "get_param_1_": 235, "get_param_2_": -1, "sort_num_": 1235, "not_have_visible_": 1, "card_asset_name_": "0235_Ginyu_235"}, {"id_": 236, "get_condition_": 1, "get_param_1_": 236, "get_param_2_": -1, "sort_num_": 1236, "not_have_visible_": 1, "card_asset_name_": "0236_GokuSSGSSK_236"}, {"id_": 240, "get_condition_": 1, "get_param_1_": 240, "get_param_2_": -1, "sort_num_": 1240, "not_have_visible_": 1, "card_asset_name_": "0240_GokuKidGT_240"}, {"id_": 241, "get_condition_": 1, "get_param_1_": 241, "get_param_2_": -1, "sort_num_": 1241, "not_have_visible_": 1, "card_asset_name_": "0241_Super17_241"}, {"id_": 242, "get_condition_": 1, "get_param_1_": 242, "get_param_2_": -1, "sort_num_": 1242, "not_have_visible_": 1, "card_asset_name_": "0242_Android13M_242"}, {"id_": 243, "get_condition_": 1, "get_param_1_": 243, "get_param_2_": -1, "sort_num_": 1243, "not_have_visible_": 1, "card_asset_name_": "0243_Goku_243"}, {"id_": 248, "get_condition_": 1, "get_param_1_": 248, "get_param_2_": -1, "sort_num_": 1248, "not_have_visible_": 1, "card_asset_name_": "0248_Krillin_248"}, {"id_": 251, "get_condition_": 1, "get_param_1_": 251, "get_param_2_": -1, "sort_num_": 1251, "not_have_visible_": 1, "card_asset_name_": "0251_GokuSS3_251"}, {"id_": 253, "get_condition_": 1, "get_param_1_": 253, "get_param_2_": -1, "sort_num_": 1253, "not_have_visible_": 1, "card_asset_name_": "0253_PiccoloA_253"}, {"id_": 258, "get_condition_": 1, "get_param_1_": 258, "get_param_2_": -1, "sort_num_": 1258, "not_have_visible_": 1, "card_asset_name_": "0258_GohanFuture_258"}, {"id_": 264, "get_condition_": 1, "get_param_1_": 264, "get_param_2_": -1, "sort_num_": 1264, "not_have_visible_": 1, "card_asset_name_": "0264_GokuBlackRose_264"}, {"id_": 265, "get_condition_": 1, "get_param_1_": 265, "get_param_2_": -1, "sort_num_": 1265, "not_have_visible_": 1, "card_asset_name_": "0265_VegetaSSGSS_265"}, {"id_": 270, "get_condition_": 1, "get_param_1_": 270, "get_param_2_": -1, "sort_num_": 1270, "not_have_visible_": 1, "card_asset_name_": "0270_GokuSS4_270"}, {"id_": 271, "get_condition_": 1, "get_param_1_": 271, "get_param_2_": -1, "sort_num_": 1271, "not_have_visible_": 1, "card_asset_name_": "0271_VegetaSS4_271"}, {"id_": 277, "get_condition_": 1, "get_param_1_": 277, "get_param_2_": -1, "sort_num_": 1277, "not_have_visible_": 1, "card_asset_name_": "0277_BrolyBN_277"}, {"id_": 278, "get_condition_": 1, "get_param_1_": 278, "get_param_2_": -1, "sort_num_": 1278, "not_have_visible_": 1, "card_asset_name_": "0278_Kakarot_278"}, {"id_": 290, "get_condition_": 1, "get_param_1_": 290, "get_param_2_": -1, "sort_num_": 1290, "not_have_visible_": 1, "card_asset_name_": "0290_SuperBaby2_290"}, {"id_": 293, "get_condition_": 1, "get_param_1_": 293, "get_param_2_": -1, "sort_num_": 1293, "not_have_visible_": 1, "card_asset_name_": "0293_KeflaSS2_293"}, {"id_": 297, "get_condition_": 1, "get_param_1_": 297, "get_param_2_": -1, "sort_num_": 1297, "not_have_visible_": 1, "card_asset_name_": "0297_Android21_297"}, {"id_": 298, "get_condition_": 1, "get_param_1_": 298, "get_param_2_": -1, "sort_num_": 1298, "not_have_visible_": 1, "card_asset_name_": "0298_Android21_298"}, {"id_": 299, "get_condition_": 1, "get_param_1_": 299, "get_param_2_": -1, "sort_num_": 1299, "not_have_visible_": 1, "card_asset_name_": "0299_Android21_299"}, {"id_": 300, "get_condition_": 1, "get_param_1_": 300, "get_param_2_": -1, "sort_num_": 1300, "not_have_visible_": 1, "card_asset_name_": "0300_Android21_300"}, {"id_": 302, "get_condition_": 1, "get_param_1_": 302, "get_param_2_": -1, "sort_num_": 1302, "not_have_visible_": 1, "card_asset_name_": "0302_Bergamo_302"}, {"id_": 304, "get_condition_": 1, "get_param_1_": 304, "get_param_2_": -1, "sort_num_": 1304, "not_have_visible_": 1, "card_asset_name_": "0304_Frieza1st_304"}, {"id_": 318, "get_condition_": 1, "get_param_1_": 318, "get_param_2_": -1, "sort_num_": 1318, "not_have_visible_": 1, "card_asset_name_": "0318_VegitoSSGSS_318"}, {"id_": 320, "get_condition_": 1, "get_param_1_": 320, "get_param_2_": -1, "sort_num_": 1320, "not_have_visible_": 1, "card_asset_name_": "0320_ZamasM_320"}, {"id_": 322, "get_condition_": 1, "get_param_1_": 322, "get_param_2_": -1, "sort_num_": 1322, "not_have_visible_": 1, "card_asset_name_": "0322_GokuSS4FP_322"}, {"id_": 327, "get_condition_": 1, "get_param_1_": 327, "get_param_2_": -1, "sort_num_": 1327, "not_have_visible_": 1, "card_asset_name_": "0327_BuuGotenks_327"}, {"id_": 340, "get_condition_": 1, "get_param_1_": 340, "get_param_2_": -1, "sort_num_": 1340, "not_have_visible_": 1, "card_asset_name_": "0340_Jiren_340"}, {"id_": 346, "get_condition_": 1, "get_param_1_": 346, "get_param_2_": -1, "sort_num_": 1346, "not_have_visible_": 1, "card_asset_name_": "0346_Vegeta_346"}, {"id_": 349, "get_condition_": 1, "get_param_1_": 349, "get_param_2_": -1, "sort_num_": 1349, "not_have_visible_": 1, "card_asset_name_": "0349_GreatSaiyaman1_349"}, {"id_": 366, "get_condition_": 1, "get_param_1_": 366, "get_param_2_": -1, "sort_num_": 1366, "not_have_visible_": 1, "card_asset_name_": "0366_GokuUIS_366"}, {"id_": 383, "get_condition_": 1, "get_param_1_": 383, "get_param_2_": -1, "sort_num_": 1383, "not_have_visible_": 1, "card_asset_name_": "0383_GokuBlackRose_383"}, {"id_": 384, "get_condition_": 1, "get_param_1_": 384, "get_param_2_": -1, "sort_num_": 1384, "not_have_visible_": 1, "card_asset_name_": "0384_TrunksFuture_384"}, {"id_": 388, "get_condition_": 1, "get_param_1_": 388, "get_param_2_": -1, "sort_num_": 1388, "not_have_visible_": 1, "card_asset_name_": "0388_GokuSS4_388"}, {"id_": 428, "get_condition_": 1, "get_param_1_": 428, "get_param_2_": -1, "sort_num_": 1428, "not_have_visible_": 1, "card_asset_name_": "0428_VegetaSSGSSEvo_428"}, {"id_": 451, "get_condition_": 1, "get_param_1_": 451, "get_param_2_": -1, "sort_num_": 1451, "not_have_visible_": 1, "card_asset_name_": "0451_TrunksFutureSS1_451"}, {"id_": 1000, "get_condition_": 2, "get_param_1_": 19, "get_param_2_": 1000, "sort_num_": 9001, "not_have_visible_": 1, "card_asset_name_": "event_sleeve_0001"}, {"id_": 1001, "get_condition_": 2, "get_param_1_": 19, "get_param_2_": 1001, "sort_num_": 9002, "not_have_visible_": -1, "card_asset_name_": "1001_Shenlon"}, {"id_": 1002, "get_condition_": 2, "get_param_1_": 19, "get_param_2_": 1002, "sort_num_": 9003, "not_have_visible_": -1, "card_asset_name_": "0220_GokuSS1_220"}, {"id_": 1003, "get_condition_": 2, "get_param_1_": 19, "get_param_2_": 1003, "sort_num_": 9004, "not_have_visible_": -1, "card_asset_name_": "0164_BrolyBSS1MAX_164"}, {"id_": 1004, "get_condition_": 2, "get_param_1_": 19, "get_param_2_": 1004, "sort_num_": 9005, "not_have_visible_": -1, "card_asset_name_": "event_anniv3_gogeta"}, {"id_": 1005, "get_condition_": 2, "get_param_1_": 19, "get_param_2_": 1005, "sort_num_": 9006, "not_have_visible_": -1, "card_asset_name_": "event_anniv3_logo"}, {"id_": 1006, "get_condition_": 2, "get_param_1_": 19, "get_param_2_": 1006, "sort_num_": 9007, "not_have_visible_": -1, "card_asset_name_": "0192_Gts_192"}, {"id_": 2007, "get_condition_": 2, "get_param_1_": 19, "get_param_2_": 2007, "sort_num_": 9018, "not_have_visible_": -1, "card_asset_name_": "pvp_rank_god"}, {"id_": 2008, "get_condition_": 2, "get_param_1_": 19, "get_param_2_": 2008, "sort_num_": 9019, "not_have_visible_": -1, "card_asset_name_": "pvp_rank_diamond"}, {"id_": 2009, "get_condition_": 2, "get_param_1_": 19, "get_param_2_": 2009, "sort_num_": 9020, "not_have_visible_": -1, "card_asset_name_": "pvp_rank_platinum"}, {"id_": 2010, "get_condition_": 2, "get_param_1_": 19, "get_param_2_": 2010, "sort_num_": 9021, "not_have_visible_": -1, "card_asset_name_": "pvp_rank_gold"}, {"id_": 2011, "get_condition_": 2, "get_param_1_": 19, "get_param_2_": 2011, "sort_num_": 9022, "not_have_visible_": -1, "card_asset_name_": "pvp_rank_silver"}, {"id_": 2012, "get_condition_": 2, "get_param_1_": 19, "get_param_2_": 2012, "sort_num_": 9023, "not_have_visible_": -1, "card_asset_name_": "pvp_rank_bronze"}, {"id_": 2013, "get_condition_": 2, "get_param_1_": 19, "get_param_2_": 2013, "sort_num_": 9008, "not_have_visible_": -1, "card_asset_name_": "event_fes2021_logo"}, {"id_": 3014, "get_condition_": 2, "get_param_1_": 19, "get_param_2_": 3014, "sort_num_": 9009, "not_have_visible_": -1, "card_asset_name_": "title_ssgss_goku_l"}, {"id_": 3015, "get_condition_": 2, "get_param_1_": 19, "get_param_2_": 3015, "sort_num_": 9010, "not_have_visible_": -1, "card_asset_name_": "title_ssgss_vegeta_l"}, {"id_": 3016, "get_condition_": 2, "get_param_1_": 19, "get_param_2_": 3016, "sort_num_": 9011, "not_have_visible_": -1, "card_asset_name_": "title_ssg_shallot_r"}, {"id_": 3017, "get_condition_": 2, "get_param_1_": 19, "get_param_2_": 3017, "sort_num_": 9012, "not_have_visible_": -1, "card_asset_name_": "title_ssgss_gogeta_l"}, {"id_": 3018, "get_condition_": 2, "get_param_1_": 19, "get_param_2_": 3018, "sort_num_": 9013, "not_have_visible_": -1, "card_asset_name_": "title_ssgss_vegito_r"}, {"id_": 3019, "get_condition_": 2, "get_param_1_": 19, "get_param_2_": 3019, "sort_num_": 9014, "not_have_visible_": -1, "card_asset_name_": "title_ss2_gohan_r"}, {"id_": 3020, "get_condition_": 2, "get_param_1_": 19, "get_param_2_": 3020, "sort_num_": 9015, "not_have_visible_": -1, "card_asset_name_": "title_hcp_zamasu_l"}, {"id_": 3021, "get_condition_": 2, "get_param_1_": 19, "get_param_2_": 3021, "sort_num_": 9016, "not_have_visible_": -1, "card_asset_name_": "title_jiren_r"}, {"id_": 3022, "get_condition_": 2, "get_param_1_": 19, "get_param_2_": 3022, "sort_num_": 9017, "not_have_visible_": -1, "card_asset_name_": "title_fp_broly_l"}, {"id_": 3023, "get_condition_": 2, "get_param_1_": 19, "get_param_2_": 3023, "sort_num_": 9018, "not_have_visible_": -1, "card_asset_name_": "event_dbgbh2022_logo"}, {"id_": 3024, "get_condition_": 2, "get_param_1_": 19, "get_param_2_": 3024, "sort_num_": 9024, "not_have_visible_": -1, "card_asset_name_": "event_superhero_logo"}, {"id_": 3025, "get_condition_": 2, "get_param_1_": 19, "get_param_2_": 3025, "sort_num_": 9025, "not_have_visible_": -1, "card_asset_name_": "event_anniv4_goku"}, {"id_": 3026, "get_condition_": 2, "get_param_1_": 19, "get_param_2_": 3026, "sort_num_": 9026, "not_have_visible_": -1, "card_asset_name_": "event_anniv4_logo"}, {"id_": 3027, "get_condition_": 2, "get_param_1_": 19, "get_param_2_": 3027, "sort_num_": 9027, "not_have_visible_": -1, "card_asset_name_": "event_superhero_symbolRR"}, {"id_": 3028, "get_condition_": 2, "get_param_1_": 19, "get_param_2_": 3028, "sort_num_": 9028, "not_have_visible_": -1, "card_asset_name_": "event_fes2022_ss4tag"}, {"id_": 3029, "get_condition_": 2, "get_param_1_": 19, "get_param_2_": 3029, "sort_num_": 9029, "not_have_visible_": -1, "card_asset_name_": "event_fes2022_ss4goku"}, {"id_": 3030, "get_condition_": 2, "get_param_1_": 19, "get_param_2_": 3030, "sort_num_": 9030, "not_have_visible_": -1, "card_asset_name_": "event_fes2022_logo"}, {"id_": 3031, "get_condition_": 2, "get_param_1_": 19, "get_param_2_": 3031, "sort_num_": 9031, "not_have_visible_": -1, "card_asset_name_": "title_ss2_gohan_l"}, {"id_": 3032, "get_condition_": 2, "get_param_1_": 19, "get_param_2_": 3032, "sort_num_": 9032, "not_have_visible_": -1, "card_asset_name_": "title_ss1_vegito_l"}, {"id_": 3033, "get_condition_": 2, "get_param_1_": 19, "get_param_2_": 3033, "sort_num_": 9033, "not_have_visible_": -1, "card_asset_name_": "title_ssg_jiblet_l"}, {"id_": 3034, "get_condition_": 2, "get_param_1_": 19, "get_param_2_": 3034, "sort_num_": 9034, "not_have_visible_": -1, "card_asset_name_": "title_ui_goku_l"}, {"id_": 3035, "get_condition_": 2, "get_param_1_": 19, "get_param_2_": 3035, "sort_num_": 9035, "not_have_visible_": -1, "card_asset_name_": "title_ui_goku_r"}, {"id_": 3036, "get_condition_": 2, "get_param_1_": 19, "get_param_2_": 3036, "sort_num_": 9036, "not_have_visible_": -1, "card_asset_name_": "title_jiren_l"}, {"id_": 3037, "get_condition_": 2, "get_param_1_": 19, "get_param_2_": 3037, "sort_num_": 9037, "not_have_visible_": -1, "card_asset_name_": "title_ss4_gogeta_r"}, {"id_": 3038, "get_condition_": 2, "get_param_1_": 19, "get_param_2_": 3038, "sort_num_": 9038, "not_have_visible_": -1, "card_asset_name_": "event_fes2022_ss4vegeta"}, {"id_": 3039, "get_condition_": 2, "get_param_1_": 19, "get_param_2_": 3039, "sort_num_": 9039, "not_have_visible_": -1, "card_asset_name_": "event_fes2022_ssgssgogeta"}, {"id_": 3040, "get_condition_": 2, "get_param_1_": 19, "get_param_2_": 3040, "sort_num_": 9040, "not_have_visible_": -1, "card_asset_name_": "event_dbgbh2023_logo"}, {"id_": 3041, "get_condition_": 2, "get_param_1_": 19, "get_param_2_": 3041, "sort_num_": 9041, "not_have_visible_": -1, "card_asset_name_": "event_dbgbh2023_special"}, {"id_": 3042, "get_condition_": 2, "get_param_1_": 19, "get_param_2_": 3042, "sort_num_": 9042, "not_have_visible_": -1, "card_asset_name_": "event_2023april"}, {"id_": 3043, "get_condition_": 2, "get_param_1_": 19, "get_param_2_": 3043, "sort_num_": 9043, "not_have_visible_": -1, "card_asset_name_": "event_1minute"}, {"id_": 3044, "get_condition_": 2, "get_param_1_": 19, "get_param_2_": 3044, "sort_num_": 9044, "not_have_visible_": -1, "card_asset_name_": "event_2304cp1"}, {"id_": 3045, "get_condition_": 2, "get_param_1_": 19, "get_param_2_": 3045, "sort_num_": 9045, "not_have_visible_": -1, "card_asset_name_": "event_2304cp2"}, {"id_": 3046, "get_condition_": 2, "get_param_1_": 19, "get_param_2_": 3046, "sort_num_": 9046, "not_have_visible_": -1, "card_asset_name_": "event_trunks_lecture"}, {"id_": 3047, "get_condition_": 2, "get_param_1_": 19, "get_param_2_": 3047, "sort_num_": 9047, "not_have_visible_": -1, "card_asset_name_": "event_anniv5_gokufreeza"}, {"id_": 3048, "get_condition_": 2, "get_param_1_": 19, "get_param_2_": 3048, "sort_num_": 9048, "not_have_visible_": -1, "card_asset_name_": "event_anniv5_logo_a"}, {"id_": 3049, "get_condition_": 2, "get_param_1_": 19, "get_param_2_": 3049, "sort_num_": 9049, "not_have_visible_": -1, "card_asset_name_": "event_anniv5_logo_b"}, {"id_": 3050, "get_condition_": 2, "get_param_1_": 19, "get_param_2_": 3050, "sort_num_": 9050, "not_have_visible_": -1, "card_asset_name_": "event_anniv5_ssgssvegito"}, {"id_": 100000, "get_condition_": 0, "get_param_1_": 0, "get_param_2_": -1, "sort_num_": 1, "not_have_visible_": 1, "card_asset_name_": "100000_default_01"}]