[{"character_arts_level_table_id_": 0, "table_": [{"arts_level_table_id_": 0, "arts_level_": 1, "power_": 100, "critical_": 300, "cost_": 20}, {"arts_level_table_id_": 1, "arts_level_": 2, "power_": 105, "critical_": 300, "cost_": 20}, {"arts_level_table_id_": 2, "arts_level_": 3, "power_": 110, "critical_": 300, "cost_": 20}, {"arts_level_table_id_": 3, "arts_level_": 4, "power_": 115, "critical_": 400, "cost_": 20}, {"arts_level_table_id_": 4, "arts_level_": 5, "power_": 120, "critical_": 400, "cost_": 19}, {"arts_level_table_id_": 5, "arts_level_": 6, "power_": 122, "critical_": 400, "cost_": 19}, {"arts_level_table_id_": 6, "arts_level_": 7, "power_": 124, "critical_": 400, "cost_": 19}, {"arts_level_table_id_": 7, "arts_level_": 8, "power_": 126, "critical_": 400, "cost_": 19}, {"arts_level_table_id_": 8, "arts_level_": 9, "power_": 128, "critical_": 400, "cost_": 19}, {"arts_level_table_id_": 9, "arts_level_": 10, "power_": 130, "critical_": 400, "cost_": 18}]}, {"character_arts_level_table_id_": 1, "table_": [{"arts_level_table_id_": 0, "arts_level_": 1, "power_": 100, "critical_": 300, "cost_": 20}, {"arts_level_table_id_": 1, "arts_level_": 2, "power_": 105, "critical_": 300, "cost_": 20}, {"arts_level_table_id_": 2, "arts_level_": 3, "power_": 110, "critical_": 300, "cost_": 20}, {"arts_level_table_id_": 3, "arts_level_": 4, "power_": 115, "critical_": 400, "cost_": 20}, {"arts_level_table_id_": 4, "arts_level_": 5, "power_": 120, "critical_": 400, "cost_": 19}, {"arts_level_table_id_": 5, "arts_level_": 6, "power_": 122, "critical_": 400, "cost_": 19}, {"arts_level_table_id_": 6, "arts_level_": 7, "power_": 124, "critical_": 400, "cost_": 19}, {"arts_level_table_id_": 7, "arts_level_": 8, "power_": 126, "critical_": 400, "cost_": 19}, {"arts_level_table_id_": 8, "arts_level_": 9, "power_": 128, "critical_": 400, "cost_": 19}, {"arts_level_table_id_": 9, "arts_level_": 10, "power_": 130, "critical_": 400, "cost_": 18}]}, {"character_arts_level_table_id_": 2, "table_": [{"arts_level_table_id_": 0, "arts_level_": 1, "power_": 100, "critical_": 300, "cost_": 20}, {"arts_level_table_id_": 1, "arts_level_": 2, "power_": 105, "critical_": 300, "cost_": 20}, {"arts_level_table_id_": 2, "arts_level_": 3, "power_": 110, "critical_": 300, "cost_": 20}, {"arts_level_table_id_": 3, "arts_level_": 4, "power_": 115, "critical_": 400, "cost_": 20}, {"arts_level_table_id_": 4, "arts_level_": 5, "power_": 120, "critical_": 400, "cost_": 19}, {"arts_level_table_id_": 5, "arts_level_": 6, "power_": 122, "critical_": 400, "cost_": 19}, {"arts_level_table_id_": 6, "arts_level_": 7, "power_": 124, "critical_": 400, "cost_": 19}, {"arts_level_table_id_": 7, "arts_level_": 8, "power_": 126, "critical_": 400, "cost_": 19}, {"arts_level_table_id_": 8, "arts_level_": 9, "power_": 128, "critical_": 400, "cost_": 19}, {"arts_level_table_id_": 9, "arts_level_": 10, "power_": 130, "critical_": 400, "cost_": 18}]}, {"character_arts_level_table_id_": 3, "table_": [{"arts_level_table_id_": 0, "arts_level_": 1, "power_": 100, "critical_": 300, "cost_": 20}, {"arts_level_table_id_": 1, "arts_level_": 2, "power_": 105, "critical_": 300, "cost_": 20}, {"arts_level_table_id_": 2, "arts_level_": 3, "power_": 110, "critical_": 300, "cost_": 20}, {"arts_level_table_id_": 3, "arts_level_": 4, "power_": 115, "critical_": 400, "cost_": 20}, {"arts_level_table_id_": 4, "arts_level_": 5, "power_": 120, "critical_": 400, "cost_": 19}, {"arts_level_table_id_": 5, "arts_level_": 6, "power_": 122, "critical_": 400, "cost_": 19}, {"arts_level_table_id_": 6, "arts_level_": 7, "power_": 124, "critical_": 400, "cost_": 19}, {"arts_level_table_id_": 7, "arts_level_": 8, "power_": 126, "critical_": 400, "cost_": 19}, {"arts_level_table_id_": 8, "arts_level_": 9, "power_": 128, "critical_": 400, "cost_": 19}, {"arts_level_table_id_": 9, "arts_level_": 10, "power_": 130, "critical_": 400, "cost_": 18}]}, {"character_arts_level_table_id_": 4, "table_": [{"arts_level_table_id_": 0, "arts_level_": 1, "power_": 100, "critical_": 300, "cost_": 20}, {"arts_level_table_id_": 1, "arts_level_": 2, "power_": 105, "critical_": 300, "cost_": 20}, {"arts_level_table_id_": 2, "arts_level_": 3, "power_": 110, "critical_": 300, "cost_": 20}, {"arts_level_table_id_": 3, "arts_level_": 4, "power_": 115, "critical_": 400, "cost_": 20}, {"arts_level_table_id_": 4, "arts_level_": 5, "power_": 120, "critical_": 400, "cost_": 19}, {"arts_level_table_id_": 5, "arts_level_": 6, "power_": 122, "critical_": 400, "cost_": 19}, {"arts_level_table_id_": 6, "arts_level_": 7, "power_": 124, "critical_": 400, "cost_": 19}, {"arts_level_table_id_": 7, "arts_level_": 8, "power_": 126, "critical_": 400, "cost_": 19}, {"arts_level_table_id_": 8, "arts_level_": 9, "power_": 128, "critical_": 400, "cost_": 19}, {"arts_level_table_id_": 9, "arts_level_": 10, "power_": 130, "critical_": 400, "cost_": 18}]}, {"character_arts_level_table_id_": 5, "table_": [{"arts_level_table_id_": 0, "arts_level_": 1, "power_": 100, "critical_": 300, "cost_": 22}, {"arts_level_table_id_": 1, "arts_level_": 2, "power_": 105, "critical_": 300, "cost_": 22}, {"arts_level_table_id_": 2, "arts_level_": 3, "power_": 110, "critical_": 300, "cost_": 22}, {"arts_level_table_id_": 3, "arts_level_": 4, "power_": 115, "critical_": 400, "cost_": 22}, {"arts_level_table_id_": 4, "arts_level_": 5, "power_": 120, "critical_": 400, "cost_": 21}, {"arts_level_table_id_": 5, "arts_level_": 6, "power_": 122, "critical_": 400, "cost_": 21}, {"arts_level_table_id_": 6, "arts_level_": 7, "power_": 124, "critical_": 400, "cost_": 21}, {"arts_level_table_id_": 7, "arts_level_": 8, "power_": 126, "critical_": 400, "cost_": 21}, {"arts_level_table_id_": 8, "arts_level_": 9, "power_": 128, "critical_": 400, "cost_": 21}, {"arts_level_table_id_": 9, "arts_level_": 10, "power_": 130, "critical_": 400, "cost_": 20}]}, {"character_arts_level_table_id_": 1000, "table_": [{"arts_level_table_id_": 0, "arts_level_": 1, "power_": 100, "critical_": 300, "cost_": 30}, {"arts_level_table_id_": 1, "arts_level_": 2, "power_": 105, "critical_": 300, "cost_": 30}, {"arts_level_table_id_": 2, "arts_level_": 3, "power_": 110, "critical_": 300, "cost_": 30}, {"arts_level_table_id_": 3, "arts_level_": 4, "power_": 115, "critical_": 400, "cost_": 30}, {"arts_level_table_id_": 4, "arts_level_": 5, "power_": 120, "critical_": 400, "cost_": 29}, {"arts_level_table_id_": 5, "arts_level_": 6, "power_": 122, "critical_": 400, "cost_": 29}, {"arts_level_table_id_": 6, "arts_level_": 7, "power_": 124, "critical_": 400, "cost_": 29}, {"arts_level_table_id_": 7, "arts_level_": 8, "power_": 126, "critical_": 400, "cost_": 29}, {"arts_level_table_id_": 8, "arts_level_": 9, "power_": 128, "critical_": 400, "cost_": 29}, {"arts_level_table_id_": 9, "arts_level_": 10, "power_": 130, "critical_": 400, "cost_": 28}]}, {"character_arts_level_table_id_": 1001, "table_": [{"arts_level_table_id_": 0, "arts_level_": 1, "power_": 100, "critical_": 300, "cost_": 30}, {"arts_level_table_id_": 1, "arts_level_": 2, "power_": 105, "critical_": 300, "cost_": 30}, {"arts_level_table_id_": 2, "arts_level_": 3, "power_": 110, "critical_": 300, "cost_": 30}, {"arts_level_table_id_": 3, "arts_level_": 4, "power_": 115, "critical_": 400, "cost_": 30}, {"arts_level_table_id_": 4, "arts_level_": 5, "power_": 120, "critical_": 400, "cost_": 29}, {"arts_level_table_id_": 5, "arts_level_": 6, "power_": 122, "critical_": 400, "cost_": 29}, {"arts_level_table_id_": 6, "arts_level_": 7, "power_": 124, "critical_": 400, "cost_": 29}, {"arts_level_table_id_": 7, "arts_level_": 8, "power_": 126, "critical_": 400, "cost_": 29}, {"arts_level_table_id_": 8, "arts_level_": 9, "power_": 128, "critical_": 400, "cost_": 29}, {"arts_level_table_id_": 9, "arts_level_": 10, "power_": 130, "critical_": 400, "cost_": 28}]}, {"character_arts_level_table_id_": 1002, "table_": [{"arts_level_table_id_": 0, "arts_level_": 1, "power_": 100, "critical_": 300, "cost_": 30}, {"arts_level_table_id_": 1, "arts_level_": 2, "power_": 105, "critical_": 300, "cost_": 30}, {"arts_level_table_id_": 2, "arts_level_": 3, "power_": 110, "critical_": 300, "cost_": 30}, {"arts_level_table_id_": 3, "arts_level_": 4, "power_": 115, "critical_": 400, "cost_": 30}, {"arts_level_table_id_": 4, "arts_level_": 5, "power_": 120, "critical_": 400, "cost_": 29}, {"arts_level_table_id_": 5, "arts_level_": 6, "power_": 122, "critical_": 400, "cost_": 29}, {"arts_level_table_id_": 6, "arts_level_": 7, "power_": 124, "critical_": 400, "cost_": 29}, {"arts_level_table_id_": 7, "arts_level_": 8, "power_": 126, "critical_": 400, "cost_": 29}, {"arts_level_table_id_": 8, "arts_level_": 9, "power_": 128, "critical_": 400, "cost_": 29}, {"arts_level_table_id_": 9, "arts_level_": 10, "power_": 130, "critical_": 400, "cost_": 28}]}, {"character_arts_level_table_id_": 1003, "table_": [{"arts_level_table_id_": 0, "arts_level_": 1, "power_": 100, "critical_": 300, "cost_": 30}, {"arts_level_table_id_": 1, "arts_level_": 2, "power_": 105, "critical_": 300, "cost_": 30}, {"arts_level_table_id_": 2, "arts_level_": 3, "power_": 110, "critical_": 300, "cost_": 30}, {"arts_level_table_id_": 3, "arts_level_": 4, "power_": 115, "critical_": 400, "cost_": 30}, {"arts_level_table_id_": 4, "arts_level_": 5, "power_": 120, "critical_": 400, "cost_": 29}, {"arts_level_table_id_": 5, "arts_level_": 6, "power_": 122, "critical_": 400, "cost_": 29}, {"arts_level_table_id_": 6, "arts_level_": 7, "power_": 124, "critical_": 400, "cost_": 29}, {"arts_level_table_id_": 7, "arts_level_": 8, "power_": 126, "critical_": 400, "cost_": 29}, {"arts_level_table_id_": 8, "arts_level_": 9, "power_": 128, "critical_": 400, "cost_": 29}, {"arts_level_table_id_": 9, "arts_level_": 10, "power_": 130, "critical_": 400, "cost_": 28}]}, {"character_arts_level_table_id_": 1004, "table_": [{"arts_level_table_id_": 0, "arts_level_": 1, "power_": 30, "critical_": 300, "cost_": 10}, {"arts_level_table_id_": 1, "arts_level_": 2, "power_": 35, "critical_": 300, "cost_": 10}, {"arts_level_table_id_": 2, "arts_level_": 3, "power_": 40, "critical_": 300, "cost_": 10}, {"arts_level_table_id_": 3, "arts_level_": 4, "power_": 45, "critical_": 400, "cost_": 10}, {"arts_level_table_id_": 4, "arts_level_": 5, "power_": 50, "critical_": 400, "cost_": 9}, {"arts_level_table_id_": 5, "arts_level_": 6, "power_": 52, "critical_": 400, "cost_": 9}, {"arts_level_table_id_": 6, "arts_level_": 7, "power_": 54, "critical_": 400, "cost_": 9}, {"arts_level_table_id_": 7, "arts_level_": 8, "power_": 56, "critical_": 400, "cost_": 9}, {"arts_level_table_id_": 8, "arts_level_": 9, "power_": 58, "critical_": 400, "cost_": 9}, {"arts_level_table_id_": 9, "arts_level_": 10, "power_": 60, "critical_": 400, "cost_": 8}]}, {"character_arts_level_table_id_": 1006, "table_": [{"arts_level_table_id_": 0, "arts_level_": 1, "power_": 60, "critical_": 300, "cost_": 20}, {"arts_level_table_id_": 1, "arts_level_": 2, "power_": 65, "critical_": 300, "cost_": 20}, {"arts_level_table_id_": 2, "arts_level_": 3, "power_": 70, "critical_": 300, "cost_": 20}, {"arts_level_table_id_": 3, "arts_level_": 4, "power_": 75, "critical_": 400, "cost_": 20}, {"arts_level_table_id_": 4, "arts_level_": 5, "power_": 80, "critical_": 400, "cost_": 19}, {"arts_level_table_id_": 5, "arts_level_": 6, "power_": 82, "critical_": 400, "cost_": 19}, {"arts_level_table_id_": 6, "arts_level_": 7, "power_": 84, "critical_": 400, "cost_": 19}, {"arts_level_table_id_": 7, "arts_level_": 8, "power_": 86, "critical_": 400, "cost_": 19}, {"arts_level_table_id_": 8, "arts_level_": 9, "power_": 88, "critical_": 400, "cost_": 19}, {"arts_level_table_id_": 9, "arts_level_": 10, "power_": 90, "critical_": 400, "cost_": 18}]}, {"character_arts_level_table_id_": 1007, "table_": [{"arts_level_table_id_": 0, "arts_level_": 1, "power_": 100, "critical_": 300, "cost_": 15}, {"arts_level_table_id_": 1, "arts_level_": 2, "power_": 105, "critical_": 300, "cost_": 15}, {"arts_level_table_id_": 2, "arts_level_": 3, "power_": 110, "critical_": 300, "cost_": 15}, {"arts_level_table_id_": 3, "arts_level_": 4, "power_": 115, "critical_": 400, "cost_": 15}, {"arts_level_table_id_": 4, "arts_level_": 5, "power_": 120, "critical_": 400, "cost_": 14}, {"arts_level_table_id_": 5, "arts_level_": 6, "power_": 122, "critical_": 400, "cost_": 14}, {"arts_level_table_id_": 6, "arts_level_": 7, "power_": 124, "critical_": 400, "cost_": 14}, {"arts_level_table_id_": 7, "arts_level_": 8, "power_": 126, "critical_": 400, "cost_": 14}, {"arts_level_table_id_": 8, "arts_level_": 9, "power_": 128, "critical_": 400, "cost_": 14}, {"arts_level_table_id_": 9, "arts_level_": 10, "power_": 130, "critical_": 400, "cost_": 13}]}, {"character_arts_level_table_id_": 1008, "table_": [{"arts_level_table_id_": 0, "arts_level_": 1, "power_": 100, "critical_": 300, "cost_": 20}, {"arts_level_table_id_": 1, "arts_level_": 2, "power_": 105, "critical_": 300, "cost_": 20}, {"arts_level_table_id_": 2, "arts_level_": 3, "power_": 110, "critical_": 300, "cost_": 20}, {"arts_level_table_id_": 3, "arts_level_": 4, "power_": 115, "critical_": 400, "cost_": 20}, {"arts_level_table_id_": 4, "arts_level_": 5, "power_": 120, "critical_": 400, "cost_": 19}, {"arts_level_table_id_": 5, "arts_level_": 6, "power_": 122, "critical_": 400, "cost_": 19}, {"arts_level_table_id_": 6, "arts_level_": 7, "power_": 124, "critical_": 400, "cost_": 19}, {"arts_level_table_id_": 7, "arts_level_": 8, "power_": 126, "critical_": 400, "cost_": 19}, {"arts_level_table_id_": 8, "arts_level_": 9, "power_": 128, "critical_": 400, "cost_": 19}, {"arts_level_table_id_": 9, "arts_level_": 10, "power_": 130, "critical_": 400, "cost_": 18}]}, {"character_arts_level_table_id_": 2000, "table_": [{"arts_level_table_id_": 0, "arts_level_": 1, "power_": 240, "critical_": 300, "cost_": 50}, {"arts_level_table_id_": 1, "arts_level_": 2, "power_": 260, "critical_": 300, "cost_": 50}, {"arts_level_table_id_": 2, "arts_level_": 3, "power_": 265, "critical_": 300, "cost_": 50}, {"arts_level_table_id_": 3, "arts_level_": 4, "power_": 270, "critical_": 300, "cost_": 50}, {"arts_level_table_id_": 4, "arts_level_": 5, "power_": 275, "critical_": 300, "cost_": 49}]}, {"character_arts_level_table_id_": 2001, "table_": [{"arts_level_table_id_": 0, "arts_level_": 1, "power_": 240, "critical_": 300, "cost_": 50}, {"arts_level_table_id_": 1, "arts_level_": 2, "power_": 260, "critical_": 300, "cost_": 50}, {"arts_level_table_id_": 2, "arts_level_": 3, "power_": 265, "critical_": 300, "cost_": 50}, {"arts_level_table_id_": 3, "arts_level_": 4, "power_": 270, "critical_": 300, "cost_": 50}, {"arts_level_table_id_": 4, "arts_level_": 5, "power_": 275, "critical_": 300, "cost_": 49}]}, {"character_arts_level_table_id_": 2002, "table_": [{"arts_level_table_id_": 0, "arts_level_": 1, "power_": 240, "critical_": 300, "cost_": 50}, {"arts_level_table_id_": 1, "arts_level_": 2, "power_": 260, "critical_": 300, "cost_": 50}, {"arts_level_table_id_": 2, "arts_level_": 3, "power_": 265, "critical_": 300, "cost_": 50}, {"arts_level_table_id_": 3, "arts_level_": 4, "power_": 270, "critical_": 300, "cost_": 50}, {"arts_level_table_id_": 4, "arts_level_": 5, "power_": 275, "critical_": 300, "cost_": 49}]}, {"character_arts_level_table_id_": 2003, "table_": [{"arts_level_table_id_": 0, "arts_level_": 1, "power_": 240, "critical_": 300, "cost_": 50}, {"arts_level_table_id_": 1, "arts_level_": 2, "power_": 260, "critical_": 300, "cost_": 50}, {"arts_level_table_id_": 2, "arts_level_": 3, "power_": 265, "critical_": 300, "cost_": 50}, {"arts_level_table_id_": 3, "arts_level_": 4, "power_": 270, "critical_": 300, "cost_": 50}, {"arts_level_table_id_": 4, "arts_level_": 5, "power_": 275, "critical_": 300, "cost_": 49}]}, {"character_arts_level_table_id_": 2004, "table_": [{"arts_level_table_id_": 0, "arts_level_": 1, "power_": 240, "critical_": 300, "cost_": 50}, {"arts_level_table_id_": 1, "arts_level_": 2, "power_": 260, "critical_": 300, "cost_": 50}, {"arts_level_table_id_": 2, "arts_level_": 3, "power_": 265, "critical_": 300, "cost_": 50}, {"arts_level_table_id_": 3, "arts_level_": 4, "power_": 270, "critical_": 300, "cost_": 50}, {"arts_level_table_id_": 4, "arts_level_": 5, "power_": 275, "critical_": 300, "cost_": 49}]}, {"character_arts_level_table_id_": 2005, "table_": [{"arts_level_table_id_": 0, "arts_level_": 1, "power_": 240, "critical_": 300, "cost_": 45}, {"arts_level_table_id_": 1, "arts_level_": 2, "power_": 260, "critical_": 300, "cost_": 45}, {"arts_level_table_id_": 2, "arts_level_": 3, "power_": 265, "critical_": 300, "cost_": 45}, {"arts_level_table_id_": 3, "arts_level_": 4, "power_": 270, "critical_": 300, "cost_": 45}, {"arts_level_table_id_": 4, "arts_level_": 5, "power_": 275, "critical_": 300, "cost_": 44}]}, {"character_arts_level_table_id_": 2100, "table_": [{"arts_level_table_id_": 0, "arts_level_": 1, "power_": 210, "critical_": 300, "cost_": 50}, {"arts_level_table_id_": 1, "arts_level_": 2, "power_": 230, "critical_": 300, "cost_": 50}, {"arts_level_table_id_": 2, "arts_level_": 3, "power_": 235, "critical_": 300, "cost_": 50}, {"arts_level_table_id_": 3, "arts_level_": 4, "power_": 240, "critical_": 300, "cost_": 50}, {"arts_level_table_id_": 4, "arts_level_": 5, "power_": 245, "critical_": 300, "cost_": 49}]}, {"character_arts_level_table_id_": 2101, "table_": [{"arts_level_table_id_": 0, "arts_level_": 1, "power_": 210, "critical_": 300, "cost_": 50}, {"arts_level_table_id_": 1, "arts_level_": 2, "power_": 230, "critical_": 300, "cost_": 50}, {"arts_level_table_id_": 2, "arts_level_": 3, "power_": 235, "critical_": 300, "cost_": 50}, {"arts_level_table_id_": 3, "arts_level_": 4, "power_": 240, "critical_": 300, "cost_": 50}, {"arts_level_table_id_": 4, "arts_level_": 5, "power_": 245, "critical_": 300, "cost_": 49}]}, {"character_arts_level_table_id_": 2102, "table_": [{"arts_level_table_id_": 0, "arts_level_": 1, "power_": 210, "critical_": 300, "cost_": 50}, {"arts_level_table_id_": 1, "arts_level_": 2, "power_": 230, "critical_": 300, "cost_": 50}, {"arts_level_table_id_": 2, "arts_level_": 3, "power_": 235, "critical_": 300, "cost_": 50}, {"arts_level_table_id_": 3, "arts_level_": 4, "power_": 240, "critical_": 300, "cost_": 50}, {"arts_level_table_id_": 4, "arts_level_": 5, "power_": 245, "critical_": 300, "cost_": 49}]}, {"character_arts_level_table_id_": 2103, "table_": [{"arts_level_table_id_": 0, "arts_level_": 1, "power_": 210, "critical_": 300, "cost_": 50}, {"arts_level_table_id_": 1, "arts_level_": 2, "power_": 230, "critical_": 300, "cost_": 50}, {"arts_level_table_id_": 2, "arts_level_": 3, "power_": 235, "critical_": 300, "cost_": 50}, {"arts_level_table_id_": 3, "arts_level_": 4, "power_": 240, "critical_": 300, "cost_": 50}, {"arts_level_table_id_": 4, "arts_level_": 5, "power_": 245, "critical_": 300, "cost_": 49}]}, {"character_arts_level_table_id_": 2104, "table_": [{"arts_level_table_id_": 0, "arts_level_": 1, "power_": 210, "critical_": 300, "cost_": 50}, {"arts_level_table_id_": 1, "arts_level_": 2, "power_": 230, "critical_": 300, "cost_": 50}, {"arts_level_table_id_": 2, "arts_level_": 3, "power_": 235, "critical_": 300, "cost_": 50}, {"arts_level_table_id_": 3, "arts_level_": 4, "power_": 240, "critical_": 300, "cost_": 50}, {"arts_level_table_id_": 4, "arts_level_": 5, "power_": 245, "critical_": 300, "cost_": 49}]}, {"character_arts_level_table_id_": 2105, "table_": [{"arts_level_table_id_": 0, "arts_level_": 1, "power_": 210, "critical_": 300, "cost_": 50}, {"arts_level_table_id_": 1, "arts_level_": 2, "power_": 230, "critical_": 300, "cost_": 50}, {"arts_level_table_id_": 2, "arts_level_": 3, "power_": 235, "critical_": 300, "cost_": 50}, {"arts_level_table_id_": 3, "arts_level_": 4, "power_": 240, "critical_": 300, "cost_": 50}, {"arts_level_table_id_": 4, "arts_level_": 5, "power_": 245, "critical_": 300, "cost_": 49}]}, {"character_arts_level_table_id_": 2106, "table_": [{"arts_level_table_id_": 0, "arts_level_": 1, "power_": 210, "critical_": 300, "cost_": 50}, {"arts_level_table_id_": 1, "arts_level_": 2, "power_": 230, "critical_": 300, "cost_": 50}, {"arts_level_table_id_": 2, "arts_level_": 3, "power_": 235, "critical_": 300, "cost_": 50}, {"arts_level_table_id_": 3, "arts_level_": 4, "power_": 240, "critical_": 300, "cost_": 50}, {"arts_level_table_id_": 4, "arts_level_": 5, "power_": 245, "critical_": 300, "cost_": 49}]}, {"character_arts_level_table_id_": 2107, "table_": [{"arts_level_table_id_": 0, "arts_level_": 1, "power_": 210, "critical_": 300, "cost_": 50}, {"arts_level_table_id_": 1, "arts_level_": 2, "power_": 230, "critical_": 300, "cost_": 50}, {"arts_level_table_id_": 2, "arts_level_": 3, "power_": 235, "critical_": 300, "cost_": 50}, {"arts_level_table_id_": 3, "arts_level_": 4, "power_": 240, "critical_": 300, "cost_": 50}, {"arts_level_table_id_": 4, "arts_level_": 5, "power_": 245, "critical_": 300, "cost_": 49}]}, {"character_arts_level_table_id_": 2108, "table_": [{"arts_level_table_id_": 0, "arts_level_": 1, "power_": 205, "critical_": 300, "cost_": 50}, {"arts_level_table_id_": 1, "arts_level_": 2, "power_": 225, "critical_": 300, "cost_": 50}, {"arts_level_table_id_": 2, "arts_level_": 3, "power_": 230, "critical_": 300, "cost_": 50}, {"arts_level_table_id_": 3, "arts_level_": 4, "power_": 235, "critical_": 300, "cost_": 50}, {"arts_level_table_id_": 4, "arts_level_": 5, "power_": 240, "critical_": 300, "cost_": 49}]}, {"character_arts_level_table_id_": 2109, "table_": [{"arts_level_table_id_": 0, "arts_level_": 1, "power_": 155, "critical_": 300, "cost_": 35}, {"arts_level_table_id_": 1, "arts_level_": 2, "power_": 175, "critical_": 300, "cost_": 35}, {"arts_level_table_id_": 2, "arts_level_": 3, "power_": 180, "critical_": 300, "cost_": 35}, {"arts_level_table_id_": 3, "arts_level_": 4, "power_": 185, "critical_": 300, "cost_": 35}, {"arts_level_table_id_": 4, "arts_level_": 5, "power_": 190, "critical_": 300, "cost_": 34}]}, {"character_arts_level_table_id_": 2110, "table_": [{"arts_level_table_id_": 0, "arts_level_": 1, "power_": 270, "critical_": 300, "cost_": 50}, {"arts_level_table_id_": 1, "arts_level_": 2, "power_": 290, "critical_": 300, "cost_": 50}, {"arts_level_table_id_": 2, "arts_level_": 3, "power_": 295, "critical_": 300, "cost_": 50}, {"arts_level_table_id_": 3, "arts_level_": 4, "power_": 300, "critical_": 300, "cost_": 50}, {"arts_level_table_id_": 4, "arts_level_": 5, "power_": 305, "critical_": 300, "cost_": 49}]}, {"character_arts_level_table_id_": 2111, "table_": [{"arts_level_table_id_": 0, "arts_level_": 1, "power_": 270, "critical_": 300, "cost_": 60}, {"arts_level_table_id_": 1, "arts_level_": 2, "power_": 290, "critical_": 300, "cost_": 60}, {"arts_level_table_id_": 2, "arts_level_": 3, "power_": 295, "critical_": 300, "cost_": 60}, {"arts_level_table_id_": 3, "arts_level_": 4, "power_": 300, "critical_": 300, "cost_": 60}, {"arts_level_table_id_": 4, "arts_level_": 5, "power_": 305, "critical_": 300, "cost_": 59}]}, {"character_arts_level_table_id_": 2113, "table_": [{"arts_level_table_id_": 0, "arts_level_": 1, "power_": 240, "critical_": 300, "cost_": 40}, {"arts_level_table_id_": 1, "arts_level_": 2, "power_": 260, "critical_": 300, "cost_": 40}, {"arts_level_table_id_": 2, "arts_level_": 3, "power_": 265, "critical_": 300, "cost_": 40}, {"arts_level_table_id_": 3, "arts_level_": 4, "power_": 270, "critical_": 300, "cost_": 40}, {"arts_level_table_id_": 4, "arts_level_": 5, "power_": 275, "critical_": 300, "cost_": 39}]}, {"character_arts_level_table_id_": 2114, "table_": [{"arts_level_table_id_": 0, "arts_level_": 1, "power_": 240, "critical_": 300, "cost_": 40}, {"arts_level_table_id_": 1, "arts_level_": 2, "power_": 260, "critical_": 300, "cost_": 40}, {"arts_level_table_id_": 2, "arts_level_": 3, "power_": 265, "critical_": 300, "cost_": 40}, {"arts_level_table_id_": 3, "arts_level_": 4, "power_": 270, "critical_": 300, "cost_": 40}, {"arts_level_table_id_": 4, "arts_level_": 5, "power_": 275, "critical_": 300, "cost_": 39}]}, {"character_arts_level_table_id_": 2115, "table_": [{"arts_level_table_id_": 0, "arts_level_": 1, "power_": 240, "critical_": 300, "cost_": 40}, {"arts_level_table_id_": 1, "arts_level_": 2, "power_": 260, "critical_": 300, "cost_": 40}, {"arts_level_table_id_": 2, "arts_level_": 3, "power_": 265, "critical_": 300, "cost_": 40}, {"arts_level_table_id_": 3, "arts_level_": 4, "power_": 270, "critical_": 300, "cost_": 40}, {"arts_level_table_id_": 4, "arts_level_": 5, "power_": 275, "critical_": 300, "cost_": 39}]}, {"character_arts_level_table_id_": 2116, "table_": [{"arts_level_table_id_": 0, "arts_level_": 1, "power_": 240, "critical_": 300, "cost_": 40}, {"arts_level_table_id_": 1, "arts_level_": 2, "power_": 260, "critical_": 300, "cost_": 40}, {"arts_level_table_id_": 2, "arts_level_": 3, "power_": 265, "critical_": 300, "cost_": 40}, {"arts_level_table_id_": 3, "arts_level_": 4, "power_": 270, "critical_": 300, "cost_": 40}, {"arts_level_table_id_": 4, "arts_level_": 5, "power_": 275, "critical_": 300, "cost_": 39}]}, {"character_arts_level_table_id_": 2117, "table_": [{"arts_level_table_id_": 0, "arts_level_": 1, "power_": 240, "critical_": 300, "cost_": 35}, {"arts_level_table_id_": 1, "arts_level_": 2, "power_": 260, "critical_": 300, "cost_": 35}, {"arts_level_table_id_": 2, "arts_level_": 3, "power_": 265, "critical_": 300, "cost_": 35}, {"arts_level_table_id_": 3, "arts_level_": 4, "power_": 270, "critical_": 300, "cost_": 35}, {"arts_level_table_id_": 4, "arts_level_": 5, "power_": 275, "critical_": 300, "cost_": 34}]}, {"character_arts_level_table_id_": 2118, "table_": [{"arts_level_table_id_": 0, "arts_level_": 1, "power_": 270, "critical_": 300, "cost_": 40}, {"arts_level_table_id_": 1, "arts_level_": 2, "power_": 290, "critical_": 300, "cost_": 40}, {"arts_level_table_id_": 2, "arts_level_": 3, "power_": 295, "critical_": 300, "cost_": 40}, {"arts_level_table_id_": 3, "arts_level_": 4, "power_": 300, "critical_": 300, "cost_": 40}, {"arts_level_table_id_": 4, "arts_level_": 5, "power_": 305, "critical_": 300, "cost_": 39}]}, {"character_arts_level_table_id_": 3000, "table_": [{"arts_level_table_id_": 0, "arts_level_": 1, "power_": 100, "critical_": 100, "cost_": 15}, {"arts_level_table_id_": 1, "arts_level_": 2, "power_": 100, "critical_": 100, "cost_": 14}, {"arts_level_table_id_": 2, "arts_level_": 3, "power_": 100, "critical_": 100, "cost_": 13}, {"arts_level_table_id_": 3, "arts_level_": 4, "power_": 100, "critical_": 100, "cost_": 12}, {"arts_level_table_id_": 4, "arts_level_": 5, "power_": 100, "critical_": 100, "cost_": 11}]}, {"character_arts_level_table_id_": 3001, "table_": [{"arts_level_table_id_": 0, "arts_level_": 1, "power_": 100, "critical_": 100, "cost_": 25}, {"arts_level_table_id_": 1, "arts_level_": 2, "power_": 100, "critical_": 100, "cost_": 24}, {"arts_level_table_id_": 2, "arts_level_": 3, "power_": 100, "critical_": 100, "cost_": 23}, {"arts_level_table_id_": 3, "arts_level_": 4, "power_": 100, "critical_": 100, "cost_": 22}, {"arts_level_table_id_": 4, "arts_level_": 5, "power_": 100, "critical_": 100, "cost_": 21}]}, {"character_arts_level_table_id_": 3002, "table_": [{"arts_level_table_id_": 0, "arts_level_": 1, "power_": 100, "critical_": 100, "cost_": 35}, {"arts_level_table_id_": 1, "arts_level_": 2, "power_": 100, "critical_": 100, "cost_": 34}, {"arts_level_table_id_": 2, "arts_level_": 3, "power_": 100, "critical_": 100, "cost_": 33}, {"arts_level_table_id_": 3, "arts_level_": 4, "power_": 100, "critical_": 100, "cost_": 32}, {"arts_level_table_id_": 4, "arts_level_": 5, "power_": 100, "critical_": 100, "cost_": 31}]}, {"character_arts_level_table_id_": 3003, "table_": [{"arts_level_table_id_": 0, "arts_level_": 1, "power_": 100, "critical_": 100, "cost_": 45}, {"arts_level_table_id_": 1, "arts_level_": 2, "power_": 100, "critical_": 100, "cost_": 44}, {"arts_level_table_id_": 2, "arts_level_": 3, "power_": 100, "critical_": 100, "cost_": 43}, {"arts_level_table_id_": 3, "arts_level_": 4, "power_": 100, "critical_": 100, "cost_": 42}, {"arts_level_table_id_": 4, "arts_level_": 5, "power_": 100, "critical_": 100, "cost_": 41}]}, {"character_arts_level_table_id_": 3004, "table_": [{"arts_level_table_id_": 0, "arts_level_": 1, "power_": 100, "critical_": 100, "cost_": 30}, {"arts_level_table_id_": 1, "arts_level_": 2, "power_": 100, "critical_": 100, "cost_": 29}, {"arts_level_table_id_": 2, "arts_level_": 3, "power_": 100, "critical_": 100, "cost_": 28}, {"arts_level_table_id_": 3, "arts_level_": 4, "power_": 100, "critical_": 100, "cost_": 27}, {"arts_level_table_id_": 4, "arts_level_": 5, "power_": 100, "critical_": 100, "cost_": 26}]}, {"character_arts_level_table_id_": 3005, "table_": [{"arts_level_table_id_": 0, "arts_level_": 1, "power_": 100, "critical_": 100, "cost_": 20}, {"arts_level_table_id_": 1, "arts_level_": 2, "power_": 100, "critical_": 100, "cost_": 19}, {"arts_level_table_id_": 2, "arts_level_": 3, "power_": 100, "critical_": 100, "cost_": 18}, {"arts_level_table_id_": 3, "arts_level_": 4, "power_": 100, "critical_": 100, "cost_": 17}, {"arts_level_table_id_": 4, "arts_level_": 5, "power_": 100, "critical_": 100, "cost_": 16}]}, {"character_arts_level_table_id_": 3006, "table_": [{"arts_level_table_id_": 0, "arts_level_": 1, "power_": 100, "critical_": 100, "cost_": 10}, {"arts_level_table_id_": 1, "arts_level_": 2, "power_": 100, "critical_": 100, "cost_": 9}, {"arts_level_table_id_": 2, "arts_level_": 3, "power_": 100, "critical_": 100, "cost_": 8}, {"arts_level_table_id_": 3, "arts_level_": 4, "power_": 100, "critical_": 100, "cost_": 7}, {"arts_level_table_id_": 4, "arts_level_": 5, "power_": 100, "critical_": 100, "cost_": 6}]}, {"character_arts_level_table_id_": 4000, "table_": [{"arts_level_table_id_": 0, "arts_level_": 1, "power_": 425, "critical_": 300, "cost_": 20}, {"arts_level_table_id_": 1, "arts_level_": 2, "power_": 450, "critical_": 300, "cost_": 20}, {"arts_level_table_id_": 2, "arts_level_": 3, "power_": 455, "critical_": 300, "cost_": 20}, {"arts_level_table_id_": 3, "arts_level_": 4, "power_": 460, "critical_": 300, "cost_": 20}, {"arts_level_table_id_": 4, "arts_level_": 5, "power_": 465, "critical_": 300, "cost_": 19}]}, {"character_arts_level_table_id_": 4001, "table_": [{"arts_level_table_id_": 0, "arts_level_": 1, "power_": 875, "critical_": 300, "cost_": 20}, {"arts_level_table_id_": 1, "arts_level_": 2, "power_": 900, "critical_": 300, "cost_": 20}, {"arts_level_table_id_": 2, "arts_level_": 3, "power_": 905, "critical_": 300, "cost_": 20}, {"arts_level_table_id_": 3, "arts_level_": 4, "power_": 910, "critical_": 300, "cost_": 20}, {"arts_level_table_id_": 4, "arts_level_": 5, "power_": 915, "critical_": 300, "cost_": 19}]}, {"character_arts_level_table_id_": 4002, "table_": [{"arts_level_table_id_": 0, "arts_level_": 1, "power_": 975, "critical_": 300, "cost_": 20}, {"arts_level_table_id_": 1, "arts_level_": 2, "power_": 1000, "critical_": 300, "cost_": 20}, {"arts_level_table_id_": 2, "arts_level_": 3, "power_": 1005, "critical_": 300, "cost_": 20}, {"arts_level_table_id_": 3, "arts_level_": 4, "power_": 1010, "critical_": 300, "cost_": 20}, {"arts_level_table_id_": 4, "arts_level_": 5, "power_": 1015, "critical_": 300, "cost_": 19}]}, {"character_arts_level_table_id_": 5000, "table_": [{"arts_level_table_id_": 0, "arts_level_": 1, "power_": 275, "critical_": 300, "cost_": 20}, {"arts_level_table_id_": 1, "arts_level_": 2, "power_": 300, "critical_": 300, "cost_": 20}, {"arts_level_table_id_": 2, "arts_level_": 3, "power_": 305, "critical_": 300, "cost_": 20}, {"arts_level_table_id_": 3, "arts_level_": 4, "power_": 310, "critical_": 300, "cost_": 20}, {"arts_level_table_id_": 4, "arts_level_": 5, "power_": 315, "critical_": 300, "cost_": 19}]}, {"character_arts_level_table_id_": 5100, "table_": [{"arts_level_table_id_": 0, "arts_level_": 1, "power_": 230, "critical_": 300, "cost_": 20}, {"arts_level_table_id_": 1, "arts_level_": 2, "power_": 255, "critical_": 300, "cost_": 20}, {"arts_level_table_id_": 2, "arts_level_": 3, "power_": 260, "critical_": 300, "cost_": 20}, {"arts_level_table_id_": 3, "arts_level_": 4, "power_": 265, "critical_": 300, "cost_": 20}, {"arts_level_table_id_": 4, "arts_level_": 5, "power_": 270, "critical_": 300, "cost_": 19}]}, {"character_arts_level_table_id_": 5101, "table_": [{"arts_level_table_id_": 0, "arts_level_": 1, "power_": 255, "critical_": 300, "cost_": 20}, {"arts_level_table_id_": 1, "arts_level_": 2, "power_": 280, "critical_": 300, "cost_": 20}, {"arts_level_table_id_": 2, "arts_level_": 3, "power_": 285, "critical_": 300, "cost_": 20}, {"arts_level_table_id_": 3, "arts_level_": 4, "power_": 290, "critical_": 300, "cost_": 20}, {"arts_level_table_id_": 4, "arts_level_": 5, "power_": 295, "critical_": 300, "cost_": 19}]}, {"character_arts_level_table_id_": 5102, "table_": [{"arts_level_table_id_": 0, "arts_level_": 1, "power_": 355, "critical_": 300, "cost_": 20}, {"arts_level_table_id_": 1, "arts_level_": 2, "power_": 380, "critical_": 300, "cost_": 20}, {"arts_level_table_id_": 2, "arts_level_": 3, "power_": 385, "critical_": 300, "cost_": 20}, {"arts_level_table_id_": 3, "arts_level_": 4, "power_": 390, "critical_": 300, "cost_": 20}, {"arts_level_table_id_": 4, "arts_level_": 5, "power_": 395, "critical_": 300, "cost_": 19}]}, {"character_arts_level_table_id_": 5200, "table_": [{"arts_level_table_id_": 0, "arts_level_": 1, "power_": 395, "critical_": 300, "cost_": 20}, {"arts_level_table_id_": 1, "arts_level_": 2, "power_": 420, "critical_": 300, "cost_": 20}, {"arts_level_table_id_": 2, "arts_level_": 3, "power_": 425, "critical_": 300, "cost_": 20}, {"arts_level_table_id_": 3, "arts_level_": 4, "power_": 430, "critical_": 300, "cost_": 20}, {"arts_level_table_id_": 4, "arts_level_": 5, "power_": 435, "critical_": 300, "cost_": 19}]}]