[{"tribe_id_": 0, "tribe_name_id_": 0}, {"tribe_id_": 1, "tribe_name_id_": 1}, {"tribe_id_": 3, "tribe_name_id_": 3}, {"tribe_id_": 4, "tribe_name_id_": 4}, {"tribe_id_": 5, "tribe_name_id_": 5}, {"tribe_id_": 6, "tribe_name_id_": 6}, {"tribe_id_": 7, "tribe_name_id_": 7}, {"tribe_id_": 9, "tribe_name_id_": 9}, {"tribe_id_": 10, "tribe_name_id_": 10}, {"tribe_id_": 11, "tribe_name_id_": 11}, {"tribe_id_": 12, "tribe_name_id_": 12}, {"tribe_id_": 13, "tribe_name_id_": 13}, {"tribe_id_": 14, "tribe_name_id_": 14}, {"tribe_id_": 15, "tribe_name_id_": 15}, {"tribe_id_": 16, "tribe_name_id_": 16}, {"tribe_id_": 17, "tribe_name_id_": 17}, {"tribe_id_": 18, "tribe_name_id_": 18}, {"tribe_id_": 19, "tribe_name_id_": 19}, {"tribe_id_": 20, "tribe_name_id_": 20}, {"tribe_id_": 21, "tribe_name_id_": 21}]