[{"character_id_": 4, "form_id_": 0, "form_state_id_": 4, "form_name_id_": 4, "health_": 10020, "strike_atk_": 12500, "shot_atk_": 12800, "strike_def_": 10020, "shot_def_": 10020, "luck_": 10500, "energy_gauge_recovery_": 10500, "vanish_gauge_recovery_": 10000, "change_cool_time_": 10, "strike_arts_spec_id_": -1, "shot_arts_spec_id_": -1, "special_arts_spec_id_": 20004000, "extra_arts_spec_id_": 20004100, "ultimate_arts_spec_id_": -1, "ultimate_artscard_id_": -1, "main_ability_id_": 20004300, "main_ability_btn_type_": 150, "slash_resist_": 10000, "stab_resist_": 10000, "shock_resist_": 10000, "explosion_resist_": 10000, "asset_name_": "0004_Piccolo_01", "inherit_arts_id_": 20004, "release_flag_": 1}, {"character_id_": 12, "form_id_": 0, "form_state_id_": 12, "form_name_id_": 12, "health_": 12000, "strike_atk_": 12000, "shot_atk_": 13500, "strike_def_": 13500, "shot_def_": 13500, "luck_": 14000, "energy_gauge_recovery_": 12500, "vanish_gauge_recovery_": 10000, "change_cool_time_": 10, "strike_arts_spec_id_": -1, "shot_arts_spec_id_": -1, "special_arts_spec_id_": 20012000, "extra_arts_spec_id_": 20012100, "ultimate_arts_spec_id_": -1, "ultimate_artscard_id_": -1, "main_ability_id_": 20012300, "main_ability_btn_type_": 150, "slash_resist_": 10000, "stab_resist_": 10000, "shock_resist_": 10000, "explosion_resist_": 10000, "asset_name_": "0012_Nappa_01", "inherit_arts_id_": 20012, "release_flag_": 1}, {"character_id_": 14, "form_id_": 0, "form_state_id_": 14, "form_name_id_": 14, "health_": 11000, "strike_atk_": 10500, "shot_atk_": 11000, "strike_def_": 10500, "shot_def_": 10500, "luck_": 10500, "energy_gauge_recovery_": 10500, "vanish_gauge_recovery_": 10000, "change_cool_time_": 10, "strike_arts_spec_id_": -1, "shot_arts_spec_id_": -1, "special_arts_spec_id_": 20014000, "extra_arts_spec_id_": -1, "ultimate_arts_spec_id_": -1, "ultimate_artscard_id_": -1, "main_ability_id_": 20014300, "main_ability_btn_type_": 150, "slash_resist_": 10000, "stab_resist_": 10000, "shock_resist_": 10000, "explosion_resist_": 10000, "asset_name_": "0014_Vegeta_01", "inherit_arts_id_": 20014, "release_flag_": 1}, {"character_id_": 15, "form_id_": 0, "form_state_id_": 15, "form_name_id_": 15, "health_": 12500, "strike_atk_": 12500, "shot_atk_": 13500, "strike_def_": 12000, "shot_def_": 11500, "luck_": 12500, "energy_gauge_recovery_": 12500, "vanish_gauge_recovery_": 10000, "change_cool_time_": 10, "strike_arts_spec_id_": -1, "shot_arts_spec_id_": -1, "special_arts_spec_id_": 20015000, "extra_arts_spec_id_": 20015100, "ultimate_arts_spec_id_": -1, "ultimate_artscard_id_": -1, "main_ability_id_": 20015300, "main_ability_btn_type_": 150, "slash_resist_": 10000, "stab_resist_": 10000, "shock_resist_": 10000, "explosion_resist_": 10000, "asset_name_": "0015_Goku_03", "inherit_arts_id_": -1, "release_flag_": 1}, {"character_id_": 16, "form_id_": 0, "form_state_id_": 16, "form_name_id_": 16, "health_": 12000, "strike_atk_": 12000, "shot_atk_": 12000, "strike_def_": 12500, "shot_def_": 12500, "luck_": 12500, "energy_gauge_recovery_": 12500, "vanish_gauge_recovery_": 10000, "change_cool_time_": 10, "strike_arts_spec_id_": -1, "shot_arts_spec_id_": -1, "special_arts_spec_id_": 20016000, "extra_arts_spec_id_": 20016100, "ultimate_arts_spec_id_": 20016200, "ultimate_artscard_id_": 5000, "main_ability_id_": 20016300, "main_ability_btn_type_": 250, "slash_resist_": 10000, "stab_resist_": 10000, "shock_resist_": 10000, "explosion_resist_": 10000, "asset_name_": "0016_GokuSS1_01", "inherit_arts_id_": 20016, "release_flag_": 1}, {"character_id_": 28, "form_id_": 0, "form_state_id_": 28, "form_name_id_": 28, "health_": 10300, "strike_atk_": 10400, "shot_atk_": 10400, "strike_def_": 10300, "shot_def_": 10300, "luck_": 10300, "energy_gauge_recovery_": 10300, "vanish_gauge_recovery_": 10000, "change_cool_time_": 10, "strike_arts_spec_id_": -1, "shot_arts_spec_id_": -1, "special_arts_spec_id_": 20028000, "extra_arts_spec_id_": 20028100, "ultimate_arts_spec_id_": -1, "ultimate_artscard_id_": -1, "main_ability_id_": 20028300, "main_ability_btn_type_": 100, "slash_resist_": 10000, "stab_resist_": 10000, "shock_resist_": 10000, "explosion_resist_": 10000, "asset_name_": "028_Frieza1st_01", "inherit_arts_id_": 20028, "release_flag_": 1}, {"character_id_": 32, "form_id_": 0, "form_state_id_": 32, "form_name_id_": 32, "health_": 11000, "strike_atk_": 11000, "shot_atk_": 11400, "strike_def_": 10500, "shot_def_": 10500, "luck_": 10500, "energy_gauge_recovery_": 10500, "vanish_gauge_recovery_": 10000, "change_cool_time_": 10, "strike_arts_spec_id_": -1, "shot_arts_spec_id_": -1, "special_arts_spec_id_": 20032000, "extra_arts_spec_id_": 20032100, "ultimate_arts_spec_id_": 20032200, "ultimate_artscard_id_": 5000, "main_ability_id_": 20032300, "main_ability_btn_type_": 250, "slash_resist_": 10000, "stab_resist_": 10000, "shock_resist_": 10000, "explosion_resist_": 10000, "asset_name_": "0032_Frieza4th_01", "inherit_arts_id_": 20032, "release_flag_": 1}, {"character_id_": 38, "form_id_": 0, "form_state_id_": 38, "form_name_id_": 38, "health_": 11300, "strike_atk_": 10500, "shot_atk_": 11000, "strike_def_": 10300, "shot_def_": 10300, "luck_": 10500, "energy_gauge_recovery_": 10500, "vanish_gauge_recovery_": 10000, "change_cool_time_": 10, "strike_arts_spec_id_": -1, "shot_arts_spec_id_": -1, "special_arts_spec_id_": 20038000, "extra_arts_spec_id_": 20038100, "ultimate_arts_spec_id_": -1, "ultimate_artscard_id_": -1, "main_ability_id_": 20038300, "main_ability_btn_type_": 100, "slash_resist_": 10000, "stab_resist_": 10000, "shock_resist_": 10000, "explosion_resist_": 10000, "asset_name_": "0038_Pan_01", "inherit_arts_id_": 20038, "release_flag_": 1}, {"character_id_": 47, "form_id_": 0, "form_state_id_": 47, "form_name_id_": 47, "health_": 12000, "strike_atk_": 12400, "shot_atk_": 12400, "strike_def_": 12500, "shot_def_": 12500, "luck_": 12500, "energy_gauge_recovery_": 12500, "vanish_gauge_recovery_": 10000, "change_cool_time_": 10, "strike_arts_spec_id_": 20047210, "shot_arts_spec_id_": -1, "special_arts_spec_id_": 20047000, "extra_arts_spec_id_": 20047100, "ultimate_arts_spec_id_": 20047200, "ultimate_artscard_id_": 5000, "main_ability_id_": 20047300, "main_ability_btn_type_": 250, "slash_resist_": 10000, "stab_resist_": 10000, "shock_resist_": 10000, "explosion_resist_": 10000, "asset_name_": "0047_TrunksSS1_01", "inherit_arts_id_": 20047, "release_flag_": 1}, {"character_id_": 50, "form_id_": 0, "form_state_id_": 50, "form_name_id_": 50, "health_": 10500, "strike_atk_": 10500, "shot_atk_": 10500, "strike_def_": 10800, "shot_def_": 10800, "luck_": 10010, "energy_gauge_recovery_": 10010, "vanish_gauge_recovery_": 10000, "change_cool_time_": 10, "strike_arts_spec_id_": -1, "shot_arts_spec_id_": -1, "special_arts_spec_id_": 20050000, "extra_arts_spec_id_": 20050100, "ultimate_arts_spec_id_": -1, "ultimate_artscard_id_": -1, "main_ability_id_": 20050300, "main_ability_btn_type_": 50, "slash_resist_": 10000, "stab_resist_": 10000, "shock_resist_": 10000, "explosion_resist_": 10000, "asset_name_": "0050_Turles_01", "inherit_arts_id_": 20050, "release_flag_": 1}, {"character_id_": 62, "form_id_": 0, "form_state_id_": 62, "form_name_id_": 62, "health_": 10800, "strike_atk_": 11200, "shot_atk_": 10500, "strike_def_": 10500, "shot_def_": 10500, "luck_": 10500, "energy_gauge_recovery_": 10500, "vanish_gauge_recovery_": 10000, "change_cool_time_": 10, "strike_arts_spec_id_": -1, "shot_arts_spec_id_": -1, "special_arts_spec_id_": 20062000, "extra_arts_spec_id_": 20062100, "ultimate_arts_spec_id_": -1, "ultimate_artscard_id_": -1, "main_ability_id_": 20062300, "main_ability_btn_type_": 150, "slash_resist_": 10000, "stab_resist_": 10000, "shock_resist_": 10000, "explosion_resist_": 10000, "asset_name_": "0062_Android17_01", "inherit_arts_id_": 20062, "release_flag_": 1}, {"character_id_": 63, "form_id_": 0, "form_state_id_": 63, "form_name_id_": 63, "health_": 12000, "strike_atk_": 12000, "shot_atk_": 11800, "strike_def_": 11000, "shot_def_": 11000, "luck_": 10500, "energy_gauge_recovery_": 10500, "vanish_gauge_recovery_": 10000, "change_cool_time_": 10, "strike_arts_spec_id_": -1, "shot_arts_spec_id_": -1, "special_arts_spec_id_": 20063000, "extra_arts_spec_id_": 20063100, "ultimate_arts_spec_id_": 20063200, "ultimate_artscard_id_": 5000, "main_ability_id_": 20063300, "main_ability_btn_type_": 250, "slash_resist_": 10000, "stab_resist_": 10000, "shock_resist_": 10000, "explosion_resist_": 10000, "asset_name_": "0063_Android18_01", "inherit_arts_id_": 20063, "release_flag_": 1}, {"character_id_": 64, "form_id_": 0, "form_state_id_": 64, "form_name_id_": 64, "health_": 12000, "strike_atk_": 13800, "shot_atk_": 14000, "strike_def_": 13000, "shot_def_": 14000, "luck_": 10500, "energy_gauge_recovery_": 10500, "vanish_gauge_recovery_": 10000, "change_cool_time_": 10, "strike_arts_spec_id_": -1, "shot_arts_spec_id_": -1, "special_arts_spec_id_": 20064000, "extra_arts_spec_id_": 20064100, "ultimate_arts_spec_id_": -1, "ultimate_artscard_id_": -1, "main_ability_id_": 20064300, "main_ability_btn_type_": 50, "slash_resist_": 10000, "stab_resist_": 10000, "shock_resist_": 10000, "explosion_resist_": 10000, "asset_name_": "0064_Cell1st_01", "inherit_arts_id_": -1, "release_flag_": 1}, {"character_id_": 66, "form_id_": 0, "form_state_id_": 66, "form_name_id_": 66, "health_": 10300, "strike_atk_": 11000, "shot_atk_": 11000, "strike_def_": 10400, "shot_def_": 10400, "luck_": 11000, "energy_gauge_recovery_": 11000, "vanish_gauge_recovery_": 10000, "change_cool_time_": 10, "strike_arts_spec_id_": -1, "shot_arts_spec_id_": -1, "special_arts_spec_id_": 20066000, "extra_arts_spec_id_": -1, "ultimate_arts_spec_id_": -1, "ultimate_artscard_id_": -1, "main_ability_id_": 20066300, "main_ability_btn_type_": 150, "slash_resist_": 10000, "stab_resist_": 10000, "shock_resist_": 10000, "explosion_resist_": 10000, "asset_name_": "0066_CabbeSS1_01", "inherit_arts_id_": -1, "release_flag_": 1}, {"character_id_": 68, "form_id_": 0, "form_state_id_": 68, "form_name_id_": 68, "health_": 11600, "strike_atk_": 14000, "shot_atk_": 14000, "strike_def_": 13500, "shot_def_": 10010, "luck_": 15000, "energy_gauge_recovery_": 15000, "vanish_gauge_recovery_": 10000, "change_cool_time_": 10, "strike_arts_spec_id_": -1, "shot_arts_spec_id_": -1, "special_arts_spec_id_": 20068000, "extra_arts_spec_id_": 20068100, "ultimate_arts_spec_id_": -1, "ultimate_artscard_id_": -1, "main_ability_id_": 20068300, "main_ability_btn_type_": 100, "slash_resist_": 10000, "stab_resist_": 10000, "shock_resist_": 10000, "explosion_resist_": 10000, "asset_name_": "0068_Android18_02", "inherit_arts_id_": -1, "release_flag_": 1}, {"character_id_": 71, "form_id_": 0, "form_state_id_": 71, "form_name_id_": 71, "health_": 12000, "strike_atk_": 13300, "shot_atk_": 13400, "strike_def_": 13400, "shot_def_": 13400, "luck_": 12300, "energy_gauge_recovery_": 12300, "vanish_gauge_recovery_": 10000, "change_cool_time_": 10, "strike_arts_spec_id_": -1, "shot_arts_spec_id_": -1, "special_arts_spec_id_": 20071000, "extra_arts_spec_id_": 20071100, "ultimate_arts_spec_id_": -1, "ultimate_artscard_id_": -1, "main_ability_id_": 20071300, "main_ability_btn_type_": 150, "slash_resist_": 10000, "stab_resist_": 10000, "shock_resist_": 10000, "explosion_resist_": 10000, "asset_name_": "0071_Android17_02", "inherit_arts_id_": 20071, "release_flag_": 1}, {"character_id_": 75, "form_id_": 0, "form_state_id_": 75, "form_name_id_": 75, "health_": 11000, "strike_atk_": 11500, "shot_atk_": 13000, "strike_def_": 10500, "shot_def_": 10500, "luck_": 12500, "energy_gauge_recovery_": 12500, "vanish_gauge_recovery_": 10000, "change_cool_time_": 10, "strike_arts_spec_id_": -1, "shot_arts_spec_id_": -1, "special_arts_spec_id_": 20075000, "extra_arts_spec_id_": 20075100, "ultimate_arts_spec_id_": -1, "ultimate_artscard_id_": -1, "main_ability_id_": 20075300, "main_ability_btn_type_": 200, "slash_resist_": 10000, "stab_resist_": 10000, "shock_resist_": 10000, "explosion_resist_": 10000, "asset_name_": "0075_GokuSS1_04", "inherit_arts_id_": -1, "release_flag_": 1}, {"character_id_": 76, "form_id_": 0, "form_state_id_": 76, "form_name_id_": 76, "health_": 10500, "strike_atk_": 11000, "shot_atk_": 11000, "strike_def_": 10500, "shot_def_": 10500, "luck_": 10500, "energy_gauge_recovery_": 10500, "vanish_gauge_recovery_": 10000, "change_cool_time_": 10, "strike_arts_spec_id_": -1, "shot_arts_spec_id_": -1, "special_arts_spec_id_": 20076000, "extra_arts_spec_id_": 20076100, "ultimate_arts_spec_id_": 20076200, "ultimate_artscard_id_": 5000, "main_ability_id_": 20076300, "main_ability_btn_type_": 250, "slash_resist_": 10000, "stab_resist_": 10000, "shock_resist_": 10000, "explosion_resist_": 10000, "asset_name_": "0076_GokuTeen_01", "inherit_arts_id_": -1, "release_flag_": 1}, {"character_id_": 77, "form_id_": 0, "form_state_id_": 77, "form_name_id_": 77, "health_": 10200, "strike_atk_": 10600, "shot_atk_": 10800, "strike_def_": 10200, "shot_def_": 10200, "luck_": 10500, "energy_gauge_recovery_": 10500, "vanish_gauge_recovery_": 10000, "change_cool_time_": 10, "strike_arts_spec_id_": -1, "shot_arts_spec_id_": -1, "special_arts_spec_id_": 20077000, "extra_arts_spec_id_": 20077100, "ultimate_arts_spec_id_": -1, "ultimate_artscard_id_": -1, "main_ability_id_": -1, "main_ability_btn_type_": 100, "slash_resist_": 10000, "stab_resist_": 10000, "shock_resist_": 10000, "explosion_resist_": 10000, "asset_name_": "0077_VegetaGTSS1_01", "inherit_arts_id_": -1, "release_flag_": 1}, {"character_id_": 79, "form_id_": 0, "form_state_id_": 79, "form_name_id_": 79, "health_": 11000, "strike_atk_": 11000, "shot_atk_": 10500, "strike_def_": 11500, "shot_def_": 11500, "luck_": 10500, "energy_gauge_recovery_": 10500, "vanish_gauge_recovery_": 10000, "change_cool_time_": 10, "strike_arts_spec_id_": -1, "shot_arts_spec_id_": -1, "special_arts_spec_id_": 20079000, "extra_arts_spec_id_": 20079100, "ultimate_arts_spec_id_": -1, "ultimate_artscard_id_": -1, "main_ability_id_": 20079300, "main_ability_btn_type_": 150, "slash_resist_": 10000, "stab_resist_": 10000, "shock_resist_": 10000, "explosion_resist_": 10000, "asset_name_": "0079_PiccoloKing_01", "inherit_arts_id_": 20079, "release_flag_": 1}, {"character_id_": 80, "form_id_": 0, "form_state_id_": 80, "form_name_id_": 80, "health_": 11500, "strike_atk_": 11000, "shot_atk_": 11000, "strike_def_": 12000, "shot_def_": 12000, "luck_": 12000, "energy_gauge_recovery_": 12000, "vanish_gauge_recovery_": 10000, "change_cool_time_": 10, "strike_arts_spec_id_": -1, "shot_arts_spec_id_": -1, "special_arts_spec_id_": 20080000, "extra_arts_spec_id_": 20080100, "ultimate_arts_spec_id_": 20080200, "ultimate_artscard_id_": 5000, "main_ability_id_": 20080300, "main_ability_btn_type_": 250, "slash_resist_": 10000, "stab_resist_": 10000, "shock_resist_": 10000, "explosion_resist_": 10000, "asset_name_": "0080_BrolySS1_01", "inherit_arts_id_": 20080, "release_flag_": 1}, {"character_id_": 90, "form_id_": 0, "form_state_id_": 90, "form_name_id_": 90, "health_": 12000, "strike_atk_": 12000, "shot_atk_": 12500, "strike_def_": 13000, "shot_def_": 13000, "luck_": 11500, "energy_gauge_recovery_": 15000, "vanish_gauge_recovery_": 10000, "change_cool_time_": 10, "strike_arts_spec_id_": -1, "shot_arts_spec_id_": -1, "special_arts_spec_id_": 20090000, "extra_arts_spec_id_": 20090100, "ultimate_arts_spec_id_": -1, "ultimate_artscard_id_": -1, "main_ability_id_": 20090300, "main_ability_btn_type_": 100, "slash_resist_": 10000, "stab_resist_": 10000, "shock_resist_": 10000, "explosion_resist_": 10000, "asset_name_": "0090_Raditz_02", "inherit_arts_id_": 20090, "release_flag_": 1}, {"character_id_": 93, "form_id_": 0, "form_state_id_": 93, "form_name_id_": 93, "health_": 11000, "strike_atk_": 12000, "shot_atk_": 11200, "strike_def_": 11700, "shot_def_": 11700, "luck_": 12400, "energy_gauge_recovery_": 12400, "vanish_gauge_recovery_": 10000, "change_cool_time_": 10, "strike_arts_spec_id_": -1, "shot_arts_spec_id_": -1, "special_arts_spec_id_": 20093000, "extra_arts_spec_id_": 20093100, "ultimate_arts_spec_id_": 20093200, "ultimate_artscard_id_": 5000, "main_ability_id_": 20093300, "main_ability_btn_type_": 250, "slash_resist_": 10000, "stab_resist_": 10000, "shock_resist_": 10000, "explosion_resist_": 10000, "asset_name_": "0093_VegetaSV_01", "inherit_arts_id_": 20093, "release_flag_": 1}, {"character_id_": 94, "form_id_": 0, "form_state_id_": 94, "form_name_id_": 94, "health_": 11300, "strike_atk_": 12500, "shot_atk_": 11300, "strike_def_": 12000, "shot_def_": 12000, "luck_": 11000, "energy_gauge_recovery_": 11000, "vanish_gauge_recovery_": 10000, "change_cool_time_": 10, "strike_arts_spec_id_": -1, "shot_arts_spec_id_": -1, "special_arts_spec_id_": 20094000, "extra_arts_spec_id_": 20094100, "ultimate_arts_spec_id_": -1, "ultimate_artscard_id_": -1, "main_ability_id_": 20094300, "main_ability_btn_type_": 100, "slash_resist_": 10000, "stab_resist_": 10000, "shock_resist_": 10000, "explosion_resist_": 10000, "asset_name_": "0094_Piccolo_94", "inherit_arts_id_": 20094, "release_flag_": 1}, {"character_id_": 95, "form_id_": 0, "form_state_id_": 95, "form_name_id_": 95, "health_": 10100, "strike_atk_": 11800, "shot_atk_": 12500, "strike_def_": 10500, "shot_def_": 10500, "luck_": 12500, "energy_gauge_recovery_": 12500, "vanish_gauge_recovery_": 10000, "change_cool_time_": 10, "strike_arts_spec_id_": -1, "shot_arts_spec_id_": -1, "special_arts_spec_id_": 20095000, "extra_arts_spec_id_": 20095100, "ultimate_arts_spec_id_": 20095200, "ultimate_artscard_id_": 4000, "main_ability_id_": 20095300, "main_ability_btn_type_": 250, "slash_resist_": 10000, "stab_resist_": 10000, "shock_resist_": 10000, "explosion_resist_": 10000, "asset_name_": "0095_Android16_95", "inherit_arts_id_": -1, "release_flag_": 1}, {"character_id_": 96, "form_id_": 0, "form_state_id_": 96, "form_name_id_": 96, "health_": 10500, "strike_atk_": 10500, "shot_atk_": 10500, "strike_def_": 10500, "shot_def_": 10500, "luck_": 10300, "energy_gauge_recovery_": 10300, "vanish_gauge_recovery_": 10000, "change_cool_time_": 10, "strike_arts_spec_id_": -1, "shot_arts_spec_id_": -1, "special_arts_spec_id_": 20096000, "extra_arts_spec_id_": 20096100, "ultimate_arts_spec_id_": -1, "ultimate_artscard_id_": -1, "main_ability_id_": 20096300, "main_ability_btn_type_": 50, "slash_resist_": 10000, "stab_resist_": 10000, "shock_resist_": 10000, "explosion_resist_": 10000, "asset_name_": "0096_Cell2nd_01", "inherit_arts_id_": 20096, "release_flag_": 1}, {"character_id_": 108, "form_id_": 0, "form_state_id_": 108, "form_name_id_": 108, "health_": 11500, "strike_atk_": 11000, "shot_atk_": 12000, "strike_def_": 11500, "shot_def_": 11500, "luck_": 11000, "energy_gauge_recovery_": 11000, "vanish_gauge_recovery_": 10000, "change_cool_time_": 10, "strike_arts_spec_id_": -1, "shot_arts_spec_id_": -1, "special_arts_spec_id_": 20108000, "extra_arts_spec_id_": 20108100, "ultimate_arts_spec_id_": 20108200, "ultimate_artscard_id_": 5000, "main_ability_id_": 20108300, "main_ability_btn_type_": 250, "slash_resist_": 10000, "stab_resist_": 10000, "shock_resist_": 10000, "explosion_resist_": 10000, "asset_name_": "0108_Cell3rd_01", "inherit_arts_id_": -1, "release_flag_": 1}, {"character_id_": 109, "form_id_": 0, "form_state_id_": 109, "form_name_id_": 109, "health_": 13000, "strike_atk_": 11100, "shot_atk_": 12500, "strike_def_": 11500, "shot_def_": 11500, "luck_": 11000, "energy_gauge_recovery_": 15000, "vanish_gauge_recovery_": 10000, "change_cool_time_": 10, "strike_arts_spec_id_": -1, "shot_arts_spec_id_": -1, "special_arts_spec_id_": 20109000, "extra_arts_spec_id_": 20109100, "ultimate_arts_spec_id_": -1, "ultimate_artscard_id_": -1, "main_ability_id_": 20109300, "main_ability_btn_type_": 150, "slash_resist_": 10000, "stab_resist_": 10000, "shock_resist_": 10000, "explosion_resist_": 10000, "asset_name_": "0109_TrunksST_01", "inherit_arts_id_": 20109, "release_flag_": 1}, {"character_id_": 111, "form_id_": 0, "form_state_id_": 111, "form_name_id_": 111, "health_": 10500, "strike_atk_": 11500, "shot_atk_": 11000, "strike_def_": 11000, "shot_def_": 11000, "luck_": 12000, "energy_gauge_recovery_": 12000, "vanish_gauge_recovery_": 10000, "change_cool_time_": 10, "strike_arts_spec_id_": -1, "shot_arts_spec_id_": -1, "special_arts_spec_id_": 20111000, "extra_arts_spec_id_": 20111100, "ultimate_arts_spec_id_": 20111200, "ultimate_artscard_id_": 5000, "main_ability_id_": 20111300, "main_ability_btn_type_": 250, "slash_resist_": 10000, "stab_resist_": 10000, "shock_resist_": 10000, "explosion_resist_": 10000, "asset_name_": "0111_GohanTeenSS2_01", "inherit_arts_id_": -1, "release_flag_": 1}, {"character_id_": 112, "form_id_": 0, "form_state_id_": 112, "form_name_id_": 112, "health_": 11000, "strike_atk_": 10800, "shot_atk_": 10500, "strike_def_": 11200, "shot_def_": 11200, "luck_": 10500, "energy_gauge_recovery_": 10500, "vanish_gauge_recovery_": 10000, "change_cool_time_": 10, "strike_arts_spec_id_": -1, "shot_arts_spec_id_": -1, "special_arts_spec_id_": 20112000, "extra_arts_spec_id_": 20112100, "ultimate_arts_spec_id_": 20112200, "ultimate_artscard_id_": 5000, "main_ability_id_": 20112300, "main_ability_btn_type_": 250, "slash_resist_": 10000, "stab_resist_": 10000, "shock_resist_": 10000, "explosion_resist_": 10000, "asset_name_": "0112_GokuSS3_112", "inherit_arts_id_": -1, "release_flag_": 1}, {"character_id_": 113, "form_id_": 0, "form_state_id_": 113, "form_name_id_": 113, "health_": 10500, "strike_atk_": 10500, "shot_atk_": 10500, "strike_def_": 10500, "shot_def_": 10500, "luck_": 10500, "energy_gauge_recovery_": 10500, "vanish_gauge_recovery_": 10000, "change_cool_time_": 10, "strike_arts_spec_id_": -1, "shot_arts_spec_id_": -1, "special_arts_spec_id_": 20113000, "extra_arts_spec_id_": 20113100, "ultimate_arts_spec_id_": -1, "ultimate_artscard_id_": -1, "main_ability_id_": 20113300, "main_ability_btn_type_": 150, "slash_resist_": 10000, "stab_resist_": 10000, "shock_resist_": 10000, "explosion_resist_": 10000, "asset_name_": "0113_Buu1st_113", "inherit_arts_id_": 20113, "release_flag_": 1}, {"character_id_": 124, "form_id_": 0, "form_state_id_": 124, "form_name_id_": 124, "health_": 10500, "strike_atk_": 11000, "shot_atk_": 11000, "strike_def_": 10500, "shot_def_": 10500, "luck_": 10500, "energy_gauge_recovery_": 10500, "vanish_gauge_recovery_": 10000, "change_cool_time_": 10, "strike_arts_spec_id_": -1, "shot_arts_spec_id_": -1, "special_arts_spec_id_": 20124000, "extra_arts_spec_id_": 20124100, "ultimate_arts_spec_id_": -1, "ultimate_artscard_id_": -1, "main_ability_id_": 20124300, "main_ability_btn_type_": 250, "slash_resist_": 10000, "stab_resist_": 10000, "shock_resist_": 10000, "explosion_resist_": 10000, "asset_name_": "0124_TrunksFutureSS2_124", "inherit_arts_id_": -1, "release_flag_": 1}, {"character_id_": 125, "form_id_": 0, "form_state_id_": 125, "form_name_id_": 125, "health_": 10300, "strike_atk_": 10300, "shot_atk_": 10700, "strike_def_": 10010, "shot_def_": 10010, "luck_": 10300, "energy_gauge_recovery_": 10300, "vanish_gauge_recovery_": 10000, "change_cool_time_": 10, "strike_arts_spec_id_": -1, "shot_arts_spec_id_": -1, "special_arts_spec_id_": 20125000, "extra_arts_spec_id_": 20125100, "ultimate_arts_spec_id_": -1, "ultimate_artscard_id_": -1, "main_ability_id_": 20125300, "main_ability_btn_type_": 100, "slash_resist_": 10000, "stab_resist_": 10000, "shock_resist_": 10000, "explosion_resist_": 10000, "asset_name_": "0125_GokuK_125", "inherit_arts_id_": -1, "release_flag_": 1}, {"character_id_": 125, "form_id_": 1, "form_state_id_": 100125, "form_name_id_": 125, "health_": 10300, "strike_atk_": 10300, "shot_atk_": 10700, "strike_def_": 10010, "shot_def_": 10010, "luck_": 10300, "energy_gauge_recovery_": 10300, "vanish_gauge_recovery_": 10000, "change_cool_time_": 10, "strike_arts_spec_id_": -1, "shot_arts_spec_id_": -1, "special_arts_spec_id_": 30125000, "extra_arts_spec_id_": 30125100, "ultimate_arts_spec_id_": -1, "ultimate_artscard_id_": -1, "main_ability_id_": 30125300, "main_ability_btn_type_": 100, "slash_resist_": 10000, "stab_resist_": 10000, "shock_resist_": 10000, "explosion_resist_": 10000, "asset_name_": "0125_GokuKAIOU_125", "inherit_arts_id_": -1, "release_flag_": 1}, {"character_id_": 126, "form_id_": 0, "form_state_id_": 126, "form_name_id_": 126, "health_": 10500, "strike_atk_": 10500, "shot_atk_": 10500, "strike_def_": 10500, "shot_def_": 10500, "luck_": 10500, "energy_gauge_recovery_": 10500, "vanish_gauge_recovery_": 10000, "change_cool_time_": 10, "strike_arts_spec_id_": -1, "shot_arts_spec_id_": -1, "special_arts_spec_id_": 20126000, "extra_arts_spec_id_": 20126100, "ultimate_arts_spec_id_": -1, "ultimate_artscard_id_": -1, "main_ability_id_": 20126300, "main_ability_btn_type_": 150, "slash_resist_": 10000, "stab_resist_": 10000, "shock_resist_": 10000, "explosion_resist_": 10000, "asset_name_": "0126_GokuBlack_126", "inherit_arts_id_": 20126, "release_flag_": 1}, {"character_id_": 128, "form_id_": 0, "form_state_id_": 128, "form_name_id_": 128, "health_": 10700, "strike_atk_": 10850, "shot_atk_": 10500, "strike_def_": 10400, "shot_def_": 10400, "luck_": 10400, "energy_gauge_recovery_": 10400, "vanish_gauge_recovery_": 10000, "change_cool_time_": 10, "strike_arts_spec_id_": -1, "shot_arts_spec_id_": -1, "special_arts_spec_id_": 20128000, "extra_arts_spec_id_": 20128100, "ultimate_arts_spec_id_": -1, "ultimate_artscard_id_": -1, "main_ability_id_": 20128300, "main_ability_btn_type_": 150, "slash_resist_": 10000, "stab_resist_": 10000, "shock_resist_": 10000, "explosion_resist_": 10000, "asset_name_": "0128_KaleBSS1_128", "inherit_arts_id_": 20128, "release_flag_": 1}, {"character_id_": 138, "form_id_": 0, "form_state_id_": 138, "form_name_id_": 138, "health_": 10300, "strike_atk_": 10300, "shot_atk_": 10300, "strike_def_": 10300, "shot_def_": 10300, "luck_": 10300, "energy_gauge_recovery_": 10300, "vanish_gauge_recovery_": 10000, "change_cool_time_": 10, "strike_arts_spec_id_": -1, "shot_arts_spec_id_": -1, "special_arts_spec_id_": 20138000, "extra_arts_spec_id_": 20138100, "ultimate_arts_spec_id_": -1, "ultimate_artscard_id_": -1, "main_ability_id_": 20138300, "main_ability_btn_type_": 200, "slash_resist_": 10000, "stab_resist_": 10000, "shock_resist_": 10000, "explosion_resist_": 10000, "asset_name_": "0138_Vegeta_138", "inherit_arts_id_": -1, "release_flag_": 1}, {"character_id_": 140, "form_id_": 0, "form_state_id_": 140, "form_name_id_": 140, "health_": 10100, "strike_atk_": 10200, "shot_atk_": 10050, "strike_def_": 10050, "shot_def_": 10050, "luck_": 10700, "energy_gauge_recovery_": 10700, "vanish_gauge_recovery_": 10000, "change_cool_time_": 10, "strike_arts_spec_id_": -1, "shot_arts_spec_id_": -1, "special_arts_spec_id_": 20140000, "extra_arts_spec_id_": 20140100, "ultimate_arts_spec_id_": -1, "ultimate_artscard_id_": -1, "main_ability_id_": 20140300, "main_ability_btn_type_": 200, "slash_resist_": 10000, "stab_resist_": 10000, "shock_resist_": 10000, "explosion_resist_": 10000, "asset_name_": "0140_Vegito_140", "inherit_arts_id_": -1, "release_flag_": 1}, {"character_id_": 143, "form_id_": 0, "form_state_id_": 143, "form_name_id_": 143, "health_": 10100, "strike_atk_": 11000, "shot_atk_": 11200, "strike_def_": 10500, "shot_def_": 10500, "luck_": 11500, "energy_gauge_recovery_": 11500, "vanish_gauge_recovery_": 10000, "change_cool_time_": 10, "strike_arts_spec_id_": -1, "shot_arts_spec_id_": -1, "special_arts_spec_id_": 20143000, "extra_arts_spec_id_": 20143100, "ultimate_arts_spec_id_": 20143200, "ultimate_artscard_id_": 5000, "main_ability_id_": 20143300, "main_ability_btn_type_": 300, "slash_resist_": 10000, "stab_resist_": 10000, "shock_resist_": 10000, "explosion_resist_": 10000, "asset_name_": "0143_VegetaM_143", "inherit_arts_id_": 20143, "release_flag_": 1}, {"character_id_": 147, "form_id_": 0, "form_state_id_": 147, "form_name_id_": 147, "health_": 10500, "strike_atk_": 10800, "shot_atk_": 10500, "strike_def_": 10500, "shot_def_": 10500, "luck_": 10800, "energy_gauge_recovery_": 10800, "vanish_gauge_recovery_": 10000, "change_cool_time_": 10, "strike_arts_spec_id_": -1, "shot_arts_spec_id_": -1, "special_arts_spec_id_": 20147000, "extra_arts_spec_id_": 20147100, "ultimate_arts_spec_id_": 20147200, "ultimate_artscard_id_": 5000, "main_ability_id_": 20147300, "main_ability_btn_type_": 250, "slash_resist_": 10000, "stab_resist_": 10000, "shock_resist_": 10000, "explosion_resist_": 10000, "asset_name_": "0147_BrolyB_147", "inherit_arts_id_": 20147, "release_flag_": 1}, {"character_id_": 148, "form_id_": 0, "form_state_id_": 148, "form_name_id_": 148, "health_": 10500, "strike_atk_": 11300, "shot_atk_": 11000, "strike_def_": 10800, "shot_def_": 10800, "luck_": 10500, "energy_gauge_recovery_": 10500, "vanish_gauge_recovery_": 10000, "change_cool_time_": 10, "strike_arts_spec_id_": -1, "shot_arts_spec_id_": -1, "special_arts_spec_id_": 20148000, "extra_arts_spec_id_": 20148100, "ultimate_arts_spec_id_": 20148200, "ultimate_artscard_id_": 5000, "main_ability_id_": 20148300, "main_ability_btn_type_": 250, "slash_resist_": 10000, "stab_resist_": 10000, "shock_resist_": 10000, "explosion_resist_": 10000, "asset_name_": "0148_GogetaSS1_148", "inherit_arts_id_": 20148, "release_flag_": 1}, {"character_id_": 149, "form_id_": 0, "form_state_id_": 149, "form_name_id_": 149, "health_": 10200, "strike_atk_": 11000, "shot_atk_": 11000, "strike_def_": 10100, "shot_def_": 10100, "luck_": 10200, "energy_gauge_recovery_": 10200, "vanish_gauge_recovery_": 10000, "change_cool_time_": 10, "strike_arts_spec_id_": -1, "shot_arts_spec_id_": -1, "special_arts_spec_id_": 20149000, "extra_arts_spec_id_": 20149100, "ultimate_arts_spec_id_": -1, "ultimate_artscard_id_": -1, "main_ability_id_": 20149300, "main_ability_btn_type_": 100, "slash_resist_": 10000, "stab_resist_": 10000, "shock_resist_": 10000, "explosion_resist_": 10000, "asset_name_": "0149_JanembaS_149", "inherit_arts_id_": 20149, "release_flag_": 1}, {"character_id_": 150, "form_id_": 0, "form_state_id_": 150, "form_name_id_": 150, "health_": 11000, "strike_atk_": 10500, "shot_atk_": 10500, "strike_def_": 11000, "shot_def_": 11000, "luck_": 11000, "energy_gauge_recovery_": 11500, "vanish_gauge_recovery_": 10000, "change_cool_time_": 8, "strike_arts_spec_id_": -1, "shot_arts_spec_id_": -1, "special_arts_spec_id_": 20150000, "extra_arts_spec_id_": 20150100, "ultimate_arts_spec_id_": -1, "ultimate_artscard_id_": -1, "main_ability_id_": 20150300, "main_ability_btn_type_": 250, "slash_resist_": 10000, "stab_resist_": 10000, "shock_resist_": 10000, "explosion_resist_": 10000, "asset_name_": "0150_GokuSS2_150", "inherit_arts_id_": -1, "release_flag_": 1}, {"character_id_": 151, "form_id_": 0, "form_state_id_": 151, "form_name_id_": 151, "health_": 11000, "strike_atk_": 10800, "shot_atk_": 10500, "strike_def_": 10800, "shot_def_": 10800, "luck_": 10500, "energy_gauge_recovery_": 11500, "vanish_gauge_recovery_": 10000, "change_cool_time_": 10, "strike_arts_spec_id_": -1, "shot_arts_spec_id_": -1, "special_arts_spec_id_": 20151000, "extra_arts_spec_id_": 20151100, "ultimate_arts_spec_id_": 20151200, "ultimate_artscard_id_": 5000, "main_ability_id_": 20151300, "main_ability_btn_type_": 250, "slash_resist_": 10000, "stab_resist_": 10000, "shock_resist_": 10000, "explosion_resist_": 10000, "asset_name_": "0151_BardockSS1_151", "inherit_arts_id_": -1, "release_flag_": 1}, {"character_id_": 152, "form_id_": 0, "form_state_id_": 152, "form_name_id_": 152, "health_": 10500, "strike_atk_": 11000, "shot_atk_": 11500, "strike_def_": 11000, "shot_def_": 11000, "luck_": 10500, "energy_gauge_recovery_": 10500, "vanish_gauge_recovery_": 10000, "change_cool_time_": 10, "strike_arts_spec_id_": -1, "shot_arts_spec_id_": -1, "special_arts_spec_id_": 20152000, "extra_arts_spec_id_": 20152100, "ultimate_arts_spec_id_": -1, "ultimate_artscard_id_": -1, "main_ability_id_": 20152300, "main_ability_btn_type_": 150, "slash_resist_": 10000, "stab_resist_": 10000, "shock_resist_": 10000, "explosion_resist_": 10000, "asset_name_": "0152_Chilled_152", "inherit_arts_id_": 20152, "release_flag_": 1}, {"character_id_": 164, "form_id_": 0, "form_state_id_": 164, "form_name_id_": 164, "health_": 10100, "strike_atk_": 10500, "shot_atk_": 10500, "strike_def_": 10200, "shot_def_": 10200, "luck_": 10100, "energy_gauge_recovery_": 10100, "vanish_gauge_recovery_": 10000, "change_cool_time_": 10, "strike_arts_spec_id_": -1, "shot_arts_spec_id_": -1, "special_arts_spec_id_": 20164000, "extra_arts_spec_id_": 20164100, "ultimate_arts_spec_id_": -1, "ultimate_artscard_id_": -1, "main_ability_id_": 20164300, "main_ability_btn_type_": 150, "slash_resist_": 10000, "stab_resist_": 10000, "shock_resist_": 10000, "explosion_resist_": 10000, "asset_name_": "0164_BrolyBSS1_164", "inherit_arts_id_": 20164, "release_flag_": 1}, {"character_id_": 164, "form_id_": 1, "form_state_id_": 900001, "form_name_id_": 100164, "health_": 10100, "strike_atk_": 10500, "shot_atk_": 10500, "strike_def_": 10200, "shot_def_": 10200, "luck_": 10100, "energy_gauge_recovery_": 10100, "vanish_gauge_recovery_": 10000, "change_cool_time_": 10, "strike_arts_spec_id_": -1, "shot_arts_spec_id_": -1, "special_arts_spec_id_": 30164000, "extra_arts_spec_id_": 30164100, "ultimate_arts_spec_id_": 30164200, "ultimate_artscard_id_": 5000, "main_ability_id_": 30164300, "main_ability_btn_type_": 150, "slash_resist_": 10000, "stab_resist_": 10000, "shock_resist_": 10000, "explosion_resist_": 10000, "asset_name_": "0164_BrolyBSS1MAX_164", "inherit_arts_id_": -1, "release_flag_": 1}, {"character_id_": 166, "form_id_": 0, "form_state_id_": 166, "form_name_id_": 166, "health_": 10500, "strike_atk_": 11000, "shot_atk_": 11000, "strike_def_": 11000, "shot_def_": 11000, "luck_": 11000, "energy_gauge_recovery_": 11000, "vanish_gauge_recovery_": 10000, "change_cool_time_": 10, "strike_arts_spec_id_": -1, "shot_arts_spec_id_": -1, "special_arts_spec_id_": 20166000, "extra_arts_spec_id_": 20166100, "ultimate_arts_spec_id_": -1, "ultimate_artscard_id_": -1, "main_ability_id_": 20166300, "main_ability_btn_type_": 250, "slash_resist_": 10000, "stab_resist_": 10000, "shock_resist_": 10000, "explosion_resist_": 10000, "asset_name_": "0166_Beerus_166", "inherit_arts_id_": -1, "release_flag_": 1}, {"character_id_": 168, "form_id_": 0, "form_state_id_": 168, "form_name_id_": 168, "health_": 10100, "strike_atk_": 10500, "shot_atk_": 10500, "strike_def_": 10100, "shot_def_": 10100, "luck_": 10100, "energy_gauge_recovery_": 10100, "vanish_gauge_recovery_": 10000, "change_cool_time_": 10, "strike_arts_spec_id_": -1, "shot_arts_spec_id_": -1, "special_arts_spec_id_": 20168000, "extra_arts_spec_id_": 20168100, "ultimate_arts_spec_id_": 20168200, "ultimate_artscard_id_": 5000, "main_ability_id_": 20168300, "main_ability_btn_type_": 250, "slash_resist_": 10000, "stab_resist_": 10000, "shock_resist_": 10000, "explosion_resist_": 10000, "asset_name_": "0168_Cooler2nd_168", "inherit_arts_id_": 20168, "release_flag_": 1}, {"character_id_": 169, "form_id_": 0, "form_state_id_": 169, "form_name_id_": 169, "health_": 10100, "strike_atk_": 11000, "shot_atk_": 10500, "strike_def_": 10100, "shot_def_": 10100, "luck_": 10500, "energy_gauge_recovery_": 10500, "vanish_gauge_recovery_": 10000, "change_cool_time_": 10, "strike_arts_spec_id_": -1, "shot_arts_spec_id_": -1, "special_arts_spec_id_": 20169000, "extra_arts_spec_id_": -1, "ultimate_arts_spec_id_": -1, "ultimate_artscard_id_": -1, "main_ability_id_": -1, "main_ability_btn_type_": 100, "slash_resist_": 10000, "stab_resist_": 10000, "shock_resist_": 10000, "explosion_resist_": 10000, "asset_name_": "0169_TrunksTF_169", "inherit_arts_id_": -1, "release_flag_": 1}, {"character_id_": 169, "form_id_": 1, "form_state_id_": 100169, "form_name_id_": 169, "health_": 10100, "strike_atk_": 11000, "shot_atk_": 10500, "strike_def_": 10100, "shot_def_": 10100, "luck_": 10500, "energy_gauge_recovery_": 10500, "vanish_gauge_recovery_": 10000, "change_cool_time_": 10, "strike_arts_spec_id_": -1, "shot_arts_spec_id_": -1, "special_arts_spec_id_": 30169000, "extra_arts_spec_id_": 30169100, "ultimate_arts_spec_id_": -1, "ultimate_artscard_id_": -1, "main_ability_id_": 30169300, "main_ability_btn_type_": 100, "slash_resist_": 10000, "stab_resist_": 10000, "shock_resist_": 10000, "explosion_resist_": 10000, "asset_name_": "0169_TrunksTFSS1_169", "inherit_arts_id_": -1, "release_flag_": 1}, {"character_id_": 171, "form_id_": 0, "form_state_id_": 171, "form_name_id_": 171, "health_": 10300, "strike_atk_": 10500, "shot_atk_": 10400, "strike_def_": 10400, "shot_def_": 10400, "luck_": 10300, "energy_gauge_recovery_": 10300, "vanish_gauge_recovery_": 10000, "change_cool_time_": 10, "strike_arts_spec_id_": -1, "shot_arts_spec_id_": -1, "special_arts_spec_id_": 20171000, "extra_arts_spec_id_": 20171100, "ultimate_arts_spec_id_": -1, "ultimate_artscard_id_": -1, "main_ability_id_": 20171300, "main_ability_btn_type_": 200, "slash_resist_": 10000, "stab_resist_": 10000, "shock_resist_": 10000, "explosion_resist_": 10000, "asset_name_": "0171_GohanF_171", "inherit_arts_id_": -1, "release_flag_": 1}, {"character_id_": 172, "form_id_": 0, "form_state_id_": 172, "form_name_id_": 172, "health_": 11000, "strike_atk_": 10800, "shot_atk_": 10800, "strike_def_": 10600, "shot_def_": 10600, "luck_": 11000, "energy_gauge_recovery_": 11000, "vanish_gauge_recovery_": 10000, "change_cool_time_": 10, "strike_arts_spec_id_": -1, "shot_arts_spec_id_": -1, "special_arts_spec_id_": 20172000, "extra_arts_spec_id_": 20172100, "ultimate_arts_spec_id_": -1, "ultimate_artscard_id_": -1, "main_ability_id_": 20172300, "main_ability_btn_type_": 200, "slash_resist_": 10000, "stab_resist_": 10000, "shock_resist_": 10000, "explosion_resist_": 10000, "asset_name_": "0172_CauliflaSS2_172", "inherit_arts_id_": 20172, "release_flag_": 1}, {"character_id_": 185, "form_id_": 0, "form_state_id_": 185, "form_name_id_": 185, "health_": 10500, "strike_atk_": 10500, "shot_atk_": 10300, "strike_def_": 10500, "shot_def_": 10500, "luck_": 10100, "energy_gauge_recovery_": 10100, "vanish_gauge_recovery_": 10000, "change_cool_time_": 10, "strike_arts_spec_id_": -1, "shot_arts_spec_id_": -1, "special_arts_spec_id_": 20185000, "extra_arts_spec_id_": 20185100, "ultimate_arts_spec_id_": -1, "ultimate_artscard_id_": -1, "main_ability_id_": 20185300, "main_ability_btn_type_": 50, "slash_resist_": 10000, "stab_resist_": 10000, "shock_resist_": 10000, "explosion_resist_": 10000, "asset_name_": "0185_VegetaSSG_185", "inherit_arts_id_": 20185, "release_flag_": 1}, {"character_id_": 186, "form_id_": 0, "form_state_id_": 186, "form_name_id_": 186, "health_": 10100, "strike_atk_": 10800, "shot_atk_": 10800, "strike_def_": 10800, "shot_def_": 10800, "luck_": 10170, "energy_gauge_recovery_": 10170, "vanish_gauge_recovery_": 10000, "change_cool_time_": 10, "strike_arts_spec_id_": -1, "shot_arts_spec_id_": -1, "special_arts_spec_id_": 20186000, "extra_arts_spec_id_": 20186100, "ultimate_arts_spec_id_": 20186200, "ultimate_artscard_id_": 5000, "main_ability_id_": 20186300, "main_ability_btn_type_": 250, "slash_resist_": 10000, "stab_resist_": 10000, "shock_resist_": 10000, "explosion_resist_": 10000, "asset_name_": "0186_GohanUltimate_186", "inherit_arts_id_": -1, "release_flag_": 1}, {"character_id_": 189, "form_id_": 0, "form_state_id_": 189, "form_name_id_": 189, "health_": 10600, "strike_atk_": 10700, "shot_atk_": 11500, "strike_def_": 10700, "shot_def_": 10700, "luck_": 10600, "energy_gauge_recovery_": 10600, "vanish_gauge_recovery_": 10000, "change_cool_time_": 10, "strike_arts_spec_id_": -1, "shot_arts_spec_id_": -1, "special_arts_spec_id_": 20189000, "extra_arts_spec_id_": 20189100, "ultimate_arts_spec_id_": -1, "ultimate_artscard_id_": -1, "main_ability_id_": 20189300, "main_ability_btn_type_": 150, "slash_resist_": 10000, "stab_resist_": 10000, "shock_resist_": 10000, "explosion_resist_": 10000, "asset_name_": "0189_Slug_189", "inherit_arts_id_": 20189, "release_flag_": 1}, {"character_id_": 191, "form_id_": 0, "form_state_id_": 191, "form_name_id_": 191, "health_": 10500, "strike_atk_": 10100, "shot_atk_": 11000, "strike_def_": 10500, "shot_def_": 10500, "luck_": 10100, "energy_gauge_recovery_": 10100, "vanish_gauge_recovery_": 10000, "change_cool_time_": 10, "strike_arts_spec_id_": -1, "shot_arts_spec_id_": -1, "special_arts_spec_id_": 20191000, "extra_arts_spec_id_": 20191100, "ultimate_arts_spec_id_": 20191200, "ultimate_artscard_id_": 5000, "main_ability_id_": 20191300, "main_ability_btn_type_": 250, "slash_resist_": 10000, "stab_resist_": 10000, "shock_resist_": 10000, "explosion_resist_": 10000, "asset_name_": "0191_GohanTeenSS2_191", "inherit_arts_id_": -1, "release_flag_": 1}, {"character_id_": 192, "form_id_": 0, "form_state_id_": 192, "form_name_id_": 192, "health_": 10010, "strike_atk_": 10010, "shot_atk_": 10010, "strike_def_": 10010, "shot_def_": 10010, "luck_": 10400, "energy_gauge_recovery_": 10400, "vanish_gauge_recovery_": 10000, "change_cool_time_": 10, "strike_arts_spec_id_": -1, "shot_arts_spec_id_": -1, "special_arts_spec_id_": -1, "extra_arts_spec_id_": -1, "ultimate_arts_spec_id_": -1, "ultimate_artscard_id_": -1, "main_ability_id_": 20192300, "main_ability_btn_type_": 100, "slash_resist_": 10000, "stab_resist_": 10000, "shock_resist_": 10000, "explosion_resist_": 10000, "asset_name_": "0192_Gtn_192", "inherit_arts_id_": -1, "release_flag_": 1}, {"character_id_": 192, "form_id_": 1, "form_state_id_": 192, "form_name_id_": 192, "health_": 10010, "strike_atk_": 10010, "shot_atk_": 10010, "strike_def_": 10010, "shot_def_": 10010, "luck_": 10400, "energy_gauge_recovery_": 10400, "vanish_gauge_recovery_": 10000, "change_cool_time_": 10, "strike_arts_spec_id_": -1, "shot_arts_spec_id_": -1, "special_arts_spec_id_": -1, "extra_arts_spec_id_": 30192100, "ultimate_arts_spec_id_": -1, "ultimate_artscard_id_": -1, "main_ability_id_": 30192300, "main_ability_btn_type_": 100, "slash_resist_": 10000, "stab_resist_": 10000, "shock_resist_": 10000, "explosion_resist_": 10000, "asset_name_": "0192_Gts_192", "inherit_arts_id_": -1, "release_flag_": 1}, {"character_id_": 193, "form_id_": 0, "form_state_id_": 193, "form_name_id_": 193, "health_": 10500, "strike_atk_": 10800, "shot_atk_": 10500, "strike_def_": 10800, "shot_def_": 10800, "luck_": 10500, "energy_gauge_recovery_": 10500, "vanish_gauge_recovery_": 10000, "change_cool_time_": 10, "strike_arts_spec_id_": -1, "shot_arts_spec_id_": -1, "special_arts_spec_id_": 20193000, "extra_arts_spec_id_": 20193100, "ultimate_arts_spec_id_": -1, "ultimate_artscard_id_": -1, "main_ability_id_": 20193300, "main_ability_btn_type_": 150, "slash_resist_": 10000, "stab_resist_": 10000, "shock_resist_": 10000, "explosion_resist_": 10000, "asset_name_": "0193_Gotenks_193", "inherit_arts_id_": -1, "release_flag_": 1}, {"character_id_": 196, "form_id_": 0, "form_state_id_": 196, "form_name_id_": 196, "health_": 10100, "strike_atk_": 10100, "shot_atk_": 10050, "strike_def_": 10050, "shot_def_": 10050, "luck_": 10100, "energy_gauge_recovery_": 10100, "vanish_gauge_recovery_": 10000, "change_cool_time_": 10, "strike_arts_spec_id_": -1, "shot_arts_spec_id_": -1, "special_arts_spec_id_": 20196000, "extra_arts_spec_id_": 20196100, "ultimate_arts_spec_id_": -1, "ultimate_artscard_id_": -1, "main_ability_id_": 20196300, "main_ability_btn_type_": 100, "slash_resist_": 10000, "stab_resist_": 10000, "shock_resist_": 10000, "explosion_resist_": 10000, "asset_name_": "0196_Buu2nd_196", "inherit_arts_id_": 20196, "release_flag_": 1}, {"character_id_": 199, "form_id_": 0, "form_state_id_": 199, "form_name_id_": 199, "health_": 11000, "strike_atk_": 10600, "shot_atk_": 10200, "strike_def_": 10200, "shot_def_": 10200, "luck_": 11500, "energy_gauge_recovery_": 11500, "vanish_gauge_recovery_": 10000, "change_cool_time_": 10, "strike_arts_spec_id_": -1, "shot_arts_spec_id_": -1, "special_arts_spec_id_": 20199000, "extra_arts_spec_id_": 20199100, "ultimate_arts_spec_id_": 20199200, "ultimate_artscard_id_": 5000, "main_ability_id_": 20199300, "main_ability_btn_type_": 200, "slash_resist_": 10000, "stab_resist_": 10000, "shock_resist_": 10000, "explosion_resist_": 10000, "asset_name_": "0199_GotenksSS3_199", "inherit_arts_id_": 20199, "release_flag_": 1}, {"character_id_": 204, "form_id_": 0, "form_state_id_": 204, "form_name_id_": 204, "health_": 10500, "strike_atk_": 10700, "shot_atk_": 10600, "strike_def_": 10100, "shot_def_": 10100, "luck_": 11200, "energy_gauge_recovery_": 11200, "vanish_gauge_recovery_": 10000, "change_cool_time_": 10, "strike_arts_spec_id_": -1, "shot_arts_spec_id_": -1, "special_arts_spec_id_": 20204000, "extra_arts_spec_id_": 20204100, "ultimate_arts_spec_id_": -1, "ultimate_artscard_id_": -1, "main_ability_id_": 20204300, "main_ability_btn_type_": 250, "slash_resist_": 10000, "stab_resist_": 10000, "shock_resist_": 10000, "explosion_resist_": 10000, "asset_name_": "0204_GotenTeenSS1_204", "inherit_arts_id_": -1, "release_flag_": 1}, {"character_id_": 205, "form_id_": 0, "form_state_id_": 205, "form_name_id_": 205, "health_": 10500, "strike_atk_": 10200, "shot_atk_": 10200, "strike_def_": 10200, "shot_def_": 10200, "luck_": 10800, "energy_gauge_recovery_": 10800, "vanish_gauge_recovery_": 10000, "change_cool_time_": 12, "strike_arts_spec_id_": -1, "shot_arts_spec_id_": -1, "special_arts_spec_id_": 20205000, "extra_arts_spec_id_": -1, "ultimate_arts_spec_id_": 20205200, "ultimate_artscard_id_": 5000, "main_ability_id_": 20205300, "main_ability_btn_type_": 250, "slash_resist_": 10000, "stab_resist_": 10000, "shock_resist_": 10000, "explosion_resist_": 10000, "asset_name_": "0205_GohanSS1_205", "inherit_arts_id_": -1, "release_flag_": 1}, {"character_id_": 206, "form_id_": 0, "form_state_id_": 206, "form_name_id_": 206, "health_": 10300, "strike_atk_": 10600, "shot_atk_": 10600, "strike_def_": 10300, "shot_def_": 10300, "luck_": 10200, "energy_gauge_recovery_": 10200, "vanish_gauge_recovery_": 10000, "change_cool_time_": 10, "strike_arts_spec_id_": -1, "shot_arts_spec_id_": -1, "special_arts_spec_id_": 20206000, "extra_arts_spec_id_": 20206100, "ultimate_arts_spec_id_": -1, "ultimate_artscard_id_": -1, "main_ability_id_": 20206300, "main_ability_btn_type_": 100, "slash_resist_": 10000, "stab_resist_": 10000, "shock_resist_": 10000, "explosion_resist_": 10000, "asset_name_": "0206_GokuSS1_206", "inherit_arts_id_": -1, "release_flag_": 1}, {"character_id_": 207, "form_id_": 0, "form_state_id_": 207, "form_name_id_": 207, "health_": 10300, "strike_atk_": 10500, "shot_atk_": 10300, "strike_def_": 10300, "shot_def_": 10300, "luck_": 10300, "energy_gauge_recovery_": 10300, "vanish_gauge_recovery_": 10000, "change_cool_time_": 10, "strike_arts_spec_id_": -1, "shot_arts_spec_id_": -1, "special_arts_spec_id_": 20207000, "extra_arts_spec_id_": 20207100, "ultimate_arts_spec_id_": -1, "ultimate_artscard_id_": -1, "main_ability_id_": 20207300, "main_ability_btn_type_": 200, "slash_resist_": 10000, "stab_resist_": 10000, "shock_resist_": 10000, "explosion_resist_": 10000, "asset_name_": "0207_BrolySS1_207", "inherit_arts_id_": 20207, "release_flag_": 1}, {"character_id_": 208, "form_id_": 0, "form_state_id_": 208, "form_name_id_": 208, "health_": 10500, "strike_atk_": 10200, "shot_atk_": 10100, "strike_def_": 10100, "shot_def_": 10100, "luck_": 10100, "energy_gauge_recovery_": 10100, "vanish_gauge_recovery_": 10000, "change_cool_time_": 10, "strike_arts_spec_id_": -1, "shot_arts_spec_id_": -1, "special_arts_spec_id_": 20208000, "extra_arts_spec_id_": 20208100, "ultimate_arts_spec_id_": -1, "ultimate_artscard_id_": -1, "main_ability_id_": 20208300, "main_ability_btn_type_": 150, "slash_resist_": 10000, "stab_resist_": 10000, "shock_resist_": 10000, "explosion_resist_": 10000, "asset_name_": "0208_MetalCooler_208", "inherit_arts_id_": -1, "release_flag_": 1}, {"character_id_": 213, "form_id_": 0, "form_state_id_": 213, "form_name_id_": 213, "health_": 10500, "strike_atk_": 10600, "shot_atk_": 10600, "strike_def_": 10400, "shot_def_": 10400, "luck_": 10300, "energy_gauge_recovery_": 10300, "vanish_gauge_recovery_": 10000, "change_cool_time_": 8, "strike_arts_spec_id_": -1, "shot_arts_spec_id_": -1, "special_arts_spec_id_": 20213000, "extra_arts_spec_id_": 20213100, "ultimate_arts_spec_id_": -1, "ultimate_artscard_id_": -1, "main_ability_id_": 20213300, "main_ability_btn_type_": 150, "slash_resist_": 10000, "stab_resist_": 10000, "shock_resist_": 10000, "explosion_resist_": 10000, "asset_name_": "0213_Piccolo_213", "inherit_arts_id_": 20213, "release_flag_": 1}, {"character_id_": 216, "form_id_": 0, "form_state_id_": 216, "form_name_id_": 216, "health_": 10200, "strike_atk_": 10200, "shot_atk_": 10700, "strike_def_": 10200, "shot_def_": 10200, "luck_": 10100, "energy_gauge_recovery_": 10100, "vanish_gauge_recovery_": 10000, "change_cool_time_": 10, "strike_arts_spec_id_": -1, "shot_arts_spec_id_": -1, "special_arts_spec_id_": 20216000, "extra_arts_spec_id_": 20216100, "ultimate_arts_spec_id_": 20216200, "ultimate_artscard_id_": 5000, "main_ability_id_": 20216300, "main_ability_btn_type_": 250, "slash_resist_": 10000, "stab_resist_": 10000, "shock_resist_": 10000, "explosion_resist_": 10000, "asset_name_": "0216_GokuSSGSS_216", "inherit_arts_id_": -1, "release_flag_": 1}, {"character_id_": 217, "form_id_": 0, "form_state_id_": 217, "form_name_id_": 217, "health_": 10100, "strike_atk_": 10010, "shot_atk_": 10250, "strike_def_": 10100, "shot_def_": 10100, "luck_": 10200, "energy_gauge_recovery_": 10200, "vanish_gauge_recovery_": 10000, "change_cool_time_": 8, "strike_arts_spec_id_": -1, "shot_arts_spec_id_": -1, "special_arts_spec_id_": 20217000, "extra_arts_spec_id_": 20217100, "ultimate_arts_spec_id_": 20217200, "ultimate_artscard_id_": 5000, "main_ability_id_": 20217300, "main_ability_btn_type_": 250, "slash_resist_": 10000, "stab_resist_": 10000, "shock_resist_": 10000, "explosion_resist_": 10000, "asset_name_": "0217_VegetaSSGSS_217", "inherit_arts_id_": 20217, "release_flag_": 1}, {"character_id_": 219, "form_id_": 0, "form_state_id_": 219, "form_name_id_": 219, "health_": 10300, "strike_atk_": 10200, "shot_atk_": 10200, "strike_def_": 10300, "shot_def_": 10300, "luck_": 10400, "energy_gauge_recovery_": 10400, "vanish_gauge_recovery_": 10000, "change_cool_time_": 10, "strike_arts_spec_id_": -1, "shot_arts_spec_id_": -1, "special_arts_spec_id_": -1, "extra_arts_spec_id_": 20219100, "ultimate_arts_spec_id_": -1, "ultimate_artscard_id_": -1, "main_ability_id_": 20219300, "main_ability_btn_type_": 150, "slash_resist_": 10000, "stab_resist_": 10000, "shock_resist_": 10000, "explosion_resist_": 10000, "asset_name_": "0219_FriezaFP_219", "inherit_arts_id_": 20219, "release_flag_": 1}, {"character_id_": 220, "form_id_": 0, "form_state_id_": 220, "form_name_id_": 220, "health_": 10200, "strike_atk_": 10200, "shot_atk_": 10200, "strike_def_": 10200, "shot_def_": 10200, "luck_": 10100, "energy_gauge_recovery_": 10100, "vanish_gauge_recovery_": 10000, "change_cool_time_": 10, "strike_arts_spec_id_": -1, "shot_arts_spec_id_": -1, "special_arts_spec_id_": 20220000, "extra_arts_spec_id_": 20220100, "ultimate_arts_spec_id_": -1, "ultimate_artscard_id_": -1, "main_ability_id_": 20220300, "main_ability_btn_type_": 150, "slash_resist_": 10000, "stab_resist_": 10000, "shock_resist_": 10000, "explosion_resist_": 10000, "asset_name_": "0220_Goku_220", "inherit_arts_id_": -1, "release_flag_": 1}, {"character_id_": 220, "form_id_": 1, "form_state_id_": 100220, "form_name_id_": 100220, "health_": 10200, "strike_atk_": 10200, "shot_atk_": 10200, "strike_def_": 10200, "shot_def_": 10200, "luck_": 10100, "energy_gauge_recovery_": 10100, "vanish_gauge_recovery_": 10000, "change_cool_time_": 10, "strike_arts_spec_id_": -1, "shot_arts_spec_id_": -1, "special_arts_spec_id_": 30220000, "extra_arts_spec_id_": 30220100, "ultimate_arts_spec_id_": -1, "ultimate_artscard_id_": -1, "main_ability_id_": 30220300, "main_ability_btn_type_": 100, "slash_resist_": 10000, "stab_resist_": 10000, "shock_resist_": 10000, "explosion_resist_": 10000, "asset_name_": "0220_GokuSS1_220", "inherit_arts_id_": -1, "release_flag_": 1}, {"character_id_": 223, "form_id_": 0, "form_state_id_": 223, "form_name_id_": 223, "health_": 10010, "strike_atk_": 10300, "shot_atk_": 10050, "strike_def_": 10100, "shot_def_": 10100, "luck_": 10050, "energy_gauge_recovery_": 10050, "vanish_gauge_recovery_": 10000, "change_cool_time_": 10, "strike_arts_spec_id_": -1, "shot_arts_spec_id_": -1, "special_arts_spec_id_": -1, "extra_arts_spec_id_": 20223100, "ultimate_arts_spec_id_": -1, "ultimate_artscard_id_": -1, "main_ability_id_": 20223300, "main_ability_btn_type_": 150, "slash_resist_": 10000, "stab_resist_": 10000, "shock_resist_": 10000, "explosion_resist_": 10000, "asset_name_": "0223_Beerus_223", "inherit_arts_id_": -1, "release_flag_": 1}, {"character_id_": 224, "form_id_": 0, "form_state_id_": 224, "form_name_id_": 224, "health_": 10200, "strike_atk_": 10750, "shot_atk_": 10700, "strike_def_": 10600, "shot_def_": 10600, "luck_": 10010, "energy_gauge_recovery_": 10010, "vanish_gauge_recovery_": 10000, "change_cool_time_": 10, "strike_arts_spec_id_": -1, "shot_arts_spec_id_": -1, "special_arts_spec_id_": -1, "extra_arts_spec_id_": 20224100, "ultimate_arts_spec_id_": -1, "ultimate_artscard_id_": -1, "main_ability_id_": 20224300, "main_ability_btn_type_": 250, "slash_resist_": 10000, "stab_resist_": 10000, "shock_resist_": 10000, "explosion_resist_": 10000, "asset_name_": "0224_VegitoSV_224", "inherit_arts_id_": -1, "release_flag_": 1}, {"character_id_": 235, "form_id_": 0, "form_state_id_": 235, "form_name_id_": 235, "health_": 10010, "strike_atk_": 10010, "shot_atk_": 10010, "strike_def_": 10010, "shot_def_": 10010, "luck_": 10010, "energy_gauge_recovery_": 10010, "vanish_gauge_recovery_": 10000, "change_cool_time_": 10, "strike_arts_spec_id_": -1, "shot_arts_spec_id_": -1, "special_arts_spec_id_": 20235000, "extra_arts_spec_id_": 20235100, "ultimate_arts_spec_id_": 20235200, "ultimate_artscard_id_": 4000, "main_ability_id_": 20235300, "main_ability_btn_type_": 250, "slash_resist_": 10000, "stab_resist_": 10000, "shock_resist_": 10000, "explosion_resist_": 10000, "asset_name_": "0235_Ginyu_235", "inherit_arts_id_": -1, "release_flag_": 1}, {"character_id_": 236, "form_id_": 0, "form_state_id_": 236, "form_name_id_": 236, "health_": 10001, "strike_atk_": 10004, "shot_atk_": 10004, "strike_def_": 10006, "shot_def_": 10006, "luck_": 10007, "energy_gauge_recovery_": 10007, "vanish_gauge_recovery_": 10000, "change_cool_time_": 10, "strike_arts_spec_id_": -1, "shot_arts_spec_id_": -1, "special_arts_spec_id_": 20236000, "extra_arts_spec_id_": 20236100, "ultimate_arts_spec_id_": -1, "ultimate_artscard_id_": -1, "main_ability_id_": 20236300, "main_ability_btn_type_": 100, "slash_resist_": 10000, "stab_resist_": 10000, "shock_resist_": 10000, "explosion_resist_": 10000, "asset_name_": "0236_GokuSSGSSK_236", "inherit_arts_id_": -1, "release_flag_": 1}, {"character_id_": 236, "form_id_": 1, "form_state_id_": 100236, "form_name_id_": 236, "health_": 10001, "strike_atk_": 10004, "shot_atk_": 10004, "strike_def_": 10006, "shot_def_": 10006, "luck_": 10007, "energy_gauge_recovery_": 10007, "vanish_gauge_recovery_": 10000, "change_cool_time_": 10, "strike_arts_spec_id_": -1, "shot_arts_spec_id_": -1, "special_arts_spec_id_": 30236000, "extra_arts_spec_id_": 30236100, "ultimate_arts_spec_id_": -1, "ultimate_artscard_id_": -1, "main_ability_id_": 30236300, "main_ability_btn_type_": 50, "slash_resist_": 10000, "stab_resist_": 10000, "shock_resist_": 10000, "explosion_resist_": 10000, "asset_name_": "0236_GokuSSGSSKAIOU_236", "inherit_arts_id_": -1, "release_flag_": 1}, {"character_id_": 240, "form_id_": 0, "form_state_id_": 240, "form_name_id_": 240, "health_": 10100, "strike_atk_": 10500, "shot_atk_": 10500, "strike_def_": 10100, "shot_def_": 10100, "luck_": 10500, "energy_gauge_recovery_": 10500, "vanish_gauge_recovery_": 10000, "change_cool_time_": 10, "strike_arts_spec_id_": -1, "shot_arts_spec_id_": -1, "special_arts_spec_id_": 20240000, "extra_arts_spec_id_": 20240100, "ultimate_arts_spec_id_": 20240200, "ultimate_artscard_id_": 5000, "main_ability_id_": 20240300, "main_ability_btn_type_": 250, "slash_resist_": 10000, "stab_resist_": 10000, "shock_resist_": 10000, "explosion_resist_": 10000, "asset_name_": "0240_GokuKidGT_240", "inherit_arts_id_": -1, "release_flag_": 1}, {"character_id_": 241, "form_id_": 0, "form_state_id_": 241, "form_name_id_": 241, "health_": 10200, "strike_atk_": 10400, "shot_atk_": 10400, "strike_def_": 10100, "shot_def_": 10100, "luck_": 10100, "energy_gauge_recovery_": 10100, "vanish_gauge_recovery_": 10000, "change_cool_time_": 10, "strike_arts_spec_id_": -1, "shot_arts_spec_id_": -1, "special_arts_spec_id_": 20241000, "extra_arts_spec_id_": 20241100, "ultimate_arts_spec_id_": 20241200, "ultimate_artscard_id_": 5000, "main_ability_id_": 20241300, "main_ability_btn_type_": 250, "slash_resist_": 10000, "stab_resist_": 10000, "shock_resist_": 10000, "explosion_resist_": 10000, "asset_name_": "0241_Super17_241", "inherit_arts_id_": 20241, "release_flag_": 1}, {"character_id_": 242, "form_id_": 0, "form_state_id_": 242, "form_name_id_": 242, "health_": 10300, "strike_atk_": 10400, "shot_atk_": 10300, "strike_def_": 10100, "shot_def_": 10100, "luck_": 10250, "energy_gauge_recovery_": 10250, "vanish_gauge_recovery_": 10000, "change_cool_time_": 10, "strike_arts_spec_id_": -1, "shot_arts_spec_id_": -1, "special_arts_spec_id_": 20242000, "extra_arts_spec_id_": 20242100, "ultimate_arts_spec_id_": -1, "ultimate_artscard_id_": -1, "main_ability_id_": 20242300, "main_ability_btn_type_": 250, "slash_resist_": 10000, "stab_resist_": 10000, "shock_resist_": 10000, "explosion_resist_": 10000, "asset_name_": "0242_Android13M_242", "inherit_arts_id_": -1, "release_flag_": 1}, {"character_id_": 243, "form_id_": 0, "form_state_id_": 243, "form_name_id_": 243, "health_": 10010, "strike_atk_": 10600, "shot_atk_": 10570, "strike_def_": 10090, "shot_def_": 10090, "luck_": 10010, "energy_gauge_recovery_": 10010, "vanish_gauge_recovery_": 10000, "change_cool_time_": 10, "strike_arts_spec_id_": -1, "shot_arts_spec_id_": -1, "special_arts_spec_id_": 20243000, "extra_arts_spec_id_": 20243100, "ultimate_arts_spec_id_": -1, "ultimate_artscard_id_": -1, "main_ability_id_": 20243300, "main_ability_btn_type_": 250, "slash_resist_": 10000, "stab_resist_": 10000, "shock_resist_": 10000, "explosion_resist_": 10000, "asset_name_": "0243_Goku_243", "inherit_arts_id_": -1, "release_flag_": 1}, {"character_id_": 248, "form_id_": 0, "form_state_id_": 248, "form_name_id_": 248, "health_": 10010, "strike_atk_": 10010, "shot_atk_": 10010, "strike_def_": 10010, "shot_def_": 10010, "luck_": 10010, "energy_gauge_recovery_": 10010, "vanish_gauge_recovery_": 10000, "change_cool_time_": 10, "strike_arts_spec_id_": -1, "shot_arts_spec_id_": -1, "special_arts_spec_id_": 20248000, "extra_arts_spec_id_": 20248100, "ultimate_arts_spec_id_": -1, "ultimate_artscard_id_": -1, "main_ability_id_": 20248300, "main_ability_btn_type_": 100, "slash_resist_": 10000, "stab_resist_": 10000, "shock_resist_": 10000, "explosion_resist_": 10000, "asset_name_": "0248_Krillin_248", "inherit_arts_id_": -1, "release_flag_": 1}, {"character_id_": 251, "form_id_": 0, "form_state_id_": 251, "form_name_id_": 251, "health_": 10900, "strike_atk_": 10800, "shot_atk_": 10500, "strike_def_": 10600, "shot_def_": 10400, "luck_": 11000, "energy_gauge_recovery_": 11000, "vanish_gauge_recovery_": 10000, "change_cool_time_": 10, "strike_arts_spec_id_": -1, "shot_arts_spec_id_": -1, "special_arts_spec_id_": 20251000, "extra_arts_spec_id_": 20251100, "ultimate_arts_spec_id_": 20251200, "ultimate_artscard_id_": 5000, "main_ability_id_": 20251300, "main_ability_btn_type_": 250, "slash_resist_": 10000, "stab_resist_": 10000, "shock_resist_": 10000, "explosion_resist_": 10000, "asset_name_": "0251_GokuSS3_251", "inherit_arts_id_": 20251, "release_flag_": 1}, {"character_id_": 253, "form_id_": 0, "form_state_id_": 253, "form_name_id_": 253, "health_": 10050, "strike_atk_": 10050, "shot_atk_": 10050, "strike_def_": 10050, "shot_def_": 10050, "luck_": 10050, "energy_gauge_recovery_": 10050, "vanish_gauge_recovery_": 10000, "change_cool_time_": 10, "strike_arts_spec_id_": -1, "shot_arts_spec_id_": -1, "special_arts_spec_id_": 20253000, "extra_arts_spec_id_": 20253100, "ultimate_arts_spec_id_": -1, "ultimate_artscard_id_": -1, "main_ability_id_": 20253300, "main_ability_btn_type_": 150, "slash_resist_": 10000, "stab_resist_": 10000, "shock_resist_": 10000, "explosion_resist_": 10000, "asset_name_": "0253_PiccoloA_253", "inherit_arts_id_": -1, "release_flag_": 1}, {"character_id_": 253, "form_id_": 1, "form_state_id_": 253, "form_name_id_": 253, "health_": 10050, "strike_atk_": 10050, "shot_atk_": 10050, "strike_def_": 10050, "shot_def_": 10050, "luck_": 10050, "energy_gauge_recovery_": 10050, "vanish_gauge_recovery_": 10000, "change_cool_time_": 10, "strike_arts_spec_id_": -1, "shot_arts_spec_id_": -1, "special_arts_spec_id_": 30253000, "extra_arts_spec_id_": 30253100, "ultimate_arts_spec_id_": -1, "ultimate_artscard_id_": -1, "main_ability_id_": 30253300, "main_ability_btn_type_": 100, "slash_resist_": 10000, "stab_resist_": 10000, "shock_resist_": 10000, "explosion_resist_": 10000, "asset_name_": "0253_PiccoloB_253", "inherit_arts_id_": -1, "release_flag_": 1}, {"character_id_": 258, "form_id_": 0, "form_state_id_": 258, "form_name_id_": 258, "health_": 10500, "strike_atk_": 10700, "shot_atk_": 10500, "strike_def_": 10500, "shot_def_": 10500, "luck_": 10200, "energy_gauge_recovery_": 10200, "vanish_gauge_recovery_": 10000, "change_cool_time_": 10, "strike_arts_spec_id_": -1, "shot_arts_spec_id_": -1, "special_arts_spec_id_": -1, "extra_arts_spec_id_": 20258100, "ultimate_arts_spec_id_": -1, "ultimate_artscard_id_": -1, "main_ability_id_": 20258300, "main_ability_btn_type_": 100, "slash_resist_": 10000, "stab_resist_": 10000, "shock_resist_": 10000, "explosion_resist_": 10000, "asset_name_": "0258_GohanFuture_258", "inherit_arts_id_": -1, "release_flag_": 1}, {"character_id_": 258, "form_id_": 1, "form_state_id_": 100258, "form_name_id_": 258, "health_": 10500, "strike_atk_": 10700, "shot_atk_": 10500, "strike_def_": 10500, "shot_def_": 10500, "luck_": 10200, "energy_gauge_recovery_": 10200, "vanish_gauge_recovery_": 10000, "change_cool_time_": 10, "strike_arts_spec_id_": -1, "shot_arts_spec_id_": -1, "special_arts_spec_id_": 30258000, "extra_arts_spec_id_": 30258100, "ultimate_arts_spec_id_": -1, "ultimate_artscard_id_": -1, "main_ability_id_": 30258300, "main_ability_btn_type_": 100, "slash_resist_": 10000, "stab_resist_": 10000, "shock_resist_": 10000, "explosion_resist_": 10000, "asset_name_": "0258_GohanFutureSS1_258", "inherit_arts_id_": -1, "release_flag_": 1}, {"character_id_": 264, "form_id_": 0, "form_state_id_": 264, "form_name_id_": 264, "health_": 10100, "strike_atk_": 10300, "shot_atk_": 10300, "strike_def_": 10100, "shot_def_": 10100, "luck_": 10200, "energy_gauge_recovery_": 10200, "vanish_gauge_recovery_": 10000, "change_cool_time_": 10, "strike_arts_spec_id_": -1, "shot_arts_spec_id_": -1, "special_arts_spec_id_": 20264000, "extra_arts_spec_id_": 20264100, "ultimate_arts_spec_id_": 20264200, "ultimate_artscard_id_": 5000, "main_ability_id_": 20264300, "main_ability_btn_type_": 250, "slash_resist_": 10000, "stab_resist_": 10000, "shock_resist_": 10000, "explosion_resist_": 10000, "asset_name_": "0264_GokuBlackRose_264", "inherit_arts_id_": -1, "release_flag_": 1}, {"character_id_": 265, "form_id_": 0, "form_state_id_": 265, "form_name_id_": 265, "health_": 10500, "strike_atk_": 11000, "shot_atk_": 11100, "strike_def_": 10500, "shot_def_": 10500, "luck_": 10500, "energy_gauge_recovery_": 10500, "vanish_gauge_recovery_": 10000, "change_cool_time_": 10, "strike_arts_spec_id_": -1, "shot_arts_spec_id_": -1, "special_arts_spec_id_": 20265000, "extra_arts_spec_id_": 20265100, "ultimate_arts_spec_id_": -1, "ultimate_artscard_id_": -1, "main_ability_id_": 20265300, "main_ability_btn_type_": 250, "slash_resist_": 10000, "stab_resist_": 10000, "shock_resist_": 10000, "explosion_resist_": 10000, "asset_name_": "0265_VegetaSSGSS_265", "inherit_arts_id_": 20265, "release_flag_": 1}, {"character_id_": 270, "form_id_": 0, "form_state_id_": 270, "form_name_id_": 270, "health_": 10010, "strike_atk_": 10500, "shot_atk_": 10300, "strike_def_": 10010, "shot_def_": 10010, "luck_": 10010, "energy_gauge_recovery_": 10010, "vanish_gauge_recovery_": 10000, "change_cool_time_": 10, "strike_arts_spec_id_": -1, "shot_arts_spec_id_": -1, "special_arts_spec_id_": 20270000, "extra_arts_spec_id_": 20270100, "ultimate_arts_spec_id_": -1, "ultimate_artscard_id_": -1, "main_ability_id_": 20270300, "main_ability_btn_type_": 250, "slash_resist_": 10000, "stab_resist_": 10000, "shock_resist_": 10000, "explosion_resist_": 10000, "asset_name_": "0270_GokuSS4_270", "inherit_arts_id_": -1, "release_flag_": 1}, {"character_id_": 271, "form_id_": 0, "form_state_id_": 271, "form_name_id_": 271, "health_": 10100, "strike_atk_": 10100, "shot_atk_": 10300, "strike_def_": 10050, "shot_def_": 10050, "luck_": 10010, "energy_gauge_recovery_": 10010, "vanish_gauge_recovery_": 10000, "change_cool_time_": 10, "strike_arts_spec_id_": -1, "shot_arts_spec_id_": -1, "special_arts_spec_id_": 20271000, "extra_arts_spec_id_": 20271100, "ultimate_arts_spec_id_": -1, "ultimate_artscard_id_": -1, "main_ability_id_": 20271300, "main_ability_btn_type_": 250, "slash_resist_": 10000, "stab_resist_": 10000, "shock_resist_": 10000, "explosion_resist_": 10000, "asset_name_": "0271_VegetaSS4_271", "inherit_arts_id_": -1, "release_flag_": 1}, {"character_id_": 277, "form_id_": 0, "form_state_id_": 277, "form_name_id_": 277, "health_": 10100, "strike_atk_": 10010, "shot_atk_": 10100, "strike_def_": 10100, "shot_def_": 10100, "luck_": 10150, "energy_gauge_recovery_": 10150, "vanish_gauge_recovery_": 10000, "change_cool_time_": 10, "strike_arts_spec_id_": -1, "shot_arts_spec_id_": -1, "special_arts_spec_id_": 20277000, "extra_arts_spec_id_": 20277100, "ultimate_arts_spec_id_": -1, "ultimate_artscard_id_": -1, "main_ability_id_": 20277300, "main_ability_btn_type_": 150, "slash_resist_": 10000, "stab_resist_": 10000, "shock_resist_": 10000, "explosion_resist_": 10000, "asset_name_": "0277_BrolyBN_277", "inherit_arts_id_": -1, "release_flag_": 1}, {"character_id_": 278, "form_id_": 0, "form_state_id_": 278, "form_name_id_": 278, "health_": 10020, "strike_atk_": 10050, "shot_atk_": 10050, "strike_def_": 10050, "shot_def_": 10050, "luck_": 10030, "energy_gauge_recovery_": 10030, "vanish_gauge_recovery_": 10000, "change_cool_time_": 10, "strike_arts_spec_id_": -1, "shot_arts_spec_id_": -1, "special_arts_spec_id_": 20278000, "extra_arts_spec_id_": 20278100, "ultimate_arts_spec_id_": -1, "ultimate_artscard_id_": -1, "main_ability_id_": 20278300, "main_ability_btn_type_": 150, "slash_resist_": 10000, "stab_resist_": 10000, "shock_resist_": 10000, "explosion_resist_": 10000, "asset_name_": "0278_Kakarot_278", "inherit_arts_id_": -1, "release_flag_": 1}, {"character_id_": 290, "form_id_": 0, "form_state_id_": 290, "form_name_id_": 290, "health_": 10300, "strike_atk_": 10400, "shot_atk_": 10500, "strike_def_": 10200, "shot_def_": 10200, "luck_": 10100, "energy_gauge_recovery_": 10100, "vanish_gauge_recovery_": 10000, "change_cool_time_": 10, "strike_arts_spec_id_": -1, "shot_arts_spec_id_": -1, "special_arts_spec_id_": 20290000, "extra_arts_spec_id_": 20290100, "ultimate_arts_spec_id_": -1, "ultimate_artscard_id_": -1, "main_ability_id_": 20290300, "main_ability_btn_type_": 100, "slash_resist_": 10000, "stab_resist_": 10000, "shock_resist_": 10000, "explosion_resist_": 10000, "asset_name_": "0290_SuperBaby2_290", "inherit_arts_id_": 20290, "release_flag_": 1}, {"character_id_": 293, "form_id_": 0, "form_state_id_": 293, "form_name_id_": 293, "health_": 10010, "strike_atk_": 10010, "shot_atk_": 10010, "strike_def_": 10010, "shot_def_": 10010, "luck_": 10010, "energy_gauge_recovery_": 10010, "vanish_gauge_recovery_": 10000, "change_cool_time_": 10, "strike_arts_spec_id_": -1, "shot_arts_spec_id_": -1, "special_arts_spec_id_": -1, "extra_arts_spec_id_": 20293100, "ultimate_arts_spec_id_": 20293200, "ultimate_artscard_id_": 5000, "main_ability_id_": 20293300, "main_ability_btn_type_": 250, "slash_resist_": 10000, "stab_resist_": 10000, "shock_resist_": 10000, "explosion_resist_": 10000, "asset_name_": "0293_KeflaSS2_293", "inherit_arts_id_": 20293, "release_flag_": 1}, {"character_id_": 297, "form_id_": 0, "form_state_id_": 297, "form_name_id_": 297, "health_": 10300, "strike_atk_": 10300, "shot_atk_": 10300, "strike_def_": 10100, "shot_def_": 10100, "luck_": 10100, "energy_gauge_recovery_": 10100, "vanish_gauge_recovery_": 10000, "change_cool_time_": 10, "strike_arts_spec_id_": -1, "shot_arts_spec_id_": -1, "special_arts_spec_id_": 20297000, "extra_arts_spec_id_": 20297100, "ultimate_arts_spec_id_": -1, "ultimate_artscard_id_": -1, "main_ability_id_": 20297300, "main_ability_btn_type_": 100, "slash_resist_": 10000, "stab_resist_": 10000, "shock_resist_": 10000, "explosion_resist_": 10000, "asset_name_": "0297_Android21_297", "inherit_arts_id_": 20297, "release_flag_": 1}, {"character_id_": 298, "form_id_": 0, "form_state_id_": 298, "form_name_id_": 298, "health_": 10010, "strike_atk_": 10010, "shot_atk_": 10020, "strike_def_": 10010, "shot_def_": 10010, "luck_": 10020, "energy_gauge_recovery_": 10020, "vanish_gauge_recovery_": 10000, "change_cool_time_": 10, "strike_arts_spec_id_": -1, "shot_arts_spec_id_": -1, "special_arts_spec_id_": -1, "extra_arts_spec_id_": 20298100, "ultimate_arts_spec_id_": -1, "ultimate_artscard_id_": -1, "main_ability_id_": 20298300, "main_ability_btn_type_": 150, "slash_resist_": 10000, "stab_resist_": 10000, "shock_resist_": 10000, "explosion_resist_": 10000, "asset_name_": "0298_Android21_298", "inherit_arts_id_": -1, "release_flag_": 1}, {"character_id_": 298, "form_id_": 1, "form_state_id_": 100298, "form_name_id_": 100298, "health_": 10010, "strike_atk_": 10010, "shot_atk_": 10020, "strike_def_": 10010, "shot_def_": 10010, "luck_": 10020, "energy_gauge_recovery_": 10020, "vanish_gauge_recovery_": 10000, "change_cool_time_": 10, "strike_arts_spec_id_": -1, "shot_arts_spec_id_": -1, "special_arts_spec_id_": -1, "extra_arts_spec_id_": 30298100, "ultimate_arts_spec_id_": -1, "ultimate_artscard_id_": -1, "main_ability_id_": 30298300, "main_ability_btn_type_": 100, "slash_resist_": 10000, "stab_resist_": 10000, "shock_resist_": 10000, "explosion_resist_": 10000, "asset_name_": "0298_Android21Evil_298", "inherit_arts_id_": -1, "release_flag_": 1}, {"character_id_": 299, "form_id_": 0, "form_state_id_": 299, "form_name_id_": 299, "health_": 10002, "strike_atk_": 10002, "shot_atk_": 10002, "strike_def_": 10002, "shot_def_": 10002, "luck_": 10002, "energy_gauge_recovery_": 10002, "vanish_gauge_recovery_": 10000, "change_cool_time_": 10, "strike_arts_spec_id_": -1, "shot_arts_spec_id_": -1, "special_arts_spec_id_": 20299000, "extra_arts_spec_id_": 20299100, "ultimate_arts_spec_id_": -1, "ultimate_artscard_id_": -1, "main_ability_id_": 20299300, "main_ability_btn_type_": 200, "slash_resist_": 10000, "stab_resist_": 10000, "shock_resist_": 10000, "explosion_resist_": 10000, "asset_name_": "0299_Android21_299", "inherit_arts_id_": -1, "release_flag_": 1}, {"character_id_": 300, "form_id_": 0, "form_state_id_": 300, "form_name_id_": 300, "health_": 10010, "strike_atk_": 10010, "shot_atk_": 10010, "strike_def_": 10010, "shot_def_": 10010, "luck_": 10010, "energy_gauge_recovery_": 10010, "vanish_gauge_recovery_": 10000, "change_cool_time_": 9, "strike_arts_spec_id_": -1, "shot_arts_spec_id_": -1, "special_arts_spec_id_": 20300000, "extra_arts_spec_id_": -1, "ultimate_arts_spec_id_": 20300200, "ultimate_artscard_id_": 5000, "main_ability_id_": 20300300, "main_ability_btn_type_": 250, "slash_resist_": 10000, "stab_resist_": 10000, "shock_resist_": 10000, "explosion_resist_": 10000, "asset_name_": "0300_Android21_300", "inherit_arts_id_": -1, "release_flag_": 1}, {"character_id_": 302, "form_id_": 0, "form_state_id_": 302, "form_name_id_": 302, "health_": 10010, "strike_atk_": 10010, "shot_atk_": 10010, "strike_def_": 10010, "shot_def_": 10010, "luck_": 10010, "energy_gauge_recovery_": 10010, "vanish_gauge_recovery_": 10000, "change_cool_time_": 10, "strike_arts_spec_id_": -1, "shot_arts_spec_id_": -1, "special_arts_spec_id_": -1, "extra_arts_spec_id_": 20302100, "ultimate_arts_spec_id_": 20302200, "ultimate_artscard_id_": 5000, "main_ability_id_": 20302300, "main_ability_btn_type_": 250, "slash_resist_": 10000, "stab_resist_": 10000, "shock_resist_": 10000, "explosion_resist_": 10000, "asset_name_": "0302_Bergamo_302", "inherit_arts_id_": -1, "release_flag_": 1}, {"character_id_": 304, "form_id_": 0, "form_state_id_": 304, "form_name_id_": 304, "health_": 10100, "strike_atk_": 10800, "shot_atk_": 10500, "strike_def_": 10010, "shot_def_": 10010, "luck_": 11200, "energy_gauge_recovery_": 11200, "vanish_gauge_recovery_": 10000, "change_cool_time_": 10, "strike_arts_spec_id_": -1, "shot_arts_spec_id_": -1, "special_arts_spec_id_": -1, "extra_arts_spec_id_": 20304100, "ultimate_arts_spec_id_": 20304200, "ultimate_artscard_id_": 5000, "main_ability_id_": 20304300, "main_ability_btn_type_": 250, "slash_resist_": 10000, "stab_resist_": 10000, "shock_resist_": 10000, "explosion_resist_": 10000, "asset_name_": "0304_Frieza1st_304", "inherit_arts_id_": 20304, "release_flag_": 1}, {"character_id_": 318, "form_id_": 0, "form_state_id_": 318, "form_name_id_": 318, "health_": 10100, "strike_atk_": 10004, "shot_atk_": 10010, "strike_def_": 10100, "shot_def_": 10100, "luck_": 10580, "energy_gauge_recovery_": 10580, "vanish_gauge_recovery_": 10000, "change_cool_time_": 10, "strike_arts_spec_id_": -1, "shot_arts_spec_id_": -1, "special_arts_spec_id_": 20318000, "extra_arts_spec_id_": 20318100, "ultimate_arts_spec_id_": -1, "ultimate_artscard_id_": -1, "main_ability_id_": 20318300, "main_ability_btn_type_": 250, "slash_resist_": 10000, "stab_resist_": 10000, "shock_resist_": 10000, "explosion_resist_": 10000, "asset_name_": "0318_VegitoSSGSS_318", "inherit_arts_id_": -1, "release_flag_": 1}, {"character_id_": 320, "form_id_": 0, "form_state_id_": 320, "form_name_id_": 320, "health_": 10001, "strike_atk_": 10004, "shot_atk_": 10004, "strike_def_": 10006, "shot_def_": 10006, "luck_": 10007, "energy_gauge_recovery_": 10007, "vanish_gauge_recovery_": 10000, "change_cool_time_": 10, "strike_arts_spec_id_": -1, "shot_arts_spec_id_": -1, "special_arts_spec_id_": -1, "extra_arts_spec_id_": -1, "ultimate_arts_spec_id_": -1, "ultimate_artscard_id_": -1, "main_ability_id_": 20320300, "main_ability_btn_type_": 250, "slash_resist_": 10000, "stab_resist_": 10000, "shock_resist_": 10000, "explosion_resist_": 10000, "asset_name_": "0320_ZamasM_320", "inherit_arts_id_": -1, "release_flag_": 1}, {"character_id_": 322, "form_id_": 0, "form_state_id_": 322, "form_name_id_": 322, "health_": 10010, "strike_atk_": 10004, "shot_atk_": 10004, "strike_def_": 10010, "shot_def_": 10010, "luck_": 10010, "energy_gauge_recovery_": 10010, "vanish_gauge_recovery_": 10000, "change_cool_time_": 10, "strike_arts_spec_id_": -1, "shot_arts_spec_id_": -1, "special_arts_spec_id_": 20322000, "extra_arts_spec_id_": 20322100, "ultimate_arts_spec_id_": 20322200, "ultimate_artscard_id_": 5000, "main_ability_id_": 20322300, "main_ability_btn_type_": 250, "slash_resist_": 10000, "stab_resist_": 10000, "shock_resist_": 10000, "explosion_resist_": 10000, "asset_name_": "0322_GokuSS4FP_322", "inherit_arts_id_": -1, "release_flag_": 1}, {"character_id_": 327, "form_id_": 0, "form_state_id_": 327, "form_name_id_": 327, "health_": 10300, "strike_atk_": 10005, "shot_atk_": 10005, "strike_def_": 10005, "shot_def_": 10005, "luck_": 10300, "energy_gauge_recovery_": 10300, "vanish_gauge_recovery_": 10000, "change_cool_time_": 10, "strike_arts_spec_id_": -1, "shot_arts_spec_id_": -1, "special_arts_spec_id_": 20327000, "extra_arts_spec_id_": 20327100, "ultimate_arts_spec_id_": -1, "ultimate_artscard_id_": -1, "main_ability_id_": 20327300, "main_ability_btn_type_": 50, "slash_resist_": 10000, "stab_resist_": 10000, "shock_resist_": 10000, "explosion_resist_": 10000, "asset_name_": "0327_BuuGotenks_327", "inherit_arts_id_": -1, "release_flag_": 1}, {"character_id_": 340, "form_id_": 0, "form_state_id_": 340, "form_name_id_": 340, "health_": 10010, "strike_atk_": 10010, "shot_atk_": 10010, "strike_def_": 10010, "shot_def_": 10010, "luck_": 10010, "energy_gauge_recovery_": 10010, "vanish_gauge_recovery_": 10000, "change_cool_time_": 10, "strike_arts_spec_id_": -1, "shot_arts_spec_id_": -1, "special_arts_spec_id_": 20340000, "extra_arts_spec_id_": 20340100, "ultimate_arts_spec_id_": 20340200, "ultimate_artscard_id_": 5000, "main_ability_id_": 20340300, "main_ability_btn_type_": 250, "slash_resist_": 10000, "stab_resist_": 10000, "shock_resist_": 10000, "explosion_resist_": 10000, "asset_name_": "0340_Jiren_340", "inherit_arts_id_": -1, "release_flag_": 1}, {"character_id_": 346, "form_id_": 0, "form_state_id_": 346, "form_name_id_": 346, "health_": 10010, "strike_atk_": 10010, "shot_atk_": 10010, "strike_def_": 10010, "shot_def_": 10010, "luck_": 10600, "energy_gauge_recovery_": 10100, "vanish_gauge_recovery_": 10000, "change_cool_time_": 10, "strike_arts_spec_id_": -1, "shot_arts_spec_id_": -1, "special_arts_spec_id_": 20346000, "extra_arts_spec_id_": 20346100, "ultimate_arts_spec_id_": -1, "ultimate_artscard_id_": -1, "main_ability_id_": 20346300, "main_ability_btn_type_": 150, "slash_resist_": 10000, "stab_resist_": 10000, "shock_resist_": 10000, "explosion_resist_": 10000, "asset_name_": "0346_Vegeta_346", "inherit_arts_id_": -1, "release_flag_": 1}, {"character_id_": 346, "form_id_": 1, "form_state_id_": 100346, "form_name_id_": 100346, "health_": 10010, "strike_atk_": 10010, "shot_atk_": 10010, "strike_def_": 10010, "shot_def_": 10010, "luck_": 10600, "energy_gauge_recovery_": 10100, "vanish_gauge_recovery_": 10000, "change_cool_time_": 10, "strike_arts_spec_id_": -1, "shot_arts_spec_id_": -1, "special_arts_spec_id_": -1, "extra_arts_spec_id_": 30346100, "ultimate_arts_spec_id_": -1, "ultimate_artscard_id_": -1, "main_ability_id_": 30346300, "main_ability_btn_type_": 150, "slash_resist_": 10000, "stab_resist_": 10000, "shock_resist_": 10000, "explosion_resist_": 10000, "asset_name_": "0346_VegetaM_346", "inherit_arts_id_": -1, "release_flag_": 1}, {"character_id_": 349, "form_id_": 0, "form_state_id_": 349, "form_name_id_": 349, "health_": 10010, "strike_atk_": 10010, "shot_atk_": 10010, "strike_def_": 10010, "shot_def_": 10010, "luck_": 10010, "energy_gauge_recovery_": 10010, "vanish_gauge_recovery_": 10000, "change_cool_time_": 10, "strike_arts_spec_id_": -1, "shot_arts_spec_id_": -1, "special_arts_spec_id_": -1, "extra_arts_spec_id_": 20349100, "ultimate_arts_spec_id_": 20349200, "ultimate_artscard_id_": 5000, "main_ability_id_": 20349300, "main_ability_btn_type_": 250, "slash_resist_": 10000, "stab_resist_": 10000, "shock_resist_": 10000, "explosion_resist_": 10000, "asset_name_": "0349_GreatSaiyaman1_349", "inherit_arts_id_": -1, "release_flag_": 1}, {"character_id_": 366, "form_id_": 0, "form_state_id_": 366, "form_name_id_": 366, "health_": 10500, "strike_atk_": 10010, "shot_atk_": 10040, "strike_def_": 10400, "shot_def_": 10400, "luck_": 10100, "energy_gauge_recovery_": 10100, "vanish_gauge_recovery_": 10000, "change_cool_time_": 10, "strike_arts_spec_id_": -1, "shot_arts_spec_id_": -1, "special_arts_spec_id_": 20366000, "extra_arts_spec_id_": 20366100, "ultimate_arts_spec_id_": -1, "ultimate_artscard_id_": -1, "main_ability_id_": 20366300, "main_ability_btn_type_": 250, "slash_resist_": 10000, "stab_resist_": 10000, "shock_resist_": 10000, "explosion_resist_": 10000, "asset_name_": "0366_GokuUIS_366", "inherit_arts_id_": -1, "release_flag_": 1}, {"character_id_": 383, "form_id_": 0, "form_state_id_": 383, "form_name_id_": 383, "health_": 10004, "strike_atk_": 10004, "shot_atk_": 10004, "strike_def_": 10010, "shot_def_": 10010, "luck_": 10750, "energy_gauge_recovery_": 10750, "vanish_gauge_recovery_": 10000, "change_cool_time_": 10, "strike_arts_spec_id_": -1, "shot_arts_spec_id_": -1, "special_arts_spec_id_": -1, "extra_arts_spec_id_": 20383100, "ultimate_arts_spec_id_": 20383200, "ultimate_artscard_id_": 5000, "main_ability_id_": -1, "main_ability_btn_type_": 250, "slash_resist_": 10000, "stab_resist_": 10000, "shock_resist_": 10000, "explosion_resist_": 10000, "asset_name_": "0383_GokuBlackRose_383", "inherit_arts_id_": 20383, "release_flag_": 1}, {"character_id_": 384, "form_id_": 0, "form_state_id_": 384, "form_name_id_": 384, "health_": 10002, "strike_atk_": 10002, "shot_atk_": 10002, "strike_def_": 10002, "shot_def_": 10002, "luck_": 10002, "energy_gauge_recovery_": 10002, "vanish_gauge_recovery_": 10000, "change_cool_time_": 10, "strike_arts_spec_id_": -1, "shot_arts_spec_id_": -1, "special_arts_spec_id_": -1, "extra_arts_spec_id_": 20384100, "ultimate_arts_spec_id_": -1, "ultimate_artscard_id_": -1, "main_ability_id_": 20384300, "main_ability_btn_type_": 250, "slash_resist_": 10000, "stab_resist_": 10000, "shock_resist_": 10000, "explosion_resist_": 10000, "asset_name_": "0384_TrunksFuture_384", "inherit_arts_id_": -1, "release_flag_": 1}, {"character_id_": 388, "form_id_": 0, "form_state_id_": 388, "form_name_id_": 388, "health_": 10010, "strike_atk_": 10004, "shot_atk_": 10004, "strike_def_": 10010, "shot_def_": 10010, "luck_": 10850, "energy_gauge_recovery_": 10850, "vanish_gauge_recovery_": 10000, "change_cool_time_": 10, "strike_arts_spec_id_": -1, "shot_arts_spec_id_": -1, "special_arts_spec_id_": -1, "extra_arts_spec_id_": 20388100, "ultimate_arts_spec_id_": -1, "ultimate_artscard_id_": -1, "main_ability_id_": 20388300, "main_ability_btn_type_": 250, "slash_resist_": 10000, "stab_resist_": 10000, "shock_resist_": 10000, "explosion_resist_": 10000, "asset_name_": "0388_GokuSS4_388", "inherit_arts_id_": 20388, "release_flag_": 1}, {"character_id_": 428, "form_id_": 0, "form_state_id_": 428, "form_name_id_": 428, "health_": 10001, "strike_atk_": 10004, "shot_atk_": 10004, "strike_def_": 10006, "shot_def_": 10006, "luck_": 10700, "energy_gauge_recovery_": 10700, "vanish_gauge_recovery_": 10000, "change_cool_time_": 10, "strike_arts_spec_id_": -1, "shot_arts_spec_id_": -1, "special_arts_spec_id_": -1, "extra_arts_spec_id_": 20428100, "ultimate_arts_spec_id_": 20428200, "ultimate_artscard_id_": 5000, "main_ability_id_": 20428300, "main_ability_btn_type_": 250, "slash_resist_": 10000, "stab_resist_": 10000, "shock_resist_": 10000, "explosion_resist_": 10000, "asset_name_": "0428_VegetaSSGSSEvo_428", "inherit_arts_id_": 20428, "release_flag_": 1}, {"character_id_": 451, "form_id_": 0, "form_state_id_": 451, "form_name_id_": 451, "health_": 10040, "strike_atk_": 10040, "shot_atk_": 10350, "strike_def_": 10040, "shot_def_": 10040, "luck_": 10400, "energy_gauge_recovery_": 10400, "vanish_gauge_recovery_": 10000, "change_cool_time_": 10, "strike_arts_spec_id_": -1, "shot_arts_spec_id_": -1, "special_arts_spec_id_": 20451000, "extra_arts_spec_id_": 20451100, "ultimate_arts_spec_id_": 20451200, "ultimate_artscard_id_": 5000, "main_ability_id_": 20451300, "main_ability_btn_type_": 250, "slash_resist_": 10000, "stab_resist_": 10000, "shock_resist_": 10000, "explosion_resist_": 10000, "asset_name_": "0451_TrunksFutureSS1_451", "inherit_arts_id_": 20451, "release_flag_": 1}]