[{"character_id_": 125, "direction_type_": 0, "advanced_special_normal_": 0, "advanced_special_transform_": 1, "legendary_finish_ultimate_": 0, "legendary_finish_special_": 0, "unique_arts_": 0, "combination_character_id_": -1}, {"character_id_": 160, "direction_type_": 0, "advanced_special_normal_": 1, "advanced_special_transform_": 0, "legendary_finish_ultimate_": 0, "legendary_finish_special_": 0, "unique_arts_": 0, "combination_character_id_": -1}, {"character_id_": 166, "direction_type_": 0, "advanced_special_normal_": 0, "advanced_special_transform_": 0, "legendary_finish_ultimate_": 1, "legendary_finish_special_": 0, "unique_arts_": 0, "combination_character_id_": -1}, {"character_id_": 191, "direction_type_": 0, "advanced_special_normal_": 0, "advanced_special_transform_": 0, "legendary_finish_ultimate_": 1, "legendary_finish_special_": 0, "unique_arts_": 0, "combination_character_id_": -1}, {"character_id_": 192, "direction_type_": 0, "advanced_special_normal_": 0, "advanced_special_transform_": 1, "legendary_finish_ultimate_": 0, "legendary_finish_special_": 0, "unique_arts_": 0, "combination_character_id_": -1}, {"character_id_": 204, "direction_type_": 0, "advanced_special_normal_": 0, "advanced_special_transform_": 0, "legendary_finish_ultimate_": 1, "legendary_finish_special_": 0, "unique_arts_": 0, "combination_character_id_": -1}, {"character_id_": 220, "direction_type_": 0, "advanced_special_normal_": 0, "advanced_special_transform_": 0, "legendary_finish_ultimate_": 0, "legendary_finish_special_": 2, "unique_arts_": 0, "combination_character_id_": -1}, {"character_id_": 224, "direction_type_": 0, "advanced_special_normal_": 0, "advanced_special_transform_": 0, "legendary_finish_ultimate_": 1, "legendary_finish_special_": 0, "unique_arts_": 0, "combination_character_id_": -1}, {"character_id_": 236, "direction_type_": 0, "advanced_special_normal_": 0, "advanced_special_transform_": 1, "legendary_finish_ultimate_": 0, "legendary_finish_special_": 0, "unique_arts_": 0, "combination_character_id_": -1}, {"character_id_": 251, "direction_type_": 0, "advanced_special_normal_": 0, "advanced_special_transform_": 0, "legendary_finish_ultimate_": 1, "legendary_finish_special_": 0, "unique_arts_": 0, "combination_character_id_": -1}, {"character_id_": 253, "direction_type_": 0, "advanced_special_normal_": 0, "advanced_special_transform_": 0, "legendary_finish_ultimate_": 0, "legendary_finish_special_": 2, "unique_arts_": 0, "combination_character_id_": -1}, {"character_id_": 265, "direction_type_": 0, "advanced_special_normal_": 0, "advanced_special_transform_": 0, "legendary_finish_ultimate_": 1, "legendary_finish_special_": 0, "unique_arts_": 0, "combination_character_id_": -1}, {"character_id_": 285, "direction_type_": 0, "advanced_special_normal_": 0, "advanced_special_transform_": 0, "legendary_finish_ultimate_": 1, "legendary_finish_special_": 0, "unique_arts_": 0, "combination_character_id_": -1}, {"character_id_": 304, "direction_type_": 0, "advanced_special_normal_": 0, "advanced_special_transform_": 0, "legendary_finish_ultimate_": 1, "legendary_finish_special_": 0, "unique_arts_": 0, "combination_character_id_": -1}, {"character_id_": 318, "direction_type_": 0, "advanced_special_normal_": 0, "advanced_special_transform_": 0, "legendary_finish_ultimate_": 1, "legendary_finish_special_": 0, "unique_arts_": 0, "combination_character_id_": -1}, {"character_id_": 346, "direction_type_": 0, "advanced_special_normal_": 0, "advanced_special_transform_": 0, "legendary_finish_ultimate_": 0, "legendary_finish_special_": 2, "unique_arts_": 0, "combination_character_id_": -1}, {"character_id_": 366, "direction_type_": 0, "advanced_special_normal_": 0, "advanced_special_transform_": 0, "legendary_finish_ultimate_": 1, "legendary_finish_special_": 0, "unique_arts_": 0, "combination_character_id_": -1}, {"character_id_": 370, "direction_type_": 0, "advanced_special_normal_": 0, "advanced_special_transform_": 0, "legendary_finish_ultimate_": 1, "legendary_finish_special_": 0, "unique_arts_": 0, "combination_character_id_": -1}, {"character_id_": 375, "direction_type_": 0, "advanced_special_normal_": 0, "advanced_special_transform_": 0, "legendary_finish_ultimate_": 1, "legendary_finish_special_": 0, "unique_arts_": 0, "combination_character_id_": -1}, {"character_id_": 377, "direction_type_": 0, "advanced_special_normal_": 0, "advanced_special_transform_": 0, "legendary_finish_ultimate_": 1, "legendary_finish_special_": 0, "unique_arts_": 0, "combination_character_id_": -1}, {"character_id_": 383, "direction_type_": 0, "advanced_special_normal_": 0, "advanced_special_transform_": 0, "legendary_finish_ultimate_": 1, "legendary_finish_special_": 0, "unique_arts_": 0, "combination_character_id_": -1}, {"character_id_": 388, "direction_type_": 0, "advanced_special_normal_": 0, "advanced_special_transform_": 0, "legendary_finish_ultimate_": 1, "legendary_finish_special_": 0, "unique_arts_": 0, "combination_character_id_": -1}, {"character_id_": 392, "direction_type_": 0, "advanced_special_normal_": 0, "advanced_special_transform_": 0, "legendary_finish_ultimate_": 1, "legendary_finish_special_": 0, "unique_arts_": 0, "combination_character_id_": -1}, {"character_id_": 395, "direction_type_": 0, "advanced_special_normal_": 0, "advanced_special_transform_": 0, "legendary_finish_ultimate_": 1, "legendary_finish_special_": 0, "unique_arts_": 0, "combination_character_id_": -1}, {"character_id_": 409, "direction_type_": 0, "advanced_special_normal_": 0, "advanced_special_transform_": 0, "legendary_finish_ultimate_": 0, "legendary_finish_special_": 2, "unique_arts_": 0, "combination_character_id_": -1}, {"character_id_": 414, "direction_type_": 0, "advanced_special_normal_": 0, "advanced_special_transform_": 0, "legendary_finish_ultimate_": 1, "legendary_finish_special_": 0, "unique_arts_": 0, "combination_character_id_": -1}, {"character_id_": 428, "direction_type_": 0, "advanced_special_normal_": 0, "advanced_special_transform_": 0, "legendary_finish_ultimate_": 1, "legendary_finish_special_": 0, "unique_arts_": 0, "combination_character_id_": -1}, {"character_id_": 432, "direction_type_": 0, "advanced_special_normal_": 0, "advanced_special_transform_": 0, "legendary_finish_ultimate_": 1, "legendary_finish_special_": 0, "unique_arts_": 0, "combination_character_id_": -1}, {"character_id_": 433, "direction_type_": 0, "advanced_special_normal_": 0, "advanced_special_transform_": 0, "legendary_finish_ultimate_": 1, "legendary_finish_special_": 0, "unique_arts_": 0, "combination_character_id_": -1}, {"character_id_": 448, "direction_type_": 0, "advanced_special_normal_": 0, "advanced_special_transform_": 0, "legendary_finish_ultimate_": 0, "legendary_finish_special_": 3, "unique_arts_": 0, "combination_character_id_": -1}, {"character_id_": 451, "direction_type_": 0, "advanced_special_normal_": 0, "advanced_special_transform_": 0, "legendary_finish_ultimate_": 1, "legendary_finish_special_": 0, "unique_arts_": 0, "combination_character_id_": -1}, {"character_id_": 456, "direction_type_": 0, "advanced_special_normal_": 0, "advanced_special_transform_": 0, "legendary_finish_ultimate_": 1, "legendary_finish_special_": 0, "unique_arts_": 0, "combination_character_id_": -1}, {"character_id_": 462, "direction_type_": 0, "advanced_special_normal_": 0, "advanced_special_transform_": 0, "legendary_finish_ultimate_": 1, "legendary_finish_special_": 0, "unique_arts_": 0, "combination_character_id_": -1}, {"character_id_": 472, "direction_type_": 0, "advanced_special_normal_": 0, "advanced_special_transform_": 0, "legendary_finish_ultimate_": 0, "legendary_finish_special_": 3, "unique_arts_": 0, "combination_character_id_": -1}, {"character_id_": 477, "direction_type_": 0, "advanced_special_normal_": 0, "advanced_special_transform_": 0, "legendary_finish_ultimate_": 1, "legendary_finish_special_": 0, "unique_arts_": 0, "combination_character_id_": -1}, {"character_id_": 482, "direction_type_": 0, "advanced_special_normal_": 0, "advanced_special_transform_": 0, "legendary_finish_ultimate_": 1, "legendary_finish_special_": 0, "unique_arts_": 0, "combination_character_id_": -1}, {"character_id_": 491, "direction_type_": 0, "advanced_special_normal_": 0, "advanced_special_transform_": 0, "legendary_finish_ultimate_": 1, "legendary_finish_special_": 0, "unique_arts_": 0, "combination_character_id_": -1}, {"character_id_": 494, "direction_type_": 0, "advanced_special_normal_": 0, "advanced_special_transform_": 0, "legendary_finish_ultimate_": 1, "legendary_finish_special_": 0, "unique_arts_": 0, "combination_character_id_": -1}, {"character_id_": 497, "direction_type_": 0, "advanced_special_normal_": 0, "advanced_special_transform_": 0, "legendary_finish_ultimate_": 1, "legendary_finish_special_": 0, "unique_arts_": 0, "combination_character_id_": -1}, {"character_id_": 501, "direction_type_": 0, "advanced_special_normal_": 0, "advanced_special_transform_": 0, "legendary_finish_ultimate_": 0, "legendary_finish_special_": 3, "unique_arts_": 0, "combination_character_id_": -1}, {"character_id_": 510, "direction_type_": 0, "advanced_special_normal_": 0, "advanced_special_transform_": 0, "legendary_finish_ultimate_": 1, "legendary_finish_special_": 0, "unique_arts_": 0, "combination_character_id_": -1}, {"character_id_": 514, "direction_type_": 0, "advanced_special_normal_": 0, "advanced_special_transform_": 0, "legendary_finish_ultimate_": 0, "legendary_finish_special_": 3, "unique_arts_": 0, "combination_character_id_": -1}, {"character_id_": 527, "direction_type_": 0, "advanced_special_normal_": 0, "advanced_special_transform_": 0, "legendary_finish_ultimate_": 0, "legendary_finish_special_": 2, "unique_arts_": 0, "combination_character_id_": -1}, {"character_id_": 536, "direction_type_": 0, "advanced_special_normal_": 0, "advanced_special_transform_": 0, "legendary_finish_ultimate_": 0, "legendary_finish_special_": 0, "unique_arts_": 11, "combination_character_id_": -1}, {"character_id_": 539, "direction_type_": 0, "advanced_special_normal_": 0, "advanced_special_transform_": 0, "legendary_finish_ultimate_": 0, "legendary_finish_special_": 3, "unique_arts_": 0, "combination_character_id_": -1}, {"character_id_": 549, "direction_type_": 0, "advanced_special_normal_": 0, "advanced_special_transform_": 0, "legendary_finish_ultimate_": 0, "legendary_finish_special_": 0, "unique_arts_": 21, "combination_character_id_": -1}, {"character_id_": 551, "direction_type_": 0, "advanced_special_normal_": 0, "advanced_special_transform_": 0, "legendary_finish_ultimate_": 0, "legendary_finish_special_": 2, "unique_arts_": 0, "combination_character_id_": -1}]