[{"id_": 0, "atk_attribute_id_": 0, "def_attribute_id_": 1, "damage_param_": 150}, {"id_": 1, "atk_attribute_id_": 0, "def_attribute_id_": 4, "damage_param_": 50}, {"id_": 4, "atk_attribute_id_": 1, "def_attribute_id_": 2, "damage_param_": 150}, {"id_": 5, "atk_attribute_id_": 1, "def_attribute_id_": 0, "damage_param_": 50}, {"id_": 8, "atk_attribute_id_": 2, "def_attribute_id_": 3, "damage_param_": 150}, {"id_": 9, "atk_attribute_id_": 2, "def_attribute_id_": 1, "damage_param_": 50}, {"id_": 12, "atk_attribute_id_": 3, "def_attribute_id_": 4, "damage_param_": 150}, {"id_": 13, "atk_attribute_id_": 3, "def_attribute_id_": 2, "damage_param_": 50}, {"id_": 16, "atk_attribute_id_": 4, "def_attribute_id_": 0, "damage_param_": 150}, {"id_": 17, "atk_attribute_id_": 4, "def_attribute_id_": 3, "damage_param_": 50}, {"id_": 55, "atk_attribute_id_": 70, "def_attribute_id_": 72, "damage_param_": 150}, {"id_": 64, "atk_attribute_id_": 72, "def_attribute_id_": 0, "damage_param_": 150}, {"id_": 65, "atk_attribute_id_": 72, "def_attribute_id_": 1, "damage_param_": 150}, {"id_": 66, "atk_attribute_id_": 72, "def_attribute_id_": 2, "damage_param_": 150}, {"id_": 67, "atk_attribute_id_": 72, "def_attribute_id_": 3, "damage_param_": 150}, {"id_": 68, "atk_attribute_id_": 72, "def_attribute_id_": 4, "damage_param_": 150}, {"id_": 69, "atk_attribute_id_": 72, "def_attribute_id_": 70, "damage_param_": 50}, {"id_": 100, "atk_attribute_id_": 10, "def_attribute_id_": 1, "damage_param_": 50}, {"id_": 101, "atk_attribute_id_": 10, "def_attribute_id_": 4, "damage_param_": 150}, {"id_": 102, "atk_attribute_id_": 11, "def_attribute_id_": 2, "damage_param_": 50}, {"id_": 103, "atk_attribute_id_": 11, "def_attribute_id_": 0, "damage_param_": 150}, {"id_": 104, "atk_attribute_id_": 12, "def_attribute_id_": 3, "damage_param_": 50}, {"id_": 105, "atk_attribute_id_": 12, "def_attribute_id_": 1, "damage_param_": 150}, {"id_": 106, "atk_attribute_id_": 13, "def_attribute_id_": 4, "damage_param_": 50}, {"id_": 107, "atk_attribute_id_": 13, "def_attribute_id_": 2, "damage_param_": 150}, {"id_": 108, "atk_attribute_id_": 14, "def_attribute_id_": 0, "damage_param_": 50}, {"id_": 109, "atk_attribute_id_": 14, "def_attribute_id_": 3, "damage_param_": 150}, {"id_": 110, "atk_attribute_id_": 0, "def_attribute_id_": 11, "damage_param_": 50}, {"id_": 111, "atk_attribute_id_": 0, "def_attribute_id_": 14, "damage_param_": 150}, {"id_": 112, "atk_attribute_id_": 1, "def_attribute_id_": 12, "damage_param_": 50}, {"id_": 113, "atk_attribute_id_": 1, "def_attribute_id_": 10, "damage_param_": 150}, {"id_": 114, "atk_attribute_id_": 2, "def_attribute_id_": 13, "damage_param_": 50}, {"id_": 115, "atk_attribute_id_": 2, "def_attribute_id_": 11, "damage_param_": 150}, {"id_": 116, "atk_attribute_id_": 3, "def_attribute_id_": 14, "damage_param_": 50}, {"id_": 117, "atk_attribute_id_": 3, "def_attribute_id_": 12, "damage_param_": 150}, {"id_": 118, "atk_attribute_id_": 4, "def_attribute_id_": 10, "damage_param_": 50}, {"id_": 119, "atk_attribute_id_": 4, "def_attribute_id_": 13, "damage_param_": 150}, {"id_": 120, "atk_attribute_id_": 10, "def_attribute_id_": 11, "damage_param_": 50}, {"id_": 121, "atk_attribute_id_": 10, "def_attribute_id_": 14, "damage_param_": 150}, {"id_": 122, "atk_attribute_id_": 11, "def_attribute_id_": 12, "damage_param_": 50}, {"id_": 123, "atk_attribute_id_": 11, "def_attribute_id_": 10, "damage_param_": 150}, {"id_": 124, "atk_attribute_id_": 12, "def_attribute_id_": 13, "damage_param_": 50}, {"id_": 125, "atk_attribute_id_": 12, "def_attribute_id_": 11, "damage_param_": 150}, {"id_": 126, "atk_attribute_id_": 13, "def_attribute_id_": 14, "damage_param_": 50}, {"id_": 127, "atk_attribute_id_": 13, "def_attribute_id_": 12, "damage_param_": 150}, {"id_": 128, "atk_attribute_id_": 14, "def_attribute_id_": 10, "damage_param_": 50}, {"id_": 129, "atk_attribute_id_": 14, "def_attribute_id_": 13, "damage_param_": 150}, {"id_": 130, "atk_attribute_id_": 72, "def_attribute_id_": 10, "damage_param_": 150}, {"id_": 131, "atk_attribute_id_": 72, "def_attribute_id_": 11, "damage_param_": 150}, {"id_": 132, "atk_attribute_id_": 72, "def_attribute_id_": 12, "damage_param_": 150}, {"id_": 133, "atk_attribute_id_": 72, "def_attribute_id_": 13, "damage_param_": 150}, {"id_": 134, "atk_attribute_id_": 72, "def_attribute_id_": 14, "damage_param_": 150}]