[{"id_": 16, "gasha_series_id_": 100016, "character_id_": 16}, {"id_": 80, "gasha_series_id_": 100080, "character_id_": 80}, {"id_": 166, "gasha_series_id_": 100166, "character_id_": 166}, {"id_": 113, "gasha_series_id_": 100113, "character_id_": 113}, {"id_": 126, "gasha_series_id_": 100126, "character_id_": 126}, {"id_": 111, "gasha_series_id_": 100111, "character_id_": 111}, {"id_": 76, "gasha_series_id_": 100076, "character_id_": 76}, {"id_": 168, "gasha_series_id_": 100168, "character_id_": 168}, {"id_": 169, "gasha_series_id_": 100169, "character_id_": 169}, {"id_": 47, "gasha_series_id_": 100047, "character_id_": 47}, {"id_": 14, "gasha_series_id_": 100014, "character_id_": 14}, {"id_": 95, "gasha_series_id_": 100095, "character_id_": 95}, {"id_": 79, "gasha_series_id_": 100079, "character_id_": 79}, {"id_": 108, "gasha_series_id_": 100108, "character_id_": 108}, {"id_": 191, "gasha_series_id_": 100191, "character_id_": 191}, {"id_": 63, "gasha_series_id_": 100063, "character_id_": 63}, {"id_": 151, "gasha_series_id_": 100151, "character_id_": 151}, {"id_": 112, "gasha_series_id_": 100112, "character_id_": 112}, {"id_": 126, "gasha_series_id_": 110126, "character_id_": 126}, {"id_": 220, "gasha_series_id_": 100220, "character_id_": 220}, {"id_": 168, "gasha_series_id_": 110168, "character_id_": 168}, {"id_": 16, "gasha_series_id_": 110016, "character_id_": 16}, {"id_": 80, "gasha_series_id_": 110080, "character_id_": 80}, {"id_": 216, "gasha_series_id_": 100216, "character_id_": 216}, {"id_": 207, "gasha_series_id_": 100207, "character_id_": 207}, {"id_": 113, "gasha_series_id_": 110113, "character_id_": 113}, {"id_": 111, "gasha_series_id_": 110111, "character_id_": 111}, {"id_": 166, "gasha_series_id_": 110166, "character_id_": 166}, {"id_": 193, "gasha_series_id_": 100193, "character_id_": 193}, {"id_": 148, "gasha_series_id_": 100148, "character_id_": 148}, {"id_": 185, "gasha_series_id_": 100185, "character_id_": 185}, {"id_": 253, "gasha_series_id_": 100253, "character_id_": 253}, {"id_": 124, "gasha_series_id_": 100124, "character_id_": 124}, {"id_": 32, "gasha_series_id_": 100032, "character_id_": 32}, {"id_": 208, "gasha_series_id_": 100208, "character_id_": 208}, {"id_": 251, "gasha_series_id_": 100251, "character_id_": 251}, {"id_": 164, "gasha_series_id_": 100164, "character_id_": 164}, {"id_": 241, "gasha_series_id_": 100241, "character_id_": 241}, {"id_": 172, "gasha_series_id_": 100172, "character_id_": 172}, {"id_": 213, "gasha_series_id_": 100213, "character_id_": 213}, {"id_": 271, "gasha_series_id_": 100271, "character_id_": 271}, {"id_": 270, "gasha_series_id_": 100270, "character_id_": 270}, {"id_": 192, "gasha_series_id_": 100192, "character_id_": 192}, {"id_": 240, "gasha_series_id_": 100240, "character_id_": 240}, {"id_": 50, "gasha_series_id_": 100050, "character_id_": 50}, {"id_": 94, "gasha_series_id_": 100094, "character_id_": 94}, {"id_": 204, "gasha_series_id_": 100204, "character_id_": 204}, {"id_": 205, "gasha_series_id_": 100205, "character_id_": 205}, {"id_": 66, "gasha_series_id_": 100066, "character_id_": 66}, {"id_": 304, "gasha_series_id_": 100304, "character_id_": 304}, {"id_": 125, "gasha_series_id_": 100125, "character_id_": 125}, {"id_": 93, "gasha_series_id_": 100093, "character_id_": 93}, {"id_": 149, "gasha_series_id_": 100149, "character_id_": 149}, {"id_": 320, "gasha_series_id_": 100320, "character_id_": 320}, {"id_": 77, "gasha_series_id_": 100077, "character_id_": 77}, {"id_": 224, "gasha_series_id_": 100224, "character_id_": 224}, {"id_": 277, "gasha_series_id_": 100277, "character_id_": 277}, {"id_": 206, "gasha_series_id_": 100206, "character_id_": 206}, {"id_": 298, "gasha_series_id_": 100298, "character_id_": 298}, {"id_": 152, "gasha_series_id_": 100152, "character_id_": 152}, {"id_": 219, "gasha_series_id_": 100219, "character_id_": 219}, {"id_": 128, "gasha_series_id_": 100128, "character_id_": 128}, {"id_": 265, "gasha_series_id_": 100265, "character_id_": 265}, {"id_": 264, "gasha_series_id_": 100264, "character_id_": 264}, {"id_": 109, "gasha_series_id_": 100109, "character_id_": 109}, {"id_": 242, "gasha_series_id_": 100242, "character_id_": 242}, {"id_": 349, "gasha_series_id_": 100349, "character_id_": 349}, {"id_": 217, "gasha_series_id_": 100217, "character_id_": 217}, {"id_": 318, "gasha_series_id_": 100318, "character_id_": 318}, {"id_": 4, "gasha_series_id_": 100004, "character_id_": 4}, {"id_": 243, "gasha_series_id_": 100243, "character_id_": 243}, {"id_": 186, "gasha_series_id_": 100186, "character_id_": 186}, {"id_": 346, "gasha_series_id_": 100346, "character_id_": 346}, {"id_": 258, "gasha_series_id_": 100258, "character_id_": 258}, {"id_": 75, "gasha_series_id_": 100075, "character_id_": 75}, {"id_": 189, "gasha_series_id_": 100189, "character_id_": 189}, {"id_": 38, "gasha_series_id_": 100038, "character_id_": 38}, {"id_": 322, "gasha_series_id_": 100322, "character_id_": 322}, {"id_": 290, "gasha_series_id_": 100290, "character_id_": 290}, {"id_": 388, "gasha_series_id_": 100388, "character_id_": 388}, {"id_": 383, "gasha_series_id_": 100383, "character_id_": 383}, {"id_": 236, "gasha_series_id_": 100236, "character_id_": 236}, {"id_": 302, "gasha_series_id_": 100302, "character_id_": 302}, {"id_": 300, "gasha_series_id_": 100300, "character_id_": 300}, {"id_": 293, "gasha_series_id_": 100293, "character_id_": 293}, {"id_": 340, "gasha_series_id_": 100340, "character_id_": 340}, {"id_": 428, "gasha_series_id_": 100428, "character_id_": 428}, {"id_": 384, "gasha_series_id_": 100384, "character_id_": 384}, {"id_": 143, "gasha_series_id_": 100143, "character_id_": 143}, {"id_": 150, "gasha_series_id_": 100150, "character_id_": 150}, {"id_": 327, "gasha_series_id_": 100327, "character_id_": 327}, {"id_": 199, "gasha_series_id_": 100199, "character_id_": 199}, {"id_": 366, "gasha_series_id_": 100366, "character_id_": 366}, {"id_": 62, "gasha_series_id_": 100062, "character_id_": 62}, {"id_": 451, "gasha_series_id_": 100451, "character_id_": 451}]