[{"id_": 0, "mode_": 0, "function_asset_name_": "", "effect_": -1, "effect_param1_": -1, "effect_param2_": -1, "effect_param3_": -1, "effect_param4_": -1, "effect_param5_": -1, "name_id_": 9999, "display_order_": 9999}, {"id_": 1, "mode_": 0, "function_asset_name_": "Ef_HealthMaxUp_Rate", "effect_": 0, "effect_param1_": 0, "effect_param2_": -1, "effect_param3_": -1, "effect_param4_": -1, "effect_param5_": -1, "name_id_": 1, "display_order_": 1}, {"id_": 2, "mode_": 0, "function_asset_name_": "Ef_AttackParamUp_Strike_Rate", "effect_": 0, "effect_param1_": 1, "effect_param2_": -1, "effect_param3_": -1, "effect_param4_": -1, "effect_param5_": -1, "name_id_": 2, "display_order_": 2}, {"id_": 3, "mode_": 0, "function_asset_name_": "Ef_AttackParamUp_Shot_Rate", "effect_": 0, "effect_param1_": 2, "effect_param2_": -1, "effect_param3_": -1, "effect_param4_": -1, "effect_param5_": -1, "name_id_": 3, "display_order_": 3}, {"id_": 4, "mode_": 0, "function_asset_name_": "Ef_DefenseParamUp_Strike_Rate", "effect_": 0, "effect_param1_": 3, "effect_param2_": -1, "effect_param3_": -1, "effect_param4_": -1, "effect_param5_": -1, "name_id_": 4, "display_order_": 4}, {"id_": 5, "mode_": 0, "function_asset_name_": "Ef_DefenseParamUp_Shot_Rate", "effect_": 0, "effect_param1_": 4, "effect_param2_": -1, "effect_param3_": -1, "effect_param4_": -1, "effect_param5_": -1, "name_id_": 5, "display_order_": 5}, {"id_": 6, "mode_": 0, "function_asset_name_": "Ef_CriticalParamUp_Rate", "effect_": 0, "effect_param1_": 5, "effect_param2_": -1, "effect_param3_": -1, "effect_param4_": -1, "effect_param5_": -1, "name_id_": 6, "display_order_": 6}]