[{"character_id_": 125, "form_id_": 1, "form_state_id_": 100125, "form_name_id_": 125, "form_tab_name_before_id_": -1, "form_tab_name_after_id_": -1, "next_form_id_": -1, "change_condition_": 0, "change_effect_param_": 0, "return_condition_": 1, "return_condition_param_": 60, "character_group_id_": -1, "character_attribute_id_": -1, "character_gender_": -1, "character_position_": -1, "character_size_": -1, "health_": 12000, "strike_atk_": 12000, "shot_atk_": 12000, "strike_def_": 12000, "shot_def_": 12000, "luck_": 12000, "energy_gauge_recovery_": 12000, "vanish_gauge_recovery_": 10000, "change_cool_time_": 10, "strike_arts_spec_id_": -1, "shot_arts_spec_id_": -1, "special_arts_spec_id_": 11030125, "extra_arts_spec_id_": 11050125, "ultimate_arts_spec_id_": -1, "ultimate_artscard_id_": -1, "main_ability_id_": 11000125, "main_ability_btn_type_": 100, "slash_resist_": 10000, "stab_resist_": 10000, "shock_resist_": 10000, "explosion_resist_": 10000, "asset_name_": "0125_GokuKAIOU_125", "release_flag_": 1}, {"character_id_": 164, "form_id_": 1, "form_state_id_": 900001, "form_name_id_": 100164, "form_tab_name_before_id_": -1, "form_tab_name_after_id_": -1, "next_form_id_": -1, "change_condition_": 0, "change_effect_param_": 0, "return_condition_": 0, "return_condition_param_": 0, "character_group_id_": -1, "character_attribute_id_": -1, "character_gender_": -1, "character_position_": -1, "character_size_": -1, "health_": 12000, "strike_atk_": 12000, "shot_atk_": 11000, "strike_def_": 11000, "shot_def_": 11000, "luck_": 11000, "energy_gauge_recovery_": 11000, "vanish_gauge_recovery_": 10000, "change_cool_time_": 10, "strike_arts_spec_id_": -1, "shot_arts_spec_id_": -1, "special_arts_spec_id_": 11030164, "extra_arts_spec_id_": 11050164, "ultimate_arts_spec_id_": 70020, "ultimate_artscard_id_": 5000, "main_ability_id_": 11000164, "main_ability_btn_type_": 150, "slash_resist_": 10000, "stab_resist_": 10000, "shock_resist_": 10000, "explosion_resist_": 10000, "asset_name_": "0164_BrolyBSS1MAX_164", "release_flag_": 1}, {"character_id_": 169, "form_id_": 1, "form_state_id_": 100169, "form_name_id_": 169, "form_tab_name_before_id_": -1, "form_tab_name_after_id_": -1, "next_form_id_": -1, "change_condition_": 0, "change_effect_param_": 0, "return_condition_": 0, "return_condition_param_": 0, "character_group_id_": -1, "character_attribute_id_": -1, "character_gender_": -1, "character_position_": -1, "character_size_": -1, "health_": 11000, "strike_atk_": 13000, "shot_atk_": 12500, "strike_def_": 11500, "shot_def_": 11500, "luck_": 12000, "energy_gauge_recovery_": 12000, "vanish_gauge_recovery_": 10000, "change_cool_time_": 10, "strike_arts_spec_id_": -1, "shot_arts_spec_id_": -1, "special_arts_spec_id_": 11030169, "extra_arts_spec_id_": -1, "ultimate_arts_spec_id_": -1, "ultimate_artscard_id_": -1, "main_ability_id_": 11000169, "main_ability_btn_type_": 100, "slash_resist_": 10000, "stab_resist_": 10000, "shock_resist_": 10000, "explosion_resist_": 10000, "asset_name_": "0169_TrunksTFSS1_169", "release_flag_": 1}, {"character_id_": 192, "form_id_": 1, "form_state_id_": 100192, "form_name_id_": 192, "form_tab_name_before_id_": -1, "form_tab_name_after_id_": -1, "next_form_id_": -1, "change_condition_": 0, "change_effect_param_": 0, "return_condition_": 0, "return_condition_param_": 0, "character_group_id_": -1, "character_attribute_id_": -1, "character_gender_": -1, "character_position_": -1, "character_size_": -1, "health_": 11000, "strike_atk_": 12000, "shot_atk_": 12000, "strike_def_": 11500, "shot_def_": 11500, "luck_": 10000, "energy_gauge_recovery_": 11500, "vanish_gauge_recovery_": 10000, "change_cool_time_": 10, "strike_arts_spec_id_": -1, "shot_arts_spec_id_": -1, "special_arts_spec_id_": 11030192, "extra_arts_spec_id_": 11050192, "ultimate_arts_spec_id_": -1, "ultimate_artscard_id_": -1, "main_ability_id_": 11000192, "main_ability_btn_type_": 100, "slash_resist_": 10000, "stab_resist_": 10000, "shock_resist_": 10000, "explosion_resist_": 10000, "asset_name_": "0192_Gts_192", "release_flag_": 1}, {"character_id_": 220, "form_id_": 1, "form_state_id_": 100220, "form_name_id_": 220, "form_tab_name_before_id_": -1, "form_tab_name_after_id_": -1, "next_form_id_": -1, "change_condition_": 0, "change_effect_param_": 0, "return_condition_": 0, "return_condition_param_": 0, "character_group_id_": -1, "character_attribute_id_": -1, "character_gender_": -1, "character_position_": -1, "character_size_": -1, "health_": 12000, "strike_atk_": 12000, "shot_atk_": 12000, "strike_def_": 11000, "shot_def_": 11000, "luck_": 11000, "energy_gauge_recovery_": 11000, "vanish_gauge_recovery_": 10000, "change_cool_time_": 10, "strike_arts_spec_id_": -1, "shot_arts_spec_id_": -1, "special_arts_spec_id_": 11030220, "extra_arts_spec_id_": 11050220, "ultimate_arts_spec_id_": -1, "ultimate_artscard_id_": -1, "main_ability_id_": 11000220, "main_ability_btn_type_": 100, "slash_resist_": 10000, "stab_resist_": 10000, "shock_resist_": 10000, "explosion_resist_": 10000, "asset_name_": "0220_GokuSS1_220", "release_flag_": 1}, {"character_id_": 226, "form_id_": 1, "form_state_id_": 100226, "form_name_id_": 226, "form_tab_name_before_id_": -1, "form_tab_name_after_id_": -1, "next_form_id_": -1, "change_condition_": 0, "change_effect_param_": 0, "return_condition_": 1, "return_condition_param_": 40, "character_group_id_": -1, "character_attribute_id_": -1, "character_gender_": -1, "character_position_": -1, "character_size_": -1, "health_": 11500, "strike_atk_": 12000, "shot_atk_": 11000, "strike_def_": 11500, "shot_def_": 11500, "luck_": 11000, "energy_gauge_recovery_": 11000, "vanish_gauge_recovery_": 10000, "change_cool_time_": 10, "strike_arts_spec_id_": -1, "shot_arts_spec_id_": -1, "special_arts_spec_id_": 11030226, "extra_arts_spec_id_": 11050226, "ultimate_arts_spec_id_": -1, "ultimate_artscard_id_": -1, "main_ability_id_": 11000226, "main_ability_btn_type_": 50, "slash_resist_": 10000, "stab_resist_": 10000, "shock_resist_": 10000, "explosion_resist_": 10000, "asset_name_": "0226_TrunksSS1_226", "release_flag_": 1}, {"character_id_": 236, "form_id_": 1, "form_state_id_": 100236, "form_name_id_": 236, "form_tab_name_before_id_": -1, "form_tab_name_after_id_": -1, "next_form_id_": -1, "change_condition_": 0, "change_effect_param_": 0, "return_condition_": 1, "return_condition_param_": 30, "character_group_id_": -1, "character_attribute_id_": -1, "character_gender_": -1, "character_position_": -1, "character_size_": -1, "health_": 11000, "strike_atk_": 12500, "shot_atk_": 12500, "strike_def_": 11500, "shot_def_": 11500, "luck_": 11000, "energy_gauge_recovery_": 11000, "vanish_gauge_recovery_": 10000, "change_cool_time_": 10, "strike_arts_spec_id_": -1, "shot_arts_spec_id_": -1, "special_arts_spec_id_": 11030236, "extra_arts_spec_id_": 11050236, "ultimate_arts_spec_id_": -1, "ultimate_artscard_id_": -1, "main_ability_id_": 11000236, "main_ability_btn_type_": 50, "slash_resist_": 10000, "stab_resist_": 10000, "shock_resist_": 10000, "explosion_resist_": 10000, "asset_name_": "0236_GokuSSGSSKAIOU_236", "release_flag_": 1}, {"character_id_": 238, "form_id_": 1, "form_state_id_": 100238, "form_name_id_": 238, "form_tab_name_before_id_": -1, "form_tab_name_after_id_": -1, "next_form_id_": -1, "change_condition_": 0, "change_effect_param_": 0, "return_condition_": 0, "return_condition_param_": 0, "character_group_id_": -1, "character_attribute_id_": -1, "character_gender_": -1, "character_position_": -1, "character_size_": -1, "health_": 11000, "strike_atk_": 13000, "shot_atk_": 12000, "strike_def_": 10000, "shot_def_": 10000, "luck_": 11000, "energy_gauge_recovery_": 11000, "vanish_gauge_recovery_": 10000, "change_cool_time_": 10, "strike_arts_spec_id_": -1, "shot_arts_spec_id_": -1, "special_arts_spec_id_": 11030238, "extra_arts_spec_id_": 11050238, "ultimate_arts_spec_id_": -1, "ultimate_artscard_id_": -1, "main_ability_id_": 11000238, "main_ability_btn_type_": 50, "slash_resist_": 10000, "stab_resist_": 10000, "shock_resist_": 10000, "explosion_resist_": 10000, "asset_name_": "0238_GohanTeenSS2_238", "release_flag_": 1}, {"character_id_": 253, "form_id_": 1, "form_state_id_": 253, "form_name_id_": 253, "form_tab_name_before_id_": -1, "form_tab_name_after_id_": -1, "next_form_id_": -1, "change_condition_": 0, "change_effect_param_": 0, "return_condition_": 0, "return_condition_param_": 0, "character_group_id_": -1, "character_attribute_id_": -1, "character_gender_": -1, "character_position_": -1, "character_size_": -1, "health_": 12000, "strike_atk_": 11500, "shot_atk_": 13000, "strike_def_": 10500, "shot_def_": 10500, "luck_": 10500, "energy_gauge_recovery_": 11000, "vanish_gauge_recovery_": 10000, "change_cool_time_": 10, "strike_arts_spec_id_": -1, "shot_arts_spec_id_": -1, "special_arts_spec_id_": 11030253, "extra_arts_spec_id_": 11050253, "ultimate_arts_spec_id_": -1, "ultimate_artscard_id_": -1, "main_ability_id_": 11000253, "main_ability_btn_type_": 100, "slash_resist_": 10000, "stab_resist_": 10000, "shock_resist_": 10000, "explosion_resist_": 10000, "asset_name_": "0253_PiccoloB_253", "release_flag_": 1}, {"character_id_": 257, "form_id_": 1, "form_state_id_": 100257, "form_name_id_": 257, "form_tab_name_before_id_": -1, "form_tab_name_after_id_": -1, "next_form_id_": -1, "change_condition_": 0, "change_effect_param_": 0, "return_condition_": 0, "return_condition_param_": 0, "character_group_id_": -1, "character_attribute_id_": -1, "character_gender_": -1, "character_position_": -1, "character_size_": -1, "health_": 12000, "strike_atk_": 13000, "shot_atk_": 10000, "strike_def_": 11000, "shot_def_": 11000, "luck_": 11000, "energy_gauge_recovery_": 11000, "vanish_gauge_recovery_": 10000, "change_cool_time_": 10, "strike_arts_spec_id_": -1, "shot_arts_spec_id_": -1, "special_arts_spec_id_": 11030257, "extra_arts_spec_id_": 11050257, "ultimate_arts_spec_id_": -1, "ultimate_artscard_id_": -1, "main_ability_id_": 11000257, "main_ability_btn_type_": 100, "slash_resist_": 10000, "stab_resist_": 10000, "shock_resist_": 10000, "explosion_resist_": 10000, "asset_name_": "0257_VegetaSS1_257", "release_flag_": 1}, {"character_id_": 258, "form_id_": 1, "form_state_id_": 100258, "form_name_id_": 258, "form_tab_name_before_id_": -1, "form_tab_name_after_id_": -1, "next_form_id_": -1, "change_condition_": 0, "change_effect_param_": 0, "return_condition_": 0, "return_condition_param_": 0, "character_group_id_": -1, "character_attribute_id_": -1, "character_gender_": -1, "character_position_": -1, "character_size_": -1, "health_": 11000, "strike_atk_": 12000, "shot_atk_": 12000, "strike_def_": 10000, "shot_def_": 10000, "luck_": 10000, "energy_gauge_recovery_": 10000, "vanish_gauge_recovery_": 10000, "change_cool_time_": 10, "strike_arts_spec_id_": -1, "shot_arts_spec_id_": -1, "special_arts_spec_id_": 11030258, "extra_arts_spec_id_": 11050258, "ultimate_arts_spec_id_": -1, "ultimate_artscard_id_": -1, "main_ability_id_": 11000258, "main_ability_btn_type_": 100, "slash_resist_": 10000, "stab_resist_": 10000, "shock_resist_": 10000, "explosion_resist_": 10000, "asset_name_": "0258_GohanFutureSS1_258", "release_flag_": 1}, {"character_id_": 266, "form_id_": 1, "form_state_id_": 100266, "form_name_id_": 266, "form_tab_name_before_id_": -1, "form_tab_name_after_id_": -1, "next_form_id_": -1, "change_condition_": 0, "change_effect_param_": 0, "return_condition_": 0, "return_condition_param_": 0, "character_group_id_": -1, "character_attribute_id_": -1, "character_gender_": -1, "character_position_": -1, "character_size_": 3, "health_": 12000, "strike_atk_": 11000, "shot_atk_": 11000, "strike_def_": 12000, "shot_def_": 12000, "luck_": 10000, "energy_gauge_recovery_": 10000, "vanish_gauge_recovery_": 10000, "change_cool_time_": 10, "strike_arts_spec_id_": 11000266, "shot_arts_spec_id_": -1, "special_arts_spec_id_": 11030266, "extra_arts_spec_id_": 11050266, "ultimate_arts_spec_id_": -1, "ultimate_artscard_id_": -1, "main_ability_id_": 11000266, "main_ability_btn_type_": 100, "slash_resist_": 10000, "stab_resist_": 10000, "shock_resist_": 10000, "explosion_resist_": 10000, "asset_name_": "0266_Cooler2nd_266", "release_flag_": 1}, {"character_id_": 268, "form_id_": 1, "form_state_id_": 100268, "form_name_id_": 100268, "form_tab_name_before_id_": -1, "form_tab_name_after_id_": -1, "next_form_id_": -1, "change_condition_": 0, "change_effect_param_": 0, "return_condition_": 1, "return_condition_param_": 45, "character_group_id_": -1, "character_attribute_id_": -1, "character_gender_": -1, "character_position_": -1, "character_size_": -1, "health_": 11000, "strike_atk_": 13000, "shot_atk_": 12000, "strike_def_": 11000, "shot_def_": 11000, "luck_": 10000, "energy_gauge_recovery_": 10000, "vanish_gauge_recovery_": 10000, "change_cool_time_": 10, "strike_arts_spec_id_": -1, "shot_arts_spec_id_": -1, "special_arts_spec_id_": 11030268, "extra_arts_spec_id_": 11050268, "ultimate_arts_spec_id_": -1, "ultimate_artscard_id_": -1, "main_ability_id_": 11000268, "main_ability_btn_type_": 100, "slash_resist_": 10000, "stab_resist_": 10000, "shock_resist_": 10000, "explosion_resist_": 10000, "asset_name_": "0268_FriezaGold_268", "release_flag_": 1}, {"character_id_": 287, "form_id_": 1, "form_state_id_": 100287, "form_name_id_": 287, "form_tab_name_before_id_": -1, "form_tab_name_after_id_": -1, "next_form_id_": -1, "change_condition_": 0, "change_effect_param_": 0, "return_condition_": 0, "return_condition_param_": 0, "character_group_id_": -1, "character_attribute_id_": -1, "character_gender_": -1, "character_position_": -1, "character_size_": -1, "health_": 12000, "strike_atk_": 11000, "shot_atk_": 12000, "strike_def_": 10000, "shot_def_": 10000, "luck_": 11000, "energy_gauge_recovery_": 11000, "vanish_gauge_recovery_": 10000, "change_cool_time_": 10, "strike_arts_spec_id_": -1, "shot_arts_spec_id_": -1, "special_arts_spec_id_": 11030287, "extra_arts_spec_id_": 11050287, "ultimate_arts_spec_id_": -1, "ultimate_artscard_id_": -1, "main_ability_id_": 11000287, "main_ability_btn_type_": 50, "slash_resist_": 10000, "stab_resist_": 10000, "shock_resist_": 10000, "explosion_resist_": 10000, "asset_name_": "0287_VegetaSSG_287", "release_flag_": 1}, {"character_id_": 298, "form_id_": 1, "form_state_id_": 100298, "form_name_id_": 100298, "form_tab_name_before_id_": -1, "form_tab_name_after_id_": -1, "next_form_id_": -1, "change_condition_": 0, "change_effect_param_": 0, "return_condition_": 0, "return_condition_param_": 0, "character_group_id_": -1, "character_attribute_id_": -1, "character_gender_": -1, "character_position_": -1, "character_size_": -1, "health_": 10500, "strike_atk_": 12500, "shot_atk_": 12000, "strike_def_": 11000, "shot_def_": 11000, "luck_": 11000, "energy_gauge_recovery_": 10000, "vanish_gauge_recovery_": 10000, "change_cool_time_": 10, "strike_arts_spec_id_": -1, "shot_arts_spec_id_": -1, "special_arts_spec_id_": 11030298, "extra_arts_spec_id_": 11050298, "ultimate_arts_spec_id_": -1, "ultimate_artscard_id_": -1, "main_ability_id_": 11000298, "main_ability_btn_type_": 100, "slash_resist_": 10000, "stab_resist_": 10000, "shock_resist_": 10000, "explosion_resist_": 10000, "asset_name_": "0298_Android21Evil_298", "release_flag_": 1}, {"character_id_": 305, "form_id_": 1, "form_state_id_": 305, "form_name_id_": 305, "form_tab_name_before_id_": -1, "form_tab_name_after_id_": -1, "next_form_id_": -1, "change_condition_": 0, "change_effect_param_": 0, "return_condition_": 0, "return_condition_param_": 0, "character_group_id_": -1, "character_attribute_id_": -1, "character_gender_": -1, "character_position_": -1, "character_size_": -1, "health_": 11000, "strike_atk_": 12500, "shot_atk_": 11500, "strike_def_": 11000, "shot_def_": 11000, "luck_": 10000, "energy_gauge_recovery_": 10000, "vanish_gauge_recovery_": 10000, "change_cool_time_": 10, "strike_arts_spec_id_": -1, "shot_arts_spec_id_": -1, "special_arts_spec_id_": 11030305, "extra_arts_spec_id_": 11050305, "ultimate_arts_spec_id_": -1, "ultimate_artscard_id_": -1, "main_ability_id_": 11000305, "main_ability_btn_type_": 100, "slash_resist_": 10000, "stab_resist_": 10000, "shock_resist_": 10000, "explosion_resist_": 10000, "asset_name_": "0305_Bardock_305", "release_flag_": 1}, {"character_id_": 306, "form_id_": 1, "form_state_id_": 100306, "form_name_id_": 100306, "form_tab_name_before_id_": -1, "form_tab_name_after_id_": -1, "next_form_id_": -1, "change_condition_": 0, "change_effect_param_": 0, "return_condition_": 0, "return_condition_param_": 0, "character_group_id_": -1, "character_attribute_id_": -1, "character_gender_": -1, "character_position_": -1, "character_size_": -1, "health_": 11000, "strike_atk_": 12500, "shot_atk_": 11500, "strike_def_": 11000, "shot_def_": 11000, "luck_": 10500, "energy_gauge_recovery_": 10500, "vanish_gauge_recovery_": 10000, "change_cool_time_": 10, "strike_arts_spec_id_": -1, "shot_arts_spec_id_": -1, "special_arts_spec_id_": 11030306, "extra_arts_spec_id_": 11050306, "ultimate_arts_spec_id_": -1, "ultimate_artscard_id_": -1, "main_ability_id_": 11000306, "main_ability_btn_type_": 50, "slash_resist_": 10000, "stab_resist_": 10000, "shock_resist_": 10000, "explosion_resist_": 10000, "asset_name_": "0306_VegitoSV_306", "release_flag_": 1}, {"character_id_": 311, "form_id_": 1, "form_state_id_": 311, "form_name_id_": 311, "form_tab_name_before_id_": -1, "form_tab_name_after_id_": -1, "next_form_id_": -1, "change_condition_": 0, "change_effect_param_": 0, "return_condition_": 0, "return_condition_param_": 0, "character_group_id_": -1, "character_attribute_id_": -1, "character_gender_": -1, "character_position_": -1, "character_size_": -1, "health_": 10500, "strike_atk_": 12000, "shot_atk_": 12000, "strike_def_": 11000, "shot_def_": 11000, "luck_": 10500, "energy_gauge_recovery_": 10500, "vanish_gauge_recovery_": 10000, "change_cool_time_": 10, "strike_arts_spec_id_": -1, "shot_arts_spec_id_": -1, "special_arts_spec_id_": 11030311, "extra_arts_spec_id_": 11050311, "ultimate_arts_spec_id_": -1, "ultimate_artscard_id_": -1, "main_ability_id_": 11000311, "main_ability_btn_type_": 150, "slash_resist_": 10000, "stab_resist_": 10000, "shock_resist_": 10000, "explosion_resist_": 10000, "asset_name_": "0311_PaikuhanNoOuterwear_311", "release_flag_": 1}, {"character_id_": 313, "form_id_": 1, "form_state_id_": 100313, "form_name_id_": 313, "form_tab_name_before_id_": -1, "form_tab_name_after_id_": -1, "next_form_id_": -1, "change_condition_": 0, "change_effect_param_": 0, "return_condition_": 1, "return_condition_param_": 40, "character_group_id_": -1, "character_attribute_id_": -1, "character_gender_": -1, "character_position_": -1, "character_size_": -1, "health_": 11000, "strike_atk_": 12500, "shot_atk_": 12500, "strike_def_": 11500, "shot_def_": 11500, "luck_": 10000, "energy_gauge_recovery_": 10000, "vanish_gauge_recovery_": 10000, "change_cool_time_": 10, "strike_arts_spec_id_": -1, "shot_arts_spec_id_": -1, "special_arts_spec_id_": 11030313, "extra_arts_spec_id_": 11050313, "ultimate_arts_spec_id_": -1, "ultimate_artscard_id_": -1, "main_ability_id_": 11000313, "main_ability_btn_type_": 50, "slash_resist_": 10000, "stab_resist_": 10000, "shock_resist_": 10000, "explosion_resist_": 10000, "asset_name_": "0313_GotenksSS3_313", "release_flag_": 1}, {"character_id_": 326, "form_id_": 1, "form_state_id_": 100326, "form_name_id_": 100326, "form_tab_name_before_id_": -1, "form_tab_name_after_id_": -1, "next_form_id_": -1, "change_condition_": 0, "change_effect_param_": 0, "return_condition_": 0, "return_condition_param_": 0, "character_group_id_": -1, "character_attribute_id_": -1, "character_gender_": -1, "character_position_": -1, "character_size_": -1, "health_": 11000, "strike_atk_": 10500, "shot_atk_": 11500, "strike_def_": 11000, "shot_def_": 11000, "luck_": 11500, "energy_gauge_recovery_": 11500, "vanish_gauge_recovery_": 10000, "change_cool_time_": 10, "strike_arts_spec_id_": -1, "shot_arts_spec_id_": -1, "special_arts_spec_id_": 11030326, "extra_arts_spec_id_": 11050326, "ultimate_arts_spec_id_": -1, "ultimate_artscard_id_": -1, "main_ability_id_": 11000326, "main_ability_btn_type_": 100, "slash_resist_": 10000, "stab_resist_": 10000, "shock_resist_": 10000, "explosion_resist_": 10000, "asset_name_": "0326_GohanUltimate_326", "release_flag_": 1}, {"character_id_": 334, "form_id_": 1, "form_state_id_": 100334, "form_name_id_": 100334, "form_tab_name_before_id_": -1, "form_tab_name_after_id_": -1, "next_form_id_": -1, "change_condition_": 0, "change_effect_param_": 0, "return_condition_": 0, "return_condition_param_": 0, "character_group_id_": -1, "character_attribute_id_": -1, "character_gender_": -1, "character_position_": -1, "character_size_": -1, "health_": 11000, "strike_atk_": 12000, "shot_atk_": 11500, "strike_def_": 11000, "shot_def_": 11000, "luck_": 10500, "energy_gauge_recovery_": 10500, "vanish_gauge_recovery_": 10000, "change_cool_time_": 10, "strike_arts_spec_id_": 11000334, "shot_arts_spec_id_": -1, "special_arts_spec_id_": 11030334, "extra_arts_spec_id_": 11050334, "ultimate_arts_spec_id_": -1, "ultimate_artscard_id_": -1, "main_ability_id_": 11000334, "main_ability_btn_type_": 100, "slash_resist_": 10000, "stab_resist_": 10000, "shock_resist_": 10000, "explosion_resist_": 10000, "asset_name_": "0334_GokuaFP_334", "release_flag_": 1}, {"character_id_": 343, "form_id_": 1, "form_state_id_": 100343, "form_name_id_": 343, "form_tab_name_before_id_": -1, "form_tab_name_after_id_": -1, "next_form_id_": -1, "change_condition_": 0, "change_effect_param_": 0, "return_condition_": 1, "return_condition_param_": 40, "character_group_id_": -1, "character_attribute_id_": -1, "character_gender_": -1, "character_position_": -1, "character_size_": -1, "health_": 11000, "strike_atk_": 11000, "shot_atk_": 11000, "strike_def_": 11500, "shot_def_": 11500, "luck_": 11000, "energy_gauge_recovery_": 11000, "vanish_gauge_recovery_": 10000, "change_cool_time_": 10, "strike_arts_spec_id_": -1, "shot_arts_spec_id_": 11010343, "special_arts_spec_id_": 11030343, "extra_arts_spec_id_": 11050343, "ultimate_arts_spec_id_": -1, "ultimate_artscard_id_": -1, "main_ability_id_": 11000343, "main_ability_btn_type_": 100, "slash_resist_": 10000, "stab_resist_": 10000, "shock_resist_": 10000, "explosion_resist_": 10000, "asset_name_": "0343_GotenTeenSS1_343", "release_flag_": 1}, {"character_id_": 344, "form_id_": 1, "form_state_id_": 100344, "form_name_id_": 344, "form_tab_name_before_id_": -1, "form_tab_name_after_id_": -1, "next_form_id_": -1, "change_condition_": 0, "change_effect_param_": 0, "return_condition_": 0, "return_condition_param_": 0, "character_group_id_": -1, "character_attribute_id_": -1, "character_gender_": -1, "character_position_": -1, "character_size_": -1, "health_": 10500, "strike_atk_": 12000, "shot_atk_": 11500, "strike_def_": 10500, "shot_def_": 10500, "luck_": 11000, "energy_gauge_recovery_": 11000, "vanish_gauge_recovery_": 10000, "change_cool_time_": 10, "strike_arts_spec_id_": -1, "shot_arts_spec_id_": -1, "special_arts_spec_id_": 11030344, "extra_arts_spec_id_": 11050344, "ultimate_arts_spec_id_": -1, "ultimate_artscard_id_": -1, "main_ability_id_": 11000344, "main_ability_btn_type_": 150, "slash_resist_": 10000, "stab_resist_": 10000, "shock_resist_": 10000, "explosion_resist_": 10000, "asset_name_": "0344_TrunksTeenSS1_344", "release_flag_": 1}, {"character_id_": 345, "form_id_": 1, "form_state_id_": 100345, "form_name_id_": 100345, "form_tab_name_before_id_": -1, "form_tab_name_after_id_": -1, "next_form_id_": -1, "change_condition_": 2, "change_effect_param_": 0, "return_condition_": 0, "return_condition_param_": 0, "character_group_id_": -1, "character_attribute_id_": -1, "character_gender_": -1, "character_position_": -1, "character_size_": -1, "health_": 12000, "strike_atk_": 12500, "shot_atk_": 12500, "strike_def_": 15000, "shot_def_": 15000, "luck_": 11000, "energy_gauge_recovery_": 11000, "vanish_gauge_recovery_": 10000, "change_cool_time_": 10, "strike_arts_spec_id_": -1, "shot_arts_spec_id_": -1, "special_arts_spec_id_": 11030345, "extra_arts_spec_id_": 11050345, "ultimate_arts_spec_id_": -1, "ultimate_artscard_id_": -1, "main_ability_id_": 11000345, "main_ability_btn_type_": 100, "slash_resist_": 10000, "stab_resist_": 10000, "shock_resist_": 10000, "explosion_resist_": 10000, "asset_name_": "0345_PerfectCell_345", "release_flag_": 1}, {"character_id_": 346, "form_id_": 1, "form_state_id_": 100346, "form_name_id_": 100346, "form_tab_name_before_id_": -1, "form_tab_name_after_id_": -1, "next_form_id_": -1, "change_condition_": 0, "change_effect_param_": 0, "return_condition_": 0, "return_condition_param_": 0, "character_group_id_": -1, "character_attribute_id_": -1, "character_gender_": -1, "character_position_": 1, "character_size_": -1, "health_": 10500, "strike_atk_": 11500, "shot_atk_": 11500, "strike_def_": 10500, "shot_def_": 10500, "luck_": 11000, "energy_gauge_recovery_": 11000, "vanish_gauge_recovery_": 10000, "change_cool_time_": 10, "strike_arts_spec_id_": -1, "shot_arts_spec_id_": -1, "special_arts_spec_id_": 11030346, "extra_arts_spec_id_": 11050346, "ultimate_arts_spec_id_": -1, "ultimate_artscard_id_": -1, "main_ability_id_": 11000346, "main_ability_btn_type_": 150, "slash_resist_": 10000, "stab_resist_": 10000, "shock_resist_": 10000, "explosion_resist_": 10000, "asset_name_": "0346_VegetaM_346", "release_flag_": 1}, {"character_id_": 350, "form_id_": 1, "form_state_id_": 100350, "form_name_id_": 350, "form_tab_name_before_id_": -1, "form_tab_name_after_id_": -1, "next_form_id_": -1, "change_condition_": 0, "change_effect_param_": 0, "return_condition_": 0, "return_condition_param_": 0, "character_group_id_": -1, "character_attribute_id_": -1, "character_gender_": -1, "character_position_": -1, "character_size_": -1, "health_": 10500, "strike_atk_": 12000, "shot_atk_": 12000, "strike_def_": 10500, "shot_def_": 10500, "luck_": 11000, "energy_gauge_recovery_": 11000, "vanish_gauge_recovery_": 10000, "change_cool_time_": 10, "strike_arts_spec_id_": 11000350, "shot_arts_spec_id_": -1, "special_arts_spec_id_": 11030350, "extra_arts_spec_id_": 11050350, "ultimate_arts_spec_id_": -1, "ultimate_artscard_id_": -1, "main_ability_id_": 11000350, "main_ability_btn_type_": 150, "slash_resist_": 10000, "stab_resist_": 10000, "shock_resist_": 10000, "explosion_resist_": 10000, "asset_name_": "0350_GokuBlackRose_350", "release_flag_": 1}, {"character_id_": 381, "form_id_": 1, "form_state_id_": 381, "form_name_id_": 100381, "form_tab_name_before_id_": -1, "form_tab_name_after_id_": -1, "next_form_id_": -1, "change_condition_": 0, "change_effect_param_": 0, "return_condition_": 0, "return_condition_param_": 0, "character_group_id_": -1, "character_attribute_id_": -1, "character_gender_": -1, "character_position_": -1, "character_size_": -1, "health_": 11000, "strike_atk_": 11500, "shot_atk_": 12000, "strike_def_": 10500, "shot_def_": 10500, "luck_": 10500, "energy_gauge_recovery_": 10500, "vanish_gauge_recovery_": 10000, "change_cool_time_": 10, "strike_arts_spec_id_": -1, "shot_arts_spec_id_": -1, "special_arts_spec_id_": 11030381, "extra_arts_spec_id_": 11050381, "ultimate_arts_spec_id_": -1, "ultimate_artscard_id_": -1, "main_ability_id_": 11000381, "main_ability_btn_type_": 100, "slash_resist_": 10000, "stab_resist_": 10000, "shock_resist_": 10000, "explosion_resist_": 10000, "asset_name_": "0381_PiccoloKing_381", "release_flag_": 1}, {"character_id_": 386, "form_id_": 1, "form_state_id_": 386, "form_name_id_": 386, "form_tab_name_before_id_": 10, "form_tab_name_after_id_": 11, "next_form_id_": -1, "change_condition_": 3, "change_effect_param_": 50, "return_condition_": 0, "return_condition_param_": 0, "character_group_id_": -1, "character_attribute_id_": -1, "character_gender_": -1, "character_position_": -1, "character_size_": -1, "health_": 10100, "strike_atk_": 10100, "shot_atk_": 10100, "strike_def_": 10100, "shot_def_": 10100, "luck_": 10100, "energy_gauge_recovery_": 10100, "vanish_gauge_recovery_": 10000, "change_cool_time_": 10, "strike_arts_spec_id_": -1, "shot_arts_spec_id_": -1, "special_arts_spec_id_": -1, "extra_arts_spec_id_": -1, "ultimate_arts_spec_id_": -1, "ultimate_artscard_id_": -1, "main_ability_id_": 11000386, "main_ability_btn_type_": 100, "slash_resist_": 10000, "stab_resist_": 10000, "shock_resist_": 10000, "explosion_resist_": 10000, "asset_name_": "0386_GokuDie_386", "release_flag_": 1}, {"character_id_": 409, "form_id_": 1, "form_state_id_": 100409, "form_name_id_": 409, "form_tab_name_before_id_": -1, "form_tab_name_after_id_": -1, "next_form_id_": -1, "change_condition_": 2, "change_effect_param_": 70, "return_condition_": 0, "return_condition_param_": 0, "character_group_id_": -1, "character_attribute_id_": -1, "character_gender_": -1, "character_position_": -1, "character_size_": -1, "health_": 11000, "strike_atk_": 11500, "shot_atk_": 11000, "strike_def_": 11400, "shot_def_": 11400, "luck_": 10500, "energy_gauge_recovery_": 10500, "vanish_gauge_recovery_": 10000, "change_cool_time_": 10, "strike_arts_spec_id_": -1, "shot_arts_spec_id_": -1, "special_arts_spec_id_": 11030409, "extra_arts_spec_id_": 11050409, "ultimate_arts_spec_id_": -1, "ultimate_artscard_id_": -1, "main_ability_id_": 11000409, "main_ability_btn_type_": 100, "slash_resist_": 10000, "stab_resist_": 10000, "shock_resist_": 10000, "explosion_resist_": 10000, "asset_name_": "0409_GohanTeenSS2_409", "release_flag_": 1}, {"character_id_": 411, "form_id_": 1, "form_state_id_": 100411, "form_name_id_": 100411, "form_tab_name_before_id_": -1, "form_tab_name_after_id_": -1, "next_form_id_": -1, "change_condition_": 10, "change_effect_param_": 0, "return_condition_": 0, "return_condition_param_": 0, "character_group_id_": -1, "character_attribute_id_": -1, "character_gender_": -1, "character_position_": -1, "character_size_": -1, "health_": 10500, "strike_atk_": 12000, "shot_atk_": 12000, "strike_def_": 10600, "shot_def_": 10600, "luck_": 10500, "energy_gauge_recovery_": 10500, "vanish_gauge_recovery_": 10000, "change_cool_time_": 10, "strike_arts_spec_id_": -1, "shot_arts_spec_id_": -1, "special_arts_spec_id_": 11030411, "extra_arts_spec_id_": 11050411, "ultimate_arts_spec_id_": -1, "ultimate_artscard_id_": -1, "main_ability_id_": 11000411, "main_ability_btn_type_": 100, "slash_resist_": 10000, "stab_resist_": 10000, "shock_resist_": 10000, "explosion_resist_": 10000, "asset_name_": "0411_BojackFP_411", "release_flag_": 1}, {"character_id_": 441, "form_id_": 1, "form_state_id_": 100441, "form_name_id_": 100441, "form_tab_name_before_id_": 10, "form_tab_name_after_id_": 11, "next_form_id_": -1, "change_condition_": 4, "change_effect_param_": 40, "return_condition_": 0, "return_condition_param_": 0, "character_group_id_": -1, "character_attribute_id_": -1, "character_gender_": -1, "character_position_": -1, "character_size_": -1, "health_": 10000, "strike_atk_": 10500, "shot_atk_": 10500, "strike_def_": 9000, "shot_def_": 9000, "luck_": 10000, "energy_gauge_recovery_": 10000, "vanish_gauge_recovery_": 10000, "change_cool_time_": 10, "strike_arts_spec_id_": -1, "shot_arts_spec_id_": -1, "special_arts_spec_id_": 11030441, "extra_arts_spec_id_": 11050441, "ultimate_arts_spec_id_": -1, "ultimate_artscard_id_": -1, "main_ability_id_": 11000441, "main_ability_btn_type_": 50, "slash_resist_": 10000, "stab_resist_": 10000, "shock_resist_": 10000, "explosion_resist_": 10000, "asset_name_": "0441_GohanKidDie_441", "release_flag_": 1}, {"character_id_": 448, "form_id_": 1, "form_state_id_": 448, "form_name_id_": 448, "form_tab_name_before_id_": 100, "form_tab_name_after_id_": 101, "next_form_id_": 0, "change_condition_": 0, "change_effect_param_": 0, "return_condition_": 0, "return_condition_param_": 0, "character_group_id_": 20, "character_attribute_id_": 12, "character_gender_": -1, "character_position_": 2, "character_size_": 1, "health_": 10000, "strike_atk_": 10000, "shot_atk_": 10000, "strike_def_": 10000, "shot_def_": 10000, "luck_": 10000, "energy_gauge_recovery_": 10000, "vanish_gauge_recovery_": 10000, "change_cool_time_": 10, "strike_arts_spec_id_": -1, "shot_arts_spec_id_": -1, "special_arts_spec_id_": 11030448, "extra_arts_spec_id_": 11050448, "ultimate_arts_spec_id_": -1, "ultimate_artscard_id_": -1, "main_ability_id_": 11000448, "main_ability_btn_type_": 1100, "slash_resist_": 10000, "stab_resist_": 10000, "shock_resist_": 10000, "explosion_resist_": 10000, "asset_name_": "0448_VegetaSSGSS_448", "release_flag_": 1}, {"character_id_": 460, "form_id_": 1, "form_state_id_": 460, "form_name_id_": 460, "form_tab_name_before_id_": 10, "form_tab_name_after_id_": 11, "next_form_id_": -1, "change_condition_": 4, "change_effect_param_": 70, "return_condition_": 0, "return_condition_param_": 0, "character_group_id_": -1, "character_attribute_id_": -1, "character_gender_": -1, "character_position_": -1, "character_size_": -1, "health_": 10000, "strike_atk_": 11500, "shot_atk_": 11500, "strike_def_": 10000, "shot_def_": 10000, "luck_": 10500, "energy_gauge_recovery_": 10500, "vanish_gauge_recovery_": 10000, "change_cool_time_": 10, "strike_arts_spec_id_": -1, "shot_arts_spec_id_": -1, "special_arts_spec_id_": 11030460, "extra_arts_spec_id_": 11050460, "ultimate_arts_spec_id_": -1, "ultimate_artscard_id_": -1, "main_ability_id_": 11000460, "main_ability_btn_type_": 50, "slash_resist_": 10000, "stab_resist_": 10000, "shock_resist_": 10000, "explosion_resist_": 10000, "asset_name_": "0460_Frieza4thTailCut_460", "release_flag_": 1}, {"character_id_": 472, "form_id_": 1, "form_state_id_": 472, "form_name_id_": 472, "form_tab_name_before_id_": 102, "form_tab_name_after_id_": 103, "next_form_id_": 0, "change_condition_": 0, "change_effect_param_": 0, "return_condition_": 0, "return_condition_param_": 0, "character_group_id_": 40, "character_attribute_id_": 10, "character_gender_": 1, "character_position_": -1, "character_size_": -1, "health_": 10000, "strike_atk_": 10000, "shot_atk_": 10000, "strike_def_": 10000, "shot_def_": 10000, "luck_": 10000, "energy_gauge_recovery_": 10000, "vanish_gauge_recovery_": 10000, "change_cool_time_": 10, "strike_arts_spec_id_": -1, "shot_arts_spec_id_": -1, "special_arts_spec_id_": 11030472, "extra_arts_spec_id_": 11050472, "ultimate_arts_spec_id_": -1, "ultimate_artscard_id_": -1, "main_ability_id_": 11000472, "main_ability_btn_type_": 1100, "slash_resist_": 10000, "stab_resist_": 10000, "shock_resist_": 10000, "explosion_resist_": 10000, "asset_name_": "0472_Android18_472", "release_flag_": 1}, {"character_id_": 473, "form_id_": 1, "form_state_id_": 473, "form_name_id_": 473, "form_tab_name_before_id_": 104, "form_tab_name_after_id_": 105, "next_form_id_": 0, "change_condition_": 0, "change_effect_param_": 0, "return_condition_": 0, "return_condition_param_": 0, "character_group_id_": 34, "character_attribute_id_": 13, "character_gender_": -1, "character_position_": -1, "character_size_": -1, "health_": 10000, "strike_atk_": 10000, "shot_atk_": 10000, "strike_def_": 10000, "shot_def_": 10000, "luck_": 10000, "energy_gauge_recovery_": 10000, "vanish_gauge_recovery_": 10000, "change_cool_time_": 10, "strike_arts_spec_id_": -1, "shot_arts_spec_id_": -1, "special_arts_spec_id_": 11030473, "extra_arts_spec_id_": 11050473, "ultimate_arts_spec_id_": -1, "ultimate_artscard_id_": -1, "main_ability_id_": 11000473, "main_ability_btn_type_": 1100, "slash_resist_": 10000, "stab_resist_": 10000, "shock_resist_": 10000, "explosion_resist_": 10000, "asset_name_": "0473_TrunksTF_473", "release_flag_": 1}, {"character_id_": 478, "form_id_": 1, "form_state_id_": 100478, "form_name_id_": 478, "form_tab_name_before_id_": -1, "form_tab_name_after_id_": -1, "next_form_id_": -1, "change_condition_": 0, "change_effect_param_": 0, "return_condition_": 0, "return_condition_param_": 0, "character_group_id_": -1, "character_attribute_id_": -1, "character_gender_": -1, "character_position_": -1, "character_size_": -1, "health_": 10700, "strike_atk_": 10700, "shot_atk_": 10700, "strike_def_": 10800, "shot_def_": 10800, "luck_": 10800, "energy_gauge_recovery_": 10800, "vanish_gauge_recovery_": 10000, "change_cool_time_": 10, "strike_arts_spec_id_": -1, "shot_arts_spec_id_": -1, "special_arts_spec_id_": 11030478, "extra_arts_spec_id_": 11050478, "ultimate_arts_spec_id_": -1, "ultimate_artscard_id_": -1, "main_ability_id_": 11000478, "main_ability_btn_type_": 100, "slash_resist_": 10000, "stab_resist_": 10000, "shock_resist_": 10000, "explosion_resist_": 10000, "asset_name_": "0478_VegetaSSGSS_478", "release_flag_": 1}, {"character_id_": 501, "form_id_": 1, "form_state_id_": 501, "form_name_id_": 501, "form_tab_name_before_id_": 106, "form_tab_name_after_id_": 107, "next_form_id_": 0, "change_condition_": 0, "change_effect_param_": 0, "return_condition_": 0, "return_condition_param_": 0, "character_group_id_": 20, "character_attribute_id_": 13, "character_gender_": -1, "character_position_": 2, "character_size_": 1, "health_": 10000, "strike_atk_": 10000, "shot_atk_": 10000, "strike_def_": 10000, "shot_def_": 10000, "luck_": 10000, "energy_gauge_recovery_": 10000, "vanish_gauge_recovery_": 10000, "change_cool_time_": 10, "strike_arts_spec_id_": 11000501, "shot_arts_spec_id_": 11010501, "special_arts_spec_id_": 11030501, "extra_arts_spec_id_": 11050501, "ultimate_arts_spec_id_": -1, "ultimate_artscard_id_": -1, "main_ability_id_": 11000501, "main_ability_btn_type_": 1100, "slash_resist_": 10000, "stab_resist_": 10000, "shock_resist_": 10000, "explosion_resist_": 10000, "asset_name_": "0501_VegetaSS4_501", "release_flag_": 1}, {"character_id_": 514, "form_id_": 1, "form_state_id_": 514, "form_name_id_": 514, "form_tab_name_before_id_": 108, "form_tab_name_after_id_": 109, "next_form_id_": 0, "change_condition_": 0, "change_effect_param_": 0, "return_condition_": 0, "return_condition_param_": 0, "character_group_id_": 20, "character_attribute_id_": 11, "character_gender_": -1, "character_position_": 2, "character_size_": 1, "health_": 10000, "strike_atk_": 10000, "shot_atk_": 10000, "strike_def_": 10000, "shot_def_": 10000, "luck_": 10000, "energy_gauge_recovery_": 10000, "vanish_gauge_recovery_": 10000, "change_cool_time_": 10, "strike_arts_spec_id_": 11000514, "shot_arts_spec_id_": -1, "special_arts_spec_id_": 11030514, "extra_arts_spec_id_": 11050514, "ultimate_arts_spec_id_": -1, "ultimate_artscard_id_": -1, "main_ability_id_": 11000514, "main_ability_btn_type_": 1100, "slash_resist_": 10000, "stab_resist_": 10000, "shock_resist_": 10000, "explosion_resist_": 10000, "asset_name_": "0514_VegetaSSGSS_514", "release_flag_": 1}, {"character_id_": 527, "form_id_": 1, "form_state_id_": 100527, "form_name_id_": 527, "form_tab_name_before_id_": -1, "form_tab_name_after_id_": -1, "next_form_id_": -1, "change_condition_": 2, "change_effect_param_": 80, "return_condition_": 0, "return_condition_param_": 0, "character_group_id_": -1, "character_attribute_id_": -1, "character_gender_": -1, "character_position_": -1, "character_size_": -1, "health_": 10200, "strike_atk_": 10800, "shot_atk_": 10800, "strike_def_": 10800, "shot_def_": 10800, "luck_": 11100, "energy_gauge_recovery_": 11100, "vanish_gauge_recovery_": 10000, "change_cool_time_": 10, "strike_arts_spec_id_": -1, "shot_arts_spec_id_": -1, "special_arts_spec_id_": 11030527, "extra_arts_spec_id_": 11050527, "ultimate_arts_spec_id_": -1, "ultimate_artscard_id_": -1, "main_ability_id_": 11000527, "main_ability_btn_type_": 100, "slash_resist_": 10000, "stab_resist_": 10000, "shock_resist_": 10000, "explosion_resist_": 10000, "asset_name_": "0527_GokuUIS_527", "release_flag_": 1}, {"character_id_": 534, "form_id_": 1, "form_state_id_": 100534, "form_name_id_": 534, "form_tab_name_before_id_": -1, "form_tab_name_after_id_": -1, "next_form_id_": -1, "change_condition_": 0, "change_effect_param_": 0, "return_condition_": 0, "return_condition_param_": 0, "character_group_id_": -1, "character_attribute_id_": -1, "character_gender_": -1, "character_position_": -1, "character_size_": -1, "health_": 10700, "strike_atk_": 10700, "shot_atk_": 10700, "strike_def_": 10800, "shot_def_": 10800, "luck_": 11500, "energy_gauge_recovery_": 11500, "vanish_gauge_recovery_": 10000, "change_cool_time_": 10, "strike_arts_spec_id_": -1, "shot_arts_spec_id_": -1, "special_arts_spec_id_": 11030534, "extra_arts_spec_id_": 11050534, "ultimate_arts_spec_id_": -1, "ultimate_artscard_id_": -1, "main_ability_id_": 11000534, "main_ability_btn_type_": 150, "slash_resist_": 10000, "stab_resist_": 10000, "shock_resist_": 10000, "explosion_resist_": 10000, "asset_name_": "0534_Cell3rd_534", "release_flag_": 1}, {"character_id_": 536, "form_id_": 1, "form_state_id_": 536, "form_name_id_": 536, "form_tab_name_before_id_": 110, "form_tab_name_after_id_": 111, "next_form_id_": 0, "change_condition_": 0, "change_effect_param_": 0, "return_condition_": 0, "return_condition_param_": 0, "character_group_id_": 20, "character_attribute_id_": 14, "character_gender_": -1, "character_position_": 2, "character_size_": 1, "health_": 10000, "strike_atk_": 10000, "shot_atk_": 10000, "strike_def_": 10000, "shot_def_": 10000, "luck_": 10000, "energy_gauge_recovery_": 10000, "vanish_gauge_recovery_": 10000, "change_cool_time_": 10, "strike_arts_spec_id_": -1, "shot_arts_spec_id_": -1, "special_arts_spec_id_": 11030536, "extra_arts_spec_id_": 11050536, "ultimate_arts_spec_id_": -1, "ultimate_artscard_id_": -1, "main_ability_id_": 11000536, "main_ability_btn_type_": 1100, "slash_resist_": 10000, "stab_resist_": 10000, "shock_resist_": 10000, "explosion_resist_": 10000, "asset_name_": "0536_VegetaSS2_536", "release_flag_": 1}, {"character_id_": 539, "form_id_": 1, "form_state_id_": 539, "form_name_id_": 539, "form_tab_name_before_id_": 112, "form_tab_name_after_id_": 113, "next_form_id_": 0, "change_condition_": 0, "change_effect_param_": 0, "return_condition_": 0, "return_condition_param_": 0, "character_group_id_": 28, "character_attribute_id_": 4, "character_gender_": -1, "character_position_": 1, "character_size_": 1, "health_": 10000, "strike_atk_": 10000, "shot_atk_": 10000, "strike_def_": 10000, "shot_def_": 10000, "luck_": 10000, "energy_gauge_recovery_": 10000, "vanish_gauge_recovery_": 10000, "change_cool_time_": 10, "strike_arts_spec_id_": 11000539, "shot_arts_spec_id_": 11010539, "special_arts_spec_id_": 11030539, "extra_arts_spec_id_": 11050539, "ultimate_arts_spec_id_": -1, "ultimate_artscard_id_": -1, "main_ability_id_": 11000539, "main_ability_btn_type_": 1100, "slash_resist_": 10000, "stab_resist_": 10000, "shock_resist_": 10000, "explosion_resist_": 10000, "asset_name_": "0539_Frieza4th_539", "release_flag_": 1}, {"character_id_": 540, "form_id_": 1, "form_state_id_": 100540, "form_name_id_": 100540, "form_tab_name_before_id_": -1, "form_tab_name_after_id_": -1, "next_form_id_": -1, "change_condition_": 0, "change_effect_param_": 0, "return_condition_": 0, "return_condition_param_": 0, "character_group_id_": -1, "character_attribute_id_": -1, "character_gender_": -1, "character_position_": -1, "character_size_": -1, "health_": 10800, "strike_atk_": 10800, "shot_atk_": 10800, "strike_def_": 10800, "shot_def_": 10800, "luck_": 10800, "energy_gauge_recovery_": 10800, "vanish_gauge_recovery_": 10000, "change_cool_time_": 10, "strike_arts_spec_id_": -1, "shot_arts_spec_id_": -1, "special_arts_spec_id_": 11030540, "extra_arts_spec_id_": 11050540, "ultimate_arts_spec_id_": -1, "ultimate_artscard_id_": -1, "main_ability_id_": 11000540, "main_ability_btn_type_": 100, "slash_resist_": 10000, "stab_resist_": 10000, "shock_resist_": 10000, "explosion_resist_": 10000, "asset_name_": "0540_JirenFP_540", "release_flag_": 1}, {"character_id_": 549, "form_id_": 1, "form_state_id_": 549, "form_name_id_": 549, "form_tab_name_before_id_": 114, "form_tab_name_after_id_": 115, "next_form_id_": 0, "change_condition_": 0, "change_effect_param_": 0, "return_condition_": 0, "return_condition_param_": 0, "character_group_id_": 131, "character_attribute_id_": 1, "character_gender_": -1, "character_position_": -1, "character_size_": -1, "health_": 10000, "strike_atk_": 10000, "shot_atk_": 10000, "strike_def_": 10000, "shot_def_": 10000, "luck_": 10000, "energy_gauge_recovery_": 10000, "vanish_gauge_recovery_": 10000, "change_cool_time_": 10, "strike_arts_spec_id_": -1, "shot_arts_spec_id_": -1, "special_arts_spec_id_": 11030549, "extra_arts_spec_id_": 11050549, "ultimate_arts_spec_id_": -1, "ultimate_artscard_id_": -1, "main_ability_id_": 11000549, "main_ability_btn_type_": 1100, "slash_resist_": 10000, "stab_resist_": 10000, "shock_resist_": 10000, "explosion_resist_": 10000, "asset_name_": "0549_Gamma2_549", "release_flag_": 1}, {"character_id_": 551, "form_id_": 1, "form_state_id_": 100551, "form_name_id_": 100551, "form_tab_name_before_id_": -1, "form_tab_name_after_id_": -1, "next_form_id_": -1, "change_condition_": 4, "change_effect_param_": 0, "return_condition_": 0, "return_condition_param_": 0, "character_group_id_": -1, "character_attribute_id_": -1, "character_gender_": -1, "character_position_": -1, "character_size_": 3, "health_": 10440, "strike_atk_": 10800, "shot_atk_": 10900, "strike_def_": 10600, "shot_def_": 10400, "luck_": 10900, "energy_gauge_recovery_": 10900, "vanish_gauge_recovery_": 10000, "change_cool_time_": 10, "strike_arts_spec_id_": 11000551, "shot_arts_spec_id_": 11010551, "special_arts_spec_id_": 11030551, "extra_arts_spec_id_": 11050551, "ultimate_arts_spec_id_": -1, "ultimate_artscard_id_": -1, "main_ability_id_": 11000551, "main_ability_btn_type_": 100, "slash_resist_": 10000, "stab_resist_": 10000, "shock_resist_": 10000, "explosion_resist_": 10000, "asset_name_": "0551_OrangePiccolo_551", "release_flag_": 1}, {"character_id_": 9000, "form_id_": 1, "form_state_id_": 900001, "form_name_id_": 9000, "form_tab_name_before_id_": -1, "form_tab_name_after_id_": -1, "next_form_id_": -1, "change_condition_": 0, "change_effect_param_": 0, "return_condition_": 0, "return_condition_param_": 15, "character_group_id_": -1, "character_attribute_id_": -1, "character_gender_": -1, "character_position_": -1, "character_size_": -1, "health_": 12000, "strike_atk_": 12000, "shot_atk_": 12000, "strike_def_": 13500, "shot_def_": 13500, "luck_": 12000, "energy_gauge_recovery_": 12000, "vanish_gauge_recovery_": 10000, "change_cool_time_": 10, "strike_arts_spec_id_": -1, "shot_arts_spec_id_": -1, "special_arts_spec_id_": -1, "extra_arts_spec_id_": 11059000, "ultimate_arts_spec_id_": -1, "ultimate_artscard_id_": -1, "main_ability_id_": 11009000, "main_ability_btn_type_": 100, "slash_resist_": 10000, "stab_resist_": 10000, "shock_resist_": 10000, "explosion_resist_": 10000, "asset_name_": "9000_ShallotSS1_01", "release_flag_": 1}, {"character_id_": 9000, "form_id_": 2, "form_state_id_": 900002, "form_name_id_": 9000, "form_tab_name_before_id_": -1, "form_tab_name_after_id_": -1, "next_form_id_": -1, "change_condition_": 0, "change_effect_param_": 0, "return_condition_": 0, "return_condition_param_": 0, "character_group_id_": -1, "character_attribute_id_": -1, "character_gender_": -1, "character_position_": -1, "character_size_": -1, "health_": 13000, "strike_atk_": 14500, "shot_atk_": 12500, "strike_def_": 13500, "shot_def_": 13500, "luck_": 12000, "energy_gauge_recovery_": 12000, "vanish_gauge_recovery_": 10000, "change_cool_time_": 10, "strike_arts_spec_id_": -1, "shot_arts_spec_id_": -1, "special_arts_spec_id_": -1, "extra_arts_spec_id_": 12059000, "ultimate_arts_spec_id_": -1, "ultimate_artscard_id_": -1, "main_ability_id_": 12009000, "main_ability_btn_type_": 100, "slash_resist_": 10000, "stab_resist_": 10000, "shock_resist_": 10000, "explosion_resist_": 10000, "asset_name_": "9000_ShallotSS2_01", "release_flag_": 1}, {"character_id_": 9000, "form_id_": 3, "form_state_id_": 900003, "form_name_id_": 9000, "form_tab_name_before_id_": -1, "form_tab_name_after_id_": -1, "next_form_id_": -1, "change_condition_": 0, "change_effect_param_": 0, "return_condition_": 1, "return_condition_param_": 45, "character_group_id_": -1, "character_attribute_id_": -1, "character_gender_": -1, "character_position_": -1, "character_size_": -1, "health_": 20000, "strike_atk_": 20000, "shot_atk_": 20000, "strike_def_": 20000, "shot_def_": 20000, "luck_": 15000, "energy_gauge_recovery_": 15000, "vanish_gauge_recovery_": 10000, "change_cool_time_": 10, "strike_arts_spec_id_": -1, "shot_arts_spec_id_": -1, "special_arts_spec_id_": -1, "extra_arts_spec_id_": 13059000, "ultimate_arts_spec_id_": -1, "ultimate_artscard_id_": -1, "main_ability_id_": 13009000, "main_ability_btn_type_": 50, "slash_resist_": 10000, "stab_resist_": 10000, "shock_resist_": 10000, "explosion_resist_": 10000, "asset_name_": "9000_ShallotSS3_01", "release_flag_": 1}, {"character_id_": 9000, "form_id_": 4, "form_state_id_": 900004, "form_name_id_": 9000, "form_tab_name_before_id_": -1, "form_tab_name_after_id_": -1, "next_form_id_": -1, "change_condition_": 0, "change_effect_param_": 0, "return_condition_": 0, "return_condition_param_": 0, "character_group_id_": -1, "character_attribute_id_": -1, "character_gender_": -1, "character_position_": -1, "character_size_": -1, "health_": 20000, "strike_atk_": 19000, "shot_atk_": 21000, "strike_def_": 19500, "shot_def_": 19500, "luck_": 16000, "energy_gauge_recovery_": 16000, "vanish_gauge_recovery_": 10000, "change_cool_time_": 10, "strike_arts_spec_id_": -1, "shot_arts_spec_id_": -1, "special_arts_spec_id_": -1, "extra_arts_spec_id_": 14059000, "ultimate_arts_spec_id_": -1, "ultimate_artscard_id_": -1, "main_ability_id_": 14009000, "main_ability_btn_type_": 100, "slash_resist_": 10000, "stab_resist_": 10000, "shock_resist_": 10000, "explosion_resist_": 10000, "asset_name_": "9000_ShallotSSG_01", "release_flag_": 1}, {"character_id_": 9000, "form_id_": 801, "form_state_id_": 900001, "form_name_id_": 9000, "form_tab_name_before_id_": -1, "form_tab_name_after_id_": -1, "next_form_id_": -1, "change_condition_": 0, "change_effect_param_": 0, "return_condition_": 0, "return_condition_param_": 0, "character_group_id_": -1, "character_attribute_id_": -1, "character_gender_": -1, "character_position_": -1, "character_size_": -1, "health_": 10650, "strike_atk_": 11000, "shot_atk_": 10700, "strike_def_": 10500, "shot_def_": 10500, "luck_": 10600, "energy_gauge_recovery_": 10600, "vanish_gauge_recovery_": 10000, "change_cool_time_": 10, "strike_arts_spec_id_": -1, "shot_arts_spec_id_": -1, "special_arts_spec_id_": -1, "extra_arts_spec_id_": 11059800, "ultimate_arts_spec_id_": -1, "ultimate_artscard_id_": -1, "main_ability_id_": 11009800, "main_ability_btn_type_": 100, "slash_resist_": 10000, "stab_resist_": 10000, "shock_resist_": 10000, "explosion_resist_": 10000, "asset_name_": "9800_ShallotSS1_01", "release_flag_": 1}, {"character_id_": 9000, "form_id_": 802, "form_state_id_": 900002, "form_name_id_": 9000, "form_tab_name_before_id_": -1, "form_tab_name_after_id_": -1, "next_form_id_": -1, "change_condition_": 0, "change_effect_param_": 0, "return_condition_": 0, "return_condition_param_": 0, "character_group_id_": -1, "character_attribute_id_": -1, "character_gender_": -1, "character_position_": -1, "character_size_": -1, "health_": 10800, "strike_atk_": 10600, "shot_atk_": 10600, "strike_def_": 10800, "shot_def_": 10800, "luck_": 10600, "energy_gauge_recovery_": 10600, "vanish_gauge_recovery_": 10000, "change_cool_time_": 10, "strike_arts_spec_id_": -1, "shot_arts_spec_id_": -1, "special_arts_spec_id_": -1, "extra_arts_spec_id_": 12059800, "ultimate_arts_spec_id_": -1, "ultimate_artscard_id_": -1, "main_ability_id_": 12009800, "main_ability_btn_type_": 100, "slash_resist_": 10000, "stab_resist_": 10000, "shock_resist_": 10000, "explosion_resist_": 10000, "asset_name_": "9800_ShallotSS2_01", "release_flag_": 1}, {"character_id_": 9000, "form_id_": 803, "form_state_id_": 900003, "form_name_id_": 9000, "form_tab_name_before_id_": -1, "form_tab_name_after_id_": -1, "next_form_id_": -1, "change_condition_": 0, "change_effect_param_": 0, "return_condition_": 1, "return_condition_param_": 60, "character_group_id_": -1, "character_attribute_id_": -1, "character_gender_": -1, "character_position_": -1, "character_size_": -1, "health_": 10500, "strike_atk_": 11500, "shot_atk_": 11500, "strike_def_": 10500, "shot_def_": 10500, "luck_": 10500, "energy_gauge_recovery_": 10500, "vanish_gauge_recovery_": 10000, "change_cool_time_": 10, "strike_arts_spec_id_": -1, "shot_arts_spec_id_": -1, "special_arts_spec_id_": -1, "extra_arts_spec_id_": 13059800, "ultimate_arts_spec_id_": -1, "ultimate_artscard_id_": -1, "main_ability_id_": 13009800, "main_ability_btn_type_": 50, "slash_resist_": 10000, "stab_resist_": 10000, "shock_resist_": 10000, "explosion_resist_": 10000, "asset_name_": "9800_ShallotSS3_01", "release_flag_": 1}, {"character_id_": 9000, "form_id_": 804, "form_state_id_": 900004, "form_name_id_": 9000, "form_tab_name_before_id_": -1, "form_tab_name_after_id_": -1, "next_form_id_": -1, "change_condition_": 0, "change_effect_param_": 0, "return_condition_": 0, "return_condition_param_": 0, "character_group_id_": -1, "character_attribute_id_": -1, "character_gender_": -1, "character_position_": -1, "character_size_": -1, "health_": 10700, "strike_atk_": 10700, "shot_atk_": 10700, "strike_def_": 10650, "shot_def_": 10650, "luck_": 10800, "energy_gauge_recovery_": 10800, "vanish_gauge_recovery_": 10000, "change_cool_time_": 10, "strike_arts_spec_id_": -1, "shot_arts_spec_id_": -1, "special_arts_spec_id_": -1, "extra_arts_spec_id_": 14059800, "ultimate_arts_spec_id_": -1, "ultimate_artscard_id_": -1, "main_ability_id_": 14009800, "main_ability_btn_type_": 100, "slash_resist_": 10000, "stab_resist_": 10000, "shock_resist_": 10000, "explosion_resist_": 10000, "asset_name_": "9800_ShallotSSG_01", "release_flag_": 1}, {"character_id_": 9000, "form_id_": 805, "form_state_id_": 900005, "form_name_id_": 9000, "form_tab_name_before_id_": -1, "form_tab_name_after_id_": -1, "next_form_id_": -1, "change_condition_": 0, "change_effect_param_": 0, "return_condition_": 0, "return_condition_param_": 0, "character_group_id_": -1, "character_attribute_id_": -1, "character_gender_": -1, "character_position_": -1, "character_size_": -1, "health_": 10700, "strike_atk_": 10700, "shot_atk_": 10900, "strike_def_": 10600, "shot_def_": 10600, "luck_": 10700, "energy_gauge_recovery_": 10700, "vanish_gauge_recovery_": 10000, "change_cool_time_": 10, "strike_arts_spec_id_": -1, "shot_arts_spec_id_": 15019800, "special_arts_spec_id_": -1, "extra_arts_spec_id_": 15059800, "ultimate_arts_spec_id_": -1, "ultimate_artscard_id_": -1, "main_ability_id_": 15009800, "main_ability_btn_type_": 100, "slash_resist_": 10000, "stab_resist_": 10000, "shock_resist_": 10000, "explosion_resist_": 10000, "asset_name_": "9800_ShallotSSGSS_01", "release_flag_": 1}, {"character_id_": 9025, "form_id_": 1, "form_state_id_": 305, "form_name_id_": 305, "form_tab_name_before_id_": -1, "form_tab_name_after_id_": -1, "next_form_id_": -1, "change_condition_": 0, "change_effect_param_": 0, "return_condition_": 0, "return_condition_param_": 0, "character_group_id_": -1, "character_attribute_id_": -1, "character_gender_": -1, "character_position_": -1, "character_size_": -1, "health_": 11000, "strike_atk_": 12500, "shot_atk_": 11500, "strike_def_": 11000, "shot_def_": 11000, "luck_": 10000, "energy_gauge_recovery_": 10000, "vanish_gauge_recovery_": 10000, "change_cool_time_": 10, "strike_arts_spec_id_": -1, "shot_arts_spec_id_": -1, "special_arts_spec_id_": 11030305, "extra_arts_spec_id_": 11050305, "ultimate_arts_spec_id_": -1, "ultimate_artscard_id_": -1, "main_ability_id_": 11000305, "main_ability_btn_type_": 100, "slash_resist_": 10000, "stab_resist_": 10000, "shock_resist_": 10000, "explosion_resist_": 10000, "asset_name_": "9025_Bardock_02", "release_flag_": 1}, {"character_id_": 9039, "form_id_": 1, "form_state_id_": 100125, "form_name_id_": 125, "form_tab_name_before_id_": -1, "form_tab_name_after_id_": -1, "next_form_id_": -1, "change_condition_": 0, "change_effect_param_": 0, "return_condition_": 1, "return_condition_param_": 60, "character_group_id_": -1, "character_attribute_id_": -1, "character_gender_": -1, "character_position_": -1, "character_size_": -1, "health_": 12000, "strike_atk_": 12000, "shot_atk_": 12000, "strike_def_": 12000, "shot_def_": 12000, "luck_": 12000, "energy_gauge_recovery_": 12000, "vanish_gauge_recovery_": 10000, "change_cool_time_": 10, "strike_arts_spec_id_": -1, "shot_arts_spec_id_": -1, "special_arts_spec_id_": 11030125, "extra_arts_spec_id_": 11050125, "ultimate_arts_spec_id_": -1, "ultimate_artscard_id_": -1, "main_ability_id_": 11000125, "main_ability_btn_type_": 100, "slash_resist_": 10000, "stab_resist_": 10000, "shock_resist_": 10000, "explosion_resist_": 10000, "asset_name_": "9039_GokuKAIOU_125", "release_flag_": 1}]