[{"attribute_id_": 0, "attribute_type_": 0, "attribute_group_id_": 0, "attribute_name_id_": 0}, {"attribute_id_": 1, "attribute_type_": 0, "attribute_group_id_": 1, "attribute_name_id_": 1}, {"attribute_id_": 2, "attribute_type_": 0, "attribute_group_id_": 2, "attribute_name_id_": 2}, {"attribute_id_": 3, "attribute_type_": 0, "attribute_group_id_": 3, "attribute_name_id_": 3}, {"attribute_id_": 4, "attribute_type_": 0, "attribute_group_id_": 4, "attribute_name_id_": 4}, {"attribute_id_": 10, "attribute_type_": 1, "attribute_group_id_": 0, "attribute_name_id_": 10}, {"attribute_id_": 11, "attribute_type_": 1, "attribute_group_id_": 1, "attribute_name_id_": 11}, {"attribute_id_": 12, "attribute_type_": 1, "attribute_group_id_": 2, "attribute_name_id_": 12}, {"attribute_id_": 13, "attribute_type_": 1, "attribute_group_id_": 3, "attribute_name_id_": 13}, {"attribute_id_": 14, "attribute_type_": 1, "attribute_group_id_": 4, "attribute_name_id_": 14}, {"attribute_id_": 70, "attribute_type_": 0, "attribute_group_id_": 70, "attribute_name_id_": 70}, {"attribute_id_": 72, "attribute_type_": 0, "attribute_group_id_": 72, "attribute_name_id_": 72}, {"attribute_id_": 99, "attribute_type_": 0, "attribute_group_id_": 99, "attribute_name_id_": 99}]