[{"arts_boost_id_": 0, "arts_boost_type_": 0, "arts_boost_": 1, "arts_boost_damageup_id_": 0, "health_up_param_": 0, "strike_atk_up_param_": 0, "shot_atk_up_param_": 0, "strike_def_up_param_": 0, "shot_def_up_param_": 0, "luck_up_param_": 0}, {"arts_boost_id_": 1, "arts_boost_type_": 0, "arts_boost_": 2, "arts_boost_damageup_id_": 0, "health_up_param_": 0, "strike_atk_up_param_": 333, "shot_atk_up_param_": 0, "strike_def_up_param_": 0, "shot_def_up_param_": 0, "luck_up_param_": 0}, {"arts_boost_id_": 2, "arts_boost_type_": 0, "arts_boost_": 3, "arts_boost_damageup_id_": 0, "health_up_param_": 0, "strike_atk_up_param_": 667, "shot_atk_up_param_": 0, "strike_def_up_param_": 0, "shot_def_up_param_": 0, "luck_up_param_": 0}, {"arts_boost_id_": 3, "arts_boost_type_": 0, "arts_boost_": 4, "arts_boost_damageup_id_": 0, "health_up_param_": 0, "strike_atk_up_param_": 1000, "shot_atk_up_param_": 0, "strike_def_up_param_": 0, "shot_def_up_param_": 0, "luck_up_param_": 0}, {"arts_boost_id_": 4, "arts_boost_type_": 0, "arts_boost_": 5, "arts_boost_damageup_id_": 0, "health_up_param_": 0, "strike_atk_up_param_": 1333, "shot_atk_up_param_": 0, "strike_def_up_param_": 0, "shot_def_up_param_": 0, "luck_up_param_": 0}, {"arts_boost_id_": 5, "arts_boost_type_": 0, "arts_boost_": 6, "arts_boost_damageup_id_": 0, "health_up_param_": 0, "strike_atk_up_param_": 1667, "shot_atk_up_param_": 0, "strike_def_up_param_": 0, "shot_def_up_param_": 0, "luck_up_param_": 0}, {"arts_boost_id_": 6, "arts_boost_type_": 0, "arts_boost_": 7, "arts_boost_damageup_id_": 0, "health_up_param_": 0, "strike_atk_up_param_": 2000, "shot_atk_up_param_": 0, "strike_def_up_param_": 0, "shot_def_up_param_": 0, "luck_up_param_": 0}, {"arts_boost_id_": 7, "arts_boost_type_": 0, "arts_boost_": 8, "arts_boost_damageup_id_": 0, "health_up_param_": 0, "strike_atk_up_param_": 2333, "shot_atk_up_param_": 0, "strike_def_up_param_": 0, "shot_def_up_param_": 0, "luck_up_param_": 0}, {"arts_boost_id_": 8, "arts_boost_type_": 0, "arts_boost_": 9, "arts_boost_damageup_id_": 0, "health_up_param_": 0, "strike_atk_up_param_": 2667, "shot_atk_up_param_": 0, "strike_def_up_param_": 0, "shot_def_up_param_": 0, "luck_up_param_": 0}, {"arts_boost_id_": 9, "arts_boost_type_": 0, "arts_boost_": 10, "arts_boost_damageup_id_": 1, "health_up_param_": 0, "strike_atk_up_param_": 3000, "shot_atk_up_param_": 0, "strike_def_up_param_": 0, "shot_def_up_param_": 0, "luck_up_param_": 0}, {"arts_boost_id_": 10, "arts_boost_type_": 0, "arts_boost_": 11, "arts_boost_damageup_id_": 1, "health_up_param_": 0, "strike_atk_up_param_": 3180, "shot_atk_up_param_": 0, "strike_def_up_param_": 0, "shot_def_up_param_": 0, "luck_up_param_": 0}, {"arts_boost_id_": 11, "arts_boost_type_": 0, "arts_boost_": 12, "arts_boost_damageup_id_": 1, "health_up_param_": 0, "strike_atk_up_param_": 3360, "shot_atk_up_param_": 0, "strike_def_up_param_": 0, "shot_def_up_param_": 0, "luck_up_param_": 0}, {"arts_boost_id_": 12, "arts_boost_type_": 0, "arts_boost_": 13, "arts_boost_damageup_id_": 1, "health_up_param_": 0, "strike_atk_up_param_": 3540, "shot_atk_up_param_": 0, "strike_def_up_param_": 0, "shot_def_up_param_": 0, "luck_up_param_": 0}, {"arts_boost_id_": 13, "arts_boost_type_": 0, "arts_boost_": 14, "arts_boost_damageup_id_": 1, "health_up_param_": 0, "strike_atk_up_param_": 3720, "shot_atk_up_param_": 0, "strike_def_up_param_": 0, "shot_def_up_param_": 0, "luck_up_param_": 0}, {"arts_boost_id_": 14, "arts_boost_type_": 0, "arts_boost_": 15, "arts_boost_damageup_id_": 1, "health_up_param_": 0, "strike_atk_up_param_": 3900, "shot_atk_up_param_": 0, "strike_def_up_param_": 0, "shot_def_up_param_": 0, "luck_up_param_": 0}, {"arts_boost_id_": 15, "arts_boost_type_": 0, "arts_boost_": 16, "arts_boost_damageup_id_": 1, "health_up_param_": 0, "strike_atk_up_param_": 4080, "shot_atk_up_param_": 0, "strike_def_up_param_": 0, "shot_def_up_param_": 0, "luck_up_param_": 0}, {"arts_boost_id_": 16, "arts_boost_type_": 0, "arts_boost_": 17, "arts_boost_damageup_id_": 1, "health_up_param_": 0, "strike_atk_up_param_": 4260, "shot_atk_up_param_": 0, "strike_def_up_param_": 0, "shot_def_up_param_": 0, "luck_up_param_": 0}, {"arts_boost_id_": 17, "arts_boost_type_": 0, "arts_boost_": 18, "arts_boost_damageup_id_": 1, "health_up_param_": 0, "strike_atk_up_param_": 4440, "shot_atk_up_param_": 0, "strike_def_up_param_": 0, "shot_def_up_param_": 0, "luck_up_param_": 0}, {"arts_boost_id_": 18, "arts_boost_type_": 0, "arts_boost_": 19, "arts_boost_damageup_id_": 1, "health_up_param_": 0, "strike_atk_up_param_": 4620, "shot_atk_up_param_": 0, "strike_def_up_param_": 0, "shot_def_up_param_": 0, "luck_up_param_": 0}, {"arts_boost_id_": 19, "arts_boost_type_": 0, "arts_boost_": 20, "arts_boost_damageup_id_": 2, "health_up_param_": 0, "strike_atk_up_param_": 4800, "shot_atk_up_param_": 0, "strike_def_up_param_": 0, "shot_def_up_param_": 0, "luck_up_param_": 0}, {"arts_boost_id_": 20, "arts_boost_type_": 0, "arts_boost_": 21, "arts_boost_damageup_id_": 2, "health_up_param_": 0, "strike_atk_up_param_": 4920, "shot_atk_up_param_": 0, "strike_def_up_param_": 0, "shot_def_up_param_": 0, "luck_up_param_": 0}, {"arts_boost_id_": 21, "arts_boost_type_": 0, "arts_boost_": 22, "arts_boost_damageup_id_": 2, "health_up_param_": 0, "strike_atk_up_param_": 5040, "shot_atk_up_param_": 0, "strike_def_up_param_": 0, "shot_def_up_param_": 0, "luck_up_param_": 0}, {"arts_boost_id_": 22, "arts_boost_type_": 0, "arts_boost_": 23, "arts_boost_damageup_id_": 2, "health_up_param_": 0, "strike_atk_up_param_": 5160, "shot_atk_up_param_": 0, "strike_def_up_param_": 0, "shot_def_up_param_": 0, "luck_up_param_": 0}, {"arts_boost_id_": 23, "arts_boost_type_": 0, "arts_boost_": 24, "arts_boost_damageup_id_": 2, "health_up_param_": 0, "strike_atk_up_param_": 5280, "shot_atk_up_param_": 0, "strike_def_up_param_": 0, "shot_def_up_param_": 0, "luck_up_param_": 0}, {"arts_boost_id_": 24, "arts_boost_type_": 0, "arts_boost_": 25, "arts_boost_damageup_id_": 2, "health_up_param_": 0, "strike_atk_up_param_": 5400, "shot_atk_up_param_": 0, "strike_def_up_param_": 0, "shot_def_up_param_": 0, "luck_up_param_": 0}, {"arts_boost_id_": 25, "arts_boost_type_": 0, "arts_boost_": 26, "arts_boost_damageup_id_": 2, "health_up_param_": 0, "strike_atk_up_param_": 5520, "shot_atk_up_param_": 0, "strike_def_up_param_": 0, "shot_def_up_param_": 0, "luck_up_param_": 0}, {"arts_boost_id_": 26, "arts_boost_type_": 0, "arts_boost_": 27, "arts_boost_damageup_id_": 2, "health_up_param_": 0, "strike_atk_up_param_": 5640, "shot_atk_up_param_": 0, "strike_def_up_param_": 0, "shot_def_up_param_": 0, "luck_up_param_": 0}, {"arts_boost_id_": 27, "arts_boost_type_": 0, "arts_boost_": 28, "arts_boost_damageup_id_": 2, "health_up_param_": 0, "strike_atk_up_param_": 5760, "shot_atk_up_param_": 0, "strike_def_up_param_": 0, "shot_def_up_param_": 0, "luck_up_param_": 0}, {"arts_boost_id_": 28, "arts_boost_type_": 0, "arts_boost_": 29, "arts_boost_damageup_id_": 2, "health_up_param_": 0, "strike_atk_up_param_": 5880, "shot_atk_up_param_": 0, "strike_def_up_param_": 0, "shot_def_up_param_": 0, "luck_up_param_": 0}, {"arts_boost_id_": 29, "arts_boost_type_": 0, "arts_boost_": 30, "arts_boost_damageup_id_": 3, "health_up_param_": 0, "strike_atk_up_param_": 6000, "shot_atk_up_param_": 0, "strike_def_up_param_": 0, "shot_def_up_param_": 0, "luck_up_param_": 0}, {"arts_boost_id_": 30, "arts_boost_type_": 0, "arts_boost_": 31, "arts_boost_damageup_id_": 3, "health_up_param_": 0, "strike_atk_up_param_": 6100, "shot_atk_up_param_": 0, "strike_def_up_param_": 0, "shot_def_up_param_": 0, "luck_up_param_": 0}, {"arts_boost_id_": 31, "arts_boost_type_": 0, "arts_boost_": 32, "arts_boost_damageup_id_": 3, "health_up_param_": 0, "strike_atk_up_param_": 6200, "shot_atk_up_param_": 0, "strike_def_up_param_": 0, "shot_def_up_param_": 0, "luck_up_param_": 0}, {"arts_boost_id_": 32, "arts_boost_type_": 0, "arts_boost_": 33, "arts_boost_damageup_id_": 3, "health_up_param_": 0, "strike_atk_up_param_": 6300, "shot_atk_up_param_": 0, "strike_def_up_param_": 0, "shot_def_up_param_": 0, "luck_up_param_": 0}, {"arts_boost_id_": 33, "arts_boost_type_": 0, "arts_boost_": 34, "arts_boost_damageup_id_": 3, "health_up_param_": 0, "strike_atk_up_param_": 6400, "shot_atk_up_param_": 0, "strike_def_up_param_": 0, "shot_def_up_param_": 0, "luck_up_param_": 0}, {"arts_boost_id_": 34, "arts_boost_type_": 0, "arts_boost_": 35, "arts_boost_damageup_id_": 3, "health_up_param_": 0, "strike_atk_up_param_": 6500, "shot_atk_up_param_": 0, "strike_def_up_param_": 0, "shot_def_up_param_": 0, "luck_up_param_": 0}, {"arts_boost_id_": 35, "arts_boost_type_": 0, "arts_boost_": 36, "arts_boost_damageup_id_": 3, "health_up_param_": 0, "strike_atk_up_param_": 6600, "shot_atk_up_param_": 0, "strike_def_up_param_": 0, "shot_def_up_param_": 0, "luck_up_param_": 0}, {"arts_boost_id_": 36, "arts_boost_type_": 0, "arts_boost_": 37, "arts_boost_damageup_id_": 3, "health_up_param_": 0, "strike_atk_up_param_": 6700, "shot_atk_up_param_": 0, "strike_def_up_param_": 0, "shot_def_up_param_": 0, "luck_up_param_": 0}, {"arts_boost_id_": 37, "arts_boost_type_": 0, "arts_boost_": 38, "arts_boost_damageup_id_": 3, "health_up_param_": 0, "strike_atk_up_param_": 6800, "shot_atk_up_param_": 0, "strike_def_up_param_": 0, "shot_def_up_param_": 0, "luck_up_param_": 0}, {"arts_boost_id_": 38, "arts_boost_type_": 0, "arts_boost_": 39, "arts_boost_damageup_id_": 3, "health_up_param_": 0, "strike_atk_up_param_": 6900, "shot_atk_up_param_": 0, "strike_def_up_param_": 0, "shot_def_up_param_": 0, "luck_up_param_": 0}, {"arts_boost_id_": 39, "arts_boost_type_": 0, "arts_boost_": 40, "arts_boost_damageup_id_": 4, "health_up_param_": 0, "strike_atk_up_param_": 7000, "shot_atk_up_param_": 0, "strike_def_up_param_": 0, "shot_def_up_param_": 0, "luck_up_param_": 0}, {"arts_boost_id_": 40, "arts_boost_type_": 0, "arts_boost_": 41, "arts_boost_damageup_id_": 4, "health_up_param_": 0, "strike_atk_up_param_": 7080, "shot_atk_up_param_": 0, "strike_def_up_param_": 0, "shot_def_up_param_": 0, "luck_up_param_": 0}, {"arts_boost_id_": 41, "arts_boost_type_": 0, "arts_boost_": 42, "arts_boost_damageup_id_": 4, "health_up_param_": 0, "strike_atk_up_param_": 7160, "shot_atk_up_param_": 0, "strike_def_up_param_": 0, "shot_def_up_param_": 0, "luck_up_param_": 0}, {"arts_boost_id_": 42, "arts_boost_type_": 0, "arts_boost_": 43, "arts_boost_damageup_id_": 4, "health_up_param_": 0, "strike_atk_up_param_": 7240, "shot_atk_up_param_": 0, "strike_def_up_param_": 0, "shot_def_up_param_": 0, "luck_up_param_": 0}, {"arts_boost_id_": 43, "arts_boost_type_": 0, "arts_boost_": 44, "arts_boost_damageup_id_": 4, "health_up_param_": 0, "strike_atk_up_param_": 7320, "shot_atk_up_param_": 0, "strike_def_up_param_": 0, "shot_def_up_param_": 0, "luck_up_param_": 0}, {"arts_boost_id_": 44, "arts_boost_type_": 0, "arts_boost_": 45, "arts_boost_damageup_id_": 4, "health_up_param_": 0, "strike_atk_up_param_": 7400, "shot_atk_up_param_": 0, "strike_def_up_param_": 0, "shot_def_up_param_": 0, "luck_up_param_": 0}, {"arts_boost_id_": 45, "arts_boost_type_": 0, "arts_boost_": 46, "arts_boost_damageup_id_": 4, "health_up_param_": 0, "strike_atk_up_param_": 7480, "shot_atk_up_param_": 0, "strike_def_up_param_": 0, "shot_def_up_param_": 0, "luck_up_param_": 0}, {"arts_boost_id_": 46, "arts_boost_type_": 0, "arts_boost_": 47, "arts_boost_damageup_id_": 4, "health_up_param_": 0, "strike_atk_up_param_": 7560, "shot_atk_up_param_": 0, "strike_def_up_param_": 0, "shot_def_up_param_": 0, "luck_up_param_": 0}, {"arts_boost_id_": 47, "arts_boost_type_": 0, "arts_boost_": 48, "arts_boost_damageup_id_": 4, "health_up_param_": 0, "strike_atk_up_param_": 7640, "shot_atk_up_param_": 0, "strike_def_up_param_": 0, "shot_def_up_param_": 0, "luck_up_param_": 0}, {"arts_boost_id_": 48, "arts_boost_type_": 0, "arts_boost_": 49, "arts_boost_damageup_id_": 4, "health_up_param_": 0, "strike_atk_up_param_": 7720, "shot_atk_up_param_": 0, "strike_def_up_param_": 0, "shot_def_up_param_": 0, "luck_up_param_": 0}, {"arts_boost_id_": 49, "arts_boost_type_": 0, "arts_boost_": 50, "arts_boost_damageup_id_": 5, "health_up_param_": 0, "strike_atk_up_param_": 7800, "shot_atk_up_param_": 0, "strike_def_up_param_": 0, "shot_def_up_param_": 0, "luck_up_param_": 0}, {"arts_boost_id_": 50, "arts_boost_type_": 0, "arts_boost_": 51, "arts_boost_damageup_id_": 5, "health_up_param_": 0, "strike_atk_up_param_": 7870, "shot_atk_up_param_": 0, "strike_def_up_param_": 0, "shot_def_up_param_": 0, "luck_up_param_": 0}, {"arts_boost_id_": 51, "arts_boost_type_": 0, "arts_boost_": 52, "arts_boost_damageup_id_": 5, "health_up_param_": 0, "strike_atk_up_param_": 7940, "shot_atk_up_param_": 0, "strike_def_up_param_": 0, "shot_def_up_param_": 0, "luck_up_param_": 0}, {"arts_boost_id_": 52, "arts_boost_type_": 0, "arts_boost_": 53, "arts_boost_damageup_id_": 5, "health_up_param_": 0, "strike_atk_up_param_": 8010, "shot_atk_up_param_": 0, "strike_def_up_param_": 0, "shot_def_up_param_": 0, "luck_up_param_": 0}, {"arts_boost_id_": 53, "arts_boost_type_": 0, "arts_boost_": 54, "arts_boost_damageup_id_": 5, "health_up_param_": 0, "strike_atk_up_param_": 8080, "shot_atk_up_param_": 0, "strike_def_up_param_": 0, "shot_def_up_param_": 0, "luck_up_param_": 0}, {"arts_boost_id_": 54, "arts_boost_type_": 0, "arts_boost_": 55, "arts_boost_damageup_id_": 5, "health_up_param_": 0, "strike_atk_up_param_": 8150, "shot_atk_up_param_": 0, "strike_def_up_param_": 0, "shot_def_up_param_": 0, "luck_up_param_": 0}, {"arts_boost_id_": 55, "arts_boost_type_": 0, "arts_boost_": 56, "arts_boost_damageup_id_": 5, "health_up_param_": 0, "strike_atk_up_param_": 8220, "shot_atk_up_param_": 0, "strike_def_up_param_": 0, "shot_def_up_param_": 0, "luck_up_param_": 0}, {"arts_boost_id_": 56, "arts_boost_type_": 0, "arts_boost_": 57, "arts_boost_damageup_id_": 5, "health_up_param_": 0, "strike_atk_up_param_": 8290, "shot_atk_up_param_": 0, "strike_def_up_param_": 0, "shot_def_up_param_": 0, "luck_up_param_": 0}, {"arts_boost_id_": 57, "arts_boost_type_": 0, "arts_boost_": 58, "arts_boost_damageup_id_": 5, "health_up_param_": 0, "strike_atk_up_param_": 8360, "shot_atk_up_param_": 0, "strike_def_up_param_": 0, "shot_def_up_param_": 0, "luck_up_param_": 0}, {"arts_boost_id_": 58, "arts_boost_type_": 0, "arts_boost_": 59, "arts_boost_damageup_id_": 5, "health_up_param_": 0, "strike_atk_up_param_": 8430, "shot_atk_up_param_": 0, "strike_def_up_param_": 0, "shot_def_up_param_": 0, "luck_up_param_": 0}, {"arts_boost_id_": 59, "arts_boost_type_": 0, "arts_boost_": 60, "arts_boost_damageup_id_": 6, "health_up_param_": 0, "strike_atk_up_param_": 8500, "shot_atk_up_param_": 0, "strike_def_up_param_": 0, "shot_def_up_param_": 0, "luck_up_param_": 0}, {"arts_boost_id_": 60, "arts_boost_type_": 0, "arts_boost_": 61, "arts_boost_damageup_id_": 6, "health_up_param_": 0, "strike_atk_up_param_": 8578, "shot_atk_up_param_": 0, "strike_def_up_param_": 0, "shot_def_up_param_": 0, "luck_up_param_": 0}, {"arts_boost_id_": 61, "arts_boost_type_": 0, "arts_boost_": 62, "arts_boost_damageup_id_": 6, "health_up_param_": 0, "strike_atk_up_param_": 8656, "shot_atk_up_param_": 0, "strike_def_up_param_": 0, "shot_def_up_param_": 0, "luck_up_param_": 0}, {"arts_boost_id_": 62, "arts_boost_type_": 0, "arts_boost_": 63, "arts_boost_damageup_id_": 6, "health_up_param_": 0, "strike_atk_up_param_": 8735, "shot_atk_up_param_": 0, "strike_def_up_param_": 0, "shot_def_up_param_": 0, "luck_up_param_": 0}, {"arts_boost_id_": 63, "arts_boost_type_": 0, "arts_boost_": 64, "arts_boost_damageup_id_": 6, "health_up_param_": 0, "strike_atk_up_param_": 8813, "shot_atk_up_param_": 0, "strike_def_up_param_": 0, "shot_def_up_param_": 0, "luck_up_param_": 0}, {"arts_boost_id_": 64, "arts_boost_type_": 0, "arts_boost_": 65, "arts_boost_damageup_id_": 6, "health_up_param_": 0, "strike_atk_up_param_": 8891, "shot_atk_up_param_": 0, "strike_def_up_param_": 0, "shot_def_up_param_": 0, "luck_up_param_": 0}, {"arts_boost_id_": 65, "arts_boost_type_": 0, "arts_boost_": 66, "arts_boost_damageup_id_": 6, "health_up_param_": 0, "strike_atk_up_param_": 8969, "shot_atk_up_param_": 0, "strike_def_up_param_": 0, "shot_def_up_param_": 0, "luck_up_param_": 0}, {"arts_boost_id_": 66, "arts_boost_type_": 0, "arts_boost_": 67, "arts_boost_damageup_id_": 6, "health_up_param_": 0, "strike_atk_up_param_": 9047, "shot_atk_up_param_": 0, "strike_def_up_param_": 0, "shot_def_up_param_": 0, "luck_up_param_": 0}, {"arts_boost_id_": 67, "arts_boost_type_": 0, "arts_boost_": 68, "arts_boost_damageup_id_": 6, "health_up_param_": 0, "strike_atk_up_param_": 9126, "shot_atk_up_param_": 0, "strike_def_up_param_": 0, "shot_def_up_param_": 0, "luck_up_param_": 0}, {"arts_boost_id_": 68, "arts_boost_type_": 0, "arts_boost_": 69, "arts_boost_damageup_id_": 6, "health_up_param_": 0, "strike_atk_up_param_": 9204, "shot_atk_up_param_": 0, "strike_def_up_param_": 0, "shot_def_up_param_": 0, "luck_up_param_": 0}, {"arts_boost_id_": 69, "arts_boost_type_": 0, "arts_boost_": 70, "arts_boost_damageup_id_": 7, "health_up_param_": 0, "strike_atk_up_param_": 9282, "shot_atk_up_param_": 0, "strike_def_up_param_": 0, "shot_def_up_param_": 0, "luck_up_param_": 0}, {"arts_boost_id_": 70, "arts_boost_type_": 0, "arts_boost_": 71, "arts_boost_damageup_id_": 7, "health_up_param_": 0, "strike_atk_up_param_": 9333, "shot_atk_up_param_": 0, "strike_def_up_param_": 0, "shot_def_up_param_": 0, "luck_up_param_": 0}, {"arts_boost_id_": 71, "arts_boost_type_": 0, "arts_boost_": 72, "arts_boost_damageup_id_": 7, "health_up_param_": 0, "strike_atk_up_param_": 9384, "shot_atk_up_param_": 0, "strike_def_up_param_": 0, "shot_def_up_param_": 0, "luck_up_param_": 0}, {"arts_boost_id_": 72, "arts_boost_type_": 0, "arts_boost_": 73, "arts_boost_damageup_id_": 7, "health_up_param_": 0, "strike_atk_up_param_": 9435, "shot_atk_up_param_": 0, "strike_def_up_param_": 0, "shot_def_up_param_": 0, "luck_up_param_": 0}, {"arts_boost_id_": 73, "arts_boost_type_": 0, "arts_boost_": 74, "arts_boost_damageup_id_": 7, "health_up_param_": 0, "strike_atk_up_param_": 9486, "shot_atk_up_param_": 0, "strike_def_up_param_": 0, "shot_def_up_param_": 0, "luck_up_param_": 0}, {"arts_boost_id_": 74, "arts_boost_type_": 0, "arts_boost_": 75, "arts_boost_damageup_id_": 7, "health_up_param_": 0, "strike_atk_up_param_": 9630, "shot_atk_up_param_": 0, "strike_def_up_param_": 0, "shot_def_up_param_": 0, "luck_up_param_": 0}, {"arts_boost_id_": 75, "arts_boost_type_": 0, "arts_boost_": 76, "arts_boost_damageup_id_": 7, "health_up_param_": 0, "strike_atk_up_param_": 9682, "shot_atk_up_param_": 0, "strike_def_up_param_": 0, "shot_def_up_param_": 0, "luck_up_param_": 0}, {"arts_boost_id_": 76, "arts_boost_type_": 0, "arts_boost_": 77, "arts_boost_damageup_id_": 7, "health_up_param_": 0, "strike_atk_up_param_": 9733, "shot_atk_up_param_": 0, "strike_def_up_param_": 0, "shot_def_up_param_": 0, "luck_up_param_": 0}, {"arts_boost_id_": 77, "arts_boost_type_": 0, "arts_boost_": 78, "arts_boost_damageup_id_": 7, "health_up_param_": 0, "strike_atk_up_param_": 9785, "shot_atk_up_param_": 0, "strike_def_up_param_": 0, "shot_def_up_param_": 0, "luck_up_param_": 0}, {"arts_boost_id_": 78, "arts_boost_type_": 0, "arts_boost_": 79, "arts_boost_damageup_id_": 7, "health_up_param_": 0, "strike_atk_up_param_": 9836, "shot_atk_up_param_": 0, "strike_def_up_param_": 0, "shot_def_up_param_": 0, "luck_up_param_": 0}, {"arts_boost_id_": 79, "arts_boost_type_": 0, "arts_boost_": 80, "arts_boost_damageup_id_": 8, "health_up_param_": 0, "strike_atk_up_param_": 10176, "shot_atk_up_param_": 0, "strike_def_up_param_": 0, "shot_def_up_param_": 0, "luck_up_param_": 0}, {"arts_boost_id_": 80, "arts_boost_type_": 0, "arts_boost_": 81, "arts_boost_damageup_id_": 8, "health_up_param_": 0, "strike_atk_up_param_": 10197, "shot_atk_up_param_": 0, "strike_def_up_param_": 0, "shot_def_up_param_": 0, "luck_up_param_": 0}, {"arts_boost_id_": 81, "arts_boost_type_": 0, "arts_boost_": 82, "arts_boost_damageup_id_": 8, "health_up_param_": 0, "strike_atk_up_param_": 10218, "shot_atk_up_param_": 0, "strike_def_up_param_": 0, "shot_def_up_param_": 0, "luck_up_param_": 0}, {"arts_boost_id_": 82, "arts_boost_type_": 0, "arts_boost_": 83, "arts_boost_damageup_id_": 8, "health_up_param_": 0, "strike_atk_up_param_": 10239, "shot_atk_up_param_": 0, "strike_def_up_param_": 0, "shot_def_up_param_": 0, "luck_up_param_": 0}, {"arts_boost_id_": 83, "arts_boost_type_": 0, "arts_boost_": 84, "arts_boost_damageup_id_": 8, "health_up_param_": 0, "strike_atk_up_param_": 10260, "shot_atk_up_param_": 0, "strike_def_up_param_": 0, "shot_def_up_param_": 0, "luck_up_param_": 0}, {"arts_boost_id_": 84, "arts_boost_type_": 0, "arts_boost_": 85, "arts_boost_damageup_id_": 8, "health_up_param_": 0, "strike_atk_up_param_": 10476, "shot_atk_up_param_": 0, "strike_def_up_param_": 0, "shot_def_up_param_": 0, "luck_up_param_": 0}, {"arts_boost_id_": 85, "arts_boost_type_": 0, "arts_boost_": 86, "arts_boost_damageup_id_": 8, "health_up_param_": 0, "strike_atk_up_param_": 10497, "shot_atk_up_param_": 0, "strike_def_up_param_": 0, "shot_def_up_param_": 0, "luck_up_param_": 0}, {"arts_boost_id_": 86, "arts_boost_type_": 0, "arts_boost_": 87, "arts_boost_damageup_id_": 8, "health_up_param_": 0, "strike_atk_up_param_": 10519, "shot_atk_up_param_": 0, "strike_def_up_param_": 0, "shot_def_up_param_": 0, "luck_up_param_": 0}, {"arts_boost_id_": 87, "arts_boost_type_": 0, "arts_boost_": 88, "arts_boost_damageup_id_": 8, "health_up_param_": 0, "strike_atk_up_param_": 10540, "shot_atk_up_param_": 0, "strike_def_up_param_": 0, "shot_def_up_param_": 0, "luck_up_param_": 0}, {"arts_boost_id_": 88, "arts_boost_type_": 0, "arts_boost_": 89, "arts_boost_damageup_id_": 8, "health_up_param_": 0, "strike_atk_up_param_": 10562, "shot_atk_up_param_": 0, "strike_def_up_param_": 0, "shot_def_up_param_": 0, "luck_up_param_": 0}, {"arts_boost_id_": 89, "arts_boost_type_": 0, "arts_boost_": 90, "arts_boost_damageup_id_": 9, "health_up_param_": 0, "strike_atk_up_param_": 10780, "shot_atk_up_param_": 0, "strike_def_up_param_": 0, "shot_def_up_param_": 0, "luck_up_param_": 0}, {"arts_boost_id_": 90, "arts_boost_type_": 0, "arts_boost_": 91, "arts_boost_damageup_id_": 9, "health_up_param_": 0, "strike_atk_up_param_": 10804, "shot_atk_up_param_": 0, "strike_def_up_param_": 0, "shot_def_up_param_": 0, "luck_up_param_": 0}, {"arts_boost_id_": 91, "arts_boost_type_": 0, "arts_boost_": 92, "arts_boost_damageup_id_": 9, "health_up_param_": 0, "strike_atk_up_param_": 11025, "shot_atk_up_param_": 0, "strike_def_up_param_": 0, "shot_def_up_param_": 0, "luck_up_param_": 0}, {"arts_boost_id_": 92, "arts_boost_type_": 0, "arts_boost_": 93, "arts_boost_damageup_id_": 9, "health_up_param_": 0, "strike_atk_up_param_": 11248, "shot_atk_up_param_": 0, "strike_def_up_param_": 0, "shot_def_up_param_": 0, "luck_up_param_": 0}, {"arts_boost_id_": 93, "arts_boost_type_": 0, "arts_boost_": 94, "arts_boost_damageup_id_": 9, "health_up_param_": 0, "strike_atk_up_param_": 11471, "shot_atk_up_param_": 0, "strike_def_up_param_": 0, "shot_def_up_param_": 0, "luck_up_param_": 0}, {"arts_boost_id_": 94, "arts_boost_type_": 0, "arts_boost_": 95, "arts_boost_damageup_id_": 9, "health_up_param_": 0, "strike_atk_up_param_": 11596, "shot_atk_up_param_": 0, "strike_def_up_param_": 0, "shot_def_up_param_": 0, "luck_up_param_": 0}, {"arts_boost_id_": 95, "arts_boost_type_": 0, "arts_boost_": 96, "arts_boost_damageup_id_": 9, "health_up_param_": 0, "strike_atk_up_param_": 11721, "shot_atk_up_param_": 0, "strike_def_up_param_": 0, "shot_def_up_param_": 0, "luck_up_param_": 0}, {"arts_boost_id_": 96, "arts_boost_type_": 0, "arts_boost_": 97, "arts_boost_damageup_id_": 9, "health_up_param_": 0, "strike_atk_up_param_": 11946, "shot_atk_up_param_": 0, "strike_def_up_param_": 0, "shot_def_up_param_": 0, "luck_up_param_": 0}, {"arts_boost_id_": 97, "arts_boost_type_": 0, "arts_boost_": 98, "arts_boost_damageup_id_": 9, "health_up_param_": 0, "strike_atk_up_param_": 12472, "shot_atk_up_param_": 0, "strike_def_up_param_": 0, "shot_def_up_param_": 0, "luck_up_param_": 0}, {"arts_boost_id_": 98, "arts_boost_type_": 0, "arts_boost_": 99, "arts_boost_damageup_id_": 10, "health_up_param_": 0, "strike_atk_up_param_": 13000, "shot_atk_up_param_": 0, "strike_def_up_param_": 0, "shot_def_up_param_": 0, "luck_up_param_": 0}, {"arts_boost_id_": 100, "arts_boost_type_": 1, "arts_boost_": 1, "arts_boost_damageup_id_": 100, "health_up_param_": 0, "strike_atk_up_param_": 0, "shot_atk_up_param_": 0, "strike_def_up_param_": 0, "shot_def_up_param_": 0, "luck_up_param_": 0}, {"arts_boost_id_": 101, "arts_boost_type_": 1, "arts_boost_": 2, "arts_boost_damageup_id_": 100, "health_up_param_": 0, "strike_atk_up_param_": 0, "shot_atk_up_param_": 333, "strike_def_up_param_": 0, "shot_def_up_param_": 0, "luck_up_param_": 0}, {"arts_boost_id_": 102, "arts_boost_type_": 1, "arts_boost_": 3, "arts_boost_damageup_id_": 100, "health_up_param_": 0, "strike_atk_up_param_": 0, "shot_atk_up_param_": 667, "strike_def_up_param_": 0, "shot_def_up_param_": 0, "luck_up_param_": 0}, {"arts_boost_id_": 103, "arts_boost_type_": 1, "arts_boost_": 4, "arts_boost_damageup_id_": 100, "health_up_param_": 0, "strike_atk_up_param_": 0, "shot_atk_up_param_": 1000, "strike_def_up_param_": 0, "shot_def_up_param_": 0, "luck_up_param_": 0}, {"arts_boost_id_": 104, "arts_boost_type_": 1, "arts_boost_": 5, "arts_boost_damageup_id_": 100, "health_up_param_": 0, "strike_atk_up_param_": 0, "shot_atk_up_param_": 1333, "strike_def_up_param_": 0, "shot_def_up_param_": 0, "luck_up_param_": 0}, {"arts_boost_id_": 105, "arts_boost_type_": 1, "arts_boost_": 6, "arts_boost_damageup_id_": 100, "health_up_param_": 0, "strike_atk_up_param_": 0, "shot_atk_up_param_": 1667, "strike_def_up_param_": 0, "shot_def_up_param_": 0, "luck_up_param_": 0}, {"arts_boost_id_": 106, "arts_boost_type_": 1, "arts_boost_": 7, "arts_boost_damageup_id_": 100, "health_up_param_": 0, "strike_atk_up_param_": 0, "shot_atk_up_param_": 2000, "strike_def_up_param_": 0, "shot_def_up_param_": 0, "luck_up_param_": 0}, {"arts_boost_id_": 107, "arts_boost_type_": 1, "arts_boost_": 8, "arts_boost_damageup_id_": 100, "health_up_param_": 0, "strike_atk_up_param_": 0, "shot_atk_up_param_": 2333, "strike_def_up_param_": 0, "shot_def_up_param_": 0, "luck_up_param_": 0}, {"arts_boost_id_": 108, "arts_boost_type_": 1, "arts_boost_": 9, "arts_boost_damageup_id_": 100, "health_up_param_": 0, "strike_atk_up_param_": 0, "shot_atk_up_param_": 2667, "strike_def_up_param_": 0, "shot_def_up_param_": 0, "luck_up_param_": 0}, {"arts_boost_id_": 109, "arts_boost_type_": 1, "arts_boost_": 10, "arts_boost_damageup_id_": 101, "health_up_param_": 0, "strike_atk_up_param_": 0, "shot_atk_up_param_": 3000, "strike_def_up_param_": 0, "shot_def_up_param_": 0, "luck_up_param_": 0}, {"arts_boost_id_": 110, "arts_boost_type_": 1, "arts_boost_": 11, "arts_boost_damageup_id_": 101, "health_up_param_": 0, "strike_atk_up_param_": 0, "shot_atk_up_param_": 3180, "strike_def_up_param_": 0, "shot_def_up_param_": 0, "luck_up_param_": 0}, {"arts_boost_id_": 111, "arts_boost_type_": 1, "arts_boost_": 12, "arts_boost_damageup_id_": 101, "health_up_param_": 0, "strike_atk_up_param_": 0, "shot_atk_up_param_": 3360, "strike_def_up_param_": 0, "shot_def_up_param_": 0, "luck_up_param_": 0}, {"arts_boost_id_": 112, "arts_boost_type_": 1, "arts_boost_": 13, "arts_boost_damageup_id_": 101, "health_up_param_": 0, "strike_atk_up_param_": 0, "shot_atk_up_param_": 3540, "strike_def_up_param_": 0, "shot_def_up_param_": 0, "luck_up_param_": 0}, {"arts_boost_id_": 113, "arts_boost_type_": 1, "arts_boost_": 14, "arts_boost_damageup_id_": 101, "health_up_param_": 0, "strike_atk_up_param_": 0, "shot_atk_up_param_": 3720, "strike_def_up_param_": 0, "shot_def_up_param_": 0, "luck_up_param_": 0}, {"arts_boost_id_": 114, "arts_boost_type_": 1, "arts_boost_": 15, "arts_boost_damageup_id_": 101, "health_up_param_": 0, "strike_atk_up_param_": 0, "shot_atk_up_param_": 3900, "strike_def_up_param_": 0, "shot_def_up_param_": 0, "luck_up_param_": 0}, {"arts_boost_id_": 115, "arts_boost_type_": 1, "arts_boost_": 16, "arts_boost_damageup_id_": 101, "health_up_param_": 0, "strike_atk_up_param_": 0, "shot_atk_up_param_": 4080, "strike_def_up_param_": 0, "shot_def_up_param_": 0, "luck_up_param_": 0}, {"arts_boost_id_": 116, "arts_boost_type_": 1, "arts_boost_": 17, "arts_boost_damageup_id_": 101, "health_up_param_": 0, "strike_atk_up_param_": 0, "shot_atk_up_param_": 4260, "strike_def_up_param_": 0, "shot_def_up_param_": 0, "luck_up_param_": 0}, {"arts_boost_id_": 117, "arts_boost_type_": 1, "arts_boost_": 18, "arts_boost_damageup_id_": 101, "health_up_param_": 0, "strike_atk_up_param_": 0, "shot_atk_up_param_": 4440, "strike_def_up_param_": 0, "shot_def_up_param_": 0, "luck_up_param_": 0}, {"arts_boost_id_": 118, "arts_boost_type_": 1, "arts_boost_": 19, "arts_boost_damageup_id_": 101, "health_up_param_": 0, "strike_atk_up_param_": 0, "shot_atk_up_param_": 4620, "strike_def_up_param_": 0, "shot_def_up_param_": 0, "luck_up_param_": 0}, {"arts_boost_id_": 119, "arts_boost_type_": 1, "arts_boost_": 20, "arts_boost_damageup_id_": 102, "health_up_param_": 0, "strike_atk_up_param_": 0, "shot_atk_up_param_": 4800, "strike_def_up_param_": 0, "shot_def_up_param_": 0, "luck_up_param_": 0}, {"arts_boost_id_": 120, "arts_boost_type_": 1, "arts_boost_": 21, "arts_boost_damageup_id_": 102, "health_up_param_": 0, "strike_atk_up_param_": 0, "shot_atk_up_param_": 4920, "strike_def_up_param_": 0, "shot_def_up_param_": 0, "luck_up_param_": 0}, {"arts_boost_id_": 121, "arts_boost_type_": 1, "arts_boost_": 22, "arts_boost_damageup_id_": 102, "health_up_param_": 0, "strike_atk_up_param_": 0, "shot_atk_up_param_": 5040, "strike_def_up_param_": 0, "shot_def_up_param_": 0, "luck_up_param_": 0}, {"arts_boost_id_": 122, "arts_boost_type_": 1, "arts_boost_": 23, "arts_boost_damageup_id_": 102, "health_up_param_": 0, "strike_atk_up_param_": 0, "shot_atk_up_param_": 5160, "strike_def_up_param_": 0, "shot_def_up_param_": 0, "luck_up_param_": 0}, {"arts_boost_id_": 123, "arts_boost_type_": 1, "arts_boost_": 24, "arts_boost_damageup_id_": 102, "health_up_param_": 0, "strike_atk_up_param_": 0, "shot_atk_up_param_": 5280, "strike_def_up_param_": 0, "shot_def_up_param_": 0, "luck_up_param_": 0}, {"arts_boost_id_": 124, "arts_boost_type_": 1, "arts_boost_": 25, "arts_boost_damageup_id_": 102, "health_up_param_": 0, "strike_atk_up_param_": 0, "shot_atk_up_param_": 5400, "strike_def_up_param_": 0, "shot_def_up_param_": 0, "luck_up_param_": 0}, {"arts_boost_id_": 125, "arts_boost_type_": 1, "arts_boost_": 26, "arts_boost_damageup_id_": 102, "health_up_param_": 0, "strike_atk_up_param_": 0, "shot_atk_up_param_": 5520, "strike_def_up_param_": 0, "shot_def_up_param_": 0, "luck_up_param_": 0}, {"arts_boost_id_": 126, "arts_boost_type_": 1, "arts_boost_": 27, "arts_boost_damageup_id_": 102, "health_up_param_": 0, "strike_atk_up_param_": 0, "shot_atk_up_param_": 5640, "strike_def_up_param_": 0, "shot_def_up_param_": 0, "luck_up_param_": 0}, {"arts_boost_id_": 127, "arts_boost_type_": 1, "arts_boost_": 28, "arts_boost_damageup_id_": 102, "health_up_param_": 0, "strike_atk_up_param_": 0, "shot_atk_up_param_": 5760, "strike_def_up_param_": 0, "shot_def_up_param_": 0, "luck_up_param_": 0}, {"arts_boost_id_": 128, "arts_boost_type_": 1, "arts_boost_": 29, "arts_boost_damageup_id_": 102, "health_up_param_": 0, "strike_atk_up_param_": 0, "shot_atk_up_param_": 5880, "strike_def_up_param_": 0, "shot_def_up_param_": 0, "luck_up_param_": 0}, {"arts_boost_id_": 129, "arts_boost_type_": 1, "arts_boost_": 30, "arts_boost_damageup_id_": 103, "health_up_param_": 0, "strike_atk_up_param_": 0, "shot_atk_up_param_": 6000, "strike_def_up_param_": 0, "shot_def_up_param_": 0, "luck_up_param_": 0}, {"arts_boost_id_": 130, "arts_boost_type_": 1, "arts_boost_": 31, "arts_boost_damageup_id_": 103, "health_up_param_": 0, "strike_atk_up_param_": 0, "shot_atk_up_param_": 6100, "strike_def_up_param_": 0, "shot_def_up_param_": 0, "luck_up_param_": 0}, {"arts_boost_id_": 131, "arts_boost_type_": 1, "arts_boost_": 32, "arts_boost_damageup_id_": 103, "health_up_param_": 0, "strike_atk_up_param_": 0, "shot_atk_up_param_": 6200, "strike_def_up_param_": 0, "shot_def_up_param_": 0, "luck_up_param_": 0}, {"arts_boost_id_": 132, "arts_boost_type_": 1, "arts_boost_": 33, "arts_boost_damageup_id_": 103, "health_up_param_": 0, "strike_atk_up_param_": 0, "shot_atk_up_param_": 6300, "strike_def_up_param_": 0, "shot_def_up_param_": 0, "luck_up_param_": 0}, {"arts_boost_id_": 133, "arts_boost_type_": 1, "arts_boost_": 34, "arts_boost_damageup_id_": 103, "health_up_param_": 0, "strike_atk_up_param_": 0, "shot_atk_up_param_": 6400, "strike_def_up_param_": 0, "shot_def_up_param_": 0, "luck_up_param_": 0}, {"arts_boost_id_": 134, "arts_boost_type_": 1, "arts_boost_": 35, "arts_boost_damageup_id_": 103, "health_up_param_": 0, "strike_atk_up_param_": 0, "shot_atk_up_param_": 6500, "strike_def_up_param_": 0, "shot_def_up_param_": 0, "luck_up_param_": 0}, {"arts_boost_id_": 135, "arts_boost_type_": 1, "arts_boost_": 36, "arts_boost_damageup_id_": 103, "health_up_param_": 0, "strike_atk_up_param_": 0, "shot_atk_up_param_": 6600, "strike_def_up_param_": 0, "shot_def_up_param_": 0, "luck_up_param_": 0}, {"arts_boost_id_": 136, "arts_boost_type_": 1, "arts_boost_": 37, "arts_boost_damageup_id_": 103, "health_up_param_": 0, "strike_atk_up_param_": 0, "shot_atk_up_param_": 6700, "strike_def_up_param_": 0, "shot_def_up_param_": 0, "luck_up_param_": 0}, {"arts_boost_id_": 137, "arts_boost_type_": 1, "arts_boost_": 38, "arts_boost_damageup_id_": 103, "health_up_param_": 0, "strike_atk_up_param_": 0, "shot_atk_up_param_": 6800, "strike_def_up_param_": 0, "shot_def_up_param_": 0, "luck_up_param_": 0}, {"arts_boost_id_": 138, "arts_boost_type_": 1, "arts_boost_": 39, "arts_boost_damageup_id_": 103, "health_up_param_": 0, "strike_atk_up_param_": 0, "shot_atk_up_param_": 6900, "strike_def_up_param_": 0, "shot_def_up_param_": 0, "luck_up_param_": 0}, {"arts_boost_id_": 139, "arts_boost_type_": 1, "arts_boost_": 40, "arts_boost_damageup_id_": 104, "health_up_param_": 0, "strike_atk_up_param_": 0, "shot_atk_up_param_": 7000, "strike_def_up_param_": 0, "shot_def_up_param_": 0, "luck_up_param_": 0}, {"arts_boost_id_": 140, "arts_boost_type_": 1, "arts_boost_": 41, "arts_boost_damageup_id_": 104, "health_up_param_": 0, "strike_atk_up_param_": 0, "shot_atk_up_param_": 7080, "strike_def_up_param_": 0, "shot_def_up_param_": 0, "luck_up_param_": 0}, {"arts_boost_id_": 141, "arts_boost_type_": 1, "arts_boost_": 42, "arts_boost_damageup_id_": 104, "health_up_param_": 0, "strike_atk_up_param_": 0, "shot_atk_up_param_": 7160, "strike_def_up_param_": 0, "shot_def_up_param_": 0, "luck_up_param_": 0}, {"arts_boost_id_": 142, "arts_boost_type_": 1, "arts_boost_": 43, "arts_boost_damageup_id_": 104, "health_up_param_": 0, "strike_atk_up_param_": 0, "shot_atk_up_param_": 7240, "strike_def_up_param_": 0, "shot_def_up_param_": 0, "luck_up_param_": 0}, {"arts_boost_id_": 143, "arts_boost_type_": 1, "arts_boost_": 44, "arts_boost_damageup_id_": 104, "health_up_param_": 0, "strike_atk_up_param_": 0, "shot_atk_up_param_": 7320, "strike_def_up_param_": 0, "shot_def_up_param_": 0, "luck_up_param_": 0}, {"arts_boost_id_": 144, "arts_boost_type_": 1, "arts_boost_": 45, "arts_boost_damageup_id_": 104, "health_up_param_": 0, "strike_atk_up_param_": 0, "shot_atk_up_param_": 7400, "strike_def_up_param_": 0, "shot_def_up_param_": 0, "luck_up_param_": 0}, {"arts_boost_id_": 145, "arts_boost_type_": 1, "arts_boost_": 46, "arts_boost_damageup_id_": 104, "health_up_param_": 0, "strike_atk_up_param_": 0, "shot_atk_up_param_": 7480, "strike_def_up_param_": 0, "shot_def_up_param_": 0, "luck_up_param_": 0}, {"arts_boost_id_": 146, "arts_boost_type_": 1, "arts_boost_": 47, "arts_boost_damageup_id_": 104, "health_up_param_": 0, "strike_atk_up_param_": 0, "shot_atk_up_param_": 7560, "strike_def_up_param_": 0, "shot_def_up_param_": 0, "luck_up_param_": 0}, {"arts_boost_id_": 147, "arts_boost_type_": 1, "arts_boost_": 48, "arts_boost_damageup_id_": 104, "health_up_param_": 0, "strike_atk_up_param_": 0, "shot_atk_up_param_": 7640, "strike_def_up_param_": 0, "shot_def_up_param_": 0, "luck_up_param_": 0}, {"arts_boost_id_": 148, "arts_boost_type_": 1, "arts_boost_": 49, "arts_boost_damageup_id_": 104, "health_up_param_": 0, "strike_atk_up_param_": 0, "shot_atk_up_param_": 7720, "strike_def_up_param_": 0, "shot_def_up_param_": 0, "luck_up_param_": 0}, {"arts_boost_id_": 149, "arts_boost_type_": 1, "arts_boost_": 50, "arts_boost_damageup_id_": 105, "health_up_param_": 0, "strike_atk_up_param_": 0, "shot_atk_up_param_": 7800, "strike_def_up_param_": 0, "shot_def_up_param_": 0, "luck_up_param_": 0}, {"arts_boost_id_": 150, "arts_boost_type_": 1, "arts_boost_": 51, "arts_boost_damageup_id_": 105, "health_up_param_": 0, "strike_atk_up_param_": 0, "shot_atk_up_param_": 7870, "strike_def_up_param_": 0, "shot_def_up_param_": 0, "luck_up_param_": 0}, {"arts_boost_id_": 151, "arts_boost_type_": 1, "arts_boost_": 52, "arts_boost_damageup_id_": 105, "health_up_param_": 0, "strike_atk_up_param_": 0, "shot_atk_up_param_": 7940, "strike_def_up_param_": 0, "shot_def_up_param_": 0, "luck_up_param_": 0}, {"arts_boost_id_": 152, "arts_boost_type_": 1, "arts_boost_": 53, "arts_boost_damageup_id_": 105, "health_up_param_": 0, "strike_atk_up_param_": 0, "shot_atk_up_param_": 8010, "strike_def_up_param_": 0, "shot_def_up_param_": 0, "luck_up_param_": 0}, {"arts_boost_id_": 153, "arts_boost_type_": 1, "arts_boost_": 54, "arts_boost_damageup_id_": 105, "health_up_param_": 0, "strike_atk_up_param_": 0, "shot_atk_up_param_": 8080, "strike_def_up_param_": 0, "shot_def_up_param_": 0, "luck_up_param_": 0}, {"arts_boost_id_": 154, "arts_boost_type_": 1, "arts_boost_": 55, "arts_boost_damageup_id_": 105, "health_up_param_": 0, "strike_atk_up_param_": 0, "shot_atk_up_param_": 8150, "strike_def_up_param_": 0, "shot_def_up_param_": 0, "luck_up_param_": 0}, {"arts_boost_id_": 155, "arts_boost_type_": 1, "arts_boost_": 56, "arts_boost_damageup_id_": 105, "health_up_param_": 0, "strike_atk_up_param_": 0, "shot_atk_up_param_": 8220, "strike_def_up_param_": 0, "shot_def_up_param_": 0, "luck_up_param_": 0}, {"arts_boost_id_": 156, "arts_boost_type_": 1, "arts_boost_": 57, "arts_boost_damageup_id_": 105, "health_up_param_": 0, "strike_atk_up_param_": 0, "shot_atk_up_param_": 8290, "strike_def_up_param_": 0, "shot_def_up_param_": 0, "luck_up_param_": 0}, {"arts_boost_id_": 157, "arts_boost_type_": 1, "arts_boost_": 58, "arts_boost_damageup_id_": 105, "health_up_param_": 0, "strike_atk_up_param_": 0, "shot_atk_up_param_": 8360, "strike_def_up_param_": 0, "shot_def_up_param_": 0, "luck_up_param_": 0}, {"arts_boost_id_": 158, "arts_boost_type_": 1, "arts_boost_": 59, "arts_boost_damageup_id_": 105, "health_up_param_": 0, "strike_atk_up_param_": 0, "shot_atk_up_param_": 8430, "strike_def_up_param_": 0, "shot_def_up_param_": 0, "luck_up_param_": 0}, {"arts_boost_id_": 159, "arts_boost_type_": 1, "arts_boost_": 60, "arts_boost_damageup_id_": 106, "health_up_param_": 0, "strike_atk_up_param_": 0, "shot_atk_up_param_": 8500, "strike_def_up_param_": 0, "shot_def_up_param_": 0, "luck_up_param_": 0}, {"arts_boost_id_": 160, "arts_boost_type_": 1, "arts_boost_": 61, "arts_boost_damageup_id_": 106, "health_up_param_": 0, "strike_atk_up_param_": 0, "shot_atk_up_param_": 8578, "strike_def_up_param_": 0, "shot_def_up_param_": 0, "luck_up_param_": 0}, {"arts_boost_id_": 161, "arts_boost_type_": 1, "arts_boost_": 62, "arts_boost_damageup_id_": 106, "health_up_param_": 0, "strike_atk_up_param_": 0, "shot_atk_up_param_": 8656, "strike_def_up_param_": 0, "shot_def_up_param_": 0, "luck_up_param_": 0}, {"arts_boost_id_": 162, "arts_boost_type_": 1, "arts_boost_": 63, "arts_boost_damageup_id_": 106, "health_up_param_": 0, "strike_atk_up_param_": 0, "shot_atk_up_param_": 8735, "strike_def_up_param_": 0, "shot_def_up_param_": 0, "luck_up_param_": 0}, {"arts_boost_id_": 163, "arts_boost_type_": 1, "arts_boost_": 64, "arts_boost_damageup_id_": 106, "health_up_param_": 0, "strike_atk_up_param_": 0, "shot_atk_up_param_": 8813, "strike_def_up_param_": 0, "shot_def_up_param_": 0, "luck_up_param_": 0}, {"arts_boost_id_": 164, "arts_boost_type_": 1, "arts_boost_": 65, "arts_boost_damageup_id_": 106, "health_up_param_": 0, "strike_atk_up_param_": 0, "shot_atk_up_param_": 8891, "strike_def_up_param_": 0, "shot_def_up_param_": 0, "luck_up_param_": 0}, {"arts_boost_id_": 165, "arts_boost_type_": 1, "arts_boost_": 66, "arts_boost_damageup_id_": 106, "health_up_param_": 0, "strike_atk_up_param_": 0, "shot_atk_up_param_": 8969, "strike_def_up_param_": 0, "shot_def_up_param_": 0, "luck_up_param_": 0}, {"arts_boost_id_": 166, "arts_boost_type_": 1, "arts_boost_": 67, "arts_boost_damageup_id_": 106, "health_up_param_": 0, "strike_atk_up_param_": 0, "shot_atk_up_param_": 9047, "strike_def_up_param_": 0, "shot_def_up_param_": 0, "luck_up_param_": 0}, {"arts_boost_id_": 167, "arts_boost_type_": 1, "arts_boost_": 68, "arts_boost_damageup_id_": 106, "health_up_param_": 0, "strike_atk_up_param_": 0, "shot_atk_up_param_": 9126, "strike_def_up_param_": 0, "shot_def_up_param_": 0, "luck_up_param_": 0}, {"arts_boost_id_": 168, "arts_boost_type_": 1, "arts_boost_": 69, "arts_boost_damageup_id_": 106, "health_up_param_": 0, "strike_atk_up_param_": 0, "shot_atk_up_param_": 9204, "strike_def_up_param_": 0, "shot_def_up_param_": 0, "luck_up_param_": 0}, {"arts_boost_id_": 169, "arts_boost_type_": 1, "arts_boost_": 70, "arts_boost_damageup_id_": 107, "health_up_param_": 0, "strike_atk_up_param_": 0, "shot_atk_up_param_": 9282, "strike_def_up_param_": 0, "shot_def_up_param_": 0, "luck_up_param_": 0}, {"arts_boost_id_": 170, "arts_boost_type_": 1, "arts_boost_": 71, "arts_boost_damageup_id_": 107, "health_up_param_": 0, "strike_atk_up_param_": 0, "shot_atk_up_param_": 9333, "strike_def_up_param_": 0, "shot_def_up_param_": 0, "luck_up_param_": 0}, {"arts_boost_id_": 171, "arts_boost_type_": 1, "arts_boost_": 72, "arts_boost_damageup_id_": 107, "health_up_param_": 0, "strike_atk_up_param_": 0, "shot_atk_up_param_": 9384, "strike_def_up_param_": 0, "shot_def_up_param_": 0, "luck_up_param_": 0}, {"arts_boost_id_": 172, "arts_boost_type_": 1, "arts_boost_": 73, "arts_boost_damageup_id_": 107, "health_up_param_": 0, "strike_atk_up_param_": 0, "shot_atk_up_param_": 9435, "strike_def_up_param_": 0, "shot_def_up_param_": 0, "luck_up_param_": 0}, {"arts_boost_id_": 173, "arts_boost_type_": 1, "arts_boost_": 74, "arts_boost_damageup_id_": 107, "health_up_param_": 0, "strike_atk_up_param_": 0, "shot_atk_up_param_": 9486, "strike_def_up_param_": 0, "shot_def_up_param_": 0, "luck_up_param_": 0}, {"arts_boost_id_": 174, "arts_boost_type_": 1, "arts_boost_": 75, "arts_boost_damageup_id_": 107, "health_up_param_": 0, "strike_atk_up_param_": 0, "shot_atk_up_param_": 9630, "strike_def_up_param_": 0, "shot_def_up_param_": 0, "luck_up_param_": 0}, {"arts_boost_id_": 175, "arts_boost_type_": 1, "arts_boost_": 76, "arts_boost_damageup_id_": 107, "health_up_param_": 0, "strike_atk_up_param_": 0, "shot_atk_up_param_": 9682, "strike_def_up_param_": 0, "shot_def_up_param_": 0, "luck_up_param_": 0}, {"arts_boost_id_": 176, "arts_boost_type_": 1, "arts_boost_": 77, "arts_boost_damageup_id_": 107, "health_up_param_": 0, "strike_atk_up_param_": 0, "shot_atk_up_param_": 9733, "strike_def_up_param_": 0, "shot_def_up_param_": 0, "luck_up_param_": 0}, {"arts_boost_id_": 177, "arts_boost_type_": 1, "arts_boost_": 78, "arts_boost_damageup_id_": 107, "health_up_param_": 0, "strike_atk_up_param_": 0, "shot_atk_up_param_": 9785, "strike_def_up_param_": 0, "shot_def_up_param_": 0, "luck_up_param_": 0}, {"arts_boost_id_": 178, "arts_boost_type_": 1, "arts_boost_": 79, "arts_boost_damageup_id_": 107, "health_up_param_": 0, "strike_atk_up_param_": 0, "shot_atk_up_param_": 9836, "strike_def_up_param_": 0, "shot_def_up_param_": 0, "luck_up_param_": 0}, {"arts_boost_id_": 179, "arts_boost_type_": 1, "arts_boost_": 80, "arts_boost_damageup_id_": 108, "health_up_param_": 0, "strike_atk_up_param_": 0, "shot_atk_up_param_": 10176, "strike_def_up_param_": 0, "shot_def_up_param_": 0, "luck_up_param_": 0}, {"arts_boost_id_": 180, "arts_boost_type_": 1, "arts_boost_": 81, "arts_boost_damageup_id_": 108, "health_up_param_": 0, "strike_atk_up_param_": 0, "shot_atk_up_param_": 10197, "strike_def_up_param_": 0, "shot_def_up_param_": 0, "luck_up_param_": 0}, {"arts_boost_id_": 181, "arts_boost_type_": 1, "arts_boost_": 82, "arts_boost_damageup_id_": 108, "health_up_param_": 0, "strike_atk_up_param_": 0, "shot_atk_up_param_": 10218, "strike_def_up_param_": 0, "shot_def_up_param_": 0, "luck_up_param_": 0}, {"arts_boost_id_": 182, "arts_boost_type_": 1, "arts_boost_": 83, "arts_boost_damageup_id_": 108, "health_up_param_": 0, "strike_atk_up_param_": 0, "shot_atk_up_param_": 10239, "strike_def_up_param_": 0, "shot_def_up_param_": 0, "luck_up_param_": 0}, {"arts_boost_id_": 183, "arts_boost_type_": 1, "arts_boost_": 84, "arts_boost_damageup_id_": 108, "health_up_param_": 0, "strike_atk_up_param_": 0, "shot_atk_up_param_": 10260, "strike_def_up_param_": 0, "shot_def_up_param_": 0, "luck_up_param_": 0}, {"arts_boost_id_": 184, "arts_boost_type_": 1, "arts_boost_": 85, "arts_boost_damageup_id_": 108, "health_up_param_": 0, "strike_atk_up_param_": 0, "shot_atk_up_param_": 10476, "strike_def_up_param_": 0, "shot_def_up_param_": 0, "luck_up_param_": 0}, {"arts_boost_id_": 185, "arts_boost_type_": 1, "arts_boost_": 86, "arts_boost_damageup_id_": 108, "health_up_param_": 0, "strike_atk_up_param_": 0, "shot_atk_up_param_": 10497, "strike_def_up_param_": 0, "shot_def_up_param_": 0, "luck_up_param_": 0}, {"arts_boost_id_": 186, "arts_boost_type_": 1, "arts_boost_": 87, "arts_boost_damageup_id_": 108, "health_up_param_": 0, "strike_atk_up_param_": 0, "shot_atk_up_param_": 10519, "strike_def_up_param_": 0, "shot_def_up_param_": 0, "luck_up_param_": 0}, {"arts_boost_id_": 187, "arts_boost_type_": 1, "arts_boost_": 88, "arts_boost_damageup_id_": 108, "health_up_param_": 0, "strike_atk_up_param_": 0, "shot_atk_up_param_": 10540, "strike_def_up_param_": 0, "shot_def_up_param_": 0, "luck_up_param_": 0}, {"arts_boost_id_": 188, "arts_boost_type_": 1, "arts_boost_": 89, "arts_boost_damageup_id_": 108, "health_up_param_": 0, "strike_atk_up_param_": 0, "shot_atk_up_param_": 10562, "strike_def_up_param_": 0, "shot_def_up_param_": 0, "luck_up_param_": 0}, {"arts_boost_id_": 189, "arts_boost_type_": 1, "arts_boost_": 90, "arts_boost_damageup_id_": 109, "health_up_param_": 0, "strike_atk_up_param_": 0, "shot_atk_up_param_": 10780, "strike_def_up_param_": 0, "shot_def_up_param_": 0, "luck_up_param_": 0}, {"arts_boost_id_": 190, "arts_boost_type_": 1, "arts_boost_": 91, "arts_boost_damageup_id_": 109, "health_up_param_": 0, "strike_atk_up_param_": 0, "shot_atk_up_param_": 10804, "strike_def_up_param_": 0, "shot_def_up_param_": 0, "luck_up_param_": 0}, {"arts_boost_id_": 191, "arts_boost_type_": 1, "arts_boost_": 92, "arts_boost_damageup_id_": 109, "health_up_param_": 0, "strike_atk_up_param_": 0, "shot_atk_up_param_": 11025, "strike_def_up_param_": 0, "shot_def_up_param_": 0, "luck_up_param_": 0}, {"arts_boost_id_": 192, "arts_boost_type_": 1, "arts_boost_": 93, "arts_boost_damageup_id_": 109, "health_up_param_": 0, "strike_atk_up_param_": 0, "shot_atk_up_param_": 11248, "strike_def_up_param_": 0, "shot_def_up_param_": 0, "luck_up_param_": 0}, {"arts_boost_id_": 193, "arts_boost_type_": 1, "arts_boost_": 94, "arts_boost_damageup_id_": 109, "health_up_param_": 0, "strike_atk_up_param_": 0, "shot_atk_up_param_": 11471, "strike_def_up_param_": 0, "shot_def_up_param_": 0, "luck_up_param_": 0}, {"arts_boost_id_": 194, "arts_boost_type_": 1, "arts_boost_": 95, "arts_boost_damageup_id_": 109, "health_up_param_": 0, "strike_atk_up_param_": 0, "shot_atk_up_param_": 11596, "strike_def_up_param_": 0, "shot_def_up_param_": 0, "luck_up_param_": 0}, {"arts_boost_id_": 195, "arts_boost_type_": 1, "arts_boost_": 96, "arts_boost_damageup_id_": 109, "health_up_param_": 0, "strike_atk_up_param_": 0, "shot_atk_up_param_": 11721, "strike_def_up_param_": 0, "shot_def_up_param_": 0, "luck_up_param_": 0}, {"arts_boost_id_": 196, "arts_boost_type_": 1, "arts_boost_": 97, "arts_boost_damageup_id_": 109, "health_up_param_": 0, "strike_atk_up_param_": 0, "shot_atk_up_param_": 11946, "strike_def_up_param_": 0, "shot_def_up_param_": 0, "luck_up_param_": 0}, {"arts_boost_id_": 197, "arts_boost_type_": 1, "arts_boost_": 98, "arts_boost_damageup_id_": 109, "health_up_param_": 0, "strike_atk_up_param_": 0, "shot_atk_up_param_": 12472, "strike_def_up_param_": 0, "shot_def_up_param_": 0, "luck_up_param_": 0}, {"arts_boost_id_": 198, "arts_boost_type_": 1, "arts_boost_": 99, "arts_boost_damageup_id_": 110, "health_up_param_": 0, "strike_atk_up_param_": 0, "shot_atk_up_param_": 13000, "strike_def_up_param_": 0, "shot_def_up_param_": 0, "luck_up_param_": 0}, {"arts_boost_id_": 200, "arts_boost_type_": 2, "arts_boost_": 1, "arts_boost_damageup_id_": 200, "health_up_param_": 0, "strike_atk_up_param_": 0, "shot_atk_up_param_": 0, "strike_def_up_param_": 0, "shot_def_up_param_": 0, "luck_up_param_": 0}, {"arts_boost_id_": 201, "arts_boost_type_": 2, "arts_boost_": 2, "arts_boost_damageup_id_": 200, "health_up_param_": 0, "strike_atk_up_param_": 0, "shot_atk_up_param_": 0, "strike_def_up_param_": 333, "shot_def_up_param_": 333, "luck_up_param_": 0}, {"arts_boost_id_": 202, "arts_boost_type_": 2, "arts_boost_": 3, "arts_boost_damageup_id_": 200, "health_up_param_": 0, "strike_atk_up_param_": 0, "shot_atk_up_param_": 0, "strike_def_up_param_": 667, "shot_def_up_param_": 667, "luck_up_param_": 0}, {"arts_boost_id_": 203, "arts_boost_type_": 2, "arts_boost_": 4, "arts_boost_damageup_id_": 200, "health_up_param_": 0, "strike_atk_up_param_": 0, "shot_atk_up_param_": 0, "strike_def_up_param_": 1000, "shot_def_up_param_": 1000, "luck_up_param_": 0}, {"arts_boost_id_": 204, "arts_boost_type_": 2, "arts_boost_": 5, "arts_boost_damageup_id_": 200, "health_up_param_": 0, "strike_atk_up_param_": 0, "shot_atk_up_param_": 0, "strike_def_up_param_": 1333, "shot_def_up_param_": 1333, "luck_up_param_": 0}, {"arts_boost_id_": 205, "arts_boost_type_": 2, "arts_boost_": 6, "arts_boost_damageup_id_": 200, "health_up_param_": 0, "strike_atk_up_param_": 0, "shot_atk_up_param_": 0, "strike_def_up_param_": 1667, "shot_def_up_param_": 1667, "luck_up_param_": 0}, {"arts_boost_id_": 206, "arts_boost_type_": 2, "arts_boost_": 7, "arts_boost_damageup_id_": 200, "health_up_param_": 0, "strike_atk_up_param_": 0, "shot_atk_up_param_": 0, "strike_def_up_param_": 2000, "shot_def_up_param_": 2000, "luck_up_param_": 0}, {"arts_boost_id_": 207, "arts_boost_type_": 2, "arts_boost_": 8, "arts_boost_damageup_id_": 200, "health_up_param_": 0, "strike_atk_up_param_": 0, "shot_atk_up_param_": 0, "strike_def_up_param_": 2333, "shot_def_up_param_": 2333, "luck_up_param_": 0}, {"arts_boost_id_": 208, "arts_boost_type_": 2, "arts_boost_": 9, "arts_boost_damageup_id_": 200, "health_up_param_": 0, "strike_atk_up_param_": 0, "shot_atk_up_param_": 0, "strike_def_up_param_": 2667, "shot_def_up_param_": 2667, "luck_up_param_": 0}, {"arts_boost_id_": 209, "arts_boost_type_": 2, "arts_boost_": 10, "arts_boost_damageup_id_": 201, "health_up_param_": 0, "strike_atk_up_param_": 0, "shot_atk_up_param_": 0, "strike_def_up_param_": 3000, "shot_def_up_param_": 3000, "luck_up_param_": 0}, {"arts_boost_id_": 210, "arts_boost_type_": 2, "arts_boost_": 11, "arts_boost_damageup_id_": 201, "health_up_param_": 0, "strike_atk_up_param_": 0, "shot_atk_up_param_": 0, "strike_def_up_param_": 3180, "shot_def_up_param_": 3180, "luck_up_param_": 0}, {"arts_boost_id_": 211, "arts_boost_type_": 2, "arts_boost_": 12, "arts_boost_damageup_id_": 201, "health_up_param_": 0, "strike_atk_up_param_": 0, "shot_atk_up_param_": 0, "strike_def_up_param_": 3360, "shot_def_up_param_": 3360, "luck_up_param_": 0}, {"arts_boost_id_": 212, "arts_boost_type_": 2, "arts_boost_": 13, "arts_boost_damageup_id_": 201, "health_up_param_": 0, "strike_atk_up_param_": 0, "shot_atk_up_param_": 0, "strike_def_up_param_": 3540, "shot_def_up_param_": 3540, "luck_up_param_": 0}, {"arts_boost_id_": 213, "arts_boost_type_": 2, "arts_boost_": 14, "arts_boost_damageup_id_": 201, "health_up_param_": 0, "strike_atk_up_param_": 0, "shot_atk_up_param_": 0, "strike_def_up_param_": 3720, "shot_def_up_param_": 3720, "luck_up_param_": 0}, {"arts_boost_id_": 214, "arts_boost_type_": 2, "arts_boost_": 15, "arts_boost_damageup_id_": 201, "health_up_param_": 0, "strike_atk_up_param_": 0, "shot_atk_up_param_": 0, "strike_def_up_param_": 3900, "shot_def_up_param_": 3900, "luck_up_param_": 0}, {"arts_boost_id_": 215, "arts_boost_type_": 2, "arts_boost_": 16, "arts_boost_damageup_id_": 201, "health_up_param_": 0, "strike_atk_up_param_": 0, "shot_atk_up_param_": 0, "strike_def_up_param_": 4080, "shot_def_up_param_": 4080, "luck_up_param_": 0}, {"arts_boost_id_": 216, "arts_boost_type_": 2, "arts_boost_": 17, "arts_boost_damageup_id_": 201, "health_up_param_": 0, "strike_atk_up_param_": 0, "shot_atk_up_param_": 0, "strike_def_up_param_": 4260, "shot_def_up_param_": 4260, "luck_up_param_": 0}, {"arts_boost_id_": 217, "arts_boost_type_": 2, "arts_boost_": 18, "arts_boost_damageup_id_": 201, "health_up_param_": 0, "strike_atk_up_param_": 0, "shot_atk_up_param_": 0, "strike_def_up_param_": 4440, "shot_def_up_param_": 4440, "luck_up_param_": 0}, {"arts_boost_id_": 218, "arts_boost_type_": 2, "arts_boost_": 19, "arts_boost_damageup_id_": 201, "health_up_param_": 0, "strike_atk_up_param_": 0, "shot_atk_up_param_": 0, "strike_def_up_param_": 4620, "shot_def_up_param_": 4620, "luck_up_param_": 0}, {"arts_boost_id_": 219, "arts_boost_type_": 2, "arts_boost_": 20, "arts_boost_damageup_id_": 202, "health_up_param_": 0, "strike_atk_up_param_": 0, "shot_atk_up_param_": 0, "strike_def_up_param_": 4800, "shot_def_up_param_": 4800, "luck_up_param_": 0}, {"arts_boost_id_": 220, "arts_boost_type_": 2, "arts_boost_": 21, "arts_boost_damageup_id_": 202, "health_up_param_": 0, "strike_atk_up_param_": 0, "shot_atk_up_param_": 0, "strike_def_up_param_": 4920, "shot_def_up_param_": 4920, "luck_up_param_": 0}, {"arts_boost_id_": 221, "arts_boost_type_": 2, "arts_boost_": 22, "arts_boost_damageup_id_": 202, "health_up_param_": 0, "strike_atk_up_param_": 0, "shot_atk_up_param_": 0, "strike_def_up_param_": 5040, "shot_def_up_param_": 5040, "luck_up_param_": 0}, {"arts_boost_id_": 222, "arts_boost_type_": 2, "arts_boost_": 23, "arts_boost_damageup_id_": 202, "health_up_param_": 0, "strike_atk_up_param_": 0, "shot_atk_up_param_": 0, "strike_def_up_param_": 5160, "shot_def_up_param_": 5160, "luck_up_param_": 0}, {"arts_boost_id_": 223, "arts_boost_type_": 2, "arts_boost_": 24, "arts_boost_damageup_id_": 202, "health_up_param_": 0, "strike_atk_up_param_": 0, "shot_atk_up_param_": 0, "strike_def_up_param_": 5280, "shot_def_up_param_": 5280, "luck_up_param_": 0}, {"arts_boost_id_": 224, "arts_boost_type_": 2, "arts_boost_": 25, "arts_boost_damageup_id_": 202, "health_up_param_": 0, "strike_atk_up_param_": 0, "shot_atk_up_param_": 0, "strike_def_up_param_": 5400, "shot_def_up_param_": 5400, "luck_up_param_": 0}, {"arts_boost_id_": 225, "arts_boost_type_": 2, "arts_boost_": 26, "arts_boost_damageup_id_": 202, "health_up_param_": 0, "strike_atk_up_param_": 0, "shot_atk_up_param_": 0, "strike_def_up_param_": 5520, "shot_def_up_param_": 5520, "luck_up_param_": 0}, {"arts_boost_id_": 226, "arts_boost_type_": 2, "arts_boost_": 27, "arts_boost_damageup_id_": 202, "health_up_param_": 0, "strike_atk_up_param_": 0, "shot_atk_up_param_": 0, "strike_def_up_param_": 5640, "shot_def_up_param_": 5640, "luck_up_param_": 0}, {"arts_boost_id_": 227, "arts_boost_type_": 2, "arts_boost_": 28, "arts_boost_damageup_id_": 202, "health_up_param_": 0, "strike_atk_up_param_": 0, "shot_atk_up_param_": 0, "strike_def_up_param_": 5760, "shot_def_up_param_": 5760, "luck_up_param_": 0}, {"arts_boost_id_": 228, "arts_boost_type_": 2, "arts_boost_": 29, "arts_boost_damageup_id_": 202, "health_up_param_": 0, "strike_atk_up_param_": 0, "shot_atk_up_param_": 0, "strike_def_up_param_": 5880, "shot_def_up_param_": 5880, "luck_up_param_": 0}, {"arts_boost_id_": 229, "arts_boost_type_": 2, "arts_boost_": 30, "arts_boost_damageup_id_": 203, "health_up_param_": 0, "strike_atk_up_param_": 0, "shot_atk_up_param_": 0, "strike_def_up_param_": 6000, "shot_def_up_param_": 6000, "luck_up_param_": 0}, {"arts_boost_id_": 230, "arts_boost_type_": 2, "arts_boost_": 31, "arts_boost_damageup_id_": 203, "health_up_param_": 0, "strike_atk_up_param_": 0, "shot_atk_up_param_": 0, "strike_def_up_param_": 6100, "shot_def_up_param_": 6100, "luck_up_param_": 0}, {"arts_boost_id_": 231, "arts_boost_type_": 2, "arts_boost_": 32, "arts_boost_damageup_id_": 203, "health_up_param_": 0, "strike_atk_up_param_": 0, "shot_atk_up_param_": 0, "strike_def_up_param_": 6200, "shot_def_up_param_": 6200, "luck_up_param_": 0}, {"arts_boost_id_": 232, "arts_boost_type_": 2, "arts_boost_": 33, "arts_boost_damageup_id_": 203, "health_up_param_": 0, "strike_atk_up_param_": 0, "shot_atk_up_param_": 0, "strike_def_up_param_": 6300, "shot_def_up_param_": 6300, "luck_up_param_": 0}, {"arts_boost_id_": 233, "arts_boost_type_": 2, "arts_boost_": 34, "arts_boost_damageup_id_": 203, "health_up_param_": 0, "strike_atk_up_param_": 0, "shot_atk_up_param_": 0, "strike_def_up_param_": 6400, "shot_def_up_param_": 6400, "luck_up_param_": 0}, {"arts_boost_id_": 234, "arts_boost_type_": 2, "arts_boost_": 35, "arts_boost_damageup_id_": 203, "health_up_param_": 0, "strike_atk_up_param_": 0, "shot_atk_up_param_": 0, "strike_def_up_param_": 6500, "shot_def_up_param_": 6500, "luck_up_param_": 0}, {"arts_boost_id_": 235, "arts_boost_type_": 2, "arts_boost_": 36, "arts_boost_damageup_id_": 203, "health_up_param_": 0, "strike_atk_up_param_": 0, "shot_atk_up_param_": 0, "strike_def_up_param_": 6600, "shot_def_up_param_": 6600, "luck_up_param_": 0}, {"arts_boost_id_": 236, "arts_boost_type_": 2, "arts_boost_": 37, "arts_boost_damageup_id_": 203, "health_up_param_": 0, "strike_atk_up_param_": 0, "shot_atk_up_param_": 0, "strike_def_up_param_": 6700, "shot_def_up_param_": 6700, "luck_up_param_": 0}, {"arts_boost_id_": 237, "arts_boost_type_": 2, "arts_boost_": 38, "arts_boost_damageup_id_": 203, "health_up_param_": 0, "strike_atk_up_param_": 0, "shot_atk_up_param_": 0, "strike_def_up_param_": 6800, "shot_def_up_param_": 6800, "luck_up_param_": 0}, {"arts_boost_id_": 238, "arts_boost_type_": 2, "arts_boost_": 39, "arts_boost_damageup_id_": 203, "health_up_param_": 0, "strike_atk_up_param_": 0, "shot_atk_up_param_": 0, "strike_def_up_param_": 6900, "shot_def_up_param_": 6900, "luck_up_param_": 0}, {"arts_boost_id_": 239, "arts_boost_type_": 2, "arts_boost_": 40, "arts_boost_damageup_id_": 204, "health_up_param_": 0, "strike_atk_up_param_": 0, "shot_atk_up_param_": 0, "strike_def_up_param_": 7000, "shot_def_up_param_": 7000, "luck_up_param_": 0}, {"arts_boost_id_": 240, "arts_boost_type_": 2, "arts_boost_": 41, "arts_boost_damageup_id_": 204, "health_up_param_": 0, "strike_atk_up_param_": 0, "shot_atk_up_param_": 0, "strike_def_up_param_": 7080, "shot_def_up_param_": 7080, "luck_up_param_": 0}, {"arts_boost_id_": 241, "arts_boost_type_": 2, "arts_boost_": 42, "arts_boost_damageup_id_": 204, "health_up_param_": 0, "strike_atk_up_param_": 0, "shot_atk_up_param_": 0, "strike_def_up_param_": 7160, "shot_def_up_param_": 7160, "luck_up_param_": 0}, {"arts_boost_id_": 242, "arts_boost_type_": 2, "arts_boost_": 43, "arts_boost_damageup_id_": 204, "health_up_param_": 0, "strike_atk_up_param_": 0, "shot_atk_up_param_": 0, "strike_def_up_param_": 7240, "shot_def_up_param_": 7240, "luck_up_param_": 0}, {"arts_boost_id_": 243, "arts_boost_type_": 2, "arts_boost_": 44, "arts_boost_damageup_id_": 204, "health_up_param_": 0, "strike_atk_up_param_": 0, "shot_atk_up_param_": 0, "strike_def_up_param_": 7320, "shot_def_up_param_": 7320, "luck_up_param_": 0}, {"arts_boost_id_": 244, "arts_boost_type_": 2, "arts_boost_": 45, "arts_boost_damageup_id_": 204, "health_up_param_": 0, "strike_atk_up_param_": 0, "shot_atk_up_param_": 0, "strike_def_up_param_": 7400, "shot_def_up_param_": 7400, "luck_up_param_": 0}, {"arts_boost_id_": 245, "arts_boost_type_": 2, "arts_boost_": 46, "arts_boost_damageup_id_": 204, "health_up_param_": 0, "strike_atk_up_param_": 0, "shot_atk_up_param_": 0, "strike_def_up_param_": 7480, "shot_def_up_param_": 7480, "luck_up_param_": 0}, {"arts_boost_id_": 246, "arts_boost_type_": 2, "arts_boost_": 47, "arts_boost_damageup_id_": 204, "health_up_param_": 0, "strike_atk_up_param_": 0, "shot_atk_up_param_": 0, "strike_def_up_param_": 7560, "shot_def_up_param_": 7560, "luck_up_param_": 0}, {"arts_boost_id_": 247, "arts_boost_type_": 2, "arts_boost_": 48, "arts_boost_damageup_id_": 204, "health_up_param_": 0, "strike_atk_up_param_": 0, "shot_atk_up_param_": 0, "strike_def_up_param_": 7640, "shot_def_up_param_": 7640, "luck_up_param_": 0}, {"arts_boost_id_": 248, "arts_boost_type_": 2, "arts_boost_": 49, "arts_boost_damageup_id_": 204, "health_up_param_": 0, "strike_atk_up_param_": 0, "shot_atk_up_param_": 0, "strike_def_up_param_": 7720, "shot_def_up_param_": 7720, "luck_up_param_": 0}, {"arts_boost_id_": 249, "arts_boost_type_": 2, "arts_boost_": 50, "arts_boost_damageup_id_": 205, "health_up_param_": 0, "strike_atk_up_param_": 0, "shot_atk_up_param_": 0, "strike_def_up_param_": 7800, "shot_def_up_param_": 7800, "luck_up_param_": 0}, {"arts_boost_id_": 250, "arts_boost_type_": 2, "arts_boost_": 51, "arts_boost_damageup_id_": 205, "health_up_param_": 0, "strike_atk_up_param_": 0, "shot_atk_up_param_": 0, "strike_def_up_param_": 7870, "shot_def_up_param_": 7870, "luck_up_param_": 0}, {"arts_boost_id_": 251, "arts_boost_type_": 2, "arts_boost_": 52, "arts_boost_damageup_id_": 205, "health_up_param_": 0, "strike_atk_up_param_": 0, "shot_atk_up_param_": 0, "strike_def_up_param_": 7940, "shot_def_up_param_": 7940, "luck_up_param_": 0}, {"arts_boost_id_": 252, "arts_boost_type_": 2, "arts_boost_": 53, "arts_boost_damageup_id_": 205, "health_up_param_": 0, "strike_atk_up_param_": 0, "shot_atk_up_param_": 0, "strike_def_up_param_": 8010, "shot_def_up_param_": 8010, "luck_up_param_": 0}, {"arts_boost_id_": 253, "arts_boost_type_": 2, "arts_boost_": 54, "arts_boost_damageup_id_": 205, "health_up_param_": 0, "strike_atk_up_param_": 0, "shot_atk_up_param_": 0, "strike_def_up_param_": 8080, "shot_def_up_param_": 8080, "luck_up_param_": 0}, {"arts_boost_id_": 254, "arts_boost_type_": 2, "arts_boost_": 55, "arts_boost_damageup_id_": 205, "health_up_param_": 0, "strike_atk_up_param_": 0, "shot_atk_up_param_": 0, "strike_def_up_param_": 8150, "shot_def_up_param_": 8150, "luck_up_param_": 0}, {"arts_boost_id_": 255, "arts_boost_type_": 2, "arts_boost_": 56, "arts_boost_damageup_id_": 205, "health_up_param_": 0, "strike_atk_up_param_": 0, "shot_atk_up_param_": 0, "strike_def_up_param_": 8220, "shot_def_up_param_": 8220, "luck_up_param_": 0}, {"arts_boost_id_": 256, "arts_boost_type_": 2, "arts_boost_": 57, "arts_boost_damageup_id_": 205, "health_up_param_": 0, "strike_atk_up_param_": 0, "shot_atk_up_param_": 0, "strike_def_up_param_": 8290, "shot_def_up_param_": 8290, "luck_up_param_": 0}, {"arts_boost_id_": 257, "arts_boost_type_": 2, "arts_boost_": 58, "arts_boost_damageup_id_": 205, "health_up_param_": 0, "strike_atk_up_param_": 0, "shot_atk_up_param_": 0, "strike_def_up_param_": 8360, "shot_def_up_param_": 8360, "luck_up_param_": 0}, {"arts_boost_id_": 258, "arts_boost_type_": 2, "arts_boost_": 59, "arts_boost_damageup_id_": 205, "health_up_param_": 0, "strike_atk_up_param_": 0, "shot_atk_up_param_": 0, "strike_def_up_param_": 8430, "shot_def_up_param_": 8430, "luck_up_param_": 0}, {"arts_boost_id_": 259, "arts_boost_type_": 2, "arts_boost_": 60, "arts_boost_damageup_id_": 206, "health_up_param_": 0, "strike_atk_up_param_": 0, "shot_atk_up_param_": 0, "strike_def_up_param_": 8500, "shot_def_up_param_": 8500, "luck_up_param_": 0}, {"arts_boost_id_": 260, "arts_boost_type_": 2, "arts_boost_": 61, "arts_boost_damageup_id_": 206, "health_up_param_": 0, "strike_atk_up_param_": 0, "shot_atk_up_param_": 0, "strike_def_up_param_": 8578, "shot_def_up_param_": 8578, "luck_up_param_": 0}, {"arts_boost_id_": 261, "arts_boost_type_": 2, "arts_boost_": 62, "arts_boost_damageup_id_": 206, "health_up_param_": 0, "strike_atk_up_param_": 0, "shot_atk_up_param_": 0, "strike_def_up_param_": 8656, "shot_def_up_param_": 8656, "luck_up_param_": 0}, {"arts_boost_id_": 262, "arts_boost_type_": 2, "arts_boost_": 63, "arts_boost_damageup_id_": 206, "health_up_param_": 0, "strike_atk_up_param_": 0, "shot_atk_up_param_": 0, "strike_def_up_param_": 8735, "shot_def_up_param_": 8735, "luck_up_param_": 0}, {"arts_boost_id_": 263, "arts_boost_type_": 2, "arts_boost_": 64, "arts_boost_damageup_id_": 206, "health_up_param_": 0, "strike_atk_up_param_": 0, "shot_atk_up_param_": 0, "strike_def_up_param_": 8813, "shot_def_up_param_": 8813, "luck_up_param_": 0}, {"arts_boost_id_": 264, "arts_boost_type_": 2, "arts_boost_": 65, "arts_boost_damageup_id_": 206, "health_up_param_": 0, "strike_atk_up_param_": 0, "shot_atk_up_param_": 0, "strike_def_up_param_": 8891, "shot_def_up_param_": 8891, "luck_up_param_": 0}, {"arts_boost_id_": 265, "arts_boost_type_": 2, "arts_boost_": 66, "arts_boost_damageup_id_": 206, "health_up_param_": 0, "strike_atk_up_param_": 0, "shot_atk_up_param_": 0, "strike_def_up_param_": 8969, "shot_def_up_param_": 8969, "luck_up_param_": 0}, {"arts_boost_id_": 266, "arts_boost_type_": 2, "arts_boost_": 67, "arts_boost_damageup_id_": 206, "health_up_param_": 0, "strike_atk_up_param_": 0, "shot_atk_up_param_": 0, "strike_def_up_param_": 9047, "shot_def_up_param_": 9047, "luck_up_param_": 0}, {"arts_boost_id_": 267, "arts_boost_type_": 2, "arts_boost_": 68, "arts_boost_damageup_id_": 206, "health_up_param_": 0, "strike_atk_up_param_": 0, "shot_atk_up_param_": 0, "strike_def_up_param_": 9126, "shot_def_up_param_": 9126, "luck_up_param_": 0}, {"arts_boost_id_": 268, "arts_boost_type_": 2, "arts_boost_": 69, "arts_boost_damageup_id_": 206, "health_up_param_": 0, "strike_atk_up_param_": 0, "shot_atk_up_param_": 0, "strike_def_up_param_": 9204, "shot_def_up_param_": 9204, "luck_up_param_": 0}, {"arts_boost_id_": 269, "arts_boost_type_": 2, "arts_boost_": 70, "arts_boost_damageup_id_": 207, "health_up_param_": 0, "strike_atk_up_param_": 0, "shot_atk_up_param_": 0, "strike_def_up_param_": 9282, "shot_def_up_param_": 9282, "luck_up_param_": 0}, {"arts_boost_id_": 270, "arts_boost_type_": 2, "arts_boost_": 71, "arts_boost_damageup_id_": 207, "health_up_param_": 0, "strike_atk_up_param_": 0, "shot_atk_up_param_": 0, "strike_def_up_param_": 9333, "shot_def_up_param_": 9333, "luck_up_param_": 0}, {"arts_boost_id_": 271, "arts_boost_type_": 2, "arts_boost_": 72, "arts_boost_damageup_id_": 207, "health_up_param_": 0, "strike_atk_up_param_": 0, "shot_atk_up_param_": 0, "strike_def_up_param_": 9384, "shot_def_up_param_": 9384, "luck_up_param_": 0}, {"arts_boost_id_": 272, "arts_boost_type_": 2, "arts_boost_": 73, "arts_boost_damageup_id_": 207, "health_up_param_": 0, "strike_atk_up_param_": 0, "shot_atk_up_param_": 0, "strike_def_up_param_": 9435, "shot_def_up_param_": 9435, "luck_up_param_": 0}, {"arts_boost_id_": 273, "arts_boost_type_": 2, "arts_boost_": 74, "arts_boost_damageup_id_": 207, "health_up_param_": 0, "strike_atk_up_param_": 0, "shot_atk_up_param_": 0, "strike_def_up_param_": 9486, "shot_def_up_param_": 9486, "luck_up_param_": 0}, {"arts_boost_id_": 274, "arts_boost_type_": 2, "arts_boost_": 75, "arts_boost_damageup_id_": 207, "health_up_param_": 0, "strike_atk_up_param_": 0, "shot_atk_up_param_": 0, "strike_def_up_param_": 9630, "shot_def_up_param_": 9630, "luck_up_param_": 0}, {"arts_boost_id_": 275, "arts_boost_type_": 2, "arts_boost_": 76, "arts_boost_damageup_id_": 207, "health_up_param_": 0, "strike_atk_up_param_": 0, "shot_atk_up_param_": 0, "strike_def_up_param_": 9682, "shot_def_up_param_": 9682, "luck_up_param_": 0}, {"arts_boost_id_": 276, "arts_boost_type_": 2, "arts_boost_": 77, "arts_boost_damageup_id_": 207, "health_up_param_": 0, "strike_atk_up_param_": 0, "shot_atk_up_param_": 0, "strike_def_up_param_": 9733, "shot_def_up_param_": 9733, "luck_up_param_": 0}, {"arts_boost_id_": 277, "arts_boost_type_": 2, "arts_boost_": 78, "arts_boost_damageup_id_": 207, "health_up_param_": 0, "strike_atk_up_param_": 0, "shot_atk_up_param_": 0, "strike_def_up_param_": 9785, "shot_def_up_param_": 9785, "luck_up_param_": 0}, {"arts_boost_id_": 278, "arts_boost_type_": 2, "arts_boost_": 79, "arts_boost_damageup_id_": 207, "health_up_param_": 0, "strike_atk_up_param_": 0, "shot_atk_up_param_": 0, "strike_def_up_param_": 9836, "shot_def_up_param_": 9836, "luck_up_param_": 0}, {"arts_boost_id_": 279, "arts_boost_type_": 2, "arts_boost_": 80, "arts_boost_damageup_id_": 208, "health_up_param_": 0, "strike_atk_up_param_": 0, "shot_atk_up_param_": 0, "strike_def_up_param_": 10176, "shot_def_up_param_": 10176, "luck_up_param_": 0}, {"arts_boost_id_": 280, "arts_boost_type_": 2, "arts_boost_": 81, "arts_boost_damageup_id_": 208, "health_up_param_": 0, "strike_atk_up_param_": 0, "shot_atk_up_param_": 0, "strike_def_up_param_": 10197, "shot_def_up_param_": 10197, "luck_up_param_": 0}, {"arts_boost_id_": 281, "arts_boost_type_": 2, "arts_boost_": 82, "arts_boost_damageup_id_": 208, "health_up_param_": 0, "strike_atk_up_param_": 0, "shot_atk_up_param_": 0, "strike_def_up_param_": 10218, "shot_def_up_param_": 10218, "luck_up_param_": 0}, {"arts_boost_id_": 282, "arts_boost_type_": 2, "arts_boost_": 83, "arts_boost_damageup_id_": 208, "health_up_param_": 0, "strike_atk_up_param_": 0, "shot_atk_up_param_": 0, "strike_def_up_param_": 10239, "shot_def_up_param_": 10239, "luck_up_param_": 0}, {"arts_boost_id_": 283, "arts_boost_type_": 2, "arts_boost_": 84, "arts_boost_damageup_id_": 208, "health_up_param_": 0, "strike_atk_up_param_": 0, "shot_atk_up_param_": 0, "strike_def_up_param_": 10260, "shot_def_up_param_": 10260, "luck_up_param_": 0}, {"arts_boost_id_": 284, "arts_boost_type_": 2, "arts_boost_": 85, "arts_boost_damageup_id_": 208, "health_up_param_": 0, "strike_atk_up_param_": 0, "shot_atk_up_param_": 0, "strike_def_up_param_": 10476, "shot_def_up_param_": 10476, "luck_up_param_": 0}, {"arts_boost_id_": 285, "arts_boost_type_": 2, "arts_boost_": 86, "arts_boost_damageup_id_": 208, "health_up_param_": 0, "strike_atk_up_param_": 0, "shot_atk_up_param_": 0, "strike_def_up_param_": 10497, "shot_def_up_param_": 10497, "luck_up_param_": 0}, {"arts_boost_id_": 286, "arts_boost_type_": 2, "arts_boost_": 87, "arts_boost_damageup_id_": 208, "health_up_param_": 0, "strike_atk_up_param_": 0, "shot_atk_up_param_": 0, "strike_def_up_param_": 10519, "shot_def_up_param_": 10519, "luck_up_param_": 0}, {"arts_boost_id_": 287, "arts_boost_type_": 2, "arts_boost_": 88, "arts_boost_damageup_id_": 208, "health_up_param_": 0, "strike_atk_up_param_": 0, "shot_atk_up_param_": 0, "strike_def_up_param_": 10540, "shot_def_up_param_": 10540, "luck_up_param_": 0}, {"arts_boost_id_": 288, "arts_boost_type_": 2, "arts_boost_": 89, "arts_boost_damageup_id_": 208, "health_up_param_": 0, "strike_atk_up_param_": 0, "shot_atk_up_param_": 0, "strike_def_up_param_": 10562, "shot_def_up_param_": 10562, "luck_up_param_": 0}, {"arts_boost_id_": 289, "arts_boost_type_": 2, "arts_boost_": 90, "arts_boost_damageup_id_": 209, "health_up_param_": 0, "strike_atk_up_param_": 0, "shot_atk_up_param_": 0, "strike_def_up_param_": 10780, "shot_def_up_param_": 10780, "luck_up_param_": 0}, {"arts_boost_id_": 290, "arts_boost_type_": 2, "arts_boost_": 91, "arts_boost_damageup_id_": 209, "health_up_param_": 0, "strike_atk_up_param_": 0, "shot_atk_up_param_": 0, "strike_def_up_param_": 10804, "shot_def_up_param_": 10804, "luck_up_param_": 0}, {"arts_boost_id_": 291, "arts_boost_type_": 2, "arts_boost_": 92, "arts_boost_damageup_id_": 209, "health_up_param_": 0, "strike_atk_up_param_": 0, "shot_atk_up_param_": 0, "strike_def_up_param_": 11025, "shot_def_up_param_": 11025, "luck_up_param_": 0}, {"arts_boost_id_": 292, "arts_boost_type_": 2, "arts_boost_": 93, "arts_boost_damageup_id_": 209, "health_up_param_": 0, "strike_atk_up_param_": 0, "shot_atk_up_param_": 0, "strike_def_up_param_": 11248, "shot_def_up_param_": 11248, "luck_up_param_": 0}, {"arts_boost_id_": 293, "arts_boost_type_": 2, "arts_boost_": 94, "arts_boost_damageup_id_": 209, "health_up_param_": 0, "strike_atk_up_param_": 0, "shot_atk_up_param_": 0, "strike_def_up_param_": 11471, "shot_def_up_param_": 11471, "luck_up_param_": 0}, {"arts_boost_id_": 294, "arts_boost_type_": 2, "arts_boost_": 95, "arts_boost_damageup_id_": 209, "health_up_param_": 0, "strike_atk_up_param_": 0, "shot_atk_up_param_": 0, "strike_def_up_param_": 11596, "shot_def_up_param_": 11596, "luck_up_param_": 0}, {"arts_boost_id_": 295, "arts_boost_type_": 2, "arts_boost_": 96, "arts_boost_damageup_id_": 209, "health_up_param_": 0, "strike_atk_up_param_": 0, "shot_atk_up_param_": 0, "strike_def_up_param_": 11721, "shot_def_up_param_": 11721, "luck_up_param_": 0}, {"arts_boost_id_": 296, "arts_boost_type_": 2, "arts_boost_": 97, "arts_boost_damageup_id_": 209, "health_up_param_": 0, "strike_atk_up_param_": 0, "shot_atk_up_param_": 0, "strike_def_up_param_": 11946, "shot_def_up_param_": 11946, "luck_up_param_": 0}, {"arts_boost_id_": 297, "arts_boost_type_": 2, "arts_boost_": 98, "arts_boost_damageup_id_": 209, "health_up_param_": 0, "strike_atk_up_param_": 0, "shot_atk_up_param_": 0, "strike_def_up_param_": 12472, "shot_def_up_param_": 12472, "luck_up_param_": 0}, {"arts_boost_id_": 298, "arts_boost_type_": 2, "arts_boost_": 99, "arts_boost_damageup_id_": 210, "health_up_param_": 0, "strike_atk_up_param_": 0, "shot_atk_up_param_": 0, "strike_def_up_param_": 13000, "shot_def_up_param_": 13000, "luck_up_param_": 0}]