[{"link_boost_table_id_": 1, "table_": [{"link_boost_id_": 0, "battle_point_floor_num_": 1, "health_param_": 100, "strike_atk_param_": 100, "shot_atk_param_": 100, "strike_def_param_": 100, "shot_def_param_": 100, "luck_param_": 1000, "energy_gauge_recovery_param_": 200, "vanish_gauge_recovery_param_": 0}, {"link_boost_id_": 1, "battle_point_floor_num_": 1000000, "health_param_": 100, "strike_atk_param_": 200, "shot_atk_param_": 200, "strike_def_param_": 200, "shot_def_param_": 200, "luck_param_": 2000, "energy_gauge_recovery_param_": 400, "vanish_gauge_recovery_param_": 0}, {"link_boost_id_": 2, "battle_point_floor_num_": 1500000, "health_param_": 200, "strike_atk_param_": 300, "shot_atk_param_": 300, "strike_def_param_": 300, "shot_def_param_": 300, "luck_param_": 3000, "energy_gauge_recovery_param_": 600, "vanish_gauge_recovery_param_": 0}, {"link_boost_id_": 3, "battle_point_floor_num_": 2000000, "health_param_": 200, "strike_atk_param_": 500, "shot_atk_param_": 500, "strike_def_param_": 500, "shot_def_param_": 500, "luck_param_": 4000, "energy_gauge_recovery_param_": 600, "vanish_gauge_recovery_param_": 0}, {"link_boost_id_": 4, "battle_point_floor_num_": 3000000, "health_param_": 300, "strike_atk_param_": 700, "shot_atk_param_": 700, "strike_def_param_": 700, "shot_def_param_": 700, "luck_param_": 5000, "energy_gauge_recovery_param_": 1000, "vanish_gauge_recovery_param_": 0}, {"link_boost_id_": 5, "battle_point_floor_num_": 5000000, "health_param_": 300, "strike_atk_param_": 1000, "shot_atk_param_": 1000, "strike_def_param_": 800, "shot_def_param_": 800, "luck_param_": 6000, "energy_gauge_recovery_param_": 1000, "vanish_gauge_recovery_param_": 0}, {"link_boost_id_": 6, "battle_point_floor_num_": 5200000, "health_param_": 300, "strike_atk_param_": 1000, "shot_atk_param_": 1000, "strike_def_param_": 800, "shot_def_param_": 800, "luck_param_": 7000, "energy_gauge_recovery_param_": 1000, "vanish_gauge_recovery_param_": 0}, {"link_boost_id_": 7, "battle_point_floor_num_": 5500000, "health_param_": 400, "strike_atk_param_": 1500, "shot_atk_param_": 1500, "strike_def_param_": 1000, "shot_def_param_": 1000, "luck_param_": 8000, "energy_gauge_recovery_param_": 1200, "vanish_gauge_recovery_param_": 0}, {"link_boost_id_": 8, "battle_point_floor_num_": 5700000, "health_param_": 500, "strike_atk_param_": 1700, "shot_atk_param_": 1700, "strike_def_param_": 1000, "shot_def_param_": 1000, "luck_param_": 9000, "energy_gauge_recovery_param_": 1600, "vanish_gauge_recovery_param_": 0}, {"link_boost_id_": 9, "battle_point_floor_num_": 6000000, "health_param_": 700, "strike_atk_param_": 2000, "shot_atk_param_": 2000, "strike_def_param_": 1200, "shot_def_param_": 1200, "luck_param_": 10000, "energy_gauge_recovery_param_": 1600, "vanish_gauge_recovery_param_": 0}, {"link_boost_id_": 10, "battle_point_floor_num_": 6500000, "health_param_": 1000, "strike_atk_param_": 2500, "shot_atk_param_": 2500, "strike_def_param_": 1400, "shot_def_param_": 1400, "luck_param_": 10500, "energy_gauge_recovery_param_": 2000, "vanish_gauge_recovery_param_": 0}, {"link_boost_id_": 11, "battle_point_floor_num_": 7000000, "health_param_": 1000, "strike_atk_param_": 3000, "shot_atk_param_": 3000, "strike_def_param_": 1500, "shot_def_param_": 1500, "luck_param_": 11000, "energy_gauge_recovery_param_": 2400, "vanish_gauge_recovery_param_": 0}, {"link_boost_id_": 12, "battle_point_floor_num_": 7300000, "health_param_": 1200, "strike_atk_param_": 3300, "shot_atk_param_": 3300, "strike_def_param_": 1800, "shot_def_param_": 1800, "luck_param_": 11500, "energy_gauge_recovery_param_": 1800, "vanish_gauge_recovery_param_": 0}, {"link_boost_id_": 13, "battle_point_floor_num_": 7500000, "health_param_": 1400, "strike_atk_param_": 3500, "shot_atk_param_": 3500, "strike_def_param_": 1900, "shot_def_param_": 1900, "luck_param_": 12000, "energy_gauge_recovery_param_": 3000, "vanish_gauge_recovery_param_": 0}, {"link_boost_id_": 14, "battle_point_floor_num_": 7600000, "health_param_": 1500, "strike_atk_param_": 3800, "shot_atk_param_": 3800, "strike_def_param_": 2000, "shot_def_param_": 2000, "luck_param_": 12400, "energy_gauge_recovery_param_": 3200, "vanish_gauge_recovery_param_": 0}, {"link_boost_id_": 15, "battle_point_floor_num_": 7650000, "health_param_": 1600, "strike_atk_param_": 4000, "shot_atk_param_": 4000, "strike_def_param_": 2100, "shot_def_param_": 2100, "luck_param_": 13000, "energy_gauge_recovery_param_": 3200, "vanish_gauge_recovery_param_": 0}]}, {"link_boost_table_id_": 2, "table_": [{"link_boost_id_": 0, "battle_point_floor_num_": 1, "health_param_": 100, "strike_atk_param_": 100, "shot_atk_param_": 100, "strike_def_param_": 100, "shot_def_param_": 100, "luck_param_": 1000, "energy_gauge_recovery_param_": 200, "vanish_gauge_recovery_param_": 0}, {"link_boost_id_": 1, "battle_point_floor_num_": 700000, "health_param_": 100, "strike_atk_param_": 200, "shot_atk_param_": 200, "strike_def_param_": 200, "shot_def_param_": 200, "luck_param_": 2000, "energy_gauge_recovery_param_": 400, "vanish_gauge_recovery_param_": 0}, {"link_boost_id_": 2, "battle_point_floor_num_": 1400000, "health_param_": 200, "strike_atk_param_": 300, "shot_atk_param_": 300, "strike_def_param_": 300, "shot_def_param_": 300, "luck_param_": 3000, "energy_gauge_recovery_param_": 600, "vanish_gauge_recovery_param_": 0}, {"link_boost_id_": 3, "battle_point_floor_num_": 2100000, "health_param_": 200, "strike_atk_param_": 500, "shot_atk_param_": 500, "strike_def_param_": 500, "shot_def_param_": 500, "luck_param_": 4000, "energy_gauge_recovery_param_": 600, "vanish_gauge_recovery_param_": 0}, {"link_boost_id_": 4, "battle_point_floor_num_": 2800000, "health_param_": 300, "strike_atk_param_": 700, "shot_atk_param_": 700, "strike_def_param_": 700, "shot_def_param_": 700, "luck_param_": 5000, "energy_gauge_recovery_param_": 1000, "vanish_gauge_recovery_param_": 0}, {"link_boost_id_": 5, "battle_point_floor_num_": 3500000, "health_param_": 300, "strike_atk_param_": 1000, "shot_atk_param_": 1000, "strike_def_param_": 800, "shot_def_param_": 800, "luck_param_": 6000, "energy_gauge_recovery_param_": 1000, "vanish_gauge_recovery_param_": 0}, {"link_boost_id_": 6, "battle_point_floor_num_": 4200000, "health_param_": 300, "strike_atk_param_": 1000, "shot_atk_param_": 1000, "strike_def_param_": 800, "shot_def_param_": 800, "luck_param_": 7000, "energy_gauge_recovery_param_": 1000, "vanish_gauge_recovery_param_": 0}, {"link_boost_id_": 7, "battle_point_floor_num_": 4900000, "health_param_": 400, "strike_atk_param_": 1500, "shot_atk_param_": 1500, "strike_def_param_": 1000, "shot_def_param_": 1000, "luck_param_": 8000, "energy_gauge_recovery_param_": 1200, "vanish_gauge_recovery_param_": 0}, {"link_boost_id_": 8, "battle_point_floor_num_": 5600000, "health_param_": 500, "strike_atk_param_": 1700, "shot_atk_param_": 1700, "strike_def_param_": 1000, "shot_def_param_": 1000, "luck_param_": 9000, "energy_gauge_recovery_param_": 1600, "vanish_gauge_recovery_param_": 0}, {"link_boost_id_": 9, "battle_point_floor_num_": 6300000, "health_param_": 700, "strike_atk_param_": 2000, "shot_atk_param_": 2000, "strike_def_param_": 1200, "shot_def_param_": 1200, "luck_param_": 10000, "energy_gauge_recovery_param_": 1600, "vanish_gauge_recovery_param_": 0}, {"link_boost_id_": 10, "battle_point_floor_num_": 7000000, "health_param_": 1000, "strike_atk_param_": 2500, "shot_atk_param_": 2500, "strike_def_param_": 1400, "shot_def_param_": 1400, "luck_param_": 10500, "energy_gauge_recovery_param_": 2000, "vanish_gauge_recovery_param_": 0}, {"link_boost_id_": 11, "battle_point_floor_num_": 7800000, "health_param_": 1000, "strike_atk_param_": 3000, "shot_atk_param_": 3000, "strike_def_param_": 1500, "shot_def_param_": 1500, "luck_param_": 11000, "energy_gauge_recovery_param_": 2400, "vanish_gauge_recovery_param_": 0}, {"link_boost_id_": 12, "battle_point_floor_num_": 8700000, "health_param_": 1200, "strike_atk_param_": 3300, "shot_atk_param_": 3300, "strike_def_param_": 1800, "shot_def_param_": 1800, "luck_param_": 11500, "energy_gauge_recovery_param_": 1800, "vanish_gauge_recovery_param_": 0}, {"link_boost_id_": 13, "battle_point_floor_num_": 9700000, "health_param_": 1400, "strike_atk_param_": 3500, "shot_atk_param_": 3500, "strike_def_param_": 1900, "shot_def_param_": 1900, "luck_param_": 12000, "energy_gauge_recovery_param_": 3000, "vanish_gauge_recovery_param_": 0}, {"link_boost_id_": 14, "battle_point_floor_num_": 10800000, "health_param_": 1500, "strike_atk_param_": 3800, "shot_atk_param_": 3800, "strike_def_param_": 2000, "shot_def_param_": 2000, "luck_param_": 12400, "energy_gauge_recovery_param_": 3200, "vanish_gauge_recovery_param_": 0}, {"link_boost_id_": 15, "battle_point_floor_num_": 12000000, "health_param_": 1600, "strike_atk_param_": 4000, "shot_atk_param_": 4000, "strike_def_param_": 2100, "shot_def_param_": 2100, "luck_param_": 13000, "energy_gauge_recovery_param_": 3200, "vanish_gauge_recovery_param_": 0}]}, {"link_boost_table_id_": 3, "table_": [{"link_boost_id_": 0, "battle_point_floor_num_": 1, "health_param_": 100, "strike_atk_param_": 100, "shot_atk_param_": 100, "strike_def_param_": 100, "shot_def_param_": 100, "luck_param_": 500, "energy_gauge_recovery_param_": 200, "vanish_gauge_recovery_param_": 0}, {"link_boost_id_": 1, "battle_point_floor_num_": 600000, "health_param_": 150, "strike_atk_param_": 250, "shot_atk_param_": 250, "strike_def_param_": 200, "shot_def_param_": 200, "luck_param_": 1000, "energy_gauge_recovery_param_": 350, "vanish_gauge_recovery_param_": 0}, {"link_boost_id_": 2, "battle_point_floor_num_": 900000, "health_param_": 200, "strike_atk_param_": 400, "shot_atk_param_": 400, "strike_def_param_": 300, "shot_def_param_": 300, "luck_param_": 1500, "energy_gauge_recovery_param_": 500, "vanish_gauge_recovery_param_": 0}, {"link_boost_id_": 3, "battle_point_floor_num_": 1200000, "health_param_": 250, "strike_atk_param_": 550, "shot_atk_param_": 550, "strike_def_param_": 375, "shot_def_param_": 375, "luck_param_": 2000, "energy_gauge_recovery_param_": 650, "vanish_gauge_recovery_param_": 0}, {"link_boost_id_": 4, "battle_point_floor_num_": 1500000, "health_param_": 300, "strike_atk_param_": 700, "shot_atk_param_": 700, "strike_def_param_": 450, "shot_def_param_": 450, "luck_param_": 2500, "energy_gauge_recovery_param_": 800, "vanish_gauge_recovery_param_": 0}, {"link_boost_id_": 5, "battle_point_floor_num_": 1800000, "health_param_": 350, "strike_atk_param_": 850, "shot_atk_param_": 850, "strike_def_param_": 525, "shot_def_param_": 525, "luck_param_": 3000, "energy_gauge_recovery_param_": 950, "vanish_gauge_recovery_param_": 0}, {"link_boost_id_": 6, "battle_point_floor_num_": 2100000, "health_param_": 400, "strike_atk_param_": 1000, "shot_atk_param_": 1000, "strike_def_param_": 600, "shot_def_param_": 600, "luck_param_": 3500, "energy_gauge_recovery_param_": 1100, "vanish_gauge_recovery_param_": 0}, {"link_boost_id_": 7, "battle_point_floor_num_": 2400000, "health_param_": 460, "strike_atk_param_": 1150, "shot_atk_param_": 1150, "strike_def_param_": 675, "shot_def_param_": 675, "luck_param_": 4000, "energy_gauge_recovery_param_": 1250, "vanish_gauge_recovery_param_": 0}, {"link_boost_id_": 8, "battle_point_floor_num_": 2700000, "health_param_": 520, "strike_atk_param_": 1300, "shot_atk_param_": 1300, "strike_def_param_": 750, "shot_def_param_": 750, "luck_param_": 4500, "energy_gauge_recovery_param_": 1400, "vanish_gauge_recovery_param_": 0}, {"link_boost_id_": 9, "battle_point_floor_num_": 3000000, "health_param_": 580, "strike_atk_param_": 1450, "shot_atk_param_": 1450, "strike_def_param_": 825, "shot_def_param_": 825, "luck_param_": 5000, "energy_gauge_recovery_param_": 1500, "vanish_gauge_recovery_param_": 0}, {"link_boost_id_": 10, "battle_point_floor_num_": 3300000, "health_param_": 640, "strike_atk_param_": 1600, "shot_atk_param_": 1600, "strike_def_param_": 900, "shot_def_param_": 900, "luck_param_": 5500, "energy_gauge_recovery_param_": 1600, "vanish_gauge_recovery_param_": 0}, {"link_boost_id_": 11, "battle_point_floor_num_": 3600000, "health_param_": 700, "strike_atk_param_": 1750, "shot_atk_param_": 1750, "strike_def_param_": 975, "shot_def_param_": 975, "luck_param_": 6000, "energy_gauge_recovery_param_": 1700, "vanish_gauge_recovery_param_": 0}, {"link_boost_id_": 12, "battle_point_floor_num_": 3900000, "health_param_": 760, "strike_atk_param_": 1900, "shot_atk_param_": 1900, "strike_def_param_": 1050, "shot_def_param_": 1050, "luck_param_": 6500, "energy_gauge_recovery_param_": 1800, "vanish_gauge_recovery_param_": 0}, {"link_boost_id_": 13, "battle_point_floor_num_": 4200000, "health_param_": 820, "strike_atk_param_": 2050, "shot_atk_param_": 2050, "strike_def_param_": 1125, "shot_def_param_": 1125, "luck_param_": 7000, "energy_gauge_recovery_param_": 1900, "vanish_gauge_recovery_param_": 0}, {"link_boost_id_": 14, "battle_point_floor_num_": 4500000, "health_param_": 880, "strike_atk_param_": 2200, "shot_atk_param_": 2200, "strike_def_param_": 1200, "shot_def_param_": 1200, "luck_param_": 7500, "energy_gauge_recovery_param_": 2000, "vanish_gauge_recovery_param_": 0}, {"link_boost_id_": 15, "battle_point_floor_num_": 4800000, "health_param_": 940, "strike_atk_param_": 2350, "shot_atk_param_": 2350, "strike_def_param_": 1275, "shot_def_param_": 1275, "luck_param_": 8000, "energy_gauge_recovery_param_": 2100, "vanish_gauge_recovery_param_": 0}, {"link_boost_id_": 16, "battle_point_floor_num_": 5100000, "health_param_": 1000, "strike_atk_param_": 2500, "shot_atk_param_": 2500, "strike_def_param_": 1350, "shot_def_param_": 1350, "luck_param_": 8500, "energy_gauge_recovery_param_": 2200, "vanish_gauge_recovery_param_": 0}, {"link_boost_id_": 17, "battle_point_floor_num_": 5400000, "health_param_": 1060, "strike_atk_param_": 2650, "shot_atk_param_": 2650, "strike_def_param_": 1425, "shot_def_param_": 1425, "luck_param_": 9000, "energy_gauge_recovery_param_": 2300, "vanish_gauge_recovery_param_": 0}, {"link_boost_id_": 18, "battle_point_floor_num_": 5700000, "health_param_": 1120, "strike_atk_param_": 2800, "shot_atk_param_": 2800, "strike_def_param_": 1500, "shot_def_param_": 1500, "luck_param_": 9500, "energy_gauge_recovery_param_": 2400, "vanish_gauge_recovery_param_": 0}, {"link_boost_id_": 19, "battle_point_floor_num_": 6000000, "health_param_": 1180, "strike_atk_param_": 2950, "shot_atk_param_": 2950, "strike_def_param_": 1575, "shot_def_param_": 1575, "luck_param_": 10000, "energy_gauge_recovery_param_": 2500, "vanish_gauge_recovery_param_": 0}, {"link_boost_id_": 20, "battle_point_floor_num_": 6300000, "health_param_": 1240, "strike_atk_param_": 3100, "shot_atk_param_": 3100, "strike_def_param_": 1650, "shot_def_param_": 1650, "luck_param_": 10500, "energy_gauge_recovery_param_": 2600, "vanish_gauge_recovery_param_": 0}, {"link_boost_id_": 21, "battle_point_floor_num_": 6600000, "health_param_": 1300, "strike_atk_param_": 3250, "shot_atk_param_": 3250, "strike_def_param_": 1725, "shot_def_param_": 1725, "luck_param_": 11000, "energy_gauge_recovery_param_": 2700, "vanish_gauge_recovery_param_": 0}, {"link_boost_id_": 22, "battle_point_floor_num_": 6900000, "health_param_": 1360, "strike_atk_param_": 3400, "shot_atk_param_": 3400, "strike_def_param_": 1800, "shot_def_param_": 1800, "luck_param_": 11400, "energy_gauge_recovery_param_": 2800, "vanish_gauge_recovery_param_": 0}, {"link_boost_id_": 23, "battle_point_floor_num_": 7200000, "health_param_": 1420, "strike_atk_param_": 3550, "shot_atk_param_": 3550, "strike_def_param_": 1875, "shot_def_param_": 1875, "luck_param_": 11800, "energy_gauge_recovery_param_": 2900, "vanish_gauge_recovery_param_": 0}, {"link_boost_id_": 24, "battle_point_floor_num_": 7400000, "health_param_": 1480, "strike_atk_param_": 3700, "shot_atk_param_": 3700, "strike_def_param_": 1950, "shot_def_param_": 1950, "luck_param_": 12200, "energy_gauge_recovery_param_": 3000, "vanish_gauge_recovery_param_": 0}, {"link_boost_id_": 25, "battle_point_floor_num_": 7600000, "health_param_": 1540, "strike_atk_param_": 3850, "shot_atk_param_": 3850, "strike_def_param_": 2025, "shot_def_param_": 2025, "luck_param_": 12600, "energy_gauge_recovery_param_": 3100, "vanish_gauge_recovery_param_": 0}, {"link_boost_id_": 26, "battle_point_floor_num_": 7900000, "health_param_": 1600, "strike_atk_param_": 4000, "shot_atk_param_": 4000, "strike_def_param_": 2100, "shot_def_param_": 2100, "luck_param_": 13000, "energy_gauge_recovery_param_": 3200, "vanish_gauge_recovery_param_": 0}, {"link_boost_id_": 27, "battle_point_floor_num_": 8200000, "health_param_": 1640, "strike_atk_param_": 4100, "shot_atk_param_": 4100, "strike_def_param_": 2150, "shot_def_param_": 2150, "luck_param_": 13300, "energy_gauge_recovery_param_": 3300, "vanish_gauge_recovery_param_": 0}, {"link_boost_id_": 28, "battle_point_floor_num_": 8500000, "health_param_": 1680, "strike_atk_param_": 4200, "shot_atk_param_": 4200, "strike_def_param_": 2200, "shot_def_param_": 2200, "luck_param_": 13600, "energy_gauge_recovery_param_": 3400, "vanish_gauge_recovery_param_": 0}, {"link_boost_id_": 29, "battle_point_floor_num_": 8800000, "health_param_": 1720, "strike_atk_param_": 4300, "shot_atk_param_": 4300, "strike_def_param_": 2250, "shot_def_param_": 2250, "luck_param_": 13900, "energy_gauge_recovery_param_": 3500, "vanish_gauge_recovery_param_": 0}, {"link_boost_id_": 30, "battle_point_floor_num_": 9100000, "health_param_": 1760, "strike_atk_param_": 4400, "shot_atk_param_": 4400, "strike_def_param_": 2300, "shot_def_param_": 2300, "luck_param_": 14200, "energy_gauge_recovery_param_": 3600, "vanish_gauge_recovery_param_": 0}, {"link_boost_id_": 31, "battle_point_floor_num_": 9400000, "health_param_": 1800, "strike_atk_param_": 4500, "shot_atk_param_": 4500, "strike_def_param_": 2350, "shot_def_param_": 2350, "luck_param_": 14500, "energy_gauge_recovery_param_": 3700, "vanish_gauge_recovery_param_": 0}, {"link_boost_id_": 32, "battle_point_floor_num_": 9700000, "health_param_": 1840, "strike_atk_param_": 4600, "shot_atk_param_": 4600, "strike_def_param_": 2400, "shot_def_param_": 2400, "luck_param_": 14800, "energy_gauge_recovery_param_": 3800, "vanish_gauge_recovery_param_": 0}, {"link_boost_id_": 33, "battle_point_floor_num_": 10000000, "health_param_": 1880, "strike_atk_param_": 4700, "shot_atk_param_": 4700, "strike_def_param_": 2450, "shot_def_param_": 2450, "luck_param_": 15100, "energy_gauge_recovery_param_": 3900, "vanish_gauge_recovery_param_": 0}, {"link_boost_id_": 34, "battle_point_floor_num_": 10250000, "health_param_": 1907, "strike_atk_param_": 4753, "shot_atk_param_": 4753, "strike_def_param_": 2480, "shot_def_param_": 2480, "luck_param_": 15267, "energy_gauge_recovery_param_": 3967, "vanish_gauge_recovery_param_": 0}, {"link_boost_id_": 35, "battle_point_floor_num_": 10500000, "health_param_": 1934, "strike_atk_param_": 4806, "shot_atk_param_": 4806, "strike_def_param_": 2510, "shot_def_param_": 2510, "luck_param_": 15434, "energy_gauge_recovery_param_": 4034, "vanish_gauge_recovery_param_": 0}, {"link_boost_id_": 36, "battle_point_floor_num_": 10750000, "health_param_": 1961, "strike_atk_param_": 4859, "shot_atk_param_": 4859, "strike_def_param_": 2540, "shot_def_param_": 2540, "luck_param_": 15601, "energy_gauge_recovery_param_": 4101, "vanish_gauge_recovery_param_": 0}, {"link_boost_id_": 37, "battle_point_floor_num_": 11000000, "health_param_": 1988, "strike_atk_param_": 4912, "shot_atk_param_": 4912, "strike_def_param_": 2570, "shot_def_param_": 2570, "luck_param_": 15768, "energy_gauge_recovery_param_": 4168, "vanish_gauge_recovery_param_": 0}, {"link_boost_id_": 38, "battle_point_floor_num_": 11250000, "health_param_": 2015, "strike_atk_param_": 4965, "shot_atk_param_": 4965, "strike_def_param_": 2600, "shot_def_param_": 2600, "luck_param_": 15935, "energy_gauge_recovery_param_": 4235, "vanish_gauge_recovery_param_": 0}, {"link_boost_id_": 39, "battle_point_floor_num_": 11500000, "health_param_": 2040, "strike_atk_param_": 5020, "shot_atk_param_": 5020, "strike_def_param_": 2630, "shot_def_param_": 2630, "luck_param_": 16100, "energy_gauge_recovery_param_": 4300, "vanish_gauge_recovery_param_": 0}, {"link_boost_id_": 40, "battle_point_floor_num_": 11750000, "health_param_": 2067, "strike_atk_param_": 5067, "shot_atk_param_": 5067, "strike_def_param_": 2658, "shot_def_param_": 2658, "luck_param_": 16250, "energy_gauge_recovery_param_": 4350, "vanish_gauge_recovery_param_": 0}, {"link_boost_id_": 41, "battle_point_floor_num_": 12000000, "health_param_": 2094, "strike_atk_param_": 5114, "shot_atk_param_": 5114, "strike_def_param_": 2686, "shot_def_param_": 2686, "luck_param_": 16400, "energy_gauge_recovery_param_": 4400, "vanish_gauge_recovery_param_": 0}, {"link_boost_id_": 42, "battle_point_floor_num_": 12250000, "health_param_": 2121, "strike_atk_param_": 5161, "shot_atk_param_": 5161, "strike_def_param_": 2714, "shot_def_param_": 2714, "luck_param_": 16550, "energy_gauge_recovery_param_": 4450, "vanish_gauge_recovery_param_": 0}, {"link_boost_id_": 43, "battle_point_floor_num_": 12500000, "health_param_": 2148, "strike_atk_param_": 5208, "shot_atk_param_": 5208, "strike_def_param_": 2742, "shot_def_param_": 2742, "luck_param_": 16700, "energy_gauge_recovery_param_": 4500, "vanish_gauge_recovery_param_": 0}, {"link_boost_id_": 44, "battle_point_floor_num_": 12750000, "health_param_": 2175, "strike_atk_param_": 5255, "shot_atk_param_": 5255, "strike_def_param_": 2770, "shot_def_param_": 2770, "luck_param_": 16850, "energy_gauge_recovery_param_": 4550, "vanish_gauge_recovery_param_": 0}, {"link_boost_id_": 45, "battle_point_floor_num_": 13000000, "health_param_": 2200, "strike_atk_param_": 5300, "shot_atk_param_": 5300, "strike_def_param_": 2800, "shot_def_param_": 2800, "luck_param_": 17000, "energy_gauge_recovery_param_": 4600, "vanish_gauge_recovery_param_": 0}]}, {"link_boost_table_id_": 4, "table_": [{"link_boost_id_": 0, "battle_point_floor_num_": 1, "health_param_": 100, "strike_atk_param_": 100, "shot_atk_param_": 100, "strike_def_param_": 100, "shot_def_param_": 100, "luck_param_": 500, "energy_gauge_recovery_param_": 200, "vanish_gauge_recovery_param_": 0}, {"link_boost_id_": 1, "battle_point_floor_num_": 600000, "health_param_": 150, "strike_atk_param_": 250, "shot_atk_param_": 250, "strike_def_param_": 200, "shot_def_param_": 200, "luck_param_": 1000, "energy_gauge_recovery_param_": 350, "vanish_gauge_recovery_param_": 0}, {"link_boost_id_": 2, "battle_point_floor_num_": 900000, "health_param_": 200, "strike_atk_param_": 400, "shot_atk_param_": 400, "strike_def_param_": 300, "shot_def_param_": 300, "luck_param_": 1500, "energy_gauge_recovery_param_": 500, "vanish_gauge_recovery_param_": 0}, {"link_boost_id_": 3, "battle_point_floor_num_": 1200000, "health_param_": 250, "strike_atk_param_": 550, "shot_atk_param_": 550, "strike_def_param_": 375, "shot_def_param_": 375, "luck_param_": 2000, "energy_gauge_recovery_param_": 650, "vanish_gauge_recovery_param_": 0}, {"link_boost_id_": 4, "battle_point_floor_num_": 1500000, "health_param_": 300, "strike_atk_param_": 700, "shot_atk_param_": 700, "strike_def_param_": 450, "shot_def_param_": 450, "luck_param_": 2500, "energy_gauge_recovery_param_": 800, "vanish_gauge_recovery_param_": 0}, {"link_boost_id_": 5, "battle_point_floor_num_": 1800000, "health_param_": 350, "strike_atk_param_": 850, "shot_atk_param_": 850, "strike_def_param_": 525, "shot_def_param_": 525, "luck_param_": 3000, "energy_gauge_recovery_param_": 950, "vanish_gauge_recovery_param_": 0}, {"link_boost_id_": 6, "battle_point_floor_num_": 2100000, "health_param_": 400, "strike_atk_param_": 1000, "shot_atk_param_": 1000, "strike_def_param_": 600, "shot_def_param_": 600, "luck_param_": 3500, "energy_gauge_recovery_param_": 1100, "vanish_gauge_recovery_param_": 0}, {"link_boost_id_": 7, "battle_point_floor_num_": 2400000, "health_param_": 460, "strike_atk_param_": 1150, "shot_atk_param_": 1150, "strike_def_param_": 675, "shot_def_param_": 675, "luck_param_": 4000, "energy_gauge_recovery_param_": 1250, "vanish_gauge_recovery_param_": 0}, {"link_boost_id_": 8, "battle_point_floor_num_": 2700000, "health_param_": 520, "strike_atk_param_": 1300, "shot_atk_param_": 1300, "strike_def_param_": 750, "shot_def_param_": 750, "luck_param_": 4500, "energy_gauge_recovery_param_": 1400, "vanish_gauge_recovery_param_": 0}, {"link_boost_id_": 9, "battle_point_floor_num_": 3000000, "health_param_": 580, "strike_atk_param_": 1450, "shot_atk_param_": 1450, "strike_def_param_": 825, "shot_def_param_": 825, "luck_param_": 5000, "energy_gauge_recovery_param_": 1500, "vanish_gauge_recovery_param_": 0}, {"link_boost_id_": 10, "battle_point_floor_num_": 3300000, "health_param_": 640, "strike_atk_param_": 1600, "shot_atk_param_": 1600, "strike_def_param_": 900, "shot_def_param_": 900, "luck_param_": 5500, "energy_gauge_recovery_param_": 1600, "vanish_gauge_recovery_param_": 0}, {"link_boost_id_": 11, "battle_point_floor_num_": 3600000, "health_param_": 700, "strike_atk_param_": 1750, "shot_atk_param_": 1750, "strike_def_param_": 975, "shot_def_param_": 975, "luck_param_": 6000, "energy_gauge_recovery_param_": 1700, "vanish_gauge_recovery_param_": 0}, {"link_boost_id_": 12, "battle_point_floor_num_": 3900000, "health_param_": 760, "strike_atk_param_": 1900, "shot_atk_param_": 1900, "strike_def_param_": 1050, "shot_def_param_": 1050, "luck_param_": 6500, "energy_gauge_recovery_param_": 1800, "vanish_gauge_recovery_param_": 0}, {"link_boost_id_": 13, "battle_point_floor_num_": 4200000, "health_param_": 820, "strike_atk_param_": 2050, "shot_atk_param_": 2050, "strike_def_param_": 1125, "shot_def_param_": 1125, "luck_param_": 7000, "energy_gauge_recovery_param_": 1900, "vanish_gauge_recovery_param_": 0}, {"link_boost_id_": 14, "battle_point_floor_num_": 4500000, "health_param_": 880, "strike_atk_param_": 2200, "shot_atk_param_": 2200, "strike_def_param_": 1200, "shot_def_param_": 1200, "luck_param_": 7500, "energy_gauge_recovery_param_": 2000, "vanish_gauge_recovery_param_": 0}, {"link_boost_id_": 15, "battle_point_floor_num_": 4800000, "health_param_": 940, "strike_atk_param_": 2350, "shot_atk_param_": 2350, "strike_def_param_": 1275, "shot_def_param_": 1275, "luck_param_": 8000, "energy_gauge_recovery_param_": 2100, "vanish_gauge_recovery_param_": 0}, {"link_boost_id_": 16, "battle_point_floor_num_": 5100000, "health_param_": 1000, "strike_atk_param_": 2500, "shot_atk_param_": 2500, "strike_def_param_": 1350, "shot_def_param_": 1350, "luck_param_": 8500, "energy_gauge_recovery_param_": 2200, "vanish_gauge_recovery_param_": 0}, {"link_boost_id_": 17, "battle_point_floor_num_": 5400000, "health_param_": 1060, "strike_atk_param_": 2650, "shot_atk_param_": 2650, "strike_def_param_": 1425, "shot_def_param_": 1425, "luck_param_": 9000, "energy_gauge_recovery_param_": 2300, "vanish_gauge_recovery_param_": 0}, {"link_boost_id_": 18, "battle_point_floor_num_": 5700000, "health_param_": 1120, "strike_atk_param_": 2800, "shot_atk_param_": 2800, "strike_def_param_": 1500, "shot_def_param_": 1500, "luck_param_": 9500, "energy_gauge_recovery_param_": 2400, "vanish_gauge_recovery_param_": 0}, {"link_boost_id_": 19, "battle_point_floor_num_": 6000000, "health_param_": 1180, "strike_atk_param_": 2950, "shot_atk_param_": 2950, "strike_def_param_": 1575, "shot_def_param_": 1575, "luck_param_": 10000, "energy_gauge_recovery_param_": 2500, "vanish_gauge_recovery_param_": 0}, {"link_boost_id_": 20, "battle_point_floor_num_": 6300000, "health_param_": 1240, "strike_atk_param_": 3100, "shot_atk_param_": 3100, "strike_def_param_": 1650, "shot_def_param_": 1650, "luck_param_": 10500, "energy_gauge_recovery_param_": 2600, "vanish_gauge_recovery_param_": 0}, {"link_boost_id_": 21, "battle_point_floor_num_": 6600000, "health_param_": 1300, "strike_atk_param_": 3250, "shot_atk_param_": 3250, "strike_def_param_": 1725, "shot_def_param_": 1725, "luck_param_": 11000, "energy_gauge_recovery_param_": 2700, "vanish_gauge_recovery_param_": 0}, {"link_boost_id_": 22, "battle_point_floor_num_": 6900000, "health_param_": 1360, "strike_atk_param_": 3400, "shot_atk_param_": 3400, "strike_def_param_": 1800, "shot_def_param_": 1800, "luck_param_": 11400, "energy_gauge_recovery_param_": 2800, "vanish_gauge_recovery_param_": 0}, {"link_boost_id_": 23, "battle_point_floor_num_": 7200000, "health_param_": 1420, "strike_atk_param_": 3550, "shot_atk_param_": 3550, "strike_def_param_": 1875, "shot_def_param_": 1875, "luck_param_": 11800, "energy_gauge_recovery_param_": 2900, "vanish_gauge_recovery_param_": 0}, {"link_boost_id_": 24, "battle_point_floor_num_": 7400000, "health_param_": 1480, "strike_atk_param_": 3700, "shot_atk_param_": 3700, "strike_def_param_": 1950, "shot_def_param_": 1950, "luck_param_": 12200, "energy_gauge_recovery_param_": 3000, "vanish_gauge_recovery_param_": 0}, {"link_boost_id_": 25, "battle_point_floor_num_": 7600000, "health_param_": 1540, "strike_atk_param_": 3850, "shot_atk_param_": 3850, "strike_def_param_": 2025, "shot_def_param_": 2025, "luck_param_": 12600, "energy_gauge_recovery_param_": 3100, "vanish_gauge_recovery_param_": 0}, {"link_boost_id_": 26, "battle_point_floor_num_": 7900000, "health_param_": 1600, "strike_atk_param_": 4000, "shot_atk_param_": 4000, "strike_def_param_": 2100, "shot_def_param_": 2100, "luck_param_": 13000, "energy_gauge_recovery_param_": 3200, "vanish_gauge_recovery_param_": 0}, {"link_boost_id_": 27, "battle_point_floor_num_": 8200000, "health_param_": 1640, "strike_atk_param_": 4100, "shot_atk_param_": 4100, "strike_def_param_": 2150, "shot_def_param_": 2150, "luck_param_": 13300, "energy_gauge_recovery_param_": 3300, "vanish_gauge_recovery_param_": 0}, {"link_boost_id_": 28, "battle_point_floor_num_": 8500000, "health_param_": 1680, "strike_atk_param_": 4200, "shot_atk_param_": 4200, "strike_def_param_": 2200, "shot_def_param_": 2200, "luck_param_": 13600, "energy_gauge_recovery_param_": 3400, "vanish_gauge_recovery_param_": 0}, {"link_boost_id_": 29, "battle_point_floor_num_": 8800000, "health_param_": 1720, "strike_atk_param_": 4300, "shot_atk_param_": 4300, "strike_def_param_": 2250, "shot_def_param_": 2250, "luck_param_": 13900, "energy_gauge_recovery_param_": 3500, "vanish_gauge_recovery_param_": 0}, {"link_boost_id_": 30, "battle_point_floor_num_": 9100000, "health_param_": 1760, "strike_atk_param_": 4400, "shot_atk_param_": 4400, "strike_def_param_": 2300, "shot_def_param_": 2300, "luck_param_": 14200, "energy_gauge_recovery_param_": 3600, "vanish_gauge_recovery_param_": 0}, {"link_boost_id_": 31, "battle_point_floor_num_": 9400000, "health_param_": 1800, "strike_atk_param_": 4500, "shot_atk_param_": 4500, "strike_def_param_": 2350, "shot_def_param_": 2350, "luck_param_": 14500, "energy_gauge_recovery_param_": 3700, "vanish_gauge_recovery_param_": 0}, {"link_boost_id_": 32, "battle_point_floor_num_": 9700000, "health_param_": 1840, "strike_atk_param_": 4600, "shot_atk_param_": 4600, "strike_def_param_": 2400, "shot_def_param_": 2400, "luck_param_": 14800, "energy_gauge_recovery_param_": 3800, "vanish_gauge_recovery_param_": 0}, {"link_boost_id_": 33, "battle_point_floor_num_": 10000000, "health_param_": 1880, "strike_atk_param_": 4700, "shot_atk_param_": 4700, "strike_def_param_": 2450, "shot_def_param_": 2450, "luck_param_": 15100, "energy_gauge_recovery_param_": 3900, "vanish_gauge_recovery_param_": 0}, {"link_boost_id_": 34, "battle_point_floor_num_": 10250000, "health_param_": 1907, "strike_atk_param_": 4753, "shot_atk_param_": 4753, "strike_def_param_": 2480, "shot_def_param_": 2480, "luck_param_": 15267, "energy_gauge_recovery_param_": 3967, "vanish_gauge_recovery_param_": 0}, {"link_boost_id_": 35, "battle_point_floor_num_": 10500000, "health_param_": 1934, "strike_atk_param_": 4806, "shot_atk_param_": 4806, "strike_def_param_": 2510, "shot_def_param_": 2510, "luck_param_": 15434, "energy_gauge_recovery_param_": 4034, "vanish_gauge_recovery_param_": 0}, {"link_boost_id_": 36, "battle_point_floor_num_": 10750000, "health_param_": 1961, "strike_atk_param_": 4859, "shot_atk_param_": 4859, "strike_def_param_": 2540, "shot_def_param_": 2540, "luck_param_": 15601, "energy_gauge_recovery_param_": 4101, "vanish_gauge_recovery_param_": 0}, {"link_boost_id_": 37, "battle_point_floor_num_": 11000000, "health_param_": 1988, "strike_atk_param_": 4912, "shot_atk_param_": 4912, "strike_def_param_": 2570, "shot_def_param_": 2570, "luck_param_": 15768, "energy_gauge_recovery_param_": 4168, "vanish_gauge_recovery_param_": 0}, {"link_boost_id_": 38, "battle_point_floor_num_": 11250000, "health_param_": 2015, "strike_atk_param_": 4965, "shot_atk_param_": 4965, "strike_def_param_": 2600, "shot_def_param_": 2600, "luck_param_": 15935, "energy_gauge_recovery_param_": 4235, "vanish_gauge_recovery_param_": 0}, {"link_boost_id_": 39, "battle_point_floor_num_": 11500000, "health_param_": 2040, "strike_atk_param_": 5020, "shot_atk_param_": 5020, "strike_def_param_": 2630, "shot_def_param_": 2630, "luck_param_": 16100, "energy_gauge_recovery_param_": 4300, "vanish_gauge_recovery_param_": 0}, {"link_boost_id_": 40, "battle_point_floor_num_": 11750000, "health_param_": 2067, "strike_atk_param_": 5067, "shot_atk_param_": 5067, "strike_def_param_": 2658, "shot_def_param_": 2658, "luck_param_": 16250, "energy_gauge_recovery_param_": 4350, "vanish_gauge_recovery_param_": 0}, {"link_boost_id_": 41, "battle_point_floor_num_": 12000000, "health_param_": 2094, "strike_atk_param_": 5114, "shot_atk_param_": 5114, "strike_def_param_": 2686, "shot_def_param_": 2686, "luck_param_": 16400, "energy_gauge_recovery_param_": 4400, "vanish_gauge_recovery_param_": 0}, {"link_boost_id_": 42, "battle_point_floor_num_": 12250000, "health_param_": 2121, "strike_atk_param_": 5161, "shot_atk_param_": 5161, "strike_def_param_": 2714, "shot_def_param_": 2714, "luck_param_": 16550, "energy_gauge_recovery_param_": 4450, "vanish_gauge_recovery_param_": 0}, {"link_boost_id_": 43, "battle_point_floor_num_": 12500000, "health_param_": 2148, "strike_atk_param_": 5208, "shot_atk_param_": 5208, "strike_def_param_": 2742, "shot_def_param_": 2742, "luck_param_": 16700, "energy_gauge_recovery_param_": 4500, "vanish_gauge_recovery_param_": 0}, {"link_boost_id_": 44, "battle_point_floor_num_": 12750000, "health_param_": 2175, "strike_atk_param_": 5255, "shot_atk_param_": 5255, "strike_def_param_": 2770, "shot_def_param_": 2770, "luck_param_": 16850, "energy_gauge_recovery_param_": 4550, "vanish_gauge_recovery_param_": 0}, {"link_boost_id_": 45, "battle_point_floor_num_": 13000000, "health_param_": 2200, "strike_atk_param_": 5300, "shot_atk_param_": 5300, "strike_def_param_": 2800, "shot_def_param_": 2800, "luck_param_": 17000, "energy_gauge_recovery_param_": 4600, "vanish_gauge_recovery_param_": 0}, {"link_boost_id_": 46, "battle_point_floor_num_": 13125000, "health_param_": 2227, "strike_atk_param_": 5397, "shot_atk_param_": 5397, "strike_def_param_": 2843, "shot_def_param_": 2843, "luck_param_": 17000, "energy_gauge_recovery_param_": 4627, "vanish_gauge_recovery_param_": 0}, {"link_boost_id_": 47, "battle_point_floor_num_": 13250000, "health_param_": 2254, "strike_atk_param_": 5494, "shot_atk_param_": 5494, "strike_def_param_": 2886, "shot_def_param_": 2886, "luck_param_": 17000, "energy_gauge_recovery_param_": 4654, "vanish_gauge_recovery_param_": 0}, {"link_boost_id_": 48, "battle_point_floor_num_": 13375000, "health_param_": 2281, "strike_atk_param_": 5591, "shot_atk_param_": 5591, "strike_def_param_": 2929, "shot_def_param_": 2929, "luck_param_": 17000, "energy_gauge_recovery_param_": 4681, "vanish_gauge_recovery_param_": 0}, {"link_boost_id_": 49, "battle_point_floor_num_": 13500000, "health_param_": 2308, "strike_atk_param_": 5688, "shot_atk_param_": 5688, "strike_def_param_": 2972, "shot_def_param_": 2972, "luck_param_": 17000, "energy_gauge_recovery_param_": 4708, "vanish_gauge_recovery_param_": 0}, {"link_boost_id_": 50, "battle_point_floor_num_": 13625000, "health_param_": 2335, "strike_atk_param_": 5785, "shot_atk_param_": 5785, "strike_def_param_": 3015, "shot_def_param_": 3015, "luck_param_": 17000, "energy_gauge_recovery_param_": 4735, "vanish_gauge_recovery_param_": 0}, {"link_boost_id_": 51, "battle_point_floor_num_": 13750000, "health_param_": 2362, "strike_atk_param_": 5882, "shot_atk_param_": 5882, "strike_def_param_": 3058, "shot_def_param_": 3058, "luck_param_": 17000, "energy_gauge_recovery_param_": 4762, "vanish_gauge_recovery_param_": 0}, {"link_boost_id_": 52, "battle_point_floor_num_": 13875000, "health_param_": 2389, "strike_atk_param_": 5979, "shot_atk_param_": 5979, "strike_def_param_": 3101, "shot_def_param_": 3101, "luck_param_": 17000, "energy_gauge_recovery_param_": 4789, "vanish_gauge_recovery_param_": 0}, {"link_boost_id_": 53, "battle_point_floor_num_": 14000000, "health_param_": 2416, "strike_atk_param_": 6076, "shot_atk_param_": 6076, "strike_def_param_": 3144, "shot_def_param_": 3144, "luck_param_": 17000, "energy_gauge_recovery_param_": 4816, "vanish_gauge_recovery_param_": 0}, {"link_boost_id_": 54, "battle_point_floor_num_": 14125000, "health_param_": 2443, "strike_atk_param_": 6173, "shot_atk_param_": 6173, "strike_def_param_": 3187, "shot_def_param_": 3187, "luck_param_": 17000, "energy_gauge_recovery_param_": 4843, "vanish_gauge_recovery_param_": 0}, {"link_boost_id_": 55, "battle_point_floor_num_": 14250000, "health_param_": 2470, "strike_atk_param_": 6270, "shot_atk_param_": 6270, "strike_def_param_": 3230, "shot_def_param_": 3230, "luck_param_": 17000, "energy_gauge_recovery_param_": 4870, "vanish_gauge_recovery_param_": 0}, {"link_boost_id_": 56, "battle_point_floor_num_": 14375000, "health_param_": 2497, "strike_atk_param_": 6367, "shot_atk_param_": 6367, "strike_def_param_": 3273, "shot_def_param_": 3273, "luck_param_": 17000, "energy_gauge_recovery_param_": 4897, "vanish_gauge_recovery_param_": 0}, {"link_boost_id_": 57, "battle_point_floor_num_": 14500000, "health_param_": 2524, "strike_atk_param_": 6464, "shot_atk_param_": 6464, "strike_def_param_": 3316, "shot_def_param_": 3316, "luck_param_": 17000, "energy_gauge_recovery_param_": 4924, "vanish_gauge_recovery_param_": 0}, {"link_boost_id_": 58, "battle_point_floor_num_": 14625000, "health_param_": 2551, "strike_atk_param_": 6561, "shot_atk_param_": 6561, "strike_def_param_": 3359, "shot_def_param_": 3359, "luck_param_": 17000, "energy_gauge_recovery_param_": 4951, "vanish_gauge_recovery_param_": 0}, {"link_boost_id_": 59, "battle_point_floor_num_": 14750000, "health_param_": 2578, "strike_atk_param_": 6658, "shot_atk_param_": 6658, "strike_def_param_": 3402, "shot_def_param_": 3402, "luck_param_": 17000, "energy_gauge_recovery_param_": 4978, "vanish_gauge_recovery_param_": 0}, {"link_boost_id_": 60, "battle_point_floor_num_": 14875000, "health_param_": 2600, "strike_atk_param_": 6750, "shot_atk_param_": 6750, "strike_def_param_": 3450, "shot_def_param_": 3450, "luck_param_": 17000, "energy_gauge_recovery_param_": 5000, "vanish_gauge_recovery_param_": 0}, {"link_boost_id_": 61, "battle_point_floor_num_": 15000000, "health_param_": 2627, "strike_atk_param_": 6847, "shot_atk_param_": 6847, "strike_def_param_": 3493, "shot_def_param_": 3493, "luck_param_": 17000, "energy_gauge_recovery_param_": 5027, "vanish_gauge_recovery_param_": 0}, {"link_boost_id_": 62, "battle_point_floor_num_": 15125000, "health_param_": 2654, "strike_atk_param_": 6944, "shot_atk_param_": 6944, "strike_def_param_": 3536, "shot_def_param_": 3536, "luck_param_": 17000, "energy_gauge_recovery_param_": 5054, "vanish_gauge_recovery_param_": 0}, {"link_boost_id_": 63, "battle_point_floor_num_": 15250000, "health_param_": 2681, "strike_atk_param_": 7041, "shot_atk_param_": 7041, "strike_def_param_": 3579, "shot_def_param_": 3579, "luck_param_": 17000, "energy_gauge_recovery_param_": 5081, "vanish_gauge_recovery_param_": 0}, {"link_boost_id_": 64, "battle_point_floor_num_": 15375000, "health_param_": 2708, "strike_atk_param_": 7138, "shot_atk_param_": 7138, "strike_def_param_": 3622, "shot_def_param_": 3622, "luck_param_": 17000, "energy_gauge_recovery_param_": 5108, "vanish_gauge_recovery_param_": 0}, {"link_boost_id_": 65, "battle_point_floor_num_": 15500000, "health_param_": 2735, "strike_atk_param_": 7235, "shot_atk_param_": 7235, "strike_def_param_": 3665, "shot_def_param_": 3665, "luck_param_": 17000, "energy_gauge_recovery_param_": 5135, "vanish_gauge_recovery_param_": 0}, {"link_boost_id_": 66, "battle_point_floor_num_": 15625000, "health_param_": 2762, "strike_atk_param_": 7332, "shot_atk_param_": 7332, "strike_def_param_": 3708, "shot_def_param_": 3708, "luck_param_": 17000, "energy_gauge_recovery_param_": 5162, "vanish_gauge_recovery_param_": 0}, {"link_boost_id_": 67, "battle_point_floor_num_": 15750000, "health_param_": 2789, "strike_atk_param_": 7429, "shot_atk_param_": 7429, "strike_def_param_": 3751, "shot_def_param_": 3751, "luck_param_": 17000, "energy_gauge_recovery_param_": 5189, "vanish_gauge_recovery_param_": 0}, {"link_boost_id_": 68, "battle_point_floor_num_": 15875000, "health_param_": 2816, "strike_atk_param_": 7526, "shot_atk_param_": 7526, "strike_def_param_": 3794, "shot_def_param_": 3794, "luck_param_": 17000, "energy_gauge_recovery_param_": 5216, "vanish_gauge_recovery_param_": 0}, {"link_boost_id_": 69, "battle_point_floor_num_": 16000000, "health_param_": 2843, "strike_atk_param_": 7623, "shot_atk_param_": 7623, "strike_def_param_": 3837, "shot_def_param_": 3837, "luck_param_": 17000, "energy_gauge_recovery_param_": 5243, "vanish_gauge_recovery_param_": 0}, {"link_boost_id_": 70, "battle_point_floor_num_": 16125000, "health_param_": 2870, "strike_atk_param_": 7720, "shot_atk_param_": 7720, "strike_def_param_": 3880, "shot_def_param_": 3880, "luck_param_": 17000, "energy_gauge_recovery_param_": 5270, "vanish_gauge_recovery_param_": 0}, {"link_boost_id_": 71, "battle_point_floor_num_": 16250000, "health_param_": 2897, "strike_atk_param_": 7817, "shot_atk_param_": 7817, "strike_def_param_": 3923, "shot_def_param_": 3923, "luck_param_": 17000, "energy_gauge_recovery_param_": 5297, "vanish_gauge_recovery_param_": 0}, {"link_boost_id_": 72, "battle_point_floor_num_": 16375000, "health_param_": 2924, "strike_atk_param_": 7914, "shot_atk_param_": 7914, "strike_def_param_": 3966, "shot_def_param_": 3966, "luck_param_": 17000, "energy_gauge_recovery_param_": 5324, "vanish_gauge_recovery_param_": 0}, {"link_boost_id_": 73, "battle_point_floor_num_": 16500000, "health_param_": 2951, "strike_atk_param_": 8011, "shot_atk_param_": 8011, "strike_def_param_": 4009, "shot_def_param_": 4009, "luck_param_": 17000, "energy_gauge_recovery_param_": 5351, "vanish_gauge_recovery_param_": 0}, {"link_boost_id_": 74, "battle_point_floor_num_": 16625000, "health_param_": 2978, "strike_atk_param_": 8108, "shot_atk_param_": 8108, "strike_def_param_": 4052, "shot_def_param_": 4052, "luck_param_": 17000, "energy_gauge_recovery_param_": 5378, "vanish_gauge_recovery_param_": 0}, {"link_boost_id_": 75, "battle_point_floor_num_": 16750000, "health_param_": 3000, "strike_atk_param_": 8200, "shot_atk_param_": 8200, "strike_def_param_": 4100, "shot_def_param_": 4100, "luck_param_": 17000, "energy_gauge_recovery_param_": 5400, "vanish_gauge_recovery_param_": 0}]}]