[{"reward_table_id_": 101, "table_": [{"reward_id_": 0, "item_type_": 8, "item_id_": 70001, "item_num_": 30}]}, {"reward_table_id_": 102, "table_": [{"reward_id_": 0, "item_type_": 8, "item_id_": 70001, "item_num_": 60}]}, {"reward_table_id_": 103, "table_": [{"reward_id_": 0, "item_type_": 8, "item_id_": 70001, "item_num_": 100}]}, {"reward_table_id_": 104, "table_": [{"reward_id_": 0, "item_type_": 9, "item_id_": 2001, "item_num_": 30}, {"reward_id_": 1, "item_type_": 8, "item_id_": 70001, "item_num_": 30}]}, {"reward_table_id_": 105, "table_": [{"reward_id_": 0, "item_type_": 9, "item_id_": 2001, "item_num_": 60}, {"reward_id_": 1, "item_type_": 8, "item_id_": 70001, "item_num_": 60}]}, {"reward_table_id_": 106, "table_": [{"reward_id_": 0, "item_type_": 9, "item_id_": 2001, "item_num_": 100}, {"reward_id_": 1, "item_type_": 8, "item_id_": 70001, "item_num_": 100}]}, {"reward_table_id_": 107, "table_": [{"reward_id_": 0, "item_type_": 9, "item_id_": 2002, "item_num_": 30}, {"reward_id_": 1, "item_type_": 8, "item_id_": 70001, "item_num_": 30}]}, {"reward_table_id_": 108, "table_": [{"reward_id_": 0, "item_type_": 9, "item_id_": 2002, "item_num_": 60}, {"reward_id_": 1, "item_type_": 8, "item_id_": 70001, "item_num_": 60}]}, {"reward_table_id_": 109, "table_": [{"reward_id_": 0, "item_type_": 9, "item_id_": 2002, "item_num_": 100}, {"reward_id_": 1, "item_type_": 8, "item_id_": 70001, "item_num_": 100}]}, {"reward_table_id_": 110, "table_": [{"reward_id_": 0, "item_type_": 8, "item_id_": 70001, "item_num_": 30}, {"reward_id_": 1, "item_type_": 3, "item_id_": 331, "item_num_": 15}]}, {"reward_table_id_": 111, "table_": [{"reward_id_": 0, "item_type_": 8, "item_id_": 70001, "item_num_": 60}, {"reward_id_": 1, "item_type_": 3, "item_id_": 331, "item_num_": 15}]}, {"reward_table_id_": 112, "table_": [{"reward_id_": 0, "item_type_": 8, "item_id_": 70001, "item_num_": 100}, {"reward_id_": 1, "item_type_": 3, "item_id_": 331, "item_num_": 15}]}, {"reward_table_id_": 113, "table_": [{"reward_id_": 0, "item_type_": 8, "item_id_": 70001, "item_num_": 100}, {"reward_id_": 1, "item_type_": 8, "item_id_": 21900, "item_num_": 10}]}, {"reward_table_id_": 114, "table_": [{"reward_id_": 0, "item_type_": 9, "item_id_": 2003, "item_num_": 30}, {"reward_id_": 1, "item_type_": 8, "item_id_": 70001, "item_num_": 30}]}, {"reward_table_id_": 115, "table_": [{"reward_id_": 0, "item_type_": 9, "item_id_": 2003, "item_num_": 60}, {"reward_id_": 1, "item_type_": 8, "item_id_": 70001, "item_num_": 60}]}, {"reward_table_id_": 116, "table_": [{"reward_id_": 0, "item_type_": 9, "item_id_": 2003, "item_num_": 100}, {"reward_id_": 1, "item_type_": 8, "item_id_": 70001, "item_num_": 100}]}, {"reward_table_id_": 117, "table_": [{"reward_id_": 0, "item_type_": 28, "item_id_": 538500010, "item_num_": 1}, {"reward_id_": 1, "item_type_": 8, "item_id_": 70001, "item_num_": 100}]}, {"reward_table_id_": 118, "table_": [{"reward_id_": 0, "item_type_": 28, "item_id_": 538500020, "item_num_": 1}, {"reward_id_": 1, "item_type_": 8, "item_id_": 70001, "item_num_": 100}]}, {"reward_table_id_": 119, "table_": [{"reward_id_": 0, "item_type_": 8, "item_id_": 70001, "item_num_": 100}, {"reward_id_": 1, "item_type_": 8, "item_id_": 70002, "item_num_": 1}]}, {"reward_table_id_": 120, "table_": [{"reward_id_": 0, "item_type_": 28, "item_id_": 540000005, "item_num_": 1}, {"reward_id_": 1, "item_type_": 8, "item_id_": 70001, "item_num_": 30}]}, {"reward_table_id_": 121, "table_": [{"reward_id_": 0, "item_type_": 28, "item_id_": 540000005, "item_num_": 1}, {"reward_id_": 1, "item_type_": 8, "item_id_": 70001, "item_num_": 60}]}, {"reward_table_id_": 122, "table_": [{"reward_id_": 0, "item_type_": 28, "item_id_": 540000010, "item_num_": 1}, {"reward_id_": 1, "item_type_": 8, "item_id_": 70001, "item_num_": 100}]}, {"reward_table_id_": 123, "table_": [{"reward_id_": 0, "item_type_": 28, "item_id_": 540000020, "item_num_": 1}, {"reward_id_": 1, "item_type_": 8, "item_id_": 70002, "item_num_": 1}, {"reward_id_": 2, "item_type_": 8, "item_id_": 70001, "item_num_": 100}]}, {"reward_table_id_": 124, "table_": [{"reward_id_": 0, "item_type_": 3, "item_id_": 427, "item_num_": 10}, {"reward_id_": 1, "item_type_": 8, "item_id_": 70001, "item_num_": 30}]}, {"reward_table_id_": 125, "table_": [{"reward_id_": 0, "item_type_": 3, "item_id_": 427, "item_num_": 20}, {"reward_id_": 1, "item_type_": 8, "item_id_": 70001, "item_num_": 60}]}, {"reward_table_id_": 126, "table_": [{"reward_id_": 0, "item_type_": 3, "item_id_": 427, "item_num_": 30}, {"reward_id_": 1, "item_type_": 8, "item_id_": 70001, "item_num_": 100}]}, {"reward_table_id_": 127, "table_": [{"reward_id_": 0, "item_type_": 3, "item_id_": 427, "item_num_": 50}, {"reward_id_": 1, "item_type_": 8, "item_id_": 70001, "item_num_": 100}, {"reward_id_": 2, "item_type_": 8, "item_id_": 70002, "item_num_": 1}, {"reward_id_": 3, "item_type_": 26, "item_id_": 12910001, "item_num_": 1}]}, {"reward_table_id_": 128, "table_": [{"reward_id_": 0, "item_type_": 8, "item_id_": 70001, "item_num_": 100}, {"reward_id_": 1, "item_type_": 3, "item_id_": 427, "item_num_": 50}, {"reward_id_": 2, "item_type_": 8, "item_id_": 70002, "item_num_": 1}]}, {"reward_table_id_": 129, "table_": [{"reward_id_": 0, "item_type_": 8, "item_id_": 70003, "item_num_": 2}, {"reward_id_": 1, "item_type_": 8, "item_id_": 70001, "item_num_": 30}]}, {"reward_table_id_": 130, "table_": [{"reward_id_": 0, "item_type_": 8, "item_id_": 70003, "item_num_": 2}, {"reward_id_": 1, "item_type_": 8, "item_id_": 70001, "item_num_": 60}]}, {"reward_table_id_": 131, "table_": [{"reward_id_": 0, "item_type_": 8, "item_id_": 70003, "item_num_": 3}, {"reward_id_": 1, "item_type_": 8, "item_id_": 70001, "item_num_": 100}]}, {"reward_table_id_": 132, "table_": [{"reward_id_": 0, "item_type_": 8, "item_id_": 70003, "item_num_": 5}, {"reward_id_": 1, "item_type_": 8, "item_id_": 70002, "item_num_": 1}, {"reward_id_": 2, "item_type_": 8, "item_id_": 70001, "item_num_": 100}]}, {"reward_table_id_": 133, "table_": [{"reward_id_": 0, "item_type_": 8, "item_id_": 70001, "item_num_": 30}, {"reward_id_": 1, "item_type_": 8, "item_id_": 50034, "item_num_": 200}]}, {"reward_table_id_": 134, "table_": [{"reward_id_": 0, "item_type_": 8, "item_id_": 70001, "item_num_": 60}, {"reward_id_": 1, "item_type_": 8, "item_id_": 50034, "item_num_": 300}]}, {"reward_table_id_": 135, "table_": [{"reward_id_": 0, "item_type_": 8, "item_id_": 70001, "item_num_": 100}, {"reward_id_": 1, "item_type_": 8, "item_id_": 50034, "item_num_": 400}]}, {"reward_table_id_": 136, "table_": [{"reward_id_": 0, "item_type_": 8, "item_id_": 70002, "item_num_": 1}, {"reward_id_": 1, "item_type_": 8, "item_id_": 70001, "item_num_": 100}, {"reward_id_": 2, "item_type_": 8, "item_id_": 50034, "item_num_": 500}]}, {"reward_table_id_": 137, "table_": [{"reward_id_": 0, "item_type_": 8, "item_id_": 70001, "item_num_": 30}, {"reward_id_": 1, "item_type_": 3, "item_id_": 493, "item_num_": 20}]}, {"reward_table_id_": 138, "table_": [{"reward_id_": 0, "item_type_": 8, "item_id_": 70001, "item_num_": 60}, {"reward_id_": 1, "item_type_": 3, "item_id_": 493, "item_num_": 50}]}, {"reward_table_id_": 139, "table_": [{"reward_id_": 0, "item_type_": 8, "item_id_": 70001, "item_num_": 100}, {"reward_id_": 1, "item_type_": 3, "item_id_": 493, "item_num_": 100}]}, {"reward_table_id_": 140, "table_": [{"reward_id_": 0, "item_type_": 8, "item_id_": 70001, "item_num_": 100}, {"reward_id_": 1, "item_type_": 8, "item_id_": 70002, "item_num_": 1}, {"reward_id_": 2, "item_type_": 3, "item_id_": 493, "item_num_": 100}]}, {"reward_table_id_": 141, "table_": [{"reward_id_": 0, "item_type_": 8, "item_id_": 70001, "item_num_": 100}, {"reward_id_": 1, "item_type_": 8, "item_id_": 50036, "item_num_": 1}]}, {"reward_table_id_": 142, "table_": [{"reward_id_": 0, "item_type_": 8, "item_id_": 70002, "item_num_": 1}, {"reward_id_": 1, "item_type_": 8, "item_id_": 70001, "item_num_": 100}, {"reward_id_": 2, "item_type_": 8, "item_id_": 50036, "item_num_": 1}]}, {"reward_table_id_": 143, "table_": [{"reward_id_": 0, "item_type_": 8, "item_id_": 70001, "item_num_": 100}, {"reward_id_": 1, "item_type_": 8, "item_id_": 50037, "item_num_": 1}]}, {"reward_table_id_": 144, "table_": [{"reward_id_": 0, "item_type_": 8, "item_id_": 70002, "item_num_": 1}, {"reward_id_": 1, "item_type_": 8, "item_id_": 70001, "item_num_": 100}, {"reward_id_": 2, "item_type_": 8, "item_id_": 50037, "item_num_": 1}]}, {"reward_table_id_": 145, "table_": [{"reward_id_": 0, "item_type_": 8, "item_id_": 70001, "item_num_": 30}, {"reward_id_": 1, "item_type_": 19, "item_id_": 3, "item_num_": 1}]}, {"reward_table_id_": 146, "table_": [{"reward_id_": 0, "item_type_": 8, "item_id_": 70001, "item_num_": 60}, {"reward_id_": 1, "item_type_": 19, "item_id_": 3, "item_num_": 1}]}, {"reward_table_id_": 147, "table_": [{"reward_id_": 0, "item_type_": 8, "item_id_": 70001, "item_num_": 100}, {"reward_id_": 1, "item_type_": 19, "item_id_": 3, "item_num_": 1}]}, {"reward_table_id_": 148, "table_": [{"reward_id_": 0, "item_type_": 8, "item_id_": 70002, "item_num_": 1}, {"reward_id_": 1, "item_type_": 8, "item_id_": 70001, "item_num_": 100}, {"reward_id_": 2, "item_type_": 19, "item_id_": 3, "item_num_": 2}]}, {"reward_table_id_": 149, "table_": [{"reward_id_": 0, "item_type_": 3, "item_id_": 516, "item_num_": 20}, {"reward_id_": 1, "item_type_": 8, "item_id_": 70001, "item_num_": 30}]}, {"reward_table_id_": 150, "table_": [{"reward_id_": 0, "item_type_": 3, "item_id_": 516, "item_num_": 20}, {"reward_id_": 1, "item_type_": 8, "item_id_": 70001, "item_num_": 60}]}, {"reward_table_id_": 151, "table_": [{"reward_id_": 0, "item_type_": 3, "item_id_": 516, "item_num_": 50}, {"reward_id_": 1, "item_type_": 8, "item_id_": 70001, "item_num_": 100}]}, {"reward_table_id_": 152, "table_": [{"reward_id_": 0, "item_type_": 3, "item_id_": 516, "item_num_": 50}, {"reward_id_": 1, "item_type_": 8, "item_id_": 70002, "item_num_": 1}, {"reward_id_": 2, "item_type_": 8, "item_id_": 70001, "item_num_": 100}, {"reward_id_": 3, "item_type_": 8, "item_id_": 50040, "item_num_": 1}]}, {"reward_table_id_": 153, "table_": [{"reward_id_": 0, "item_type_": 3, "item_id_": 519, "item_num_": 20}, {"reward_id_": 1, "item_type_": 8, "item_id_": 70001, "item_num_": 30}]}, {"reward_table_id_": 154, "table_": [{"reward_id_": 0, "item_type_": 3, "item_id_": 519, "item_num_": 20}, {"reward_id_": 1, "item_type_": 8, "item_id_": 70001, "item_num_": 60}]}, {"reward_table_id_": 155, "table_": [{"reward_id_": 0, "item_type_": 3, "item_id_": 519, "item_num_": 50}, {"reward_id_": 1, "item_type_": 8, "item_id_": 70001, "item_num_": 100}]}, {"reward_table_id_": 156, "table_": [{"reward_id_": 0, "item_type_": 3, "item_id_": 519, "item_num_": 50}, {"reward_id_": 1, "item_type_": 8, "item_id_": 70002, "item_num_": 1}, {"reward_id_": 2, "item_type_": 8, "item_id_": 70001, "item_num_": 100}, {"reward_id_": 3, "item_type_": 8, "item_id_": 50040, "item_num_": 1}]}, {"reward_table_id_": 157, "table_": [{"reward_id_": 0, "item_type_": 8, "item_id_": 70001, "item_num_": 30}]}, {"reward_table_id_": 158, "table_": [{"reward_id_": 0, "item_type_": 8, "item_id_": 70001, "item_num_": 60}]}, {"reward_table_id_": 159, "table_": [{"reward_id_": 0, "item_type_": 8, "item_id_": 70001, "item_num_": 100}]}, {"reward_table_id_": 160, "table_": [{"reward_id_": 0, "item_type_": 8, "item_id_": 70002, "item_num_": 1}, {"reward_id_": 1, "item_type_": 8, "item_id_": 70001, "item_num_": 100}]}, {"reward_table_id_": 161, "table_": [{"reward_id_": 0, "item_type_": 3, "item_id_": 526, "item_num_": 20}, {"reward_id_": 1, "item_type_": 8, "item_id_": 70001, "item_num_": 30}]}, {"reward_table_id_": 162, "table_": [{"reward_id_": 0, "item_type_": 3, "item_id_": 526, "item_num_": 20}, {"reward_id_": 1, "item_type_": 8, "item_id_": 70001, "item_num_": 60}]}, {"reward_table_id_": 163, "table_": [{"reward_id_": 0, "item_type_": 3, "item_id_": 526, "item_num_": 50}, {"reward_id_": 1, "item_type_": 8, "item_id_": 70001, "item_num_": 100}]}, {"reward_table_id_": 164, "table_": [{"reward_id_": 0, "item_type_": 3, "item_id_": 526, "item_num_": 50}, {"reward_id_": 1, "item_type_": 8, "item_id_": 70002, "item_num_": 1}, {"reward_id_": 2, "item_type_": 8, "item_id_": 70001, "item_num_": 100}]}, {"reward_table_id_": 165, "table_": [{"reward_id_": 0, "item_type_": 19, "item_id_": 3, "item_num_": 10}, {"reward_id_": 1, "item_type_": 8, "item_id_": 70001, "item_num_": 60}]}, {"reward_table_id_": 166, "table_": [{"reward_id_": 0, "item_type_": 19, "item_id_": 3, "item_num_": 10}, {"reward_id_": 1, "item_type_": 8, "item_id_": 70001, "item_num_": 120}]}, {"reward_table_id_": 167, "table_": [{"reward_id_": 0, "item_type_": 19, "item_id_": 3, "item_num_": 10}, {"reward_id_": 1, "item_type_": 8, "item_id_": 70001, "item_num_": 200}]}, {"reward_table_id_": 168, "table_": [{"reward_id_": 0, "item_type_": 19, "item_id_": 3, "item_num_": 10}, {"reward_id_": 1, "item_type_": 8, "item_id_": 70002, "item_num_": 1}, {"reward_id_": 2, "item_type_": 8, "item_id_": 70001, "item_num_": 200}]}, {"reward_table_id_": 169, "table_": [{"reward_id_": 0, "item_type_": 3, "item_id_": 531, "item_num_": 20}, {"reward_id_": 1, "item_type_": 8, "item_id_": 70001, "item_num_": 30}]}, {"reward_table_id_": 170, "table_": [{"reward_id_": 0, "item_type_": 3, "item_id_": 531, "item_num_": 20}, {"reward_id_": 1, "item_type_": 8, "item_id_": 70001, "item_num_": 60}]}, {"reward_table_id_": 171, "table_": [{"reward_id_": 0, "item_type_": 3, "item_id_": 531, "item_num_": 50}, {"reward_id_": 1, "item_type_": 8, "item_id_": 70001, "item_num_": 100}]}, {"reward_table_id_": 172, "table_": [{"reward_id_": 0, "item_type_": 3, "item_id_": 531, "item_num_": 50}, {"reward_id_": 1, "item_type_": 8, "item_id_": 70002, "item_num_": 1}, {"reward_id_": 2, "item_type_": 8, "item_id_": 70001, "item_num_": 100}]}, {"reward_table_id_": 173, "table_": [{"reward_id_": 0, "item_type_": 8, "item_id_": 70001, "item_num_": 30}]}, {"reward_table_id_": 174, "table_": [{"reward_id_": 0, "item_type_": 8, "item_id_": 70001, "item_num_": 60}]}, {"reward_table_id_": 175, "table_": [{"reward_id_": 0, "item_type_": 8, "item_id_": 70001, "item_num_": 100}]}, {"reward_table_id_": 176, "table_": [{"reward_id_": 0, "item_type_": 8, "item_id_": 70002, "item_num_": 1}, {"reward_id_": 1, "item_type_": 8, "item_id_": 70001, "item_num_": 100}]}, {"reward_table_id_": 177, "table_": [{"reward_id_": 0, "item_type_": 8, "item_id_": 70001, "item_num_": 100}, {"reward_id_": 1, "item_type_": 8, "item_id_": 50056, "item_num_": 1}]}, {"reward_table_id_": 178, "table_": [{"reward_id_": 0, "item_type_": 8, "item_id_": 70002, "item_num_": 1}, {"reward_id_": 1, "item_type_": 8, "item_id_": 70001, "item_num_": 100}, {"reward_id_": 2, "item_type_": 8, "item_id_": 50056, "item_num_": 1}]}, {"reward_table_id_": 179, "table_": [{"reward_id_": 0, "item_type_": 3, "item_id_": 503, "item_num_": 20}, {"reward_id_": 1, "item_type_": 8, "item_id_": 70001, "item_num_": 30}]}, {"reward_table_id_": 180, "table_": [{"reward_id_": 0, "item_type_": 3, "item_id_": 503, "item_num_": 20}, {"reward_id_": 1, "item_type_": 8, "item_id_": 70001, "item_num_": 60}]}, {"reward_table_id_": 181, "table_": [{"reward_id_": 0, "item_type_": 3, "item_id_": 503, "item_num_": 50}, {"reward_id_": 1, "item_type_": 8, "item_id_": 70001, "item_num_": 100}]}, {"reward_table_id_": 182, "table_": [{"reward_id_": 0, "item_type_": 3, "item_id_": 503, "item_num_": 50}, {"reward_id_": 1, "item_type_": 8, "item_id_": 70002, "item_num_": 1}, {"reward_id_": 2, "item_type_": 8, "item_id_": 70001, "item_num_": 100}]}, {"reward_table_id_": 183, "table_": [{"reward_id_": 0, "item_type_": 3, "item_id_": 545, "item_num_": 20}, {"reward_id_": 1, "item_type_": 3, "item_id_": 546, "item_num_": 20}, {"reward_id_": 2, "item_type_": 8, "item_id_": 50058, "item_num_": 1}, {"reward_id_": 3, "item_type_": 8, "item_id_": 70001, "item_num_": 30}]}, {"reward_table_id_": 184, "table_": [{"reward_id_": 0, "item_type_": 3, "item_id_": 545, "item_num_": 30}, {"reward_id_": 1, "item_type_": 3, "item_id_": 546, "item_num_": 30}, {"reward_id_": 2, "item_type_": 8, "item_id_": 50058, "item_num_": 1}, {"reward_id_": 3, "item_type_": 8, "item_id_": 70001, "item_num_": 60}]}, {"reward_table_id_": 185, "table_": [{"reward_id_": 0, "item_type_": 3, "item_id_": 545, "item_num_": 50}, {"reward_id_": 1, "item_type_": 3, "item_id_": 546, "item_num_": 50}, {"reward_id_": 2, "item_type_": 8, "item_id_": 50058, "item_num_": 1}, {"reward_id_": 3, "item_type_": 8, "item_id_": 70001, "item_num_": 100}]}, {"reward_table_id_": 186, "table_": [{"reward_id_": 0, "item_type_": 3, "item_id_": 545, "item_num_": 50}, {"reward_id_": 1, "item_type_": 3, "item_id_": 546, "item_num_": 50}, {"reward_id_": 2, "item_type_": 8, "item_id_": 50058, "item_num_": 1}, {"reward_id_": 3, "item_type_": 8, "item_id_": 70002, "item_num_": 1}, {"reward_id_": 4, "item_type_": 8, "item_id_": 70001, "item_num_": 100}]}, {"reward_table_id_": 187, "table_": [{"reward_id_": 0, "item_type_": 3, "item_id_": 547, "item_num_": 20}, {"reward_id_": 1, "item_type_": 3, "item_id_": 548, "item_num_": 20}, {"reward_id_": 2, "item_type_": 8, "item_id_": 50058, "item_num_": 1}, {"reward_id_": 3, "item_type_": 8, "item_id_": 70001, "item_num_": 30}]}, {"reward_table_id_": 188, "table_": [{"reward_id_": 0, "item_type_": 3, "item_id_": 547, "item_num_": 30}, {"reward_id_": 1, "item_type_": 3, "item_id_": 548, "item_num_": 30}, {"reward_id_": 2, "item_type_": 8, "item_id_": 50058, "item_num_": 1}, {"reward_id_": 3, "item_type_": 8, "item_id_": 70001, "item_num_": 60}]}, {"reward_table_id_": 189, "table_": [{"reward_id_": 0, "item_type_": 3, "item_id_": 547, "item_num_": 50}, {"reward_id_": 1, "item_type_": 3, "item_id_": 548, "item_num_": 50}, {"reward_id_": 2, "item_type_": 8, "item_id_": 50058, "item_num_": 1}, {"reward_id_": 3, "item_type_": 8, "item_id_": 70001, "item_num_": 100}]}, {"reward_table_id_": 190, "table_": [{"reward_id_": 0, "item_type_": 3, "item_id_": 547, "item_num_": 50}, {"reward_id_": 1, "item_type_": 3, "item_id_": 548, "item_num_": 50}, {"reward_id_": 2, "item_type_": 8, "item_id_": 50058, "item_num_": 1}, {"reward_id_": 3, "item_type_": 8, "item_id_": 70002, "item_num_": 1}, {"reward_id_": 4, "item_type_": 8, "item_id_": 70001, "item_num_": 100}]}, {"reward_table_id_": 191, "table_": [{"reward_id_": 0, "item_type_": 3, "item_id_": 553, "item_num_": 20}, {"reward_id_": 1, "item_type_": 8, "item_id_": 50058, "item_num_": 1}, {"reward_id_": 2, "item_type_": 8, "item_id_": 70001, "item_num_": 30}]}, {"reward_table_id_": 192, "table_": [{"reward_id_": 0, "item_type_": 3, "item_id_": 553, "item_num_": 30}, {"reward_id_": 1, "item_type_": 8, "item_id_": 50058, "item_num_": 1}, {"reward_id_": 2, "item_type_": 8, "item_id_": 70001, "item_num_": 60}]}, {"reward_table_id_": 193, "table_": [{"reward_id_": 0, "item_type_": 3, "item_id_": 553, "item_num_": 50}, {"reward_id_": 1, "item_type_": 8, "item_id_": 50058, "item_num_": 1}, {"reward_id_": 2, "item_type_": 8, "item_id_": 70001, "item_num_": 100}]}, {"reward_table_id_": 194, "table_": [{"reward_id_": 0, "item_type_": 3, "item_id_": 553, "item_num_": 50}, {"reward_id_": 1, "item_type_": 8, "item_id_": 50058, "item_num_": 1}, {"reward_id_": 2, "item_type_": 8, "item_id_": 70002, "item_num_": 1}, {"reward_id_": 3, "item_type_": 8, "item_id_": 70001, "item_num_": 100}]}, {"reward_table_id_": 201, "table_": [{"reward_id_": 0, "item_type_": 8, "item_id_": 70001, "item_num_": 20}]}, {"reward_table_id_": 202, "table_": [{"reward_id_": 0, "item_type_": 8, "item_id_": 70001, "item_num_": 20}]}, {"reward_table_id_": 203, "table_": [{"reward_id_": 0, "item_type_": 8, "item_id_": 70001, "item_num_": 20}]}, {"reward_table_id_": 10000, "table_": [{"reward_id_": 0, "item_type_": 8, "item_id_": 70001, "item_num_": 200}]}, {"reward_table_id_": 20000, "table_": [{"reward_id_": 0, "item_type_": 8, "item_id_": 70001, "item_num_": 40}]}, {"reward_table_id_": 27200, "table_": [{"reward_id_": 0, "item_type_": 8, "item_id_": 27200, "item_num_": 3}, {"reward_id_": 1, "item_type_": 34, "item_id_": 202, "item_num_": 1}, {"reward_id_": 2, "item_type_": 34, "item_id_": 203, "item_num_": 1}]}, {"reward_table_id_": 27400, "table_": [{"reward_id_": 0, "item_type_": 8, "item_id_": 27400, "item_num_": 3}, {"reward_id_": 1, "item_type_": 34, "item_id_": 202, "item_num_": 1}, {"reward_id_": 2, "item_type_": 34, "item_id_": 203, "item_num_": 1}]}, {"reward_table_id_": 27500, "table_": [{"reward_id_": 0, "item_type_": 8, "item_id_": 27500, "item_num_": 3}, {"reward_id_": 1, "item_type_": 34, "item_id_": 202, "item_num_": 1}, {"reward_id_": 2, "item_type_": 34, "item_id_": 203, "item_num_": 1}]}, {"reward_table_id_": 27800, "table_": [{"reward_id_": 0, "item_type_": 8, "item_id_": 27800, "item_num_": 3}, {"reward_id_": 1, "item_type_": 34, "item_id_": 202, "item_num_": 1}, {"reward_id_": 2, "item_type_": 34, "item_id_": 203, "item_num_": 1}]}, {"reward_table_id_": 27900, "table_": [{"reward_id_": 0, "item_type_": 8, "item_id_": 27900, "item_num_": 3}, {"reward_id_": 1, "item_type_": 34, "item_id_": 202, "item_num_": 1}, {"reward_id_": 2, "item_type_": 34, "item_id_": 203, "item_num_": 1}]}, {"reward_table_id_": 80000, "table_": [{"reward_id_": 0, "item_type_": 5, "item_id_": 11, "item_num_": 1}]}, {"reward_table_id_": 80001, "table_": [{"reward_id_": 0, "item_type_": 31, "item_id_": 9, "item_num_": 1}]}, {"reward_table_id_": 80002, "table_": [{"reward_id_": 0, "item_type_": 17, "item_id_": 0, "item_num_": 20}]}, {"reward_table_id_": 80003, "table_": [{"reward_id_": 0, "item_type_": 8, "item_id_": 11, "item_num_": 10}]}, {"reward_table_id_": 80004, "table_": [{"reward_id_": 0, "item_type_": 8, "item_id_": 13, "item_num_": 3}]}, {"reward_table_id_": 80005, "table_": [{"reward_id_": 0, "item_type_": 1, "item_id_": 0, "item_num_": 50}]}, {"reward_table_id_": 80006, "table_": [{"reward_id_": 0, "item_type_": 1, "item_id_": 0, "item_num_": 100}]}, {"reward_table_id_": 80007, "table_": [{"reward_id_": 0, "item_type_": 8, "item_id_": 81002, "item_num_": 10}]}, {"reward_table_id_": 80008, "table_": [{"reward_id_": 0, "item_type_": 8, "item_id_": 81002, "item_num_": 15}]}, {"reward_table_id_": 80009, "table_": [{"reward_id_": 0, "item_type_": 8, "item_id_": 81002, "item_num_": 20}]}, {"reward_table_id_": 80010, "table_": [{"reward_id_": 0, "item_type_": 8, "item_id_": 81002, "item_num_": 25}]}, {"reward_table_id_": 80011, "table_": [{"reward_id_": 0, "item_type_": 8, "item_id_": 81002, "item_num_": 30}]}, {"reward_table_id_": 80012, "table_": [{"reward_id_": 0, "item_type_": 8, "item_id_": 81002, "item_num_": 35}]}, {"reward_table_id_": 80013, "table_": [{"reward_id_": 0, "item_type_": 8, "item_id_": 81002, "item_num_": 40}]}, {"reward_table_id_": 80014, "table_": [{"reward_id_": 0, "item_type_": 8, "item_id_": 81002, "item_num_": 50}]}, {"reward_table_id_": 80015, "table_": [{"reward_id_": 0, "item_type_": 9, "item_id_": 3003, "item_num_": 10}]}, {"reward_table_id_": 80016, "table_": [{"reward_id_": 0, "item_type_": 8, "item_id_": 81002, "item_num_": 5}]}, {"reward_table_id_": 80017, "table_": [{"reward_id_": 0, "item_type_": 1, "item_id_": 0, "item_num_": 20}]}, {"reward_table_id_": 80018, "table_": [{"reward_id_": 0, "item_type_": 1, "item_id_": 0, "item_num_": 30}]}, {"reward_table_id_": 80019, "table_": [{"reward_id_": 0, "item_type_": 9, "item_id_": 3005, "item_num_": 10}]}, {"reward_table_id_": 80020, "table_": [{"reward_id_": 0, "item_type_": 8, "item_id_": 81002, "item_num_": 5}, {"reward_id_": 1, "item_type_": 34, "item_id_": 203, "item_num_": 1}]}, {"reward_table_id_": 80021, "table_": [{"reward_id_": 0, "item_type_": 8, "item_id_": 81002, "item_num_": 5}]}, {"reward_table_id_": 80022, "table_": [{"reward_id_": 0, "item_type_": 8, "item_id_": 81003, "item_num_": 5}, {"reward_id_": 1, "item_type_": 34, "item_id_": 202, "item_num_": 1}, {"reward_id_": 2, "item_type_": 34, "item_id_": 203, "item_num_": 1}, {"reward_id_": 3, "item_type_": 8, "item_id_": 70002, "item_num_": 1}]}, {"reward_table_id_": 80023, "table_": [{"reward_id_": 0, "item_type_": 8, "item_id_": 81003, "item_num_": 5}]}, {"reward_table_id_": 80024, "table_": [{"reward_id_": 0, "item_type_": 8, "item_id_": 81003, "item_num_": 10}]}, {"reward_table_id_": 80025, "table_": [{"reward_id_": 0, "item_type_": 8, "item_id_": 81003, "item_num_": 15}]}, {"reward_table_id_": 80026, "table_": [{"reward_id_": 0, "item_type_": 8, "item_id_": 81003, "item_num_": 20}]}, {"reward_table_id_": 80027, "table_": [{"reward_id_": 0, "item_type_": 8, "item_id_": 50028, "item_num_": 1}]}, {"reward_table_id_": 80028, "table_": [{"reward_id_": 0, "item_type_": 8, "item_id_": 81002, "item_num_": 5}, {"reward_id_": 1, "item_type_": 9, "item_id_": 3006, "item_num_": 10}, {"reward_id_": 2, "item_type_": 34, "item_id_": 203, "item_num_": 1}, {"reward_id_": 3, "item_type_": 34, "item_id_": 202, "item_num_": 1}]}, {"reward_table_id_": 80029, "table_": [{"reward_id_": 0, "item_type_": 8, "item_id_": 81004, "item_num_": 10}]}, {"reward_table_id_": 80030, "table_": [{"reward_id_": 0, "item_type_": 8, "item_id_": 81004, "item_num_": 15}]}, {"reward_table_id_": 80031, "table_": [{"reward_id_": 0, "item_type_": 8, "item_id_": 81004, "item_num_": 20}]}, {"reward_table_id_": 80032, "table_": [{"reward_id_": 0, "item_type_": 8, "item_id_": 81004, "item_num_": 5}]}, {"reward_table_id_": 80033, "table_": [{"reward_id_": 0, "item_type_": 8, "item_id_": 81004, "item_num_": 5}, {"reward_id_": 1, "item_type_": 34, "item_id_": 202, "item_num_": 1}, {"reward_id_": 2, "item_type_": 34, "item_id_": 203, "item_num_": 1}]}, {"reward_table_id_": 80034, "table_": [{"reward_id_": 0, "item_type_": 8, "item_id_": 81002, "item_num_": 5}, {"reward_id_": 1, "item_type_": 34, "item_id_": 202, "item_num_": 1}, {"reward_id_": 2, "item_type_": 34, "item_id_": 203, "item_num_": 1}]}, {"reward_table_id_": 80035, "table_": [{"reward_id_": 0, "item_type_": 8, "item_id_": 81002, "item_num_": 5}, {"reward_id_": 1, "item_type_": 9, "item_id_": 3007, "item_num_": 10}, {"reward_id_": 2, "item_type_": 34, "item_id_": 203, "item_num_": 1}, {"reward_id_": 3, "item_type_": 34, "item_id_": 202, "item_num_": 1}]}, {"reward_table_id_": 80036, "table_": [{"reward_id_": 0, "item_type_": 8, "item_id_": 81002, "item_num_": 5}, {"reward_id_": 1, "item_type_": 9, "item_id_": 3008, "item_num_": 10}, {"reward_id_": 2, "item_type_": 34, "item_id_": 203, "item_num_": 1}, {"reward_id_": 3, "item_type_": 34, "item_id_": 202, "item_num_": 1}]}, {"reward_table_id_": 80037, "table_": [{"reward_id_": 0, "item_type_": 8, "item_id_": 81002, "item_num_": 5}, {"reward_id_": 1, "item_type_": 9, "item_id_": 3009, "item_num_": 10}, {"reward_id_": 2, "item_type_": 34, "item_id_": 203, "item_num_": 1}, {"reward_id_": 3, "item_type_": 34, "item_id_": 202, "item_num_": 1}]}, {"reward_table_id_": 80040, "table_": [{"reward_id_": 0, "item_type_": 8, "item_id_": 0, "item_num_": 100}]}, {"reward_table_id_": 80038, "table_": [{"reward_id_": 0, "item_type_": 8, "item_id_": 50029, "item_num_": 1}, {"reward_id_": 1, "item_type_": 34, "item_id_": 202, "item_num_": 1}, {"reward_id_": 2, "item_type_": 34, "item_id_": 203, "item_num_": 1}]}, {"reward_table_id_": 80039, "table_": [{"reward_id_": 0, "item_type_": 1, "item_id_": 0, "item_num_": 10}]}, {"reward_table_id_": 80041, "table_": [{"reward_id_": 0, "item_type_": 8, "item_id_": 5, "item_num_": 1}]}, {"reward_table_id_": 80042, "table_": [{"reward_id_": 0, "item_type_": 8, "item_id_": 50029, "item_num_": 1}]}, {"reward_table_id_": 80043, "table_": [{"reward_id_": 0, "item_type_": 8, "item_id_": 0, "item_num_": 5}]}, {"reward_table_id_": 80044, "table_": [{"reward_id_": 0, "item_type_": 8, "item_id_": 80015, "item_num_": 20}, {"reward_id_": 1, "item_type_": 8, "item_id_": 50029, "item_num_": 1}, {"reward_id_": 2, "item_type_": 34, "item_id_": 202, "item_num_": 1}, {"reward_id_": 3, "item_type_": 34, "item_id_": 203, "item_num_": 1}]}, {"reward_table_id_": 80045, "table_": [{"reward_id_": 0, "item_type_": 8, "item_id_": 80016, "item_num_": 20}, {"reward_id_": 1, "item_type_": 8, "item_id_": 50029, "item_num_": 1}, {"reward_id_": 2, "item_type_": 34, "item_id_": 202, "item_num_": 1}, {"reward_id_": 3, "item_type_": 34, "item_id_": 203, "item_num_": 1}]}, {"reward_table_id_": 80046, "table_": [{"reward_id_": 0, "item_type_": 8, "item_id_": 3001, "item_num_": 20}, {"reward_id_": 1, "item_type_": 8, "item_id_": 50033, "item_num_": 1}, {"reward_id_": 2, "item_type_": 34, "item_id_": 202, "item_num_": 1}, {"reward_id_": 3, "item_type_": 34, "item_id_": 203, "item_num_": 1}]}, {"reward_table_id_": 80047, "table_": [{"reward_id_": 0, "item_type_": 8, "item_id_": 3001, "item_num_": 10}]}, {"reward_table_id_": 80048, "table_": [{"reward_id_": 0, "item_type_": 8, "item_id_": 3001, "item_num_": 15}]}, {"reward_table_id_": 80049, "table_": [{"reward_id_": 0, "item_type_": 8, "item_id_": 3001, "item_num_": 20}]}, {"reward_table_id_": 80050, "table_": [{"reward_id_": 0, "item_type_": 8, "item_id_": 3001, "item_num_": 25}]}, {"reward_table_id_": 80051, "table_": [{"reward_id_": 0, "item_type_": 8, "item_id_": 3001, "item_num_": 30}]}, {"reward_table_id_": 80052, "table_": [{"reward_id_": 0, "item_type_": 8, "item_id_": 3001, "item_num_": 40}]}, {"reward_table_id_": 80053, "table_": [{"reward_id_": 0, "item_type_": 8, "item_id_": 80017, "item_num_": 10}]}, {"reward_table_id_": 80054, "table_": [{"reward_id_": 0, "item_type_": 8, "item_id_": 80017, "item_num_": 15}]}, {"reward_table_id_": 80055, "table_": [{"reward_id_": 0, "item_type_": 8, "item_id_": 80017, "item_num_": 20}]}, {"reward_table_id_": 80056, "table_": [{"reward_id_": 0, "item_type_": 8, "item_id_": 80017, "item_num_": 25}]}, {"reward_table_id_": 80057, "table_": [{"reward_id_": 0, "item_type_": 8, "item_id_": 80017, "item_num_": 50}]}, {"reward_table_id_": 80058, "table_": [{"reward_id_": 0, "item_type_": 8, "item_id_": 50033, "item_num_": 1}]}, {"reward_table_id_": 80059, "table_": [{"reward_id_": 0, "item_type_": 8, "item_id_": 3002, "item_num_": 20}, {"reward_id_": 1, "item_type_": 8, "item_id_": 50036, "item_num_": 1}, {"reward_id_": 2, "item_type_": 34, "item_id_": 202, "item_num_": 1}, {"reward_id_": 3, "item_type_": 34, "item_id_": 203, "item_num_": 1}]}, {"reward_table_id_": 80060, "table_": [{"reward_id_": 0, "item_type_": 8, "item_id_": 3002, "item_num_": 10}]}, {"reward_table_id_": 80061, "table_": [{"reward_id_": 0, "item_type_": 8, "item_id_": 3002, "item_num_": 15}]}, {"reward_table_id_": 80062, "table_": [{"reward_id_": 0, "item_type_": 8, "item_id_": 3002, "item_num_": 20}]}, {"reward_table_id_": 80063, "table_": [{"reward_id_": 0, "item_type_": 8, "item_id_": 3002, "item_num_": 25}]}, {"reward_table_id_": 80064, "table_": [{"reward_id_": 0, "item_type_": 8, "item_id_": 3002, "item_num_": 30}]}, {"reward_table_id_": 80065, "table_": [{"reward_id_": 0, "item_type_": 8, "item_id_": 3002, "item_num_": 40}]}, {"reward_table_id_": 80066, "table_": [{"reward_id_": 0, "item_type_": 8, "item_id_": 50036, "item_num_": 3}]}, {"reward_table_id_": 80067, "table_": [{"reward_id_": 0, "item_type_": 8, "item_id_": 50036, "item_num_": 1}]}, {"reward_table_id_": 80068, "table_": [{"reward_id_": 0, "item_type_": 8, "item_id_": 50037, "item_num_": 1}, {"reward_id_": 1, "item_type_": 34, "item_id_": 202, "item_num_": 1}, {"reward_id_": 2, "item_type_": 34, "item_id_": 203, "item_num_": 1}]}, {"reward_table_id_": 80069, "table_": [{"reward_id_": 0, "item_type_": 8, "item_id_": 50037, "item_num_": 1}, {"reward_id_": 1, "item_type_": 34, "item_id_": 202, "item_num_": 1}, {"reward_id_": 2, "item_type_": 34, "item_id_": 203, "item_num_": 1}]}, {"reward_table_id_": 80070, "table_": [{"reward_id_": 0, "item_type_": 8, "item_id_": 80021, "item_num_": 20}, {"reward_id_": 1, "item_type_": 8, "item_id_": 50040, "item_num_": 1}, {"reward_id_": 2, "item_type_": 34, "item_id_": 202, "item_num_": 1}, {"reward_id_": 3, "item_type_": 34, "item_id_": 203, "item_num_": 1}]}, {"reward_table_id_": 80071, "table_": [{"reward_id_": 0, "item_type_": 8, "item_id_": 50040, "item_num_": 1}]}, {"reward_table_id_": 80072, "table_": [{"reward_id_": 0, "item_type_": 8, "item_id_": 50040, "item_num_": 2}]}, {"reward_table_id_": 80073, "table_": [{"reward_id_": 0, "item_type_": 8, "item_id_": 80022, "item_num_": 20}, {"reward_id_": 1, "item_type_": 8, "item_id_": 50040, "item_num_": 1}, {"reward_id_": 2, "item_type_": 34, "item_id_": 202, "item_num_": 1}, {"reward_id_": 3, "item_type_": 34, "item_id_": 203, "item_num_": 1}]}, {"reward_table_id_": 80074, "table_": [{"reward_id_": 0, "item_type_": 8, "item_id_": 50040, "item_num_": 1}]}, {"reward_table_id_": 80075, "table_": [{"reward_id_": 0, "item_type_": 8, "item_id_": 50040, "item_num_": 2}]}, {"reward_table_id_": 80076, "table_": [{"reward_id_": 0, "item_type_": 8, "item_id_": 50040, "item_num_": 1}, {"reward_id_": 1, "item_type_": 8, "item_id_": 80023, "item_num_": 20}, {"reward_id_": 2, "item_type_": 34, "item_id_": 202, "item_num_": 1}]}, {"reward_table_id_": 80077, "table_": [{"reward_id_": 0, "item_type_": 8, "item_id_": 50040, "item_num_": 1}, {"reward_id_": 1, "item_type_": 8, "item_id_": 80024, "item_num_": 20}, {"reward_id_": 2, "item_type_": 34, "item_id_": 202, "item_num_": 1}, {"reward_id_": 3, "item_type_": 34, "item_id_": 203, "item_num_": 1}]}, {"reward_table_id_": 80078, "table_": [{"reward_id_": 0, "item_type_": 8, "item_id_": 80025, "item_num_": 20}, {"reward_id_": 1, "item_type_": 34, "item_id_": 202, "item_num_": 1}, {"reward_id_": 2, "item_type_": 34, "item_id_": 203, "item_num_": 1}]}, {"reward_table_id_": 80079, "table_": [{"reward_id_": 0, "item_type_": 8, "item_id_": 80025, "item_num_": 50}]}, {"reward_table_id_": 80080, "table_": [{"reward_id_": 0, "item_type_": 8, "item_id_": 80025, "item_num_": 20}]}, {"reward_table_id_": 80081, "table_": [{"reward_id_": 0, "item_type_": 8, "item_id_": 80026, "item_num_": 20}, {"reward_id_": 1, "item_type_": 8, "item_id_": 50054, "item_num_": 1}, {"reward_id_": 2, "item_type_": 34, "item_id_": 202, "item_num_": 1}, {"reward_id_": 3, "item_type_": 34, "item_id_": 203, "item_num_": 1}]}, {"reward_table_id_": 80082, "table_": [{"reward_id_": 0, "item_type_": 8, "item_id_": 80026, "item_num_": 50}]}, {"reward_table_id_": 80083, "table_": [{"reward_id_": 0, "item_type_": 8, "item_id_": 80026, "item_num_": 20}]}, {"reward_table_id_": 80084, "table_": [{"reward_id_": 0, "item_type_": 8, "item_id_": 80027, "item_num_": 20}, {"reward_id_": 1, "item_type_": 8, "item_id_": 50054, "item_num_": 1}, {"reward_id_": 2, "item_type_": 34, "item_id_": 202, "item_num_": 1}, {"reward_id_": 3, "item_type_": 34, "item_id_": 203, "item_num_": 1}]}, {"reward_table_id_": 80085, "table_": [{"reward_id_": 0, "item_type_": 8, "item_id_": 80027, "item_num_": 50}]}, {"reward_table_id_": 80086, "table_": [{"reward_id_": 0, "item_type_": 8, "item_id_": 80027, "item_num_": 20}]}, {"reward_table_id_": 80087, "table_": [{"reward_id_": 0, "item_type_": 8, "item_id_": 80028, "item_num_": 20}, {"reward_id_": 1, "item_type_": 8, "item_id_": 50054, "item_num_": 1}, {"reward_id_": 2, "item_type_": 34, "item_id_": 202, "item_num_": 1}, {"reward_id_": 3, "item_type_": 34, "item_id_": 203, "item_num_": 1}]}, {"reward_table_id_": 80088, "table_": [{"reward_id_": 0, "item_type_": 8, "item_id_": 80028, "item_num_": 50}]}, {"reward_table_id_": 80089, "table_": [{"reward_id_": 0, "item_type_": 8, "item_id_": 80028, "item_num_": 20}]}, {"reward_table_id_": 80090, "table_": [{"reward_id_": 0, "item_type_": 8, "item_id_": 80029, "item_num_": 20}, {"reward_id_": 1, "item_type_": 8, "item_id_": 50054, "item_num_": 1}, {"reward_id_": 2, "item_type_": 34, "item_id_": 202, "item_num_": 1}, {"reward_id_": 3, "item_type_": 34, "item_id_": 203, "item_num_": 1}]}, {"reward_table_id_": 80091, "table_": [{"reward_id_": 0, "item_type_": 8, "item_id_": 80029, "item_num_": 50}]}, {"reward_table_id_": 80092, "table_": [{"reward_id_": 0, "item_type_": 8, "item_id_": 80029, "item_num_": 20}]}, {"reward_table_id_": 80093, "table_": [{"reward_id_": 0, "item_type_": 8, "item_id_": 80030, "item_num_": 20}, {"reward_id_": 1, "item_type_": 8, "item_id_": 50056, "item_num_": 1}, {"reward_id_": 2, "item_type_": 34, "item_id_": 202, "item_num_": 1}, {"reward_id_": 3, "item_type_": 34, "item_id_": 203, "item_num_": 1}]}, {"reward_table_id_": 80094, "table_": [{"reward_id_": 0, "item_type_": 8, "item_id_": 80030, "item_num_": 50}]}, {"reward_table_id_": 80095, "table_": [{"reward_id_": 0, "item_type_": 8, "item_id_": 80030, "item_num_": 20}]}, {"reward_table_id_": 80096, "table_": [{"reward_id_": 0, "item_type_": 8, "item_id_": 80031, "item_num_": 20}, {"reward_id_": 1, "item_type_": 8, "item_id_": 50058, "item_num_": 2}, {"reward_id_": 2, "item_type_": 34, "item_id_": 202, "item_num_": 1}, {"reward_id_": 3, "item_type_": 34, "item_id_": 203, "item_num_": 1}]}, {"reward_table_id_": 80097, "table_": [{"reward_id_": 0, "item_type_": 8, "item_id_": 80031, "item_num_": 50}]}, {"reward_table_id_": 80098, "table_": [{"reward_id_": 0, "item_type_": 8, "item_id_": 80031, "item_num_": 20}]}, {"reward_table_id_": 80099, "table_": [{"reward_id_": 0, "item_type_": 9, "item_id_": 256, "item_num_": 10}]}, {"reward_table_id_": 80100, "table_": [{"reward_id_": 0, "item_type_": 8, "item_id_": 80032, "item_num_": 20}, {"reward_id_": 1, "item_type_": 8, "item_id_": 50058, "item_num_": 2}, {"reward_id_": 2, "item_type_": 34, "item_id_": 202, "item_num_": 1}, {"reward_id_": 3, "item_type_": 34, "item_id_": 203, "item_num_": 1}]}, {"reward_table_id_": 80101, "table_": [{"reward_id_": 0, "item_type_": 8, "item_id_": 80032, "item_num_": 50}]}, {"reward_table_id_": 80102, "table_": [{"reward_id_": 0, "item_type_": 8, "item_id_": 80032, "item_num_": 20}]}, {"reward_table_id_": 80103, "table_": [{"reward_id_": 0, "item_type_": 8, "item_id_": 80033, "item_num_": 20}, {"reward_id_": 1, "item_type_": 8, "item_id_": 50058, "item_num_": 2}, {"reward_id_": 2, "item_type_": 34, "item_id_": 202, "item_num_": 1}, {"reward_id_": 3, "item_type_": 34, "item_id_": 203, "item_num_": 1}]}, {"reward_table_id_": 80104, "table_": [{"reward_id_": 0, "item_type_": 8, "item_id_": 80033, "item_num_": 50}]}, {"reward_table_id_": 80105, "table_": [{"reward_id_": 0, "item_type_": 8, "item_id_": 80033, "item_num_": 20}]}, {"reward_table_id_": 80106, "table_": [{"reward_id_": 0, "item_type_": 8, "item_id_": 80034, "item_num_": 20}, {"reward_id_": 1, "item_type_": 8, "item_id_": 50058, "item_num_": 2}, {"reward_id_": 2, "item_type_": 34, "item_id_": 202, "item_num_": 1}, {"reward_id_": 3, "item_type_": 34, "item_id_": 203, "item_num_": 1}]}, {"reward_table_id_": 80107, "table_": [{"reward_id_": 0, "item_type_": 8, "item_id_": 80034, "item_num_": 50}]}, {"reward_table_id_": 80108, "table_": [{"reward_id_": 0, "item_type_": 8, "item_id_": 80034, "item_num_": 20}]}, {"reward_table_id_": 80109, "table_": [{"reward_id_": 0, "item_type_": 8, "item_id_": 80035, "item_num_": 20}, {"reward_id_": 1, "item_type_": 8, "item_id_": 50058, "item_num_": 2}, {"reward_id_": 2, "item_type_": 34, "item_id_": 202, "item_num_": 1}, {"reward_id_": 3, "item_type_": 34, "item_id_": 203, "item_num_": 1}]}, {"reward_table_id_": 80110, "table_": [{"reward_id_": 0, "item_type_": 8, "item_id_": 80035, "item_num_": 50}]}, {"reward_table_id_": 80111, "table_": [{"reward_id_": 0, "item_type_": 8, "item_id_": 80035, "item_num_": 20}]}, {"reward_table_id_": 80112, "table_": [{"reward_id_": 0, "item_type_": 8, "item_id_": 80036, "item_num_": 20}, {"reward_id_": 1, "item_type_": 8, "item_id_": 50058, "item_num_": 2}, {"reward_id_": 2, "item_type_": 34, "item_id_": 202, "item_num_": 1}, {"reward_id_": 3, "item_type_": 34, "item_id_": 203, "item_num_": 1}]}, {"reward_table_id_": 80113, "table_": [{"reward_id_": 0, "item_type_": 8, "item_id_": 80036, "item_num_": 50}]}, {"reward_table_id_": 80114, "table_": [{"reward_id_": 0, "item_type_": 8, "item_id_": 80036, "item_num_": 20}]}, {"reward_table_id_": 80115, "table_": [{"reward_id_": 0, "item_type_": 8, "item_id_": 80037, "item_num_": 20}, {"reward_id_": 1, "item_type_": 8, "item_id_": 50058, "item_num_": 2}, {"reward_id_": 2, "item_type_": 34, "item_id_": 202, "item_num_": 1}, {"reward_id_": 3, "item_type_": 34, "item_id_": 203, "item_num_": 1}]}, {"reward_table_id_": 80116, "table_": [{"reward_id_": 0, "item_type_": 8, "item_id_": 80037, "item_num_": 50}]}, {"reward_table_id_": 80117, "table_": [{"reward_id_": 0, "item_type_": 8, "item_id_": 80037, "item_num_": 20}]}]