[{"dop4_orbit_reward_table_id_": 90007, "table_": [{"dop4_orbit_reward_id_": 1, "reward_level_": 1, "reward_item_category_": 8, "reward_item_id_": 50033, "reward_item_num_": 1}, {"dop4_orbit_reward_id_": 2, "reward_level_": 2, "reward_item_category_": 8, "reward_item_id_": 50033, "reward_item_num_": 2}, {"dop4_orbit_reward_id_": 3, "reward_level_": 3, "reward_item_category_": 8, "reward_item_id_": 50033, "reward_item_num_": 5}]}, {"dop4_orbit_reward_table_id_": 90010, "table_": [{"dop4_orbit_reward_id_": 1, "reward_level_": 1, "reward_item_category_": 8, "reward_item_id_": 50037, "reward_item_num_": 1}, {"dop4_orbit_reward_id_": 2, "reward_level_": 2, "reward_item_category_": 8, "reward_item_id_": 50037, "reward_item_num_": 2}, {"dop4_orbit_reward_id_": 3, "reward_level_": 3, "reward_item_category_": 8, "reward_item_id_": 50037, "reward_item_num_": 5}]}, {"dop4_orbit_reward_table_id_": 90011, "table_": [{"dop4_orbit_reward_id_": 1, "reward_level_": 1, "reward_item_category_": 8, "reward_item_id_": 50040, "reward_item_num_": 1}, {"dop4_orbit_reward_id_": 2, "reward_level_": 2, "reward_item_category_": 8, "reward_item_id_": 50040, "reward_item_num_": 2}, {"dop4_orbit_reward_id_": 3, "reward_level_": 3, "reward_item_category_": 8, "reward_item_id_": 50040, "reward_item_num_": 4}]}, {"dop4_orbit_reward_table_id_": 90012, "table_": [{"dop4_orbit_reward_id_": 1, "reward_level_": 1, "reward_item_category_": 7, "reward_item_id_": 1293, "reward_item_num_": 2}, {"dop4_orbit_reward_id_": 2, "reward_level_": 2, "reward_item_category_": 7, "reward_item_id_": 1293, "reward_item_num_": 4}, {"dop4_orbit_reward_id_": 3, "reward_level_": 3, "reward_item_category_": 26, "reward_item_id_": 12930001, "reward_item_num_": 1}, {"dop4_orbit_reward_id_": 4, "reward_level_": 3, "reward_item_category_": 7, "reward_item_id_": 1293, "reward_item_num_": 8}]}, {"dop4_orbit_reward_table_id_": 90018, "table_": [{"dop4_orbit_reward_id_": 1, "reward_level_": 1, "reward_item_category_": 8, "reward_item_id_": 900018, "reward_item_num_": 100}, {"dop4_orbit_reward_id_": 2, "reward_level_": 2, "reward_item_category_": 8, "reward_item_id_": 900018, "reward_item_num_": 150}, {"dop4_orbit_reward_id_": 3, "reward_level_": 3, "reward_item_category_": 8, "reward_item_id_": 900018, "reward_item_num_": 200}]}]