[{"story_master_id_": 30900011, "dop4_condition_element_id1_1_": 1, "dop4_condition_element_id1_2_": -1, "dop4_condition_element_id1_3_": -1, "dop4_condition_element_id2_1_": 20018, "dop4_condition_element_id2_2_": -1, "dop4_condition_element_id2_3_": -1, "dop4_condition_element_id3_1_": 12001, "dop4_condition_element_id3_2_": 15001, "dop4_condition_element_id3_3_": -1, "dop4_condition_element_id4_1_": 55, "dop4_condition_element_id4_2_": -1, "dop4_condition_element_id4_3_": -1, "max_floor_num_": 3, "boost_table_id_": 9000101, "link_boost_table_id_": 4, "dop4_reward_table_id_": 90001, "dop4_orbit_reward_table_id_": -1, "dop4_guild_point1_": 1500, "dop4_guild_point2_": 3000, "dop4_guild_point3_": 6000, "dop4_guild_point4_": 6000, "enemy_character_id_": 340, "enemy_attribute_id_": 2, "enemy_change_attribute_id_": -1, "dop4_character_ai_table_id_": 1, "health_base_value_": 44000000, "health_multiply_value_": 9000000, "health_up_max_": 1000000000, "strike_atk_base_value_": 1600000, "strike_atk_multiply_value_": 252000, "strike_atk_up_max_": 1500000, "shot_atk_base_value_": 1600000, "shot_atk_multiply_value_": 252000, "shot_atk_up_max_": 1500000, "strike_def_base_value_": 1340000, "strike_def_multiply_value_": 250000, "strike_def_up_max_": 1500000, "shot_def_base_value_": 1340000, "shot_def_multiply_value_": 250000, "shot_def_up_max_": 1500000, "luck_base_value_": 5000, "luck_multiply_value_": 50000, "luck_up_max_": 10000, "slash_resist_": 120, "stab_resist_": 120, "shock_resist_": 120, "explosion_resist_": 120, "main_ability_id_": -1, "z_ability_id_": -1, "unique_ability1_id_": 1100409, "unique_ability2_id_": 1100036, "unique_ability3_id_": 1100063, "unique_ability4_id_": 1100612, "unique_ability5_id_": -1, "unique_ability6_id_": -1, "unique_ability7_id_": -1, "unique_ability8_id_": -1, "unique_ability9_id_": -1, "unique_ability10_id_": -1, "Ultra_Burst_Charge_Phase_Max_": 48, "Ultra_Burst_Stop_Damage_": 84000000, "Ultra_Burst_Stop_Damage_Loop_UP_Percent_": 100, "Ultra_Burst_Power_": 900, "Sift_Attack_Power_": 200, "Extra_Sift_Phase_": 80, "unique_support_ability_id_": 920000, "unique_defense_ability_id_": 920001, "unique_melee_ability_id_": 920002, "unique_ranged_ability_id_": 920003, "arts_boost_damage_decay_table_id_": -1}, {"story_master_id_": 30900021, "dop4_condition_element_id1_1_": 2, "dop4_condition_element_id1_2_": -1, "dop4_condition_element_id1_3_": -1, "dop4_condition_element_id2_1_": 20018, "dop4_condition_element_id2_2_": -1, "dop4_condition_element_id2_3_": -1, "dop4_condition_element_id3_1_": 12001, "dop4_condition_element_id3_2_": 15001, "dop4_condition_element_id3_3_": -1, "dop4_condition_element_id4_1_": 55, "dop4_condition_element_id4_2_": -1, "dop4_condition_element_id4_3_": -1, "max_floor_num_": 3, "boost_table_id_": 9000201, "link_boost_table_id_": 4, "dop4_reward_table_id_": 90002, "dop4_orbit_reward_table_id_": -1, "dop4_guild_point1_": 1500, "dop4_guild_point2_": 3000, "dop4_guild_point3_": 6000, "dop4_guild_point4_": 6000, "enemy_character_id_": 430, "enemy_attribute_id_": 2, "enemy_change_attribute_id_": -1, "dop4_character_ai_table_id_": 1, "health_base_value_": 44000000, "health_multiply_value_": 9000000, "health_up_max_": 1000000000, "strike_atk_base_value_": 1600000, "strike_atk_multiply_value_": 282000, "strike_atk_up_max_": 1500000, "shot_atk_base_value_": 1600000, "shot_atk_multiply_value_": 252000, "shot_atk_up_max_": 1500000, "strike_def_base_value_": 1340000, "strike_def_multiply_value_": 290000, "strike_def_up_max_": 1500000, "shot_def_base_value_": 1340000, "shot_def_multiply_value_": 250000, "shot_def_up_max_": 1500000, "luck_base_value_": 5000, "luck_multiply_value_": 50000, "luck_up_max_": 10000, "slash_resist_": 125, "stab_resist_": 125, "shock_resist_": 125, "explosion_resist_": 125, "main_ability_id_": -1, "z_ability_id_": -1, "unique_ability1_id_": 1100409, "unique_ability2_id_": 1100036, "unique_ability3_id_": 1100063, "unique_ability4_id_": 1100612, "unique_ability5_id_": -1, "unique_ability6_id_": -1, "unique_ability7_id_": -1, "unique_ability8_id_": -1, "unique_ability9_id_": -1, "unique_ability10_id_": -1, "Ultra_Burst_Charge_Phase_Max_": 48, "Ultra_Burst_Stop_Damage_": 84000000, "Ultra_Burst_Stop_Damage_Loop_UP_Percent_": 100, "Ultra_Burst_Power_": 1000, "Sift_Attack_Power_": 200, "Extra_Sift_Phase_": 80, "unique_support_ability_id_": 920000, "unique_defense_ability_id_": 920001, "unique_melee_ability_id_": 920002, "unique_ranged_ability_id_": 920003, "arts_boost_damage_decay_table_id_": -1}, {"story_master_id_": 30900031, "dop4_condition_element_id1_1_": 25, "dop4_condition_element_id1_2_": -1, "dop4_condition_element_id1_3_": -1, "dop4_condition_element_id2_1_": 52, "dop4_condition_element_id2_2_": -1, "dop4_condition_element_id2_3_": -1, "dop4_condition_element_id3_1_": 12001, "dop4_condition_element_id3_2_": 15003, "dop4_condition_element_id3_3_": -1, "dop4_condition_element_id4_1_": 55, "dop4_condition_element_id4_2_": -1, "dop4_condition_element_id4_3_": -1, "max_floor_num_": 3, "boost_table_id_": 9000301, "link_boost_table_id_": 4, "dop4_reward_table_id_": 90003, "dop4_orbit_reward_table_id_": -1, "dop4_guild_point1_": 1500, "dop4_guild_point2_": 3000, "dop4_guild_point3_": 6000, "dop4_guild_point4_": 6000, "enemy_character_id_": 375, "enemy_attribute_id_": 1, "enemy_change_attribute_id_": -1, "dop4_character_ai_table_id_": 1, "health_base_value_": 27000000, "health_multiply_value_": 6500000, "health_up_max_": 1000000000, "strike_atk_base_value_": 1200000, "strike_atk_multiply_value_": 260000, "strike_atk_up_max_": 1500000, "shot_atk_base_value_": 1200000, "shot_atk_multiply_value_": 260000, "shot_atk_up_max_": 1500000, "strike_def_base_value_": 1240000, "strike_def_multiply_value_": 240000, "strike_def_up_max_": 1500000, "shot_def_base_value_": 1240000, "shot_def_multiply_value_": 240000, "shot_def_up_max_": 1500000, "luck_base_value_": 5000, "luck_multiply_value_": 50000, "luck_up_max_": 10000, "slash_resist_": 120, "stab_resist_": 120, "shock_resist_": 120, "explosion_resist_": 120, "main_ability_id_": -1, "z_ability_id_": -1, "unique_ability1_id_": 1100031, "unique_ability2_id_": 1100036, "unique_ability3_id_": 1100126, "unique_ability4_id_": 1100612, "unique_ability5_id_": 1100619, "unique_ability6_id_": 1100129, "unique_ability7_id_": -1, "unique_ability8_id_": -1, "unique_ability9_id_": -1, "unique_ability10_id_": -1, "Ultra_Burst_Charge_Phase_Max_": 48, "Ultra_Burst_Stop_Damage_": 70000000, "Ultra_Burst_Stop_Damage_Loop_UP_Percent_": 100, "Ultra_Burst_Power_": 800, "Sift_Attack_Power_": 150, "Extra_Sift_Phase_": 80, "unique_support_ability_id_": 920000, "unique_defense_ability_id_": 920001, "unique_melee_ability_id_": 920002, "unique_ranged_ability_id_": 920003, "arts_boost_damage_decay_table_id_": -1}, {"story_master_id_": 30900041, "dop4_condition_element_id1_1_": 40, "dop4_condition_element_id1_2_": -1, "dop4_condition_element_id1_3_": -1, "dop4_condition_element_id2_1_": 20018, "dop4_condition_element_id2_2_": -1, "dop4_condition_element_id2_3_": -1, "dop4_condition_element_id3_1_": 12001, "dop4_condition_element_id3_2_": 4, "dop4_condition_element_id3_3_": -1, "dop4_condition_element_id4_1_": 55, "dop4_condition_element_id4_2_": -1, "dop4_condition_element_id4_3_": -1, "max_floor_num_": 3, "boost_table_id_": 9000401, "link_boost_table_id_": 4, "dop4_reward_table_id_": 90004, "dop4_orbit_reward_table_id_": -1, "dop4_guild_point1_": 1500, "dop4_guild_point2_": 3000, "dop4_guild_point3_": 6000, "dop4_guild_point4_": 6000, "enemy_character_id_": 462, "enemy_attribute_id_": 1, "enemy_change_attribute_id_": -1, "dop4_character_ai_table_id_": 1, "health_base_value_": 40000000, "health_multiply_value_": 6000000, "health_up_max_": 1000000000, "strike_atk_base_value_": 2340000, "strike_atk_multiply_value_": 785000, "strike_atk_up_max_": 1500000, "shot_atk_base_value_": 1920000, "shot_atk_multiply_value_": 889000, "shot_atk_up_max_": 1500000, "strike_def_base_value_": 1117000, "strike_def_multiply_value_": 401000, "strike_def_up_max_": 1500000, "shot_def_base_value_": 1085000, "shot_def_multiply_value_": 332000, "shot_def_up_max_": 1500000, "luck_base_value_": 5000, "luck_multiply_value_": 50000, "luck_up_max_": 10000, "slash_resist_": 120, "stab_resist_": 120, "shock_resist_": 120, "explosion_resist_": 120, "main_ability_id_": -1, "z_ability_id_": -1, "unique_ability1_id_": 1100140, "unique_ability2_id_": 1100058, "unique_ability3_id_": 1100126, "unique_ability4_id_": 1100611, "unique_ability5_id_": 1100068, "unique_ability6_id_": -1, "unique_ability7_id_": -1, "unique_ability8_id_": -1, "unique_ability9_id_": -1, "unique_ability10_id_": -1, "Ultra_Burst_Charge_Phase_Max_": 48, "Ultra_Burst_Stop_Damage_": 90000000, "Ultra_Burst_Stop_Damage_Loop_UP_Percent_": 100, "Ultra_Burst_Power_": 800, "Sift_Attack_Power_": 200, "Extra_Sift_Phase_": 80, "unique_support_ability_id_": 920000, "unique_defense_ability_id_": 920001, "unique_melee_ability_id_": 920002, "unique_ranged_ability_id_": 920003, "arts_boost_damage_decay_table_id_": -1}, {"story_master_id_": 30900051, "dop4_condition_element_id1_1_": 1, "dop4_condition_element_id1_2_": -1, "dop4_condition_element_id1_3_": -1, "dop4_condition_element_id2_1_": 20015, "dop4_condition_element_id2_2_": -1, "dop4_condition_element_id2_3_": -1, "dop4_condition_element_id3_1_": 12001, "dop4_condition_element_id3_2_": 52, "dop4_condition_element_id3_3_": -1, "dop4_condition_element_id4_1_": 55, "dop4_condition_element_id4_2_": -1, "dop4_condition_element_id4_3_": -1, "max_floor_num_": 3, "boost_table_id_": 9000501, "link_boost_table_id_": 4, "dop4_reward_table_id_": 90005, "dop4_orbit_reward_table_id_": -1, "dop4_guild_point1_": 1500, "dop4_guild_point2_": 3000, "dop4_guild_point3_": 6000, "dop4_guild_point4_": 6000, "enemy_character_id_": 370, "enemy_attribute_id_": 4, "enemy_change_attribute_id_": -1, "dop4_character_ai_table_id_": 1, "health_base_value_": 40000000, "health_multiply_value_": 20500000, "health_up_max_": 1000000000, "strike_atk_base_value_": 3840000, "strike_atk_multiply_value_": 1345000, "strike_atk_up_max_": 2500000, "shot_atk_base_value_": 3420000, "shot_atk_multiply_value_": 1289000, "shot_atk_up_max_": 2500000, "strike_def_base_value_": 1317000, "strike_def_multiply_value_": 401000, "strike_def_up_max_": 1500000, "shot_def_base_value_": 1285000, "shot_def_multiply_value_": 382000, "shot_def_up_max_": 1500000, "luck_base_value_": 5000, "luck_multiply_value_": 50000, "luck_up_max_": 10000, "slash_resist_": 120, "stab_resist_": 120, "shock_resist_": 120, "explosion_resist_": 120, "main_ability_id_": -1, "z_ability_id_": -1, "unique_ability1_id_": 1100132, "unique_ability2_id_": 1100058, "unique_ability3_id_": 1100126, "unique_ability4_id_": 1100078, "unique_ability5_id_": 1100619, "unique_ability6_id_": -1, "unique_ability7_id_": -1, "unique_ability8_id_": -1, "unique_ability9_id_": -1, "unique_ability10_id_": -1, "Ultra_Burst_Charge_Phase_Max_": 60, "Ultra_Burst_Stop_Damage_": 132000000, "Ultra_Burst_Stop_Damage_Loop_UP_Percent_": 100, "Ultra_Burst_Power_": 650, "Sift_Attack_Power_": 120, "Extra_Sift_Phase_": 88, "unique_support_ability_id_": 920000, "unique_defense_ability_id_": 920001, "unique_melee_ability_id_": 920002, "unique_ranged_ability_id_": 920003, "arts_boost_damage_decay_table_id_": -1}, {"story_master_id_": 30900061, "dop4_condition_element_id1_1_": 39, "dop4_condition_element_id1_2_": -1, "dop4_condition_element_id1_3_": -1, "dop4_condition_element_id2_1_": 20007, "dop4_condition_element_id2_2_": -1, "dop4_condition_element_id2_3_": -1, "dop4_condition_element_id3_1_": 12001, "dop4_condition_element_id3_2_": 7, "dop4_condition_element_id3_3_": -1, "dop4_condition_element_id4_1_": 55, "dop4_condition_element_id4_2_": -1, "dop4_condition_element_id4_3_": -1, "max_floor_num_": 3, "boost_table_id_": 9000601, "link_boost_table_id_": 4, "dop4_reward_table_id_": 90006, "dop4_orbit_reward_table_id_": -1, "dop4_guild_point1_": 1500, "dop4_guild_point2_": 3000, "dop4_guild_point3_": 6000, "dop4_guild_point4_": 6000, "enemy_character_id_": 215, "enemy_attribute_id_": 2, "enemy_change_attribute_id_": -1, "dop4_character_ai_table_id_": 1, "health_base_value_": 45000000, "health_multiply_value_": 18000000, "health_up_max_": 1000000000, "strike_atk_base_value_": 7283000, "strike_atk_multiply_value_": 4180000, "strike_atk_up_max_": 9000000, "shot_atk_base_value_": 6595000, "shot_atk_multiply_value_": 2198000, "shot_atk_up_max_": 8000000, "strike_def_base_value_": 1647000, "strike_def_multiply_value_": 921000, "strike_def_up_max_": 2000000, "shot_def_base_value_": 1647000, "shot_def_multiply_value_": 749000, "shot_def_up_max_": 1500000, "luck_base_value_": 5000, "luck_multiply_value_": 50000, "luck_up_max_": 10000, "slash_resist_": 120, "stab_resist_": 120, "shock_resist_": 120, "explosion_resist_": 120, "main_ability_id_": -1, "z_ability_id_": -1, "unique_ability1_id_": 1100130, "unique_ability2_id_": 1100058, "unique_ability3_id_": 1100126, "unique_ability4_id_": 1100612, "unique_ability5_id_": 1120039, "unique_ability6_id_": -1, "unique_ability7_id_": -1, "unique_ability8_id_": -1, "unique_ability9_id_": -1, "unique_ability10_id_": -1, "Ultra_Burst_Charge_Phase_Max_": 60, "Ultra_Burst_Stop_Damage_": 132000000, "Ultra_Burst_Stop_Damage_Loop_UP_Percent_": 100, "Ultra_Burst_Power_": 800, "Sift_Attack_Power_": 170, "Extra_Sift_Phase_": 88, "unique_support_ability_id_": 920000, "unique_defense_ability_id_": 920001, "unique_melee_ability_id_": 920002, "unique_ranged_ability_id_": 920003, "arts_boost_damage_decay_table_id_": -1}, {"story_master_id_": 30900071, "dop4_condition_element_id1_1_": 26, "dop4_condition_element_id1_2_": -1, "dop4_condition_element_id1_3_": -1, "dop4_condition_element_id2_1_": 8, "dop4_condition_element_id2_2_": -1, "dop4_condition_element_id2_3_": -1, "dop4_condition_element_id3_1_": 12001, "dop4_condition_element_id3_2_": 25, "dop4_condition_element_id3_3_": -1, "dop4_condition_element_id4_1_": 55, "dop4_condition_element_id4_2_": -1, "dop4_condition_element_id4_3_": -1, "max_floor_num_": 3, "boost_table_id_": 9000701, "link_boost_table_id_": 4, "dop4_reward_table_id_": 90007, "dop4_orbit_reward_table_id_": -1, "dop4_guild_point1_": 1500, "dop4_guild_point2_": 3000, "dop4_guild_point3_": 6000, "dop4_guild_point4_": 6000, "enemy_character_id_": 111, "enemy_attribute_id_": 4, "enemy_change_attribute_id_": -1, "dop4_character_ai_table_id_": 1, "health_base_value_": 50000000, "health_multiply_value_": 26000000, "health_up_max_": 1000000000, "strike_atk_base_value_": 3750000, "strike_atk_multiply_value_": 5570000, "strike_atk_up_max_": 4500000, "shot_atk_base_value_": 3650000, "shot_atk_multiply_value_": 5560000, "shot_atk_up_max_": 4500000, "strike_def_base_value_": 1350000, "strike_def_multiply_value_": 650000, "strike_def_up_max_": 1500000, "shot_def_base_value_": 1300000, "shot_def_multiply_value_": 600000, "shot_def_up_max_": 1500000, "luck_base_value_": 5000, "luck_multiply_value_": 45000, "luck_up_max_": 10000, "slash_resist_": 120, "stab_resist_": 120, "shock_resist_": 120, "explosion_resist_": 120, "main_ability_id_": -1, "z_ability_id_": -1, "unique_ability1_id_": 1100132, "unique_ability2_id_": 1100058, "unique_ability3_id_": 1100126, "unique_ability4_id_": 1100612, "unique_ability5_id_": -1, "unique_ability6_id_": -1, "unique_ability7_id_": -1, "unique_ability8_id_": -1, "unique_ability9_id_": -1, "unique_ability10_id_": -1, "Ultra_Burst_Charge_Phase_Max_": 60, "Ultra_Burst_Stop_Damage_": 128000000, "Ultra_Burst_Stop_Damage_Loop_UP_Percent_": 100, "Ultra_Burst_Power_": 800, "Sift_Attack_Power_": 170, "Extra_Sift_Phase_": 88, "unique_support_ability_id_": 920000, "unique_defense_ability_id_": 920001, "unique_melee_ability_id_": 920002, "unique_ranged_ability_id_": 920003, "arts_boost_damage_decay_table_id_": -1}, {"story_master_id_": 30900081, "dop4_condition_element_id1_1_": 52, "dop4_condition_element_id1_2_": -1, "dop4_condition_element_id1_3_": -1, "dop4_condition_element_id2_1_": 20015, "dop4_condition_element_id2_2_": -1, "dop4_condition_element_id2_3_": -1, "dop4_condition_element_id3_1_": 12001, "dop4_condition_element_id3_2_": 20015, "dop4_condition_element_id3_3_": -1, "dop4_condition_element_id4_1_": 55, "dop4_condition_element_id4_2_": -1, "dop4_condition_element_id4_3_": -1, "max_floor_num_": 3, "boost_table_id_": 9000801, "link_boost_table_id_": 4, "dop4_reward_table_id_": 90008, "dop4_orbit_reward_table_id_": -1, "dop4_guild_point1_": 1500, "dop4_guild_point2_": 3000, "dop4_guild_point3_": 6000, "dop4_guild_point4_": 6000, "enemy_character_id_": 444, "enemy_attribute_id_": 1, "enemy_change_attribute_id_": -1, "dop4_character_ai_table_id_": 1, "health_base_value_": 45000000, "health_multiply_value_": 23000000, "health_up_max_": 1000000000, "strike_atk_base_value_": 3500000, "strike_atk_multiply_value_": 4200000, "strike_atk_up_max_": 4500000, "shot_atk_base_value_": 3500000, "shot_atk_multiply_value_": 4200000, "shot_atk_up_max_": 4500000, "strike_def_base_value_": 1500000, "strike_def_multiply_value_": 600000, "strike_def_up_max_": 1500000, "shot_def_base_value_": 1500000, "shot_def_multiply_value_": 600000, "shot_def_up_max_": 1500000, "luck_base_value_": 5000, "luck_multiply_value_": 45000, "luck_up_max_": 10000, "slash_resist_": 120, "stab_resist_": 120, "shock_resist_": 120, "explosion_resist_": 120, "main_ability_id_": -1, "z_ability_id_": -1, "unique_ability1_id_": 1100129, "unique_ability2_id_": 1100043, "unique_ability3_id_": 1100126, "unique_ability4_id_": 1100612, "unique_ability5_id_": -1, "unique_ability6_id_": -1, "unique_ability7_id_": -1, "unique_ability8_id_": -1, "unique_ability9_id_": -1, "unique_ability10_id_": -1, "Ultra_Burst_Charge_Phase_Max_": 60, "Ultra_Burst_Stop_Damage_": 122000000, "Ultra_Burst_Stop_Damage_Loop_UP_Percent_": 100, "Ultra_Burst_Power_": 800, "Sift_Attack_Power_": 170, "Extra_Sift_Phase_": 88, "unique_support_ability_id_": 920000, "unique_defense_ability_id_": 920001, "unique_melee_ability_id_": 920002, "unique_ranged_ability_id_": 920003, "arts_boost_damage_decay_table_id_": -1}, {"story_master_id_": 30900091, "dop4_condition_element_id1_1_": 20015, "dop4_condition_element_id1_2_": -1, "dop4_condition_element_id1_3_": -1, "dop4_condition_element_id2_1_": 32, "dop4_condition_element_id2_2_": -1, "dop4_condition_element_id2_3_": -1, "dop4_condition_element_id3_1_": 12001, "dop4_condition_element_id3_2_": 15002, "dop4_condition_element_id3_3_": -1, "dop4_condition_element_id4_1_": 55, "dop4_condition_element_id4_2_": -1, "dop4_condition_element_id4_3_": -1, "max_floor_num_": 3, "boost_table_id_": 9000901, "link_boost_table_id_": 4, "dop4_reward_table_id_": 90009, "dop4_orbit_reward_table_id_": -1, "dop4_guild_point1_": 1500, "dop4_guild_point2_": 3000, "dop4_guild_point3_": 6000, "dop4_guild_point4_": 6000, "enemy_character_id_": 240, "enemy_attribute_id_": 3, "enemy_change_attribute_id_": -1, "dop4_character_ai_table_id_": 1, "health_base_value_": 50000000, "health_multiply_value_": 23000000, "health_up_max_": 1000000000, "strike_atk_base_value_": 3750000, "strike_atk_multiply_value_": 4800000, "strike_atk_up_max_": 4500000, "shot_atk_base_value_": 3650000, "shot_atk_multiply_value_": 4800000, "shot_atk_up_max_": 4500000, "strike_def_base_value_": 1550000, "strike_def_multiply_value_": 600000, "strike_def_up_max_": 1500000, "shot_def_base_value_": 1500000, "shot_def_multiply_value_": 600000, "shot_def_up_max_": 1500000, "luck_base_value_": 5000, "luck_multiply_value_": 45000, "luck_up_max_": 10000, "slash_resist_": 120, "stab_resist_": 120, "shock_resist_": 120, "explosion_resist_": 120, "main_ability_id_": -1, "z_ability_id_": -1, "unique_ability1_id_": 1100131, "unique_ability2_id_": 1100058, "unique_ability3_id_": 1100126, "unique_ability4_id_": 1100612, "unique_ability5_id_": -1, "unique_ability6_id_": -1, "unique_ability7_id_": -1, "unique_ability8_id_": -1, "unique_ability9_id_": -1, "unique_ability10_id_": -1, "Ultra_Burst_Charge_Phase_Max_": 60, "Ultra_Burst_Stop_Damage_": 124000000, "Ultra_Burst_Stop_Damage_Loop_UP_Percent_": 100, "Ultra_Burst_Power_": 800, "Sift_Attack_Power_": 170, "Extra_Sift_Phase_": 88, "unique_support_ability_id_": 920000, "unique_defense_ability_id_": 920001, "unique_melee_ability_id_": 920002, "unique_ranged_ability_id_": 920003, "arts_boost_damage_decay_table_id_": -1}, {"story_master_id_": 30900101, "dop4_condition_element_id1_1_": 1, "dop4_condition_element_id1_2_": -1, "dop4_condition_element_id1_3_": -1, "dop4_condition_element_id2_1_": 31, "dop4_condition_element_id2_2_": -1, "dop4_condition_element_id2_3_": -1, "dop4_condition_element_id3_1_": 12001, "dop4_condition_element_id3_2_": 8, "dop4_condition_element_id3_3_": -1, "dop4_condition_element_id4_1_": 55, "dop4_condition_element_id4_2_": -1, "dop4_condition_element_id4_3_": -1, "max_floor_num_": 3, "boost_table_id_": 9001001, "link_boost_table_id_": 4, "dop4_reward_table_id_": 90010, "dop4_orbit_reward_table_id_": -1, "dop4_guild_point1_": 1500, "dop4_guild_point2_": 3000, "dop4_guild_point3_": 6000, "dop4_guild_point4_": 6000, "enemy_character_id_": 198, "enemy_attribute_id_": 0, "enemy_change_attribute_id_": -1, "dop4_character_ai_table_id_": 1, "health_base_value_": 45000000, "health_multiply_value_": 33500000, "health_up_max_": 1000000000, "strike_atk_base_value_": 7300000, "strike_atk_multiply_value_": 4180000, "strike_atk_up_max_": 6000000, "shot_atk_base_value_": 6600000, "shot_atk_multiply_value_": 4550000, "shot_atk_up_max_": 6000000, "strike_def_base_value_": 1650000, "strike_def_multiply_value_": 749000, "strike_def_up_max_": 2000000, "shot_def_base_value_": 1650000, "shot_def_multiply_value_": 749000, "shot_def_up_max_": 1500000, "luck_base_value_": 5000, "luck_multiply_value_": 45000, "luck_up_max_": 10000, "slash_resist_": 120, "stab_resist_": 120, "shock_resist_": 120, "explosion_resist_": 120, "main_ability_id_": -1, "z_ability_id_": -1, "unique_ability1_id_": 1100133, "unique_ability2_id_": 1100058, "unique_ability3_id_": 1100126, "unique_ability4_id_": -1, "unique_ability5_id_": -1, "unique_ability6_id_": -1, "unique_ability7_id_": -1, "unique_ability8_id_": -1, "unique_ability9_id_": -1, "unique_ability10_id_": -1, "Ultra_Burst_Charge_Phase_Max_": 60, "Ultra_Burst_Stop_Damage_": 125000000, "Ultra_Burst_Stop_Damage_Loop_UP_Percent_": 100, "Ultra_Burst_Power_": 800, "Sift_Attack_Power_": 170, "Extra_Sift_Phase_": 88, "unique_support_ability_id_": 920000, "unique_defense_ability_id_": 920001, "unique_melee_ability_id_": 920002, "unique_ranged_ability_id_": 920003, "arts_boost_damage_decay_table_id_": -1}, {"story_master_id_": 30900111, "dop4_condition_element_id1_1_": 2, "dop4_condition_element_id1_2_": -1, "dop4_condition_element_id1_3_": -1, "dop4_condition_element_id2_1_": 20017, "dop4_condition_element_id2_2_": -1, "dop4_condition_element_id2_3_": -1, "dop4_condition_element_id3_1_": 12001, "dop4_condition_element_id3_2_": 26, "dop4_condition_element_id3_3_": -1, "dop4_condition_element_id4_1_": 55, "dop4_condition_element_id4_2_": -1, "dop4_condition_element_id4_3_": -1, "max_floor_num_": 3, "boost_table_id_": 9001101, "link_boost_table_id_": 4, "dop4_reward_table_id_": 90011, "dop4_orbit_reward_table_id_": 90011, "dop4_guild_point1_": 1500, "dop4_guild_point2_": 3000, "dop4_guild_point3_": 6000, "dop4_guild_point4_": 6000, "enemy_character_id_": 124, "enemy_attribute_id_": 2, "enemy_change_attribute_id_": -1, "dop4_character_ai_table_id_": 1, "health_base_value_": 50000000, "health_multiply_value_": 30000000, "health_up_max_": 1000000000, "strike_atk_base_value_": 7300000, "strike_atk_multiply_value_": 5800000, "strike_atk_up_max_": 6000000, "shot_atk_base_value_": 6600000, "shot_atk_multiply_value_": 6000000, "shot_atk_up_max_": 6000000, "strike_def_base_value_": 1650000, "strike_def_multiply_value_": 770000, "strike_def_up_max_": 2000000, "shot_def_base_value_": 1650000, "shot_def_multiply_value_": 800000, "shot_def_up_max_": 1500000, "luck_base_value_": 5000, "luck_multiply_value_": 45000, "luck_up_max_": 10000, "slash_resist_": 120, "stab_resist_": 120, "shock_resist_": 120, "explosion_resist_": 120, "main_ability_id_": -1, "z_ability_id_": -1, "unique_ability1_id_": 1100130, "unique_ability2_id_": 1100058, "unique_ability3_id_": 1100126, "unique_ability4_id_": 1100612, "unique_ability5_id_": -1, "unique_ability6_id_": -1, "unique_ability7_id_": -1, "unique_ability8_id_": -1, "unique_ability9_id_": -1, "unique_ability10_id_": -1, "Ultra_Burst_Charge_Phase_Max_": 60, "Ultra_Burst_Stop_Damage_": 118000000, "Ultra_Burst_Stop_Damage_Loop_UP_Percent_": 100, "Ultra_Burst_Power_": 800, "Sift_Attack_Power_": 190, "Extra_Sift_Phase_": 88, "unique_support_ability_id_": 920000, "unique_defense_ability_id_": 920001, "unique_melee_ability_id_": 920002, "unique_ranged_ability_id_": 920003, "arts_boost_damage_decay_table_id_": -1}, {"story_master_id_": 30900121, "dop4_condition_element_id1_1_": 39, "dop4_condition_element_id1_2_": -1, "dop4_condition_element_id1_3_": -1, "dop4_condition_element_id2_1_": 20015, "dop4_condition_element_id2_2_": -1, "dop4_condition_element_id2_3_": -1, "dop4_condition_element_id3_1_": 12001, "dop4_condition_element_id3_2_": 20015, "dop4_condition_element_id3_3_": -1, "dop4_condition_element_id4_1_": 55, "dop4_condition_element_id4_2_": -1, "dop4_condition_element_id4_3_": -1, "max_floor_num_": 3, "boost_table_id_": 9001201, "link_boost_table_id_": 4, "dop4_reward_table_id_": 90012, "dop4_orbit_reward_table_id_": 90012, "dop4_guild_point1_": 1500, "dop4_guild_point2_": 3000, "dop4_guild_point3_": 6000, "dop4_guild_point4_": 6000, "enemy_character_id_": 285, "enemy_attribute_id_": 3, "enemy_change_attribute_id_": -1, "dop4_character_ai_table_id_": 1, "health_base_value_": 50000000, "health_multiply_value_": 28000000, "health_up_max_": 1000000000, "strike_atk_base_value_": 7200000, "strike_atk_multiply_value_": 6000000, "strike_atk_up_max_": 6000000, "shot_atk_base_value_": 6500000, "shot_atk_multiply_value_": 6000000, "shot_atk_up_max_": 6000000, "strike_def_base_value_": 1600000, "strike_def_multiply_value_": 730000, "strike_def_up_max_": 2000000, "shot_def_base_value_": 1700000, "shot_def_multiply_value_": 770000, "shot_def_up_max_": 1500000, "luck_base_value_": 5000, "luck_multiply_value_": 45000, "luck_up_max_": 10000, "slash_resist_": 120, "stab_resist_": 120, "shock_resist_": 120, "explosion_resist_": 120, "main_ability_id_": -1, "z_ability_id_": -1, "unique_ability1_id_": 1100131, "unique_ability2_id_": 1100058, "unique_ability3_id_": 1100126, "unique_ability4_id_": 1100612, "unique_ability5_id_": 1120039, "unique_ability6_id_": -1, "unique_ability7_id_": -1, "unique_ability8_id_": -1, "unique_ability9_id_": -1, "unique_ability10_id_": -1, "Ultra_Burst_Charge_Phase_Max_": 60, "Ultra_Burst_Stop_Damage_": 120000000, "Ultra_Burst_Stop_Damage_Loop_UP_Percent_": 100, "Ultra_Burst_Power_": 800, "Sift_Attack_Power_": 170, "Extra_Sift_Phase_": 88, "unique_support_ability_id_": 920000, "unique_defense_ability_id_": 920001, "unique_melee_ability_id_": 920002, "unique_ranged_ability_id_": 920003, "arts_boost_damage_decay_table_id_": -1}, {"story_master_id_": 30900131, "dop4_condition_element_id1_1_": 53, "dop4_condition_element_id1_2_": -1, "dop4_condition_element_id1_3_": -1, "dop4_condition_element_id2_1_": 56, "dop4_condition_element_id2_2_": -1, "dop4_condition_element_id2_3_": -1, "dop4_condition_element_id3_1_": 12001, "dop4_condition_element_id3_2_": 15000, "dop4_condition_element_id3_3_": -1, "dop4_condition_element_id4_1_": 55, "dop4_condition_element_id4_2_": -1, "dop4_condition_element_id4_3_": -1, "max_floor_num_": 3, "boost_table_id_": 9001301, "link_boost_table_id_": 4, "dop4_reward_table_id_": 90013, "dop4_orbit_reward_table_id_": -1, "dop4_guild_point1_": 1500, "dop4_guild_point2_": 3000, "dop4_guild_point3_": 6000, "dop4_guild_point4_": 6000, "enemy_character_id_": 468, "enemy_attribute_id_": 1, "enemy_change_attribute_id_": -1, "dop4_character_ai_table_id_": 1, "health_base_value_": 45000000, "health_multiply_value_": 25000000, "health_up_max_": 1000000000, "strike_atk_base_value_": 6800000, "strike_atk_multiply_value_": 5800000, "strike_atk_up_max_": 5800000, "shot_atk_base_value_": 6200000, "shot_atk_multiply_value_": 5800000, "shot_atk_up_max_": 6000000, "strike_def_base_value_": 1500000, "strike_def_multiply_value_": 600000, "strike_def_up_max_": 2000000, "shot_def_base_value_": 1500000, "shot_def_multiply_value_": 600000, "shot_def_up_max_": 1500000, "luck_base_value_": 5000, "luck_multiply_value_": 45000, "luck_up_max_": 10000, "slash_resist_": 120, "stab_resist_": 120, "shock_resist_": 120, "explosion_resist_": 120, "main_ability_id_": -1, "z_ability_id_": -1, "unique_ability1_id_": 1100129, "unique_ability2_id_": 1100058, "unique_ability3_id_": 1100126, "unique_ability4_id_": 1100612, "unique_ability5_id_": 1120039, "unique_ability6_id_": 1120031, "unique_ability7_id_": -1, "unique_ability8_id_": -1, "unique_ability9_id_": -1, "unique_ability10_id_": -1, "Ultra_Burst_Charge_Phase_Max_": 60, "Ultra_Burst_Stop_Damage_": 120000000, "Ultra_Burst_Stop_Damage_Loop_UP_Percent_": 100, "Ultra_Burst_Power_": 800, "Sift_Attack_Power_": 170, "Extra_Sift_Phase_": 88, "unique_support_ability_id_": 920000, "unique_defense_ability_id_": 920001, "unique_melee_ability_id_": 920002, "unique_ranged_ability_id_": 920003, "arts_boost_damage_decay_table_id_": -1}, {"story_master_id_": 30900141, "dop4_condition_element_id1_1_": 40, "dop4_condition_element_id1_2_": -1, "dop4_condition_element_id1_3_": -1, "dop4_condition_element_id2_1_": 2, "dop4_condition_element_id2_2_": -1, "dop4_condition_element_id2_3_": -1, "dop4_condition_element_id3_1_": 12001, "dop4_condition_element_id3_2_": 26, "dop4_condition_element_id3_3_": -1, "dop4_condition_element_id4_1_": 55, "dop4_condition_element_id4_2_": -1, "dop4_condition_element_id4_3_": -1, "max_floor_num_": 3, "boost_table_id_": 9001401, "link_boost_table_id_": 4, "dop4_reward_table_id_": 90014, "dop4_orbit_reward_table_id_": -1, "dop4_guild_point1_": 1500, "dop4_guild_point2_": 3000, "dop4_guild_point3_": 6000, "dop4_guild_point4_": 6000, "enemy_character_id_": 499, "enemy_attribute_id_": 4, "enemy_change_attribute_id_": -1, "dop4_character_ai_table_id_": 1, "health_base_value_": 45000000, "health_multiply_value_": 25000000, "health_up_max_": 1000000000, "strike_atk_base_value_": 6000000, "strike_atk_multiply_value_": 5300000, "strike_atk_up_max_": 5300000, "shot_atk_base_value_": 6100000, "shot_atk_multiply_value_": 5300000, "shot_atk_up_max_": 5300000, "strike_def_base_value_": 1500000, "strike_def_multiply_value_": 600000, "strike_def_up_max_": 2000000, "shot_def_base_value_": 1600000, "shot_def_multiply_value_": 600000, "shot_def_up_max_": 1500000, "luck_base_value_": 5000, "luck_multiply_value_": 45000, "luck_up_max_": 10000, "slash_resist_": 120, "stab_resist_": 120, "shock_resist_": 120, "explosion_resist_": 120, "main_ability_id_": -1, "z_ability_id_": -1, "unique_ability1_id_": 1100132, "unique_ability2_id_": 1100126, "unique_ability3_id_": 1100612, "unique_ability4_id_": 1100619, "unique_ability5_id_": 1120443, "unique_ability6_id_": -1, "unique_ability7_id_": -1, "unique_ability8_id_": -1, "unique_ability9_id_": -1, "unique_ability10_id_": -1, "Ultra_Burst_Charge_Phase_Max_": 60, "Ultra_Burst_Stop_Damage_": 120000000, "Ultra_Burst_Stop_Damage_Loop_UP_Percent_": 100, "Ultra_Burst_Power_": 800, "Sift_Attack_Power_": 170, "Extra_Sift_Phase_": 88, "unique_support_ability_id_": 920000, "unique_defense_ability_id_": 920001, "unique_melee_ability_id_": 920002, "unique_ranged_ability_id_": 920003, "arts_boost_damage_decay_table_id_": -1}, {"story_master_id_": 30900151, "dop4_condition_element_id1_1_": 52, "dop4_condition_element_id1_2_": -1, "dop4_condition_element_id1_3_": -1, "dop4_condition_element_id2_1_": 31, "dop4_condition_element_id2_2_": -1, "dop4_condition_element_id2_3_": -1, "dop4_condition_element_id3_1_": 12001, "dop4_condition_element_id3_2_": 31, "dop4_condition_element_id3_3_": -1, "dop4_condition_element_id4_1_": 55, "dop4_condition_element_id4_2_": -1, "dop4_condition_element_id4_3_": -1, "max_floor_num_": 3, "boost_table_id_": 9001501, "link_boost_table_id_": 4, "dop4_reward_table_id_": 90015, "dop4_orbit_reward_table_id_": -1, "dop4_guild_point1_": 1500, "dop4_guild_point2_": 3000, "dop4_guild_point3_": 6000, "dop4_guild_point4_": 6000, "enemy_character_id_": 199, "enemy_attribute_id_": 2, "enemy_change_attribute_id_": -1, "dop4_character_ai_table_id_": 1, "health_base_value_": 50000000, "health_multiply_value_": 30000000, "health_up_max_": 1000000000, "strike_atk_base_value_": 7500000, "strike_atk_multiply_value_": 7800000, "strike_atk_up_max_": 9000000, "shot_atk_base_value_": 7500000, "shot_atk_multiply_value_": 7800000, "shot_atk_up_max_": 9000000, "strike_def_base_value_": 1550000, "strike_def_multiply_value_": 600000, "strike_def_up_max_": 1500000, "shot_def_base_value_": 1550000, "shot_def_multiply_value_": 600000, "shot_def_up_max_": 1500000, "luck_base_value_": 5000, "luck_multiply_value_": 45000, "luck_up_max_": 10000, "slash_resist_": 125, "stab_resist_": 125, "shock_resist_": 125, "explosion_resist_": 125, "main_ability_id_": -1, "z_ability_id_": -1, "unique_ability1_id_": 1100130, "unique_ability2_id_": 1100058, "unique_ability3_id_": 1100126, "unique_ability4_id_": 1100612, "unique_ability5_id_": 1100114, "unique_ability6_id_": 1100114, "unique_ability7_id_": 1100114, "unique_ability8_id_": 1100114, "unique_ability9_id_": -1, "unique_ability10_id_": -1, "Ultra_Burst_Charge_Phase_Max_": 60, "Ultra_Burst_Stop_Damage_": 120000000, "Ultra_Burst_Stop_Damage_Loop_UP_Percent_": 100, "Ultra_Burst_Power_": 800, "Sift_Attack_Power_": 190, "Extra_Sift_Phase_": 88, "unique_support_ability_id_": 920000, "unique_defense_ability_id_": 920001, "unique_melee_ability_id_": 920002, "unique_ranged_ability_id_": 920003, "arts_boost_damage_decay_table_id_": -1}, {"story_master_id_": 30900161, "dop4_condition_element_id1_1_": 1, "dop4_condition_element_id1_2_": -1, "dop4_condition_element_id1_3_": -1, "dop4_condition_element_id2_1_": 56, "dop4_condition_element_id2_2_": -1, "dop4_condition_element_id2_3_": -1, "dop4_condition_element_id3_1_": 12001, "dop4_condition_element_id3_2_": -1, "dop4_condition_element_id3_3_": -1, "dop4_condition_element_id4_1_": 55, "dop4_condition_element_id4_2_": -1, "dop4_condition_element_id4_3_": -1, "max_floor_num_": 3, "boost_table_id_": 9001601, "link_boost_table_id_": 4, "dop4_reward_table_id_": 90016, "dop4_orbit_reward_table_id_": -1, "dop4_guild_point1_": 1500, "dop4_guild_point2_": 3000, "dop4_guild_point3_": 6000, "dop4_guild_point4_": 6000, "enemy_character_id_": 342, "enemy_attribute_id_": 3, "enemy_change_attribute_id_": -1, "dop4_character_ai_table_id_": 1, "health_base_value_": 42000000, "health_multiply_value_": 25500000, "health_up_max_": 1000000000, "strike_atk_base_value_": 6500000, "strike_atk_multiply_value_": 5600000, "strike_atk_up_max_": 9000000, "shot_atk_base_value_": 7000000, "shot_atk_multiply_value_": 6000000, "shot_atk_up_max_": 9000000, "strike_def_base_value_": 1500000, "strike_def_multiply_value_": 650000, "strike_def_up_max_": 2000000, "shot_def_base_value_": 1600000, "shot_def_multiply_value_": 680000, "shot_def_up_max_": 1500000, "luck_base_value_": 5000, "luck_multiply_value_": 45000, "luck_up_max_": 10000, "slash_resist_": 125, "stab_resist_": 125, "shock_resist_": 125, "explosion_resist_": 125, "main_ability_id_": -1, "z_ability_id_": -1, "unique_ability1_id_": 1100131, "unique_ability2_id_": 1100058, "unique_ability3_id_": 1100126, "unique_ability4_id_": 1100612, "unique_ability5_id_": 1100256, "unique_ability6_id_": 1100256, "unique_ability7_id_": -1, "unique_ability8_id_": -1, "unique_ability9_id_": -1, "unique_ability10_id_": -1, "Ultra_Burst_Charge_Phase_Max_": 60, "Ultra_Burst_Stop_Damage_": 115000000, "Ultra_Burst_Stop_Damage_Loop_UP_Percent_": 100, "Ultra_Burst_Power_": 1000, "Sift_Attack_Power_": 160, "Extra_Sift_Phase_": 88, "unique_support_ability_id_": 920000, "unique_defense_ability_id_": 920001, "unique_melee_ability_id_": 920002, "unique_ranged_ability_id_": 920003, "arts_boost_damage_decay_table_id_": -1}, {"story_master_id_": 30900171, "dop4_condition_element_id1_1_": 42, "dop4_condition_element_id1_2_": -1, "dop4_condition_element_id1_3_": -1, "dop4_condition_element_id2_1_": 25, "dop4_condition_element_id2_2_": -1, "dop4_condition_element_id2_3_": -1, "dop4_condition_element_id3_1_": 12001, "dop4_condition_element_id3_2_": 20015, "dop4_condition_element_id3_3_": -1, "dop4_condition_element_id4_1_": 55, "dop4_condition_element_id4_2_": -1, "dop4_condition_element_id4_3_": -1, "max_floor_num_": 3, "boost_table_id_": 9001701, "link_boost_table_id_": 4, "dop4_reward_table_id_": 90017, "dop4_orbit_reward_table_id_": -1, "dop4_guild_point1_": 1500, "dop4_guild_point2_": 3000, "dop4_guild_point3_": 6000, "dop4_guild_point4_": 6000, "enemy_character_id_": 243, "enemy_attribute_id_": 0, "enemy_change_attribute_id_": -1, "dop4_character_ai_table_id_": 1, "health_base_value_": 42000000, "health_multiply_value_": 25500000, "health_up_max_": 1000000000, "strike_atk_base_value_": 6500000, "strike_atk_multiply_value_": 7200000, "strike_atk_up_max_": 9000000, "shot_atk_base_value_": 7000000, "shot_atk_multiply_value_": 7200000, "shot_atk_up_max_": 9000000, "strike_def_base_value_": 1500000, "strike_def_multiply_value_": 600000, "strike_def_up_max_": 2000000, "shot_def_base_value_": 1600000, "shot_def_multiply_value_": 600000, "shot_def_up_max_": 1500000, "luck_base_value_": 5000, "luck_multiply_value_": 45000, "luck_up_max_": 10000, "slash_resist_": 125, "stab_resist_": 125, "shock_resist_": 125, "explosion_resist_": 125, "main_ability_id_": -1, "z_ability_id_": -1, "unique_ability1_id_": 1100133, "unique_ability2_id_": 1100058, "unique_ability3_id_": 1100126, "unique_ability4_id_": 1100612, "unique_ability5_id_": 1100256, "unique_ability6_id_": 1100256, "unique_ability7_id_": 1120039, "unique_ability8_id_": 1120031, "unique_ability9_id_": 1100114, "unique_ability10_id_": 1100114, "Ultra_Burst_Charge_Phase_Max_": 60, "Ultra_Burst_Stop_Damage_": 115000000, "Ultra_Burst_Stop_Damage_Loop_UP_Percent_": 100, "Ultra_Burst_Power_": 1000, "Sift_Attack_Power_": 160, "Extra_Sift_Phase_": 88, "unique_support_ability_id_": 920000, "unique_defense_ability_id_": 920001, "unique_melee_ability_id_": 920002, "unique_ranged_ability_id_": 920003, "arts_boost_damage_decay_table_id_": -1}, {"story_master_id_": 30900181, "dop4_condition_element_id1_1_": 39, "dop4_condition_element_id1_2_": -1, "dop4_condition_element_id1_3_": -1, "dop4_condition_element_id2_1_": 20017, "dop4_condition_element_id2_2_": -1, "dop4_condition_element_id2_3_": -1, "dop4_condition_element_id3_1_": 12001, "dop4_condition_element_id3_2_": 26, "dop4_condition_element_id3_3_": -1, "dop4_condition_element_id4_1_": 55, "dop4_condition_element_id4_2_": -1, "dop4_condition_element_id4_3_": -1, "max_floor_num_": 3, "boost_table_id_": 9001801, "link_boost_table_id_": 4, "dop4_reward_table_id_": 90018, "dop4_orbit_reward_table_id_": 90018, "dop4_guild_point1_": 1500, "dop4_guild_point2_": 3000, "dop4_guild_point3_": 6000, "dop4_guild_point4_": 6000, "enemy_character_id_": 384, "enemy_attribute_id_": 1, "enemy_change_attribute_id_": -1, "dop4_character_ai_table_id_": 1, "health_base_value_": 40000000, "health_multiply_value_": 20000000, "health_up_max_": 1000000000, "strike_atk_base_value_": 1500000, "strike_atk_multiply_value_": 9800000, "strike_atk_up_max_": 50000000, "shot_atk_base_value_": 1500000, "shot_atk_multiply_value_": 9800000, "shot_atk_up_max_": 50000000, "strike_def_base_value_": 800000, "strike_def_multiply_value_": 1250000, "strike_def_up_max_": 50000000, "shot_def_base_value_": 800000, "shot_def_multiply_value_": 1250000, "shot_def_up_max_": 50000000, "luck_base_value_": 5000, "luck_multiply_value_": 45000, "luck_up_max_": 10000, "slash_resist_": 125, "stab_resist_": 125, "shock_resist_": 125, "explosion_resist_": 125, "main_ability_id_": -1, "z_ability_id_": -1, "unique_ability1_id_": 1100129, "unique_ability2_id_": 1100400, "unique_ability3_id_": 1100058, "unique_ability4_id_": 1100126, "unique_ability5_id_": 1120039, "unique_ability6_id_": 1120031, "unique_ability7_id_": 1120442, "unique_ability8_id_": 1120465, "unique_ability9_id_": -1, "unique_ability10_id_": -1, "Ultra_Burst_Charge_Phase_Max_": 60, "Ultra_Burst_Stop_Damage_": 100000000, "Ultra_Burst_Stop_Damage_Loop_UP_Percent_": 100, "Ultra_Burst_Power_": 1000, "Sift_Attack_Power_": 150, "Extra_Sift_Phase_": 88, "unique_support_ability_id_": 920000, "unique_defense_ability_id_": 920001, "unique_melee_ability_id_": 920002, "unique_ranged_ability_id_": 920003, "arts_boost_damage_decay_table_id_": -1}]