[{"dop4_reward_table_id_": 90001, "table_": [{"dop4_reward_id_": 1, "reward_level_": 1, "reward_item_category_": 3, "reward_item_id_": 466, "reward_item_num_": 1000}, {"dop4_reward_id_": 2, "reward_level_": 2, "reward_item_category_": 3, "reward_item_id_": 466, "reward_item_num_": 1000}, {"dop4_reward_id_": 3, "reward_level_": 3, "reward_item_category_": 3, "reward_item_id_": 466, "reward_item_num_": 1000}]}, {"dop4_reward_table_id_": 90002, "table_": [{"dop4_reward_id_": 1, "reward_level_": 1, "reward_item_category_": 3, "reward_item_id_": 467, "reward_item_num_": 1000}, {"dop4_reward_id_": 2, "reward_level_": 2, "reward_item_category_": 3, "reward_item_id_": 467, "reward_item_num_": 1000}, {"dop4_reward_id_": 3, "reward_level_": 3, "reward_item_category_": 3, "reward_item_id_": 467, "reward_item_num_": 1000}]}, {"dop4_reward_table_id_": 90003, "table_": [{"dop4_reward_id_": 1, "reward_level_": 1, "reward_item_category_": 3, "reward_item_id_": 471, "reward_item_num_": 1000}, {"dop4_reward_id_": 2, "reward_level_": 2, "reward_item_category_": 3, "reward_item_id_": 471, "reward_item_num_": 1000}, {"dop4_reward_id_": 3, "reward_level_": 3, "reward_item_category_": 3, "reward_item_id_": 471, "reward_item_num_": 1000}]}, {"dop4_reward_table_id_": 90004, "table_": [{"dop4_reward_id_": 1, "reward_level_": 1, "reward_item_category_": 3, "reward_item_id_": 479, "reward_item_num_": 1000}, {"dop4_reward_id_": 2, "reward_level_": 1, "reward_item_category_": 3, "reward_item_id_": 480, "reward_item_num_": 1000}, {"dop4_reward_id_": 3, "reward_level_": 1, "reward_item_category_": 3, "reward_item_id_": 481, "reward_item_num_": 1000}, {"dop4_reward_id_": 4, "reward_level_": 2, "reward_item_category_": 3, "reward_item_id_": 479, "reward_item_num_": 1000}, {"dop4_reward_id_": 5, "reward_level_": 2, "reward_item_category_": 3, "reward_item_id_": 480, "reward_item_num_": 1000}, {"dop4_reward_id_": 6, "reward_level_": 2, "reward_item_category_": 3, "reward_item_id_": 481, "reward_item_num_": 1000}, {"dop4_reward_id_": 7, "reward_level_": 3, "reward_item_category_": 3, "reward_item_id_": 479, "reward_item_num_": 1000}, {"dop4_reward_id_": 8, "reward_level_": 3, "reward_item_category_": 3, "reward_item_id_": 480, "reward_item_num_": 1000}, {"dop4_reward_id_": 9, "reward_level_": 3, "reward_item_category_": 3, "reward_item_id_": 481, "reward_item_num_": 1000}]}, {"dop4_reward_table_id_": 90005, "table_": [{"dop4_reward_id_": 1, "reward_level_": 1, "reward_item_category_": 3, "reward_item_id_": 474, "reward_item_num_": 1000}, {"dop4_reward_id_": 4, "reward_level_": 2, "reward_item_category_": 3, "reward_item_id_": 474, "reward_item_num_": 1000}, {"dop4_reward_id_": 7, "reward_level_": 3, "reward_item_category_": 3, "reward_item_id_": 474, "reward_item_num_": 1000}]}, {"dop4_reward_table_id_": 90006, "table_": [{"dop4_reward_id_": 1, "reward_level_": 1, "reward_item_category_": 3, "reward_item_id_": 486, "reward_item_num_": 1000}, {"dop4_reward_id_": 4, "reward_level_": 2, "reward_item_category_": 3, "reward_item_id_": 486, "reward_item_num_": 1000}, {"dop4_reward_id_": 7, "reward_level_": 3, "reward_item_category_": 3, "reward_item_id_": 486, "reward_item_num_": 1000}]}, {"dop4_reward_table_id_": 90007, "table_": [{"dop4_reward_id_": 1, "reward_level_": 1, "reward_item_category_": 3, "reward_item_id_": 490, "reward_item_num_": 1000}, {"dop4_reward_id_": 3, "reward_level_": 1, "reward_item_category_": 19, "reward_item_id_": 3, "reward_item_num_": 10}, {"dop4_reward_id_": 4, "reward_level_": 2, "reward_item_category_": 3, "reward_item_id_": 490, "reward_item_num_": 1000}, {"dop4_reward_id_": 6, "reward_level_": 2, "reward_item_category_": 19, "reward_item_id_": 3, "reward_item_num_": 20}, {"dop4_reward_id_": 7, "reward_level_": 3, "reward_item_category_": 3, "reward_item_id_": 490, "reward_item_num_": 1000}, {"dop4_reward_id_": 9, "reward_level_": 3, "reward_item_category_": 19, "reward_item_id_": 3, "reward_item_num_": 30}]}, {"dop4_reward_table_id_": 90008, "table_": [{"dop4_reward_id_": 1, "reward_level_": 1, "reward_item_category_": 3, "reward_item_id_": 493, "reward_item_num_": 1000}, {"dop4_reward_id_": 3, "reward_level_": 1, "reward_item_category_": 19, "reward_item_id_": 3, "reward_item_num_": 10}, {"dop4_reward_id_": 4, "reward_level_": 2, "reward_item_category_": 3, "reward_item_id_": 493, "reward_item_num_": 1000}, {"dop4_reward_id_": 6, "reward_level_": 2, "reward_item_category_": 19, "reward_item_id_": 3, "reward_item_num_": 20}, {"dop4_reward_id_": 7, "reward_level_": 3, "reward_item_category_": 3, "reward_item_id_": 493, "reward_item_num_": 1000}, {"dop4_reward_id_": 9, "reward_level_": 3, "reward_item_category_": 19, "reward_item_id_": 3, "reward_item_num_": 30}]}, {"dop4_reward_table_id_": 90009, "table_": [{"dop4_reward_id_": 1, "reward_level_": 1, "reward_item_category_": 3, "reward_item_id_": 507, "reward_item_num_": 1000}, {"dop4_reward_id_": 2, "reward_level_": 1, "reward_item_category_": 19, "reward_item_id_": 3, "reward_item_num_": 10}, {"dop4_reward_id_": 3, "reward_level_": 2, "reward_item_category_": 3, "reward_item_id_": 507, "reward_item_num_": 1000}, {"dop4_reward_id_": 4, "reward_level_": 2, "reward_item_category_": 19, "reward_item_id_": 3, "reward_item_num_": 20}, {"dop4_reward_id_": 5, "reward_level_": 3, "reward_item_category_": 3, "reward_item_id_": 507, "reward_item_num_": 1000}, {"dop4_reward_id_": 6, "reward_level_": 3, "reward_item_category_": 19, "reward_item_id_": 3, "reward_item_num_": 30}]}, {"dop4_reward_table_id_": 90010, "table_": [{"dop4_reward_id_": 1, "reward_level_": 1, "reward_item_category_": 3, "reward_item_id_": 522, "reward_item_num_": 1000}, {"dop4_reward_id_": 3, "reward_level_": 1, "reward_item_category_": 19, "reward_item_id_": 3, "reward_item_num_": 10}, {"dop4_reward_id_": 4, "reward_level_": 2, "reward_item_category_": 3, "reward_item_id_": 522, "reward_item_num_": 1000}, {"dop4_reward_id_": 6, "reward_level_": 2, "reward_item_category_": 19, "reward_item_id_": 3, "reward_item_num_": 20}, {"dop4_reward_id_": 7, "reward_level_": 3, "reward_item_category_": 3, "reward_item_id_": 522, "reward_item_num_": 1000}, {"dop4_reward_id_": 9, "reward_level_": 3, "reward_item_category_": 19, "reward_item_id_": 3, "reward_item_num_": 30}]}, {"dop4_reward_table_id_": 90011, "table_": [{"dop4_reward_id_": 1, "reward_level_": 1, "reward_item_category_": 3, "reward_item_id_": 516, "reward_item_num_": 1000}, {"dop4_reward_id_": 2, "reward_level_": 1, "reward_item_category_": 8, "reward_item_id_": 50040, "reward_item_num_": 5}, {"dop4_reward_id_": 3, "reward_level_": 1, "reward_item_category_": 19, "reward_item_id_": 3, "reward_item_num_": 10}, {"dop4_reward_id_": 4, "reward_level_": 2, "reward_item_category_": 3, "reward_item_id_": 516, "reward_item_num_": 1000}, {"dop4_reward_id_": 5, "reward_level_": 2, "reward_item_category_": 8, "reward_item_id_": 50040, "reward_item_num_": 10}, {"dop4_reward_id_": 6, "reward_level_": 2, "reward_item_category_": 19, "reward_item_id_": 3, "reward_item_num_": 20}, {"dop4_reward_id_": 7, "reward_level_": 3, "reward_item_category_": 3, "reward_item_id_": 516, "reward_item_num_": 1000}, {"dop4_reward_id_": 8, "reward_level_": 3, "reward_item_category_": 8, "reward_item_id_": 50040, "reward_item_num_": 15}, {"dop4_reward_id_": 9, "reward_level_": 3, "reward_item_category_": 19, "reward_item_id_": 3, "reward_item_num_": 30}]}, {"dop4_reward_table_id_": 90012, "table_": [{"dop4_reward_id_": 1, "reward_level_": 1, "reward_item_category_": 3, "reward_item_id_": 519, "reward_item_num_": 1000}, {"dop4_reward_id_": 2, "reward_level_": 1, "reward_item_category_": 19, "reward_item_id_": 3, "reward_item_num_": 10}, {"dop4_reward_id_": 3, "reward_level_": 2, "reward_item_category_": 3, "reward_item_id_": 519, "reward_item_num_": 1000}, {"dop4_reward_id_": 4, "reward_level_": 2, "reward_item_category_": 19, "reward_item_id_": 3, "reward_item_num_": 20}, {"dop4_reward_id_": 5, "reward_level_": 3, "reward_item_category_": 3, "reward_item_id_": 519, "reward_item_num_": 1000}, {"dop4_reward_id_": 6, "reward_level_": 3, "reward_item_category_": 19, "reward_item_id_": 3, "reward_item_num_": 30}]}, {"dop4_reward_table_id_": 90013, "table_": [{"dop4_reward_id_": 1, "reward_level_": 1, "reward_item_category_": 3, "reward_item_id_": 526, "reward_item_num_": 1000}, {"dop4_reward_id_": 2, "reward_level_": 1, "reward_item_category_": 19, "reward_item_id_": 3, "reward_item_num_": 10}, {"dop4_reward_id_": 3, "reward_level_": 2, "reward_item_category_": 3, "reward_item_id_": 526, "reward_item_num_": 1000}, {"dop4_reward_id_": 4, "reward_level_": 2, "reward_item_category_": 19, "reward_item_id_": 3, "reward_item_num_": 20}, {"dop4_reward_id_": 5, "reward_level_": 3, "reward_item_category_": 3, "reward_item_id_": 526, "reward_item_num_": 1000}, {"dop4_reward_id_": 6, "reward_level_": 3, "reward_item_category_": 19, "reward_item_id_": 3, "reward_item_num_": 30}]}, {"dop4_reward_table_id_": 90014, "table_": [{"dop4_reward_id_": 1, "reward_level_": 1, "reward_item_category_": 3, "reward_item_id_": 531, "reward_item_num_": 1000}, {"dop4_reward_id_": 2, "reward_level_": 1, "reward_item_category_": 19, "reward_item_id_": 3, "reward_item_num_": 10}, {"dop4_reward_id_": 3, "reward_level_": 2, "reward_item_category_": 3, "reward_item_id_": 531, "reward_item_num_": 1000}, {"dop4_reward_id_": 4, "reward_level_": 2, "reward_item_category_": 19, "reward_item_id_": 3, "reward_item_num_": 20}, {"dop4_reward_id_": 5, "reward_level_": 3, "reward_item_category_": 3, "reward_item_id_": 531, "reward_item_num_": 1000}, {"dop4_reward_id_": 6, "reward_level_": 3, "reward_item_category_": 19, "reward_item_id_": 3, "reward_item_num_": 30}]}, {"dop4_reward_table_id_": 90015, "table_": [{"dop4_reward_id_": 1, "reward_level_": 1, "reward_item_category_": 3, "reward_item_id_": 503, "reward_item_num_": 1000}, {"dop4_reward_id_": 2, "reward_level_": 1, "reward_item_category_": 19, "reward_item_id_": 3, "reward_item_num_": 10}, {"dop4_reward_id_": 3, "reward_level_": 2, "reward_item_category_": 3, "reward_item_id_": 503, "reward_item_num_": 1000}, {"dop4_reward_id_": 4, "reward_level_": 2, "reward_item_category_": 19, "reward_item_id_": 3, "reward_item_num_": 20}, {"dop4_reward_id_": 5, "reward_level_": 3, "reward_item_category_": 3, "reward_item_id_": 503, "reward_item_num_": 1000}, {"dop4_reward_id_": 6, "reward_level_": 3, "reward_item_category_": 19, "reward_item_id_": 3, "reward_item_num_": 30}]}, {"dop4_reward_table_id_": 90016, "table_": [{"dop4_reward_id_": 1, "reward_level_": 1, "reward_item_category_": 3, "reward_item_id_": 545, "reward_item_num_": 1000}, {"dop4_reward_id_": 2, "reward_level_": 1, "reward_item_category_": 3, "reward_item_id_": 546, "reward_item_num_": 1000}, {"dop4_reward_id_": 3, "reward_level_": 1, "reward_item_category_": 19, "reward_item_id_": 3, "reward_item_num_": 10}, {"dop4_reward_id_": 4, "reward_level_": 2, "reward_item_category_": 3, "reward_item_id_": 545, "reward_item_num_": 1000}, {"dop4_reward_id_": 5, "reward_level_": 2, "reward_item_category_": 3, "reward_item_id_": 546, "reward_item_num_": 1000}, {"dop4_reward_id_": 6, "reward_level_": 2, "reward_item_category_": 19, "reward_item_id_": 3, "reward_item_num_": 20}, {"dop4_reward_id_": 7, "reward_level_": 3, "reward_item_category_": 3, "reward_item_id_": 545, "reward_item_num_": 1000}, {"dop4_reward_id_": 8, "reward_level_": 3, "reward_item_category_": 3, "reward_item_id_": 546, "reward_item_num_": 1000}, {"dop4_reward_id_": 9, "reward_level_": 3, "reward_item_category_": 19, "reward_item_id_": 3, "reward_item_num_": 30}]}, {"dop4_reward_table_id_": 90017, "table_": [{"dop4_reward_id_": 1, "reward_level_": 1, "reward_item_category_": 3, "reward_item_id_": 547, "reward_item_num_": 1000}, {"dop4_reward_id_": 2, "reward_level_": 1, "reward_item_category_": 3, "reward_item_id_": 548, "reward_item_num_": 1000}, {"dop4_reward_id_": 3, "reward_level_": 1, "reward_item_category_": 19, "reward_item_id_": 3, "reward_item_num_": 10}, {"dop4_reward_id_": 4, "reward_level_": 2, "reward_item_category_": 3, "reward_item_id_": 547, "reward_item_num_": 1000}, {"dop4_reward_id_": 5, "reward_level_": 2, "reward_item_category_": 3, "reward_item_id_": 548, "reward_item_num_": 1000}, {"dop4_reward_id_": 6, "reward_level_": 2, "reward_item_category_": 19, "reward_item_id_": 3, "reward_item_num_": 20}, {"dop4_reward_id_": 7, "reward_level_": 3, "reward_item_category_": 3, "reward_item_id_": 547, "reward_item_num_": 1000}, {"dop4_reward_id_": 8, "reward_level_": 3, "reward_item_category_": 3, "reward_item_id_": 548, "reward_item_num_": 1000}, {"dop4_reward_id_": 9, "reward_level_": 3, "reward_item_category_": 19, "reward_item_id_": 3, "reward_item_num_": 30}]}, {"dop4_reward_table_id_": 90018, "table_": [{"dop4_reward_id_": 1, "reward_level_": 1, "reward_item_category_": 3, "reward_item_id_": 553, "reward_item_num_": 1000}, {"dop4_reward_id_": 2, "reward_level_": 1, "reward_item_category_": 8, "reward_item_id_": 900018, "reward_item_num_": 300}, {"dop4_reward_id_": 3, "reward_level_": 1, "reward_item_category_": 19, "reward_item_id_": 3, "reward_item_num_": 10}, {"dop4_reward_id_": 4, "reward_level_": 1, "reward_item_category_": 8, "reward_item_id_": 910018, "reward_item_num_": 1}, {"dop4_reward_id_": 5, "reward_level_": 2, "reward_item_category_": 3, "reward_item_id_": 553, "reward_item_num_": 1000}, {"dop4_reward_id_": 6, "reward_level_": 2, "reward_item_category_": 8, "reward_item_id_": 900018, "reward_item_num_": 300}, {"dop4_reward_id_": 7, "reward_level_": 2, "reward_item_category_": 19, "reward_item_id_": 3, "reward_item_num_": 20}, {"dop4_reward_id_": 8, "reward_level_": 2, "reward_item_category_": 8, "reward_item_id_": 910018, "reward_item_num_": 1}, {"dop4_reward_id_": 9, "reward_level_": 3, "reward_item_category_": 3, "reward_item_id_": 553, "reward_item_num_": 1000}, {"dop4_reward_id_": 10, "reward_level_": 3, "reward_item_category_": 8, "reward_item_id_": 900018, "reward_item_num_": 300}, {"dop4_reward_id_": 11, "reward_level_": 3, "reward_item_category_": 19, "reward_item_id_": 3, "reward_item_num_": 30}, {"dop4_reward_id_": 12, "reward_level_": 3, "reward_item_category_": 8, "reward_item_id_": 910018, "reward_item_num_": 1}]}]