[{"equipment_unlock_cost_id_": 0, "equipment_slot1_cost_zeny_": -1, "equipment_slot2_cost_zeny_": 5000, "equipment_slot3_cost_zeny_": 10000, "equipment_slot1_cost_soul1_id_": 0, "equipment_slot1_cost_soul1_num_": 1, "equipment_slot1_cost_soul2_id_": 10, "equipment_slot1_cost_soul2_num_": 2, "equipment_slot1_cost_soul3_id_": 20, "equipment_slot1_cost_soul3_num_": 3, "equipment_slot1_cost_soul4_id_": 30, "equipment_slot1_cost_soul4_num_": 4, "equipment_slot1_cost_soul5_id_": 40, "equipment_slot1_cost_soul5_num_": 5, "equipment_slot2_cost_soul1_id_": 0, "equipment_slot2_cost_soul1_num_": 1, "equipment_slot2_cost_soul2_id_": 10, "equipment_slot2_cost_soul2_num_": 1, "equipment_slot2_cost_soul3_id_": 1, "equipment_slot2_cost_soul3_num_": 1, "equipment_slot2_cost_soul4_id_": 2, "equipment_slot2_cost_soul4_num_": 1, "equipment_slot2_cost_soul5_id_": 11, "equipment_slot2_cost_soul5_num_": 1, "equipment_slot3_cost_soul1_id_": 12, "equipment_slot3_cost_soul1_num_": 3, "equipment_slot3_cost_soul2_id_": 21, "equipment_slot3_cost_soul2_num_": 3, "equipment_slot3_cost_soul3_id_": 31, "equipment_slot3_cost_soul3_num_": 3, "equipment_slot3_cost_soul4_id_": 41, "equipment_slot3_cost_soul4_num_": 3, "equipment_slot3_cost_soul5_id_": 1, "equipment_slot3_cost_soul5_num_": 3}, {"equipment_unlock_cost_id_": 1, "equipment_slot1_cost_zeny_": 0, "equipment_slot2_cost_zeny_": 0, "equipment_slot3_cost_zeny_": 0, "equipment_slot1_cost_soul1_id_": -1, "equipment_slot1_cost_soul1_num_": -1, "equipment_slot1_cost_soul2_id_": -1, "equipment_slot1_cost_soul2_num_": -1, "equipment_slot1_cost_soul3_id_": -1, "equipment_slot1_cost_soul3_num_": -1, "equipment_slot1_cost_soul4_id_": -1, "equipment_slot1_cost_soul4_num_": -1, "equipment_slot1_cost_soul5_id_": -1, "equipment_slot1_cost_soul5_num_": -1, "equipment_slot2_cost_soul1_id_": -1, "equipment_slot2_cost_soul1_num_": -1, "equipment_slot2_cost_soul2_id_": -1, "equipment_slot2_cost_soul2_num_": -1, "equipment_slot2_cost_soul3_id_": -1, "equipment_slot2_cost_soul3_num_": -1, "equipment_slot2_cost_soul4_id_": -1, "equipment_slot2_cost_soul4_num_": -1, "equipment_slot2_cost_soul5_id_": -1, "equipment_slot2_cost_soul5_num_": -1, "equipment_slot3_cost_soul1_id_": -1, "equipment_slot3_cost_soul1_num_": -1, "equipment_slot3_cost_soul2_id_": -1, "equipment_slot3_cost_soul2_num_": -1, "equipment_slot3_cost_soul3_id_": -1, "equipment_slot3_cost_soul3_num_": -1, "equipment_slot3_cost_soul4_id_": -1, "equipment_slot3_cost_soul4_num_": -1, "equipment_slot3_cost_soul5_id_": -1, "equipment_slot3_cost_soul5_num_": -1}, {"equipment_unlock_cost_id_": 100, "equipment_slot1_cost_zeny_": 1000, "equipment_slot2_cost_zeny_": 3000, "equipment_slot3_cost_zeny_": 5000, "equipment_slot1_cost_soul1_id_": 0, "equipment_slot1_cost_soul1_num_": 1, "equipment_slot1_cost_soul2_id_": -1, "equipment_slot1_cost_soul2_num_": -1, "equipment_slot1_cost_soul3_id_": -1, "equipment_slot1_cost_soul3_num_": -1, "equipment_slot1_cost_soul4_id_": -1, "equipment_slot1_cost_soul4_num_": -1, "equipment_slot1_cost_soul5_id_": -1, "equipment_slot1_cost_soul5_num_": -1, "equipment_slot2_cost_soul1_id_": 0, "equipment_slot2_cost_soul1_num_": 2, "equipment_slot2_cost_soul2_id_": -1, "equipment_slot2_cost_soul2_num_": -1, "equipment_slot2_cost_soul3_id_": -1, "equipment_slot2_cost_soul3_num_": -1, "equipment_slot2_cost_soul4_id_": -1, "equipment_slot2_cost_soul4_num_": -1, "equipment_slot2_cost_soul5_id_": -1, "equipment_slot2_cost_soul5_num_": -1, "equipment_slot3_cost_soul1_id_": 0, "equipment_slot3_cost_soul1_num_": 3, "equipment_slot3_cost_soul2_id_": -1, "equipment_slot3_cost_soul2_num_": -1, "equipment_slot3_cost_soul3_id_": -1, "equipment_slot3_cost_soul3_num_": -1, "equipment_slot3_cost_soul4_id_": -1, "equipment_slot3_cost_soul4_num_": -1, "equipment_slot3_cost_soul5_id_": -1, "equipment_slot3_cost_soul5_num_": -1}, {"equipment_unlock_cost_id_": 101, "equipment_slot1_cost_zeny_": 1000, "equipment_slot2_cost_zeny_": 3000, "equipment_slot3_cost_zeny_": 5000, "equipment_slot1_cost_soul1_id_": 10, "equipment_slot1_cost_soul1_num_": 1, "equipment_slot1_cost_soul2_id_": -1, "equipment_slot1_cost_soul2_num_": -1, "equipment_slot1_cost_soul3_id_": -1, "equipment_slot1_cost_soul3_num_": -1, "equipment_slot1_cost_soul4_id_": -1, "equipment_slot1_cost_soul4_num_": -1, "equipment_slot1_cost_soul5_id_": -1, "equipment_slot1_cost_soul5_num_": -1, "equipment_slot2_cost_soul1_id_": 10, "equipment_slot2_cost_soul1_num_": 2, "equipment_slot2_cost_soul2_id_": -1, "equipment_slot2_cost_soul2_num_": -1, "equipment_slot2_cost_soul3_id_": -1, "equipment_slot2_cost_soul3_num_": -1, "equipment_slot2_cost_soul4_id_": -1, "equipment_slot2_cost_soul4_num_": -1, "equipment_slot2_cost_soul5_id_": -1, "equipment_slot2_cost_soul5_num_": -1, "equipment_slot3_cost_soul1_id_": 10, "equipment_slot3_cost_soul1_num_": 3, "equipment_slot3_cost_soul2_id_": -1, "equipment_slot3_cost_soul2_num_": -1, "equipment_slot3_cost_soul3_id_": -1, "equipment_slot3_cost_soul3_num_": -1, "equipment_slot3_cost_soul4_id_": -1, "equipment_slot3_cost_soul4_num_": -1, "equipment_slot3_cost_soul5_id_": -1, "equipment_slot3_cost_soul5_num_": -1}, {"equipment_unlock_cost_id_": 102, "equipment_slot1_cost_zeny_": 1000, "equipment_slot2_cost_zeny_": 3000, "equipment_slot3_cost_zeny_": 5000, "equipment_slot1_cost_soul1_id_": 20, "equipment_slot1_cost_soul1_num_": 1, "equipment_slot1_cost_soul2_id_": -1, "equipment_slot1_cost_soul2_num_": -1, "equipment_slot1_cost_soul3_id_": -1, "equipment_slot1_cost_soul3_num_": -1, "equipment_slot1_cost_soul4_id_": -1, "equipment_slot1_cost_soul4_num_": -1, "equipment_slot1_cost_soul5_id_": -1, "equipment_slot1_cost_soul5_num_": -1, "equipment_slot2_cost_soul1_id_": 20, "equipment_slot2_cost_soul1_num_": 2, "equipment_slot2_cost_soul2_id_": -1, "equipment_slot2_cost_soul2_num_": -1, "equipment_slot2_cost_soul3_id_": -1, "equipment_slot2_cost_soul3_num_": -1, "equipment_slot2_cost_soul4_id_": -1, "equipment_slot2_cost_soul4_num_": -1, "equipment_slot2_cost_soul5_id_": -1, "equipment_slot2_cost_soul5_num_": -1, "equipment_slot3_cost_soul1_id_": 20, "equipment_slot3_cost_soul1_num_": 3, "equipment_slot3_cost_soul2_id_": -1, "equipment_slot3_cost_soul2_num_": -1, "equipment_slot3_cost_soul3_id_": -1, "equipment_slot3_cost_soul3_num_": -1, "equipment_slot3_cost_soul4_id_": -1, "equipment_slot3_cost_soul4_num_": -1, "equipment_slot3_cost_soul5_id_": -1, "equipment_slot3_cost_soul5_num_": -1}, {"equipment_unlock_cost_id_": 103, "equipment_slot1_cost_zeny_": 1000, "equipment_slot2_cost_zeny_": 3000, "equipment_slot3_cost_zeny_": 5000, "equipment_slot1_cost_soul1_id_": 30, "equipment_slot1_cost_soul1_num_": 1, "equipment_slot1_cost_soul2_id_": -1, "equipment_slot1_cost_soul2_num_": -1, "equipment_slot1_cost_soul3_id_": -1, "equipment_slot1_cost_soul3_num_": -1, "equipment_slot1_cost_soul4_id_": -1, "equipment_slot1_cost_soul4_num_": -1, "equipment_slot1_cost_soul5_id_": -1, "equipment_slot1_cost_soul5_num_": -1, "equipment_slot2_cost_soul1_id_": 30, "equipment_slot2_cost_soul1_num_": 2, "equipment_slot2_cost_soul2_id_": -1, "equipment_slot2_cost_soul2_num_": -1, "equipment_slot2_cost_soul3_id_": -1, "equipment_slot2_cost_soul3_num_": -1, "equipment_slot2_cost_soul4_id_": -1, "equipment_slot2_cost_soul4_num_": -1, "equipment_slot2_cost_soul5_id_": -1, "equipment_slot2_cost_soul5_num_": -1, "equipment_slot3_cost_soul1_id_": 30, "equipment_slot3_cost_soul1_num_": 3, "equipment_slot3_cost_soul2_id_": -1, "equipment_slot3_cost_soul2_num_": -1, "equipment_slot3_cost_soul3_id_": -1, "equipment_slot3_cost_soul3_num_": -1, "equipment_slot3_cost_soul4_id_": -1, "equipment_slot3_cost_soul4_num_": -1, "equipment_slot3_cost_soul5_id_": -1, "equipment_slot3_cost_soul5_num_": -1}, {"equipment_unlock_cost_id_": 104, "equipment_slot1_cost_zeny_": 1000, "equipment_slot2_cost_zeny_": 3000, "equipment_slot3_cost_zeny_": 5000, "equipment_slot1_cost_soul1_id_": 40, "equipment_slot1_cost_soul1_num_": 1, "equipment_slot1_cost_soul2_id_": -1, "equipment_slot1_cost_soul2_num_": -1, "equipment_slot1_cost_soul3_id_": -1, "equipment_slot1_cost_soul3_num_": -1, "equipment_slot1_cost_soul4_id_": -1, "equipment_slot1_cost_soul4_num_": -1, "equipment_slot1_cost_soul5_id_": -1, "equipment_slot1_cost_soul5_num_": -1, "equipment_slot2_cost_soul1_id_": 40, "equipment_slot2_cost_soul1_num_": 2, "equipment_slot2_cost_soul2_id_": -1, "equipment_slot2_cost_soul2_num_": -1, "equipment_slot2_cost_soul3_id_": -1, "equipment_slot2_cost_soul3_num_": -1, "equipment_slot2_cost_soul4_id_": -1, "equipment_slot2_cost_soul4_num_": -1, "equipment_slot2_cost_soul5_id_": -1, "equipment_slot2_cost_soul5_num_": -1, "equipment_slot3_cost_soul1_id_": 40, "equipment_slot3_cost_soul1_num_": 3, "equipment_slot3_cost_soul2_id_": -1, "equipment_slot3_cost_soul2_num_": -1, "equipment_slot3_cost_soul3_id_": -1, "equipment_slot3_cost_soul3_num_": -1, "equipment_slot3_cost_soul4_id_": -1, "equipment_slot3_cost_soul4_num_": -1, "equipment_slot3_cost_soul5_id_": -1, "equipment_slot3_cost_soul5_num_": -1}, {"equipment_unlock_cost_id_": 200, "equipment_slot1_cost_zeny_": 3000, "equipment_slot2_cost_zeny_": 5000, "equipment_slot3_cost_zeny_": 10000, "equipment_slot1_cost_soul1_id_": 0, "equipment_slot1_cost_soul1_num_": 2, "equipment_slot1_cost_soul2_id_": -1, "equipment_slot1_cost_soul2_num_": -1, "equipment_slot1_cost_soul3_id_": -1, "equipment_slot1_cost_soul3_num_": -1, "equipment_slot1_cost_soul4_id_": -1, "equipment_slot1_cost_soul4_num_": -1, "equipment_slot1_cost_soul5_id_": -1, "equipment_slot1_cost_soul5_num_": -1, "equipment_slot2_cost_soul1_id_": 0, "equipment_slot2_cost_soul1_num_": 3, "equipment_slot2_cost_soul2_id_": -1, "equipment_slot2_cost_soul2_num_": -1, "equipment_slot2_cost_soul3_id_": -1, "equipment_slot2_cost_soul3_num_": -1, "equipment_slot2_cost_soul4_id_": -1, "equipment_slot2_cost_soul4_num_": -1, "equipment_slot2_cost_soul5_id_": -1, "equipment_slot2_cost_soul5_num_": -1, "equipment_slot3_cost_soul1_id_": 0, "equipment_slot3_cost_soul1_num_": 5, "equipment_slot3_cost_soul2_id_": -1, "equipment_slot3_cost_soul2_num_": -1, "equipment_slot3_cost_soul3_id_": -1, "equipment_slot3_cost_soul3_num_": -1, "equipment_slot3_cost_soul4_id_": -1, "equipment_slot3_cost_soul4_num_": -1, "equipment_slot3_cost_soul5_id_": -1, "equipment_slot3_cost_soul5_num_": -1}, {"equipment_unlock_cost_id_": 201, "equipment_slot1_cost_zeny_": 3000, "equipment_slot2_cost_zeny_": 5000, "equipment_slot3_cost_zeny_": 10000, "equipment_slot1_cost_soul1_id_": 10, "equipment_slot1_cost_soul1_num_": 2, "equipment_slot1_cost_soul2_id_": -1, "equipment_slot1_cost_soul2_num_": -1, "equipment_slot1_cost_soul3_id_": -1, "equipment_slot1_cost_soul3_num_": -1, "equipment_slot1_cost_soul4_id_": -1, "equipment_slot1_cost_soul4_num_": -1, "equipment_slot1_cost_soul5_id_": -1, "equipment_slot1_cost_soul5_num_": -1, "equipment_slot2_cost_soul1_id_": 10, "equipment_slot2_cost_soul1_num_": 3, "equipment_slot2_cost_soul2_id_": -1, "equipment_slot2_cost_soul2_num_": -1, "equipment_slot2_cost_soul3_id_": -1, "equipment_slot2_cost_soul3_num_": -1, "equipment_slot2_cost_soul4_id_": -1, "equipment_slot2_cost_soul4_num_": -1, "equipment_slot2_cost_soul5_id_": -1, "equipment_slot2_cost_soul5_num_": -1, "equipment_slot3_cost_soul1_id_": 10, "equipment_slot3_cost_soul1_num_": 5, "equipment_slot3_cost_soul2_id_": -1, "equipment_slot3_cost_soul2_num_": -1, "equipment_slot3_cost_soul3_id_": -1, "equipment_slot3_cost_soul3_num_": -1, "equipment_slot3_cost_soul4_id_": -1, "equipment_slot3_cost_soul4_num_": -1, "equipment_slot3_cost_soul5_id_": -1, "equipment_slot3_cost_soul5_num_": -1}, {"equipment_unlock_cost_id_": 202, "equipment_slot1_cost_zeny_": 3000, "equipment_slot2_cost_zeny_": 5000, "equipment_slot3_cost_zeny_": 10000, "equipment_slot1_cost_soul1_id_": 20, "equipment_slot1_cost_soul1_num_": 2, "equipment_slot1_cost_soul2_id_": -1, "equipment_slot1_cost_soul2_num_": -1, "equipment_slot1_cost_soul3_id_": -1, "equipment_slot1_cost_soul3_num_": -1, "equipment_slot1_cost_soul4_id_": -1, "equipment_slot1_cost_soul4_num_": -1, "equipment_slot1_cost_soul5_id_": -1, "equipment_slot1_cost_soul5_num_": -1, "equipment_slot2_cost_soul1_id_": 20, "equipment_slot2_cost_soul1_num_": 3, "equipment_slot2_cost_soul2_id_": -1, "equipment_slot2_cost_soul2_num_": -1, "equipment_slot2_cost_soul3_id_": -1, "equipment_slot2_cost_soul3_num_": -1, "equipment_slot2_cost_soul4_id_": -1, "equipment_slot2_cost_soul4_num_": -1, "equipment_slot2_cost_soul5_id_": -1, "equipment_slot2_cost_soul5_num_": -1, "equipment_slot3_cost_soul1_id_": 20, "equipment_slot3_cost_soul1_num_": 5, "equipment_slot3_cost_soul2_id_": -1, "equipment_slot3_cost_soul2_num_": -1, "equipment_slot3_cost_soul3_id_": -1, "equipment_slot3_cost_soul3_num_": -1, "equipment_slot3_cost_soul4_id_": -1, "equipment_slot3_cost_soul4_num_": -1, "equipment_slot3_cost_soul5_id_": -1, "equipment_slot3_cost_soul5_num_": -1}, {"equipment_unlock_cost_id_": 203, "equipment_slot1_cost_zeny_": 3000, "equipment_slot2_cost_zeny_": 5000, "equipment_slot3_cost_zeny_": 10000, "equipment_slot1_cost_soul1_id_": 30, "equipment_slot1_cost_soul1_num_": 2, "equipment_slot1_cost_soul2_id_": -1, "equipment_slot1_cost_soul2_num_": -1, "equipment_slot1_cost_soul3_id_": -1, "equipment_slot1_cost_soul3_num_": -1, "equipment_slot1_cost_soul4_id_": -1, "equipment_slot1_cost_soul4_num_": -1, "equipment_slot1_cost_soul5_id_": -1, "equipment_slot1_cost_soul5_num_": -1, "equipment_slot2_cost_soul1_id_": 30, "equipment_slot2_cost_soul1_num_": 3, "equipment_slot2_cost_soul2_id_": -1, "equipment_slot2_cost_soul2_num_": -1, "equipment_slot2_cost_soul3_id_": -1, "equipment_slot2_cost_soul3_num_": -1, "equipment_slot2_cost_soul4_id_": -1, "equipment_slot2_cost_soul4_num_": -1, "equipment_slot2_cost_soul5_id_": -1, "equipment_slot2_cost_soul5_num_": -1, "equipment_slot3_cost_soul1_id_": 30, "equipment_slot3_cost_soul1_num_": 5, "equipment_slot3_cost_soul2_id_": -1, "equipment_slot3_cost_soul2_num_": -1, "equipment_slot3_cost_soul3_id_": -1, "equipment_slot3_cost_soul3_num_": -1, "equipment_slot3_cost_soul4_id_": -1, "equipment_slot3_cost_soul4_num_": -1, "equipment_slot3_cost_soul5_id_": -1, "equipment_slot3_cost_soul5_num_": -1}, {"equipment_unlock_cost_id_": 204, "equipment_slot1_cost_zeny_": 3000, "equipment_slot2_cost_zeny_": 5000, "equipment_slot3_cost_zeny_": 10000, "equipment_slot1_cost_soul1_id_": 40, "equipment_slot1_cost_soul1_num_": 2, "equipment_slot1_cost_soul2_id_": -1, "equipment_slot1_cost_soul2_num_": -1, "equipment_slot1_cost_soul3_id_": -1, "equipment_slot1_cost_soul3_num_": -1, "equipment_slot1_cost_soul4_id_": -1, "equipment_slot1_cost_soul4_num_": -1, "equipment_slot1_cost_soul5_id_": -1, "equipment_slot1_cost_soul5_num_": -1, "equipment_slot2_cost_soul1_id_": 40, "equipment_slot2_cost_soul1_num_": 3, "equipment_slot2_cost_soul2_id_": -1, "equipment_slot2_cost_soul2_num_": -1, "equipment_slot2_cost_soul3_id_": -1, "equipment_slot2_cost_soul3_num_": -1, "equipment_slot2_cost_soul4_id_": -1, "equipment_slot2_cost_soul4_num_": -1, "equipment_slot2_cost_soul5_id_": -1, "equipment_slot2_cost_soul5_num_": -1, "equipment_slot3_cost_soul1_id_": 40, "equipment_slot3_cost_soul1_num_": 5, "equipment_slot3_cost_soul2_id_": -1, "equipment_slot3_cost_soul2_num_": -1, "equipment_slot3_cost_soul3_id_": -1, "equipment_slot3_cost_soul3_num_": -1, "equipment_slot3_cost_soul4_id_": -1, "equipment_slot3_cost_soul4_num_": -1, "equipment_slot3_cost_soul5_id_": -1, "equipment_slot3_cost_soul5_num_": -1}, {"equipment_unlock_cost_id_": 300, "equipment_slot1_cost_zeny_": 5000, "equipment_slot2_cost_zeny_": 10000, "equipment_slot3_cost_zeny_": 20000, "equipment_slot1_cost_soul1_id_": 0, "equipment_slot1_cost_soul1_num_": 3, "equipment_slot1_cost_soul2_id_": -1, "equipment_slot1_cost_soul2_num_": -1, "equipment_slot1_cost_soul3_id_": -1, "equipment_slot1_cost_soul3_num_": -1, "equipment_slot1_cost_soul4_id_": -1, "equipment_slot1_cost_soul4_num_": -1, "equipment_slot1_cost_soul5_id_": -1, "equipment_slot1_cost_soul5_num_": -1, "equipment_slot2_cost_soul1_id_": 0, "equipment_slot2_cost_soul1_num_": 5, "equipment_slot2_cost_soul2_id_": 10, "equipment_slot2_cost_soul2_num_": 2, "equipment_slot2_cost_soul3_id_": -1, "equipment_slot2_cost_soul3_num_": -1, "equipment_slot2_cost_soul4_id_": -1, "equipment_slot2_cost_soul4_num_": -1, "equipment_slot2_cost_soul5_id_": -1, "equipment_slot2_cost_soul5_num_": -1, "equipment_slot3_cost_soul1_id_": 0, "equipment_slot3_cost_soul1_num_": 8, "equipment_slot3_cost_soul2_id_": 10, "equipment_slot3_cost_soul2_num_": 3, "equipment_slot3_cost_soul3_id_": -1, "equipment_slot3_cost_soul3_num_": -1, "equipment_slot3_cost_soul4_id_": -1, "equipment_slot3_cost_soul4_num_": -1, "equipment_slot3_cost_soul5_id_": -1, "equipment_slot3_cost_soul5_num_": -1}, {"equipment_unlock_cost_id_": 301, "equipment_slot1_cost_zeny_": 5000, "equipment_slot2_cost_zeny_": 10000, "equipment_slot3_cost_zeny_": 20000, "equipment_slot1_cost_soul1_id_": 10, "equipment_slot1_cost_soul1_num_": 3, "equipment_slot1_cost_soul2_id_": -1, "equipment_slot1_cost_soul2_num_": -1, "equipment_slot1_cost_soul3_id_": -1, "equipment_slot1_cost_soul3_num_": -1, "equipment_slot1_cost_soul4_id_": -1, "equipment_slot1_cost_soul4_num_": -1, "equipment_slot1_cost_soul5_id_": -1, "equipment_slot1_cost_soul5_num_": -1, "equipment_slot2_cost_soul1_id_": 10, "equipment_slot2_cost_soul1_num_": 5, "equipment_slot2_cost_soul2_id_": 20, "equipment_slot2_cost_soul2_num_": 2, "equipment_slot2_cost_soul3_id_": -1, "equipment_slot2_cost_soul3_num_": -1, "equipment_slot2_cost_soul4_id_": -1, "equipment_slot2_cost_soul4_num_": -1, "equipment_slot2_cost_soul5_id_": -1, "equipment_slot2_cost_soul5_num_": -1, "equipment_slot3_cost_soul1_id_": 10, "equipment_slot3_cost_soul1_num_": 8, "equipment_slot3_cost_soul2_id_": 20, "equipment_slot3_cost_soul2_num_": 3, "equipment_slot3_cost_soul3_id_": -1, "equipment_slot3_cost_soul3_num_": -1, "equipment_slot3_cost_soul4_id_": -1, "equipment_slot3_cost_soul4_num_": -1, "equipment_slot3_cost_soul5_id_": -1, "equipment_slot3_cost_soul5_num_": -1}, {"equipment_unlock_cost_id_": 302, "equipment_slot1_cost_zeny_": 5000, "equipment_slot2_cost_zeny_": 10000, "equipment_slot3_cost_zeny_": 20000, "equipment_slot1_cost_soul1_id_": 20, "equipment_slot1_cost_soul1_num_": 3, "equipment_slot1_cost_soul2_id_": -1, "equipment_slot1_cost_soul2_num_": -1, "equipment_slot1_cost_soul3_id_": -1, "equipment_slot1_cost_soul3_num_": -1, "equipment_slot1_cost_soul4_id_": -1, "equipment_slot1_cost_soul4_num_": -1, "equipment_slot1_cost_soul5_id_": -1, "equipment_slot1_cost_soul5_num_": -1, "equipment_slot2_cost_soul1_id_": 20, "equipment_slot2_cost_soul1_num_": 5, "equipment_slot2_cost_soul2_id_": 30, "equipment_slot2_cost_soul2_num_": 2, "equipment_slot2_cost_soul3_id_": -1, "equipment_slot2_cost_soul3_num_": -1, "equipment_slot2_cost_soul4_id_": -1, "equipment_slot2_cost_soul4_num_": -1, "equipment_slot2_cost_soul5_id_": -1, "equipment_slot2_cost_soul5_num_": -1, "equipment_slot3_cost_soul1_id_": 20, "equipment_slot3_cost_soul1_num_": 8, "equipment_slot3_cost_soul2_id_": 30, "equipment_slot3_cost_soul2_num_": 3, "equipment_slot3_cost_soul3_id_": -1, "equipment_slot3_cost_soul3_num_": -1, "equipment_slot3_cost_soul4_id_": -1, "equipment_slot3_cost_soul4_num_": -1, "equipment_slot3_cost_soul5_id_": -1, "equipment_slot3_cost_soul5_num_": -1}, {"equipment_unlock_cost_id_": 303, "equipment_slot1_cost_zeny_": 5000, "equipment_slot2_cost_zeny_": 10000, "equipment_slot3_cost_zeny_": 20000, "equipment_slot1_cost_soul1_id_": 30, "equipment_slot1_cost_soul1_num_": 3, "equipment_slot1_cost_soul2_id_": -1, "equipment_slot1_cost_soul2_num_": -1, "equipment_slot1_cost_soul3_id_": -1, "equipment_slot1_cost_soul3_num_": -1, "equipment_slot1_cost_soul4_id_": -1, "equipment_slot1_cost_soul4_num_": -1, "equipment_slot1_cost_soul5_id_": -1, "equipment_slot1_cost_soul5_num_": -1, "equipment_slot2_cost_soul1_id_": 30, "equipment_slot2_cost_soul1_num_": 5, "equipment_slot2_cost_soul2_id_": 40, "equipment_slot2_cost_soul2_num_": 2, "equipment_slot2_cost_soul3_id_": -1, "equipment_slot2_cost_soul3_num_": -1, "equipment_slot2_cost_soul4_id_": -1, "equipment_slot2_cost_soul4_num_": -1, "equipment_slot2_cost_soul5_id_": -1, "equipment_slot2_cost_soul5_num_": -1, "equipment_slot3_cost_soul1_id_": 30, "equipment_slot3_cost_soul1_num_": 8, "equipment_slot3_cost_soul2_id_": 40, "equipment_slot3_cost_soul2_num_": 3, "equipment_slot3_cost_soul3_id_": -1, "equipment_slot3_cost_soul3_num_": -1, "equipment_slot3_cost_soul4_id_": -1, "equipment_slot3_cost_soul4_num_": -1, "equipment_slot3_cost_soul5_id_": -1, "equipment_slot3_cost_soul5_num_": -1}, {"equipment_unlock_cost_id_": 304, "equipment_slot1_cost_zeny_": 5000, "equipment_slot2_cost_zeny_": 10000, "equipment_slot3_cost_zeny_": 20000, "equipment_slot1_cost_soul1_id_": 40, "equipment_slot1_cost_soul1_num_": 3, "equipment_slot1_cost_soul2_id_": -1, "equipment_slot1_cost_soul2_num_": -1, "equipment_slot1_cost_soul3_id_": -1, "equipment_slot1_cost_soul3_num_": -1, "equipment_slot1_cost_soul4_id_": -1, "equipment_slot1_cost_soul4_num_": -1, "equipment_slot1_cost_soul5_id_": -1, "equipment_slot1_cost_soul5_num_": -1, "equipment_slot2_cost_soul1_id_": 40, "equipment_slot2_cost_soul1_num_": 5, "equipment_slot2_cost_soul2_id_": 0, "equipment_slot2_cost_soul2_num_": 2, "equipment_slot2_cost_soul3_id_": -1, "equipment_slot2_cost_soul3_num_": -1, "equipment_slot2_cost_soul4_id_": -1, "equipment_slot2_cost_soul4_num_": -1, "equipment_slot2_cost_soul5_id_": -1, "equipment_slot2_cost_soul5_num_": -1, "equipment_slot3_cost_soul1_id_": 40, "equipment_slot3_cost_soul1_num_": 8, "equipment_slot3_cost_soul2_id_": 0, "equipment_slot3_cost_soul2_num_": 3, "equipment_slot3_cost_soul3_id_": -1, "equipment_slot3_cost_soul3_num_": -1, "equipment_slot3_cost_soul4_id_": -1, "equipment_slot3_cost_soul4_num_": -1, "equipment_slot3_cost_soul5_id_": -1, "equipment_slot3_cost_soul5_num_": -1}, {"equipment_unlock_cost_id_": 400, "equipment_slot1_cost_zeny_": 10000, "equipment_slot2_cost_zeny_": 25000, "equipment_slot3_cost_zeny_": 50000, "equipment_slot1_cost_soul1_id_": 0, "equipment_slot1_cost_soul1_num_": 5, "equipment_slot1_cost_soul2_id_": 1, "equipment_slot1_cost_soul2_num_": 1, "equipment_slot1_cost_soul3_id_": -1, "equipment_slot1_cost_soul3_num_": -1, "equipment_slot1_cost_soul4_id_": -1, "equipment_slot1_cost_soul4_num_": -1, "equipment_slot1_cost_soul5_id_": -1, "equipment_slot1_cost_soul5_num_": -1, "equipment_slot2_cost_soul1_id_": 0, "equipment_slot2_cost_soul1_num_": 8, "equipment_slot2_cost_soul2_id_": 10, "equipment_slot2_cost_soul2_num_": 3, "equipment_slot2_cost_soul3_id_": 1, "equipment_slot2_cost_soul3_num_": 2, "equipment_slot2_cost_soul4_id_": -1, "equipment_slot2_cost_soul4_num_": -1, "equipment_slot2_cost_soul5_id_": -1, "equipment_slot2_cost_soul5_num_": -1, "equipment_slot3_cost_soul1_id_": 0, "equipment_slot3_cost_soul1_num_": 10, "equipment_slot3_cost_soul2_id_": 10, "equipment_slot3_cost_soul2_num_": 5, "equipment_slot3_cost_soul3_id_": 1, "equipment_slot3_cost_soul3_num_": 3, "equipment_slot3_cost_soul4_id_": 2, "equipment_slot3_cost_soul4_num_": 2, "equipment_slot3_cost_soul5_id_": -1, "equipment_slot3_cost_soul5_num_": -1}, {"equipment_unlock_cost_id_": 401, "equipment_slot1_cost_zeny_": 10000, "equipment_slot2_cost_zeny_": 25000, "equipment_slot3_cost_zeny_": 50000, "equipment_slot1_cost_soul1_id_": 10, "equipment_slot1_cost_soul1_num_": 5, "equipment_slot1_cost_soul2_id_": 11, "equipment_slot1_cost_soul2_num_": 1, "equipment_slot1_cost_soul3_id_": -1, "equipment_slot1_cost_soul3_num_": -1, "equipment_slot1_cost_soul4_id_": -1, "equipment_slot1_cost_soul4_num_": -1, "equipment_slot1_cost_soul5_id_": -1, "equipment_slot1_cost_soul5_num_": -1, "equipment_slot2_cost_soul1_id_": 10, "equipment_slot2_cost_soul1_num_": 8, "equipment_slot2_cost_soul2_id_": 20, "equipment_slot2_cost_soul2_num_": 3, "equipment_slot2_cost_soul3_id_": 11, "equipment_slot2_cost_soul3_num_": 2, "equipment_slot2_cost_soul4_id_": -1, "equipment_slot2_cost_soul4_num_": -1, "equipment_slot2_cost_soul5_id_": -1, "equipment_slot2_cost_soul5_num_": -1, "equipment_slot3_cost_soul1_id_": 10, "equipment_slot3_cost_soul1_num_": 10, "equipment_slot3_cost_soul2_id_": 20, "equipment_slot3_cost_soul2_num_": 5, "equipment_slot3_cost_soul3_id_": 11, "equipment_slot3_cost_soul3_num_": 3, "equipment_slot3_cost_soul4_id_": 12, "equipment_slot3_cost_soul4_num_": 2, "equipment_slot3_cost_soul5_id_": -1, "equipment_slot3_cost_soul5_num_": -1}, {"equipment_unlock_cost_id_": 402, "equipment_slot1_cost_zeny_": 10000, "equipment_slot2_cost_zeny_": 25000, "equipment_slot3_cost_zeny_": 50000, "equipment_slot1_cost_soul1_id_": 20, "equipment_slot1_cost_soul1_num_": 5, "equipment_slot1_cost_soul2_id_": 21, "equipment_slot1_cost_soul2_num_": 1, "equipment_slot1_cost_soul3_id_": -1, "equipment_slot1_cost_soul3_num_": -1, "equipment_slot1_cost_soul4_id_": -1, "equipment_slot1_cost_soul4_num_": -1, "equipment_slot1_cost_soul5_id_": -1, "equipment_slot1_cost_soul5_num_": -1, "equipment_slot2_cost_soul1_id_": 20, "equipment_slot2_cost_soul1_num_": 8, "equipment_slot2_cost_soul2_id_": 30, "equipment_slot2_cost_soul2_num_": 3, "equipment_slot2_cost_soul3_id_": 21, "equipment_slot2_cost_soul3_num_": 2, "equipment_slot2_cost_soul4_id_": -1, "equipment_slot2_cost_soul4_num_": -1, "equipment_slot2_cost_soul5_id_": -1, "equipment_slot2_cost_soul5_num_": -1, "equipment_slot3_cost_soul1_id_": 20, "equipment_slot3_cost_soul1_num_": 10, "equipment_slot3_cost_soul2_id_": 30, "equipment_slot3_cost_soul2_num_": 5, "equipment_slot3_cost_soul3_id_": 21, "equipment_slot3_cost_soul3_num_": 3, "equipment_slot3_cost_soul4_id_": 22, "equipment_slot3_cost_soul4_num_": 2, "equipment_slot3_cost_soul5_id_": -1, "equipment_slot3_cost_soul5_num_": -1}, {"equipment_unlock_cost_id_": 403, "equipment_slot1_cost_zeny_": 10000, "equipment_slot2_cost_zeny_": 25000, "equipment_slot3_cost_zeny_": 50000, "equipment_slot1_cost_soul1_id_": 30, "equipment_slot1_cost_soul1_num_": 5, "equipment_slot1_cost_soul2_id_": 31, "equipment_slot1_cost_soul2_num_": 1, "equipment_slot1_cost_soul3_id_": -1, "equipment_slot1_cost_soul3_num_": -1, "equipment_slot1_cost_soul4_id_": -1, "equipment_slot1_cost_soul4_num_": -1, "equipment_slot1_cost_soul5_id_": -1, "equipment_slot1_cost_soul5_num_": -1, "equipment_slot2_cost_soul1_id_": 30, "equipment_slot2_cost_soul1_num_": 8, "equipment_slot2_cost_soul2_id_": 40, "equipment_slot2_cost_soul2_num_": 3, "equipment_slot2_cost_soul3_id_": 31, "equipment_slot2_cost_soul3_num_": 2, "equipment_slot2_cost_soul4_id_": -1, "equipment_slot2_cost_soul4_num_": -1, "equipment_slot2_cost_soul5_id_": -1, "equipment_slot2_cost_soul5_num_": -1, "equipment_slot3_cost_soul1_id_": 30, "equipment_slot3_cost_soul1_num_": 10, "equipment_slot3_cost_soul2_id_": 40, "equipment_slot3_cost_soul2_num_": 5, "equipment_slot3_cost_soul3_id_": 31, "equipment_slot3_cost_soul3_num_": 3, "equipment_slot3_cost_soul4_id_": 32, "equipment_slot3_cost_soul4_num_": 2, "equipment_slot3_cost_soul5_id_": -1, "equipment_slot3_cost_soul5_num_": -1}, {"equipment_unlock_cost_id_": 404, "equipment_slot1_cost_zeny_": 10000, "equipment_slot2_cost_zeny_": 25000, "equipment_slot3_cost_zeny_": 50000, "equipment_slot1_cost_soul1_id_": 40, "equipment_slot1_cost_soul1_num_": 5, "equipment_slot1_cost_soul2_id_": 41, "equipment_slot1_cost_soul2_num_": 1, "equipment_slot1_cost_soul3_id_": -1, "equipment_slot1_cost_soul3_num_": -1, "equipment_slot1_cost_soul4_id_": -1, "equipment_slot1_cost_soul4_num_": -1, "equipment_slot1_cost_soul5_id_": -1, "equipment_slot1_cost_soul5_num_": -1, "equipment_slot2_cost_soul1_id_": 40, "equipment_slot2_cost_soul1_num_": 8, "equipment_slot2_cost_soul2_id_": 0, "equipment_slot2_cost_soul2_num_": 3, "equipment_slot2_cost_soul3_id_": 41, "equipment_slot2_cost_soul3_num_": 2, "equipment_slot2_cost_soul4_id_": -1, "equipment_slot2_cost_soul4_num_": -1, "equipment_slot2_cost_soul5_id_": -1, "equipment_slot2_cost_soul5_num_": -1, "equipment_slot3_cost_soul1_id_": 40, "equipment_slot3_cost_soul1_num_": 10, "equipment_slot3_cost_soul2_id_": 0, "equipment_slot3_cost_soul2_num_": 5, "equipment_slot3_cost_soul3_id_": 41, "equipment_slot3_cost_soul3_num_": 3, "equipment_slot3_cost_soul4_id_": 42, "equipment_slot3_cost_soul4_num_": 2, "equipment_slot3_cost_soul5_id_": -1, "equipment_slot3_cost_soul5_num_": -1}, {"equipment_unlock_cost_id_": 500, "equipment_slot1_cost_zeny_": 30000, "equipment_slot2_cost_zeny_": 100000, "equipment_slot3_cost_zeny_": 200000, "equipment_slot1_cost_soul1_id_": 0, "equipment_slot1_cost_soul1_num_": 8, "equipment_slot1_cost_soul2_id_": 1, "equipment_slot1_cost_soul2_num_": 3, "equipment_slot1_cost_soul3_id_": 2, "equipment_slot1_cost_soul3_num_": 1, "equipment_slot1_cost_soul4_id_": -1, "equipment_slot1_cost_soul4_num_": -1, "equipment_slot1_cost_soul5_id_": -1, "equipment_slot1_cost_soul5_num_": -1, "equipment_slot2_cost_soul1_id_": 0, "equipment_slot2_cost_soul1_num_": 300, "equipment_slot2_cost_soul2_id_": 1, "equipment_slot2_cost_soul2_num_": 100, "equipment_slot2_cost_soul3_id_": -1, "equipment_slot2_cost_soul3_num_": -1, "equipment_slot2_cost_soul4_id_": -1, "equipment_slot2_cost_soul4_num_": -1, "equipment_slot2_cost_soul5_id_": -1, "equipment_slot2_cost_soul5_num_": -1, "equipment_slot3_cost_soul1_id_": 100, "equipment_slot3_cost_soul1_num_": 10, "equipment_slot3_cost_soul2_id_": 101, "equipment_slot3_cost_soul2_num_": 5, "equipment_slot3_cost_soul3_id_": -1, "equipment_slot3_cost_soul3_num_": -1, "equipment_slot3_cost_soul4_id_": -1, "equipment_slot3_cost_soul4_num_": -1, "equipment_slot3_cost_soul5_id_": -1, "equipment_slot3_cost_soul5_num_": -1}, {"equipment_unlock_cost_id_": 501, "equipment_slot1_cost_zeny_": 30000, "equipment_slot2_cost_zeny_": 100000, "equipment_slot3_cost_zeny_": 200000, "equipment_slot1_cost_soul1_id_": 10, "equipment_slot1_cost_soul1_num_": 8, "equipment_slot1_cost_soul2_id_": 11, "equipment_slot1_cost_soul2_num_": 3, "equipment_slot1_cost_soul3_id_": 12, "equipment_slot1_cost_soul3_num_": 1, "equipment_slot1_cost_soul4_id_": -1, "equipment_slot1_cost_soul4_num_": -1, "equipment_slot1_cost_soul5_id_": -1, "equipment_slot1_cost_soul5_num_": -1, "equipment_slot2_cost_soul1_id_": 10, "equipment_slot2_cost_soul1_num_": 300, "equipment_slot2_cost_soul2_id_": 11, "equipment_slot2_cost_soul2_num_": 100, "equipment_slot2_cost_soul3_id_": -1, "equipment_slot2_cost_soul3_num_": -1, "equipment_slot2_cost_soul4_id_": -1, "equipment_slot2_cost_soul4_num_": -1, "equipment_slot2_cost_soul5_id_": -1, "equipment_slot2_cost_soul5_num_": -1, "equipment_slot3_cost_soul1_id_": 110, "equipment_slot3_cost_soul1_num_": 10, "equipment_slot3_cost_soul2_id_": 111, "equipment_slot3_cost_soul2_num_": 5, "equipment_slot3_cost_soul3_id_": -1, "equipment_slot3_cost_soul3_num_": -1, "equipment_slot3_cost_soul4_id_": -1, "equipment_slot3_cost_soul4_num_": -1, "equipment_slot3_cost_soul5_id_": -1, "equipment_slot3_cost_soul5_num_": -1}, {"equipment_unlock_cost_id_": 502, "equipment_slot1_cost_zeny_": 30000, "equipment_slot2_cost_zeny_": 100000, "equipment_slot3_cost_zeny_": 200000, "equipment_slot1_cost_soul1_id_": 20, "equipment_slot1_cost_soul1_num_": 8, "equipment_slot1_cost_soul2_id_": 21, "equipment_slot1_cost_soul2_num_": 3, "equipment_slot1_cost_soul3_id_": 22, "equipment_slot1_cost_soul3_num_": 1, "equipment_slot1_cost_soul4_id_": -1, "equipment_slot1_cost_soul4_num_": -1, "equipment_slot1_cost_soul5_id_": -1, "equipment_slot1_cost_soul5_num_": -1, "equipment_slot2_cost_soul1_id_": 20, "equipment_slot2_cost_soul1_num_": 300, "equipment_slot2_cost_soul2_id_": 21, "equipment_slot2_cost_soul2_num_": 100, "equipment_slot2_cost_soul3_id_": -1, "equipment_slot2_cost_soul3_num_": -1, "equipment_slot2_cost_soul4_id_": -1, "equipment_slot2_cost_soul4_num_": -1, "equipment_slot2_cost_soul5_id_": -1, "equipment_slot2_cost_soul5_num_": -1, "equipment_slot3_cost_soul1_id_": 120, "equipment_slot3_cost_soul1_num_": 10, "equipment_slot3_cost_soul2_id_": 121, "equipment_slot3_cost_soul2_num_": 5, "equipment_slot3_cost_soul3_id_": -1, "equipment_slot3_cost_soul3_num_": -1, "equipment_slot3_cost_soul4_id_": -1, "equipment_slot3_cost_soul4_num_": -1, "equipment_slot3_cost_soul5_id_": -1, "equipment_slot3_cost_soul5_num_": -1}, {"equipment_unlock_cost_id_": 503, "equipment_slot1_cost_zeny_": 30000, "equipment_slot2_cost_zeny_": 100000, "equipment_slot3_cost_zeny_": 200000, "equipment_slot1_cost_soul1_id_": 30, "equipment_slot1_cost_soul1_num_": 8, "equipment_slot1_cost_soul2_id_": 31, "equipment_slot1_cost_soul2_num_": 3, "equipment_slot1_cost_soul3_id_": 32, "equipment_slot1_cost_soul3_num_": 1, "equipment_slot1_cost_soul4_id_": -1, "equipment_slot1_cost_soul4_num_": -1, "equipment_slot1_cost_soul5_id_": -1, "equipment_slot1_cost_soul5_num_": -1, "equipment_slot2_cost_soul1_id_": 30, "equipment_slot2_cost_soul1_num_": 300, "equipment_slot2_cost_soul2_id_": 31, "equipment_slot2_cost_soul2_num_": 100, "equipment_slot2_cost_soul3_id_": -1, "equipment_slot2_cost_soul3_num_": -1, "equipment_slot2_cost_soul4_id_": -1, "equipment_slot2_cost_soul4_num_": -1, "equipment_slot2_cost_soul5_id_": -1, "equipment_slot2_cost_soul5_num_": -1, "equipment_slot3_cost_soul1_id_": 130, "equipment_slot3_cost_soul1_num_": 10, "equipment_slot3_cost_soul2_id_": 131, "equipment_slot3_cost_soul2_num_": 5, "equipment_slot3_cost_soul3_id_": -1, "equipment_slot3_cost_soul3_num_": -1, "equipment_slot3_cost_soul4_id_": -1, "equipment_slot3_cost_soul4_num_": -1, "equipment_slot3_cost_soul5_id_": -1, "equipment_slot3_cost_soul5_num_": -1}, {"equipment_unlock_cost_id_": 504, "equipment_slot1_cost_zeny_": 30000, "equipment_slot2_cost_zeny_": 100000, "equipment_slot3_cost_zeny_": 200000, "equipment_slot1_cost_soul1_id_": 40, "equipment_slot1_cost_soul1_num_": 8, "equipment_slot1_cost_soul2_id_": 41, "equipment_slot1_cost_soul2_num_": 3, "equipment_slot1_cost_soul3_id_": 42, "equipment_slot1_cost_soul3_num_": 1, "equipment_slot1_cost_soul4_id_": -1, "equipment_slot1_cost_soul4_num_": -1, "equipment_slot1_cost_soul5_id_": -1, "equipment_slot1_cost_soul5_num_": -1, "equipment_slot2_cost_soul1_id_": 40, "equipment_slot2_cost_soul1_num_": 300, "equipment_slot2_cost_soul2_id_": 41, "equipment_slot2_cost_soul2_num_": 100, "equipment_slot2_cost_soul3_id_": -1, "equipment_slot2_cost_soul3_num_": -1, "equipment_slot2_cost_soul4_id_": -1, "equipment_slot2_cost_soul4_num_": -1, "equipment_slot2_cost_soul5_id_": -1, "equipment_slot2_cost_soul5_num_": -1, "equipment_slot3_cost_soul1_id_": 140, "equipment_slot3_cost_soul1_num_": 10, "equipment_slot3_cost_soul2_id_": 141, "equipment_slot3_cost_soul2_num_": 5, "equipment_slot3_cost_soul3_id_": -1, "equipment_slot3_cost_soul3_num_": -1, "equipment_slot3_cost_soul4_id_": -1, "equipment_slot3_cost_soul4_num_": -1, "equipment_slot3_cost_soul5_id_": -1, "equipment_slot3_cost_soul5_num_": -1}, {"equipment_unlock_cost_id_": 700, "equipment_slot1_cost_zeny_": 25000, "equipment_slot2_cost_zeny_": 50000, "equipment_slot3_cost_zeny_": 100000, "equipment_slot1_cost_soul1_id_": 5, "equipment_slot1_cost_soul1_num_": 10, "equipment_slot1_cost_soul2_id_": 4, "equipment_slot1_cost_soul2_num_": 7, "equipment_slot1_cost_soul3_id_": -1, "equipment_slot1_cost_soul3_num_": -1, "equipment_slot1_cost_soul4_id_": -1, "equipment_slot1_cost_soul4_num_": -1, "equipment_slot1_cost_soul5_id_": -1, "equipment_slot1_cost_soul5_num_": -1, "equipment_slot2_cost_soul1_id_": 5, "equipment_slot2_cost_soul1_num_": 15, "equipment_slot2_cost_soul2_id_": 4, "equipment_slot2_cost_soul2_num_": 10, "equipment_slot2_cost_soul3_id_": -1, "equipment_slot2_cost_soul3_num_": -1, "equipment_slot2_cost_soul4_id_": -1, "equipment_slot2_cost_soul4_num_": -1, "equipment_slot2_cost_soul5_id_": -1, "equipment_slot2_cost_soul5_num_": -1, "equipment_slot3_cost_soul1_id_": 6, "equipment_slot3_cost_soul1_num_": 20, "equipment_slot3_cost_soul2_id_": 105, "equipment_slot3_cost_soul2_num_": 1, "equipment_slot3_cost_soul3_id_": -1, "equipment_slot3_cost_soul3_num_": -1, "equipment_slot3_cost_soul4_id_": -1, "equipment_slot3_cost_soul4_num_": -1, "equipment_slot3_cost_soul5_id_": -1, "equipment_slot3_cost_soul5_num_": -1}, {"equipment_unlock_cost_id_": 701, "equipment_slot1_cost_zeny_": 25000, "equipment_slot2_cost_zeny_": 50000, "equipment_slot3_cost_zeny_": 100000, "equipment_slot1_cost_soul1_id_": 15, "equipment_slot1_cost_soul1_num_": 10, "equipment_slot1_cost_soul2_id_": 14, "equipment_slot1_cost_soul2_num_": 7, "equipment_slot1_cost_soul3_id_": -1, "equipment_slot1_cost_soul3_num_": -1, "equipment_slot1_cost_soul4_id_": -1, "equipment_slot1_cost_soul4_num_": -1, "equipment_slot1_cost_soul5_id_": -1, "equipment_slot1_cost_soul5_num_": -1, "equipment_slot2_cost_soul1_id_": 15, "equipment_slot2_cost_soul1_num_": 15, "equipment_slot2_cost_soul2_id_": 14, "equipment_slot2_cost_soul2_num_": 10, "equipment_slot2_cost_soul3_id_": -1, "equipment_slot2_cost_soul3_num_": -1, "equipment_slot2_cost_soul4_id_": -1, "equipment_slot2_cost_soul4_num_": -1, "equipment_slot2_cost_soul5_id_": -1, "equipment_slot2_cost_soul5_num_": -1, "equipment_slot3_cost_soul1_id_": 16, "equipment_slot3_cost_soul1_num_": 20, "equipment_slot3_cost_soul2_id_": 115, "equipment_slot3_cost_soul2_num_": 1, "equipment_slot3_cost_soul3_id_": -1, "equipment_slot3_cost_soul3_num_": -1, "equipment_slot3_cost_soul4_id_": -1, "equipment_slot3_cost_soul4_num_": -1, "equipment_slot3_cost_soul5_id_": -1, "equipment_slot3_cost_soul5_num_": -1}, {"equipment_unlock_cost_id_": 702, "equipment_slot1_cost_zeny_": 25000, "equipment_slot2_cost_zeny_": 50000, "equipment_slot3_cost_zeny_": 100000, "equipment_slot1_cost_soul1_id_": 25, "equipment_slot1_cost_soul1_num_": 10, "equipment_slot1_cost_soul2_id_": 24, "equipment_slot1_cost_soul2_num_": 7, "equipment_slot1_cost_soul3_id_": -1, "equipment_slot1_cost_soul3_num_": -1, "equipment_slot1_cost_soul4_id_": -1, "equipment_slot1_cost_soul4_num_": -1, "equipment_slot1_cost_soul5_id_": -1, "equipment_slot1_cost_soul5_num_": -1, "equipment_slot2_cost_soul1_id_": 25, "equipment_slot2_cost_soul1_num_": 15, "equipment_slot2_cost_soul2_id_": 24, "equipment_slot2_cost_soul2_num_": 10, "equipment_slot2_cost_soul3_id_": -1, "equipment_slot2_cost_soul3_num_": -1, "equipment_slot2_cost_soul4_id_": -1, "equipment_slot2_cost_soul4_num_": -1, "equipment_slot2_cost_soul5_id_": -1, "equipment_slot2_cost_soul5_num_": -1, "equipment_slot3_cost_soul1_id_": 26, "equipment_slot3_cost_soul1_num_": 20, "equipment_slot3_cost_soul2_id_": 125, "equipment_slot3_cost_soul2_num_": 1, "equipment_slot3_cost_soul3_id_": -1, "equipment_slot3_cost_soul3_num_": -1, "equipment_slot3_cost_soul4_id_": -1, "equipment_slot3_cost_soul4_num_": -1, "equipment_slot3_cost_soul5_id_": -1, "equipment_slot3_cost_soul5_num_": -1}, {"equipment_unlock_cost_id_": 703, "equipment_slot1_cost_zeny_": 25000, "equipment_slot2_cost_zeny_": 50000, "equipment_slot3_cost_zeny_": 100000, "equipment_slot1_cost_soul1_id_": 35, "equipment_slot1_cost_soul1_num_": 10, "equipment_slot1_cost_soul2_id_": 34, "equipment_slot1_cost_soul2_num_": 7, "equipment_slot1_cost_soul3_id_": -1, "equipment_slot1_cost_soul3_num_": -1, "equipment_slot1_cost_soul4_id_": -1, "equipment_slot1_cost_soul4_num_": -1, "equipment_slot1_cost_soul5_id_": -1, "equipment_slot1_cost_soul5_num_": -1, "equipment_slot2_cost_soul1_id_": 35, "equipment_slot2_cost_soul1_num_": 15, "equipment_slot2_cost_soul2_id_": 34, "equipment_slot2_cost_soul2_num_": 10, "equipment_slot2_cost_soul3_id_": -1, "equipment_slot2_cost_soul3_num_": -1, "equipment_slot2_cost_soul4_id_": -1, "equipment_slot2_cost_soul4_num_": -1, "equipment_slot2_cost_soul5_id_": -1, "equipment_slot2_cost_soul5_num_": -1, "equipment_slot3_cost_soul1_id_": 36, "equipment_slot3_cost_soul1_num_": 20, "equipment_slot3_cost_soul2_id_": 135, "equipment_slot3_cost_soul2_num_": 1, "equipment_slot3_cost_soul3_id_": -1, "equipment_slot3_cost_soul3_num_": -1, "equipment_slot3_cost_soul4_id_": -1, "equipment_slot3_cost_soul4_num_": -1, "equipment_slot3_cost_soul5_id_": -1, "equipment_slot3_cost_soul5_num_": -1}, {"equipment_unlock_cost_id_": 704, "equipment_slot1_cost_zeny_": 25000, "equipment_slot2_cost_zeny_": 50000, "equipment_slot3_cost_zeny_": 100000, "equipment_slot1_cost_soul1_id_": 45, "equipment_slot1_cost_soul1_num_": 10, "equipment_slot1_cost_soul2_id_": 44, "equipment_slot1_cost_soul2_num_": 7, "equipment_slot1_cost_soul3_id_": -1, "equipment_slot1_cost_soul3_num_": -1, "equipment_slot1_cost_soul4_id_": -1, "equipment_slot1_cost_soul4_num_": -1, "equipment_slot1_cost_soul5_id_": -1, "equipment_slot1_cost_soul5_num_": -1, "equipment_slot2_cost_soul1_id_": 45, "equipment_slot2_cost_soul1_num_": 15, "equipment_slot2_cost_soul2_id_": 44, "equipment_slot2_cost_soul2_num_": 10, "equipment_slot2_cost_soul3_id_": -1, "equipment_slot2_cost_soul3_num_": -1, "equipment_slot2_cost_soul4_id_": -1, "equipment_slot2_cost_soul4_num_": -1, "equipment_slot2_cost_soul5_id_": -1, "equipment_slot2_cost_soul5_num_": -1, "equipment_slot3_cost_soul1_id_": 46, "equipment_slot3_cost_soul1_num_": 20, "equipment_slot3_cost_soul2_id_": 145, "equipment_slot3_cost_soul2_num_": 1, "equipment_slot3_cost_soul3_id_": -1, "equipment_slot3_cost_soul3_num_": -1, "equipment_slot3_cost_soul4_id_": -1, "equipment_slot3_cost_soul4_num_": -1, "equipment_slot3_cost_soul5_id_": -1, "equipment_slot3_cost_soul5_num_": -1}, {"equipment_unlock_cost_id_": 1000, "equipment_slot1_cost_zeny_": 30000, "equipment_slot2_cost_zeny_": 100000, "equipment_slot3_cost_zeny_": 200000, "equipment_slot1_cost_soul1_id_": 201000, "equipment_slot1_cost_soul1_num_": 1, "equipment_slot1_cost_soul2_id_": -1, "equipment_slot1_cost_soul2_num_": -1, "equipment_slot1_cost_soul3_id_": -1, "equipment_slot1_cost_soul3_num_": -1, "equipment_slot1_cost_soul4_id_": -1, "equipment_slot1_cost_soul4_num_": -1, "equipment_slot1_cost_soul5_id_": -1, "equipment_slot1_cost_soul5_num_": -1, "equipment_slot2_cost_soul1_id_": 201000, "equipment_slot2_cost_soul1_num_": 1, "equipment_slot2_cost_soul2_id_": -1, "equipment_slot2_cost_soul2_num_": -1, "equipment_slot2_cost_soul3_id_": -1, "equipment_slot2_cost_soul3_num_": -1, "equipment_slot2_cost_soul4_id_": -1, "equipment_slot2_cost_soul4_num_": -1, "equipment_slot2_cost_soul5_id_": -1, "equipment_slot2_cost_soul5_num_": -1, "equipment_slot3_cost_soul1_id_": 201000, "equipment_slot3_cost_soul1_num_": 1, "equipment_slot3_cost_soul2_id_": -1, "equipment_slot3_cost_soul2_num_": -1, "equipment_slot3_cost_soul3_id_": -1, "equipment_slot3_cost_soul3_num_": -1, "equipment_slot3_cost_soul4_id_": -1, "equipment_slot3_cost_soul4_num_": -1, "equipment_slot3_cost_soul5_id_": -1, "equipment_slot3_cost_soul5_num_": -1}, {"equipment_unlock_cost_id_": 1689, "equipment_slot1_cost_zeny_": 30000, "equipment_slot2_cost_zeny_": 100000, "equipment_slot3_cost_zeny_": 200000, "equipment_slot1_cost_soul1_id_": 201686, "equipment_slot1_cost_soul1_num_": 1, "equipment_slot1_cost_soul2_id_": -1, "equipment_slot1_cost_soul2_num_": -1, "equipment_slot1_cost_soul3_id_": -1, "equipment_slot1_cost_soul3_num_": -1, "equipment_slot1_cost_soul4_id_": -1, "equipment_slot1_cost_soul4_num_": -1, "equipment_slot1_cost_soul5_id_": -1, "equipment_slot1_cost_soul5_num_": -1, "equipment_slot2_cost_soul1_id_": 201686, "equipment_slot2_cost_soul1_num_": 1, "equipment_slot2_cost_soul2_id_": -1, "equipment_slot2_cost_soul2_num_": -1, "equipment_slot2_cost_soul3_id_": -1, "equipment_slot2_cost_soul3_num_": -1, "equipment_slot2_cost_soul4_id_": -1, "equipment_slot2_cost_soul4_num_": -1, "equipment_slot2_cost_soul5_id_": -1, "equipment_slot2_cost_soul5_num_": -1, "equipment_slot3_cost_soul1_id_": 201686, "equipment_slot3_cost_soul1_num_": 1, "equipment_slot3_cost_soul2_id_": -1, "equipment_slot3_cost_soul2_num_": -1, "equipment_slot3_cost_soul3_id_": -1, "equipment_slot3_cost_soul3_num_": -1, "equipment_slot3_cost_soul4_id_": -1, "equipment_slot3_cost_soul4_num_": -1, "equipment_slot3_cost_soul5_id_": -1, "equipment_slot3_cost_soul5_num_": -1}, {"equipment_unlock_cost_id_": 1290, "equipment_slot1_cost_zeny_": 30000, "equipment_slot2_cost_zeny_": 100000, "equipment_slot3_cost_zeny_": 200000, "equipment_slot1_cost_soul1_id_": 201290, "equipment_slot1_cost_soul1_num_": 1, "equipment_slot1_cost_soul2_id_": -1, "equipment_slot1_cost_soul2_num_": -1, "equipment_slot1_cost_soul3_id_": -1, "equipment_slot1_cost_soul3_num_": -1, "equipment_slot1_cost_soul4_id_": -1, "equipment_slot1_cost_soul4_num_": -1, "equipment_slot1_cost_soul5_id_": -1, "equipment_slot1_cost_soul5_num_": -1, "equipment_slot2_cost_soul1_id_": 201290, "equipment_slot2_cost_soul1_num_": 1, "equipment_slot2_cost_soul2_id_": -1, "equipment_slot2_cost_soul2_num_": -1, "equipment_slot2_cost_soul3_id_": -1, "equipment_slot2_cost_soul3_num_": -1, "equipment_slot2_cost_soul4_id_": -1, "equipment_slot2_cost_soul4_num_": -1, "equipment_slot2_cost_soul5_id_": -1, "equipment_slot2_cost_soul5_num_": -1, "equipment_slot3_cost_soul1_id_": 201290, "equipment_slot3_cost_soul1_num_": 1, "equipment_slot3_cost_soul2_id_": -1, "equipment_slot3_cost_soul2_num_": -1, "equipment_slot3_cost_soul3_id_": -1, "equipment_slot3_cost_soul3_num_": -1, "equipment_slot3_cost_soul4_id_": -1, "equipment_slot3_cost_soul4_num_": -1, "equipment_slot3_cost_soul5_id_": -1, "equipment_slot3_cost_soul5_num_": -1}, {"equipment_unlock_cost_id_": 1514, "equipment_slot1_cost_zeny_": 30000, "equipment_slot2_cost_zeny_": 100000, "equipment_slot3_cost_zeny_": 200000, "equipment_slot1_cost_soul1_id_": 201514, "equipment_slot1_cost_soul1_num_": 1, "equipment_slot1_cost_soul2_id_": -1, "equipment_slot1_cost_soul2_num_": -1, "equipment_slot1_cost_soul3_id_": -1, "equipment_slot1_cost_soul3_num_": -1, "equipment_slot1_cost_soul4_id_": -1, "equipment_slot1_cost_soul4_num_": -1, "equipment_slot1_cost_soul5_id_": -1, "equipment_slot1_cost_soul5_num_": -1, "equipment_slot2_cost_soul1_id_": 201514, "equipment_slot2_cost_soul1_num_": 1, "equipment_slot2_cost_soul2_id_": -1, "equipment_slot2_cost_soul2_num_": -1, "equipment_slot2_cost_soul3_id_": -1, "equipment_slot2_cost_soul3_num_": -1, "equipment_slot2_cost_soul4_id_": -1, "equipment_slot2_cost_soul4_num_": -1, "equipment_slot2_cost_soul5_id_": -1, "equipment_slot2_cost_soul5_num_": -1, "equipment_slot3_cost_soul1_id_": 201514, "equipment_slot3_cost_soul1_num_": 1, "equipment_slot3_cost_soul2_id_": -1, "equipment_slot3_cost_soul2_num_": -1, "equipment_slot3_cost_soul3_id_": -1, "equipment_slot3_cost_soul3_num_": -1, "equipment_slot3_cost_soul4_id_": -1, "equipment_slot3_cost_soul4_num_": -1, "equipment_slot3_cost_soul5_id_": -1, "equipment_slot3_cost_soul5_num_": -1}]