[{"cost_id_": 1, "target_slot_": 2, "step_num_": 0, "upgrade_stone_cost_": 20, "upgrade_item_type1_": 2, "upgrade_item_id1_": 0, "upgrade_item_num1_": 5000000, "upgrade_item_type2_": 19, "upgrade_item_id2_": 3, "upgrade_item_num2_": 5, "upgrade_item_type3_": 8, "upgrade_item_id3_": 7, "upgrade_item_num3_": 10, "upgrade_item_type4_": -1, "upgrade_item_id4_": -1, "upgrade_item_num4_": -1, "upgrade_item_type5_": -1, "upgrade_item_id5_": -1, "upgrade_item_num5_": -1, "upgrade_zeny_num_": 1000000, "guarantee_stone_cost_": 130, "guarantee_item_type1_": 2, "guarantee_item_id1_": 0, "guarantee_item_num1_": 65500000, "guarantee_item_type2_": 19, "guarantee_item_id2_": 3, "guarantee_item_num2_": 25, "guarantee_item_type3_": 8, "guarantee_item_id3_": 7, "guarantee_item_num3_": 40, "guarantee_item_type4_": 8, "guarantee_item_id4_": 0, "guarantee_item_num4_": 100, "guarantee_item_type5_": -1, "guarantee_item_id5_": -1, "guarantee_item_num5_": -1, "guarantee_zeny_num_": 500000}, {"cost_id_": 1, "target_slot_": 2, "step_num_": 1, "upgrade_stone_cost_": 20, "upgrade_item_type1_": 2, "upgrade_item_id1_": 0, "upgrade_item_num1_": 8000000, "upgrade_item_type2_": 19, "upgrade_item_id2_": 3, "upgrade_item_num2_": 5, "upgrade_item_type3_": 8, "upgrade_item_id3_": 7, "upgrade_item_num3_": 10, "upgrade_item_type4_": -1, "upgrade_item_id4_": -1, "upgrade_item_num4_": -1, "upgrade_item_type5_": -1, "upgrade_item_id5_": -1, "upgrade_item_num5_": -1, "upgrade_zeny_num_": 1000000, "guarantee_stone_cost_": 130, "guarantee_item_type1_": 2, "guarantee_item_id1_": 0, "guarantee_item_num1_": 66180000, "guarantee_item_type2_": 19, "guarantee_item_id2_": 3, "guarantee_item_num2_": 27, "guarantee_item_type3_": 8, "guarantee_item_id3_": 7, "guarantee_item_num3_": 50, "guarantee_item_type4_": 8, "guarantee_item_id4_": 0, "guarantee_item_num4_": 100, "guarantee_item_type5_": -1, "guarantee_item_id5_": -1, "guarantee_item_num5_": -1, "guarantee_zeny_num_": 500000}, {"cost_id_": 1, "target_slot_": 2, "step_num_": 2, "upgrade_stone_cost_": 30, "upgrade_item_type1_": 2, "upgrade_item_id1_": 0, "upgrade_item_num1_": 11000000, "upgrade_item_type2_": 19, "upgrade_item_id2_": 3, "upgrade_item_num2_": 5, "upgrade_item_type3_": 8, "upgrade_item_id3_": 7, "upgrade_item_num3_": 10, "upgrade_item_type4_": -1, "upgrade_item_id4_": -1, "upgrade_item_num4_": -1, "upgrade_item_type5_": -1, "upgrade_item_id5_": -1, "upgrade_item_num5_": -1, "upgrade_zeny_num_": 1000000, "guarantee_stone_cost_": 140, "guarantee_item_type1_": 2, "guarantee_item_id1_": 0, "guarantee_item_num1_": 67020000, "guarantee_item_type2_": 19, "guarantee_item_id2_": 3, "guarantee_item_num2_": 27, "guarantee_item_type3_": 8, "guarantee_item_id3_": 7, "guarantee_item_num3_": 60, "guarantee_item_type4_": 8, "guarantee_item_id4_": 0, "guarantee_item_num4_": 150, "guarantee_item_type5_": -1, "guarantee_item_id5_": -1, "guarantee_item_num5_": -1, "guarantee_zeny_num_": 500000}, {"cost_id_": 1, "target_slot_": 2, "step_num_": 3, "upgrade_stone_cost_": 30, "upgrade_item_type1_": 2, "upgrade_item_id1_": 0, "upgrade_item_num1_": 14000000, "upgrade_item_type2_": 19, "upgrade_item_id2_": 3, "upgrade_item_num2_": 5, "upgrade_item_type3_": 8, "upgrade_item_id3_": 7, "upgrade_item_num3_": 10, "upgrade_item_type4_": -1, "upgrade_item_id4_": -1, "upgrade_item_num4_": -1, "upgrade_item_type5_": -1, "upgrade_item_id5_": -1, "upgrade_item_num5_": -1, "upgrade_zeny_num_": 1000000, "guarantee_stone_cost_": 140, "guarantee_item_type1_": 2, "guarantee_item_id1_": 0, "guarantee_item_num1_": 68020000, "guarantee_item_type2_": 19, "guarantee_item_id2_": 3, "guarantee_item_num2_": 30, "guarantee_item_type3_": 8, "guarantee_item_id3_": 7, "guarantee_item_num3_": 70, "guarantee_item_type4_": 8, "guarantee_item_id4_": 0, "guarantee_item_num4_": 150, "guarantee_item_type5_": -1, "guarantee_item_id5_": -1, "guarantee_item_num5_": -1, "guarantee_zeny_num_": 500000}, {"cost_id_": 1, "target_slot_": 2, "step_num_": 4, "upgrade_stone_cost_": 40, "upgrade_item_type1_": 2, "upgrade_item_id1_": 0, "upgrade_item_num1_": 17000000, "upgrade_item_type2_": 19, "upgrade_item_id2_": 3, "upgrade_item_num2_": 5, "upgrade_item_type3_": 8, "upgrade_item_id3_": 7, "upgrade_item_num3_": 10, "upgrade_item_type4_": -1, "upgrade_item_id4_": -1, "upgrade_item_num4_": -1, "upgrade_item_type5_": -1, "upgrade_item_id5_": -1, "upgrade_item_num5_": -1, "upgrade_zeny_num_": 1000000, "guarantee_stone_cost_": 150, "guarantee_item_type1_": 2, "guarantee_item_id1_": 0, "guarantee_item_num1_": 69340000, "guarantee_item_type2_": 19, "guarantee_item_id2_": 3, "guarantee_item_num2_": 30, "guarantee_item_type3_": 8, "guarantee_item_id3_": 7, "guarantee_item_num3_": 80, "guarantee_item_type4_": 8, "guarantee_item_id4_": 0, "guarantee_item_num4_": 150, "guarantee_item_type5_": -1, "guarantee_item_id5_": -1, "guarantee_item_num5_": -1, "guarantee_zeny_num_": 500000}, {"cost_id_": 1, "target_slot_": 2, "step_num_": 5, "upgrade_stone_cost_": 40, "upgrade_item_type1_": 2, "upgrade_item_id1_": 0, "upgrade_item_num1_": 20000000, "upgrade_item_type2_": 19, "upgrade_item_id2_": 3, "upgrade_item_num2_": 5, "upgrade_item_type3_": 8, "upgrade_item_id3_": 7, "upgrade_item_num3_": 20, "upgrade_item_type4_": -1, "upgrade_item_id4_": -1, "upgrade_item_num4_": -1, "upgrade_item_type5_": -1, "upgrade_item_id5_": -1, "upgrade_item_num5_": -1, "upgrade_zeny_num_": 1000000, "guarantee_stone_cost_": 150, "guarantee_item_type1_": 2, "guarantee_item_id1_": 0, "guarantee_item_num1_": 70820000, "guarantee_item_type2_": 19, "guarantee_item_id2_": 3, "guarantee_item_num2_": 30, "guarantee_item_type3_": 8, "guarantee_item_id3_": 7, "guarantee_item_num3_": 80, "guarantee_item_type4_": 8, "guarantee_item_id4_": 0, "guarantee_item_num4_": 200, "guarantee_item_type5_": -1, "guarantee_item_id5_": -1, "guarantee_item_num5_": -1, "guarantee_zeny_num_": 500000}, {"cost_id_": 1, "target_slot_": 2, "step_num_": 6, "upgrade_stone_cost_": 50, "upgrade_item_type1_": 2, "upgrade_item_id1_": 0, "upgrade_item_num1_": 23000000, "upgrade_item_type2_": 19, "upgrade_item_id2_": 3, "upgrade_item_num2_": 5, "upgrade_item_type3_": 8, "upgrade_item_id3_": 7, "upgrade_item_num3_": 20, "upgrade_item_type4_": -1, "upgrade_item_id4_": -1, "upgrade_item_num4_": -1, "upgrade_item_type5_": -1, "upgrade_item_id5_": -1, "upgrade_item_num5_": -1, "upgrade_zeny_num_": 1000000, "guarantee_stone_cost_": 160, "guarantee_item_type1_": 2, "guarantee_item_id1_": 0, "guarantee_item_num1_": 72460000, "guarantee_item_type2_": 19, "guarantee_item_id2_": 3, "guarantee_item_num2_": 33, "guarantee_item_type3_": 8, "guarantee_item_id3_": 7, "guarantee_item_num3_": 90, "guarantee_item_type4_": 8, "guarantee_item_id4_": 0, "guarantee_item_num4_": 200, "guarantee_item_type5_": -1, "guarantee_item_id5_": -1, "guarantee_item_num5_": -1, "guarantee_zeny_num_": 500000}, {"cost_id_": 1, "target_slot_": 2, "step_num_": 7, "upgrade_stone_cost_": 50, "upgrade_item_type1_": 2, "upgrade_item_id1_": 0, "upgrade_item_num1_": 26000000, "upgrade_item_type2_": 19, "upgrade_item_id2_": 3, "upgrade_item_num2_": 5, "upgrade_item_type3_": 8, "upgrade_item_id3_": 7, "upgrade_item_num3_": 20, "upgrade_item_type4_": -1, "upgrade_item_id4_": -1, "upgrade_item_num4_": -1, "upgrade_item_type5_": -1, "upgrade_item_id5_": -1, "upgrade_item_num5_": -1, "upgrade_zeny_num_": 1000000, "guarantee_stone_cost_": 160, "guarantee_item_type1_": 2, "guarantee_item_id1_": 0, "guarantee_item_num1_": 74420000, "guarantee_item_type2_": 19, "guarantee_item_id2_": 3, "guarantee_item_num2_": 33, "guarantee_item_type3_": 8, "guarantee_item_id3_": 7, "guarantee_item_num3_": 100, "guarantee_item_type4_": 8, "guarantee_item_id4_": 0, "guarantee_item_num4_": 200, "guarantee_item_type5_": -1, "guarantee_item_id5_": -1, "guarantee_item_num5_": -1, "guarantee_zeny_num_": 500000}, {"cost_id_": 1, "target_slot_": 2, "step_num_": 8, "upgrade_stone_cost_": 60, "upgrade_item_type1_": 2, "upgrade_item_id1_": 0, "upgrade_item_num1_": 29000000, "upgrade_item_type2_": 19, "upgrade_item_id2_": 3, "upgrade_item_num2_": 5, "upgrade_item_type3_": 8, "upgrade_item_id3_": 7, "upgrade_item_num3_": 20, "upgrade_item_type4_": -1, "upgrade_item_id4_": -1, "upgrade_item_num4_": -1, "upgrade_item_type5_": -1, "upgrade_item_id5_": -1, "upgrade_item_num5_": -1, "upgrade_zeny_num_": 1000000, "guarantee_stone_cost_": 170, "guarantee_item_type1_": 2, "guarantee_item_id1_": 0, "guarantee_item_num1_": 76540000, "guarantee_item_type2_": 19, "guarantee_item_id2_": 3, "guarantee_item_num2_": 35, "guarantee_item_type3_": 8, "guarantee_item_id3_": 7, "guarantee_item_num3_": 110, "guarantee_item_type4_": 8, "guarantee_item_id4_": 0, "guarantee_item_num4_": 200, "guarantee_item_type5_": -1, "guarantee_item_id5_": -1, "guarantee_item_num5_": -1, "guarantee_zeny_num_": 500000}, {"cost_id_": 1, "target_slot_": 2, "step_num_": 9, "upgrade_stone_cost_": 60, "upgrade_item_type1_": 2, "upgrade_item_id1_": 0, "upgrade_item_num1_": 35000000, "upgrade_item_type2_": 19, "upgrade_item_id2_": 3, "upgrade_item_num2_": 5, "upgrade_item_type3_": 8, "upgrade_item_id3_": 7, "upgrade_item_num3_": 20, "upgrade_item_type4_": -1, "upgrade_item_id4_": -1, "upgrade_item_num4_": -1, "upgrade_item_type5_": -1, "upgrade_item_id5_": -1, "upgrade_item_num5_": -1, "upgrade_zeny_num_": 1000000, "guarantee_stone_cost_": 190, "guarantee_item_type1_": 2, "guarantee_item_id1_": 0, "guarantee_item_num1_": 75980000, "guarantee_item_type2_": 19, "guarantee_item_id2_": 3, "guarantee_item_num2_": 35, "guarantee_item_type3_": 8, "guarantee_item_id3_": 7, "guarantee_item_num3_": 120, "guarantee_item_type4_": 8, "guarantee_item_id4_": 0, "guarantee_item_num4_": 200, "guarantee_item_type5_": -1, "guarantee_item_id5_": -1, "guarantee_item_num5_": -1, "guarantee_zeny_num_": 500000}, {"cost_id_": 1, "target_slot_": 3, "step_num_": 0, "upgrade_stone_cost_": 20, "upgrade_item_type1_": 2, "upgrade_item_id1_": 0, "upgrade_item_num1_": 5000000, "upgrade_item_type2_": 19, "upgrade_item_id2_": 3, "upgrade_item_num2_": 5, "upgrade_item_type3_": 8, "upgrade_item_id3_": 7, "upgrade_item_num3_": 10, "upgrade_item_type4_": -1, "upgrade_item_id4_": -1, "upgrade_item_num4_": -1, "upgrade_item_type5_": -1, "upgrade_item_id5_": -1, "upgrade_item_num5_": -1, "upgrade_zeny_num_": 1000000, "guarantee_stone_cost_": 130, "guarantee_item_type1_": 2, "guarantee_item_id1_": 0, "guarantee_item_num1_": 65500000, "guarantee_item_type2_": 19, "guarantee_item_id2_": 3, "guarantee_item_num2_": 25, "guarantee_item_type3_": 8, "guarantee_item_id3_": 7, "guarantee_item_num3_": 40, "guarantee_item_type4_": 8, "guarantee_item_id4_": 0, "guarantee_item_num4_": 100, "guarantee_item_type5_": -1, "guarantee_item_id5_": -1, "guarantee_item_num5_": -1, "guarantee_zeny_num_": 500000}, {"cost_id_": 1, "target_slot_": 3, "step_num_": 1, "upgrade_stone_cost_": 20, "upgrade_item_type1_": 2, "upgrade_item_id1_": 0, "upgrade_item_num1_": 8000000, "upgrade_item_type2_": 19, "upgrade_item_id2_": 3, "upgrade_item_num2_": 5, "upgrade_item_type3_": 8, "upgrade_item_id3_": 7, "upgrade_item_num3_": 10, "upgrade_item_type4_": -1, "upgrade_item_id4_": -1, "upgrade_item_num4_": -1, "upgrade_item_type5_": -1, "upgrade_item_id5_": -1, "upgrade_item_num5_": -1, "upgrade_zeny_num_": 1000000, "guarantee_stone_cost_": 130, "guarantee_item_type1_": 2, "guarantee_item_id1_": 0, "guarantee_item_num1_": 66180000, "guarantee_item_type2_": 19, "guarantee_item_id2_": 3, "guarantee_item_num2_": 27, "guarantee_item_type3_": 8, "guarantee_item_id3_": 7, "guarantee_item_num3_": 50, "guarantee_item_type4_": 8, "guarantee_item_id4_": 0, "guarantee_item_num4_": 100, "guarantee_item_type5_": -1, "guarantee_item_id5_": -1, "guarantee_item_num5_": -1, "guarantee_zeny_num_": 500000}, {"cost_id_": 1, "target_slot_": 3, "step_num_": 2, "upgrade_stone_cost_": 30, "upgrade_item_type1_": 2, "upgrade_item_id1_": 0, "upgrade_item_num1_": 11000000, "upgrade_item_type2_": 19, "upgrade_item_id2_": 3, "upgrade_item_num2_": 5, "upgrade_item_type3_": 8, "upgrade_item_id3_": 7, "upgrade_item_num3_": 10, "upgrade_item_type4_": -1, "upgrade_item_id4_": -1, "upgrade_item_num4_": -1, "upgrade_item_type5_": -1, "upgrade_item_id5_": -1, "upgrade_item_num5_": -1, "upgrade_zeny_num_": 1000000, "guarantee_stone_cost_": 140, "guarantee_item_type1_": 2, "guarantee_item_id1_": 0, "guarantee_item_num1_": 67020000, "guarantee_item_type2_": 19, "guarantee_item_id2_": 3, "guarantee_item_num2_": 27, "guarantee_item_type3_": 8, "guarantee_item_id3_": 7, "guarantee_item_num3_": 60, "guarantee_item_type4_": 8, "guarantee_item_id4_": 0, "guarantee_item_num4_": 150, "guarantee_item_type5_": -1, "guarantee_item_id5_": -1, "guarantee_item_num5_": -1, "guarantee_zeny_num_": 500000}, {"cost_id_": 1, "target_slot_": 3, "step_num_": 3, "upgrade_stone_cost_": 30, "upgrade_item_type1_": 2, "upgrade_item_id1_": 0, "upgrade_item_num1_": 14000000, "upgrade_item_type2_": 19, "upgrade_item_id2_": 3, "upgrade_item_num2_": 5, "upgrade_item_type3_": 8, "upgrade_item_id3_": 7, "upgrade_item_num3_": 10, "upgrade_item_type4_": -1, "upgrade_item_id4_": -1, "upgrade_item_num4_": -1, "upgrade_item_type5_": -1, "upgrade_item_id5_": -1, "upgrade_item_num5_": -1, "upgrade_zeny_num_": 1000000, "guarantee_stone_cost_": 140, "guarantee_item_type1_": 2, "guarantee_item_id1_": 0, "guarantee_item_num1_": 68020000, "guarantee_item_type2_": 19, "guarantee_item_id2_": 3, "guarantee_item_num2_": 30, "guarantee_item_type3_": 8, "guarantee_item_id3_": 7, "guarantee_item_num3_": 70, "guarantee_item_type4_": 8, "guarantee_item_id4_": 0, "guarantee_item_num4_": 150, "guarantee_item_type5_": -1, "guarantee_item_id5_": -1, "guarantee_item_num5_": -1, "guarantee_zeny_num_": 500000}, {"cost_id_": 1, "target_slot_": 3, "step_num_": 4, "upgrade_stone_cost_": 40, "upgrade_item_type1_": 2, "upgrade_item_id1_": 0, "upgrade_item_num1_": 17000000, "upgrade_item_type2_": 19, "upgrade_item_id2_": 3, "upgrade_item_num2_": 5, "upgrade_item_type3_": 8, "upgrade_item_id3_": 7, "upgrade_item_num3_": 10, "upgrade_item_type4_": -1, "upgrade_item_id4_": -1, "upgrade_item_num4_": -1, "upgrade_item_type5_": -1, "upgrade_item_id5_": -1, "upgrade_item_num5_": -1, "upgrade_zeny_num_": 1000000, "guarantee_stone_cost_": 150, "guarantee_item_type1_": 2, "guarantee_item_id1_": 0, "guarantee_item_num1_": 69340000, "guarantee_item_type2_": 19, "guarantee_item_id2_": 3, "guarantee_item_num2_": 30, "guarantee_item_type3_": 8, "guarantee_item_id3_": 7, "guarantee_item_num3_": 80, "guarantee_item_type4_": 8, "guarantee_item_id4_": 0, "guarantee_item_num4_": 150, "guarantee_item_type5_": -1, "guarantee_item_id5_": -1, "guarantee_item_num5_": -1, "guarantee_zeny_num_": 500000}, {"cost_id_": 1, "target_slot_": 3, "step_num_": 5, "upgrade_stone_cost_": 40, "upgrade_item_type1_": 2, "upgrade_item_id1_": 0, "upgrade_item_num1_": 20000000, "upgrade_item_type2_": 19, "upgrade_item_id2_": 3, "upgrade_item_num2_": 5, "upgrade_item_type3_": 8, "upgrade_item_id3_": 7, "upgrade_item_num3_": 20, "upgrade_item_type4_": -1, "upgrade_item_id4_": -1, "upgrade_item_num4_": -1, "upgrade_item_type5_": -1, "upgrade_item_id5_": -1, "upgrade_item_num5_": -1, "upgrade_zeny_num_": 1000000, "guarantee_stone_cost_": 150, "guarantee_item_type1_": 2, "guarantee_item_id1_": 0, "guarantee_item_num1_": 70820000, "guarantee_item_type2_": 19, "guarantee_item_id2_": 3, "guarantee_item_num2_": 30, "guarantee_item_type3_": 8, "guarantee_item_id3_": 7, "guarantee_item_num3_": 80, "guarantee_item_type4_": 8, "guarantee_item_id4_": 0, "guarantee_item_num4_": 200, "guarantee_item_type5_": -1, "guarantee_item_id5_": -1, "guarantee_item_num5_": -1, "guarantee_zeny_num_": 500000}, {"cost_id_": 1, "target_slot_": 3, "step_num_": 6, "upgrade_stone_cost_": 50, "upgrade_item_type1_": 2, "upgrade_item_id1_": 0, "upgrade_item_num1_": 23000000, "upgrade_item_type2_": 19, "upgrade_item_id2_": 3, "upgrade_item_num2_": 5, "upgrade_item_type3_": 8, "upgrade_item_id3_": 7, "upgrade_item_num3_": 20, "upgrade_item_type4_": -1, "upgrade_item_id4_": -1, "upgrade_item_num4_": -1, "upgrade_item_type5_": -1, "upgrade_item_id5_": -1, "upgrade_item_num5_": -1, "upgrade_zeny_num_": 1000000, "guarantee_stone_cost_": 160, "guarantee_item_type1_": 2, "guarantee_item_id1_": 0, "guarantee_item_num1_": 72460000, "guarantee_item_type2_": 19, "guarantee_item_id2_": 3, "guarantee_item_num2_": 33, "guarantee_item_type3_": 8, "guarantee_item_id3_": 7, "guarantee_item_num3_": 90, "guarantee_item_type4_": 8, "guarantee_item_id4_": 0, "guarantee_item_num4_": 200, "guarantee_item_type5_": -1, "guarantee_item_id5_": -1, "guarantee_item_num5_": -1, "guarantee_zeny_num_": 500000}, {"cost_id_": 1, "target_slot_": 3, "step_num_": 7, "upgrade_stone_cost_": 50, "upgrade_item_type1_": 2, "upgrade_item_id1_": 0, "upgrade_item_num1_": 26000000, "upgrade_item_type2_": 19, "upgrade_item_id2_": 3, "upgrade_item_num2_": 5, "upgrade_item_type3_": 8, "upgrade_item_id3_": 7, "upgrade_item_num3_": 20, "upgrade_item_type4_": -1, "upgrade_item_id4_": -1, "upgrade_item_num4_": -1, "upgrade_item_type5_": -1, "upgrade_item_id5_": -1, "upgrade_item_num5_": -1, "upgrade_zeny_num_": 1000000, "guarantee_stone_cost_": 160, "guarantee_item_type1_": 2, "guarantee_item_id1_": 0, "guarantee_item_num1_": 74420000, "guarantee_item_type2_": 19, "guarantee_item_id2_": 3, "guarantee_item_num2_": 33, "guarantee_item_type3_": 8, "guarantee_item_id3_": 7, "guarantee_item_num3_": 100, "guarantee_item_type4_": 8, "guarantee_item_id4_": 0, "guarantee_item_num4_": 200, "guarantee_item_type5_": -1, "guarantee_item_id5_": -1, "guarantee_item_num5_": -1, "guarantee_zeny_num_": 500000}, {"cost_id_": 1, "target_slot_": 3, "step_num_": 8, "upgrade_stone_cost_": 60, "upgrade_item_type1_": 2, "upgrade_item_id1_": 0, "upgrade_item_num1_": 29000000, "upgrade_item_type2_": 19, "upgrade_item_id2_": 3, "upgrade_item_num2_": 5, "upgrade_item_type3_": 8, "upgrade_item_id3_": 7, "upgrade_item_num3_": 20, "upgrade_item_type4_": -1, "upgrade_item_id4_": -1, "upgrade_item_num4_": -1, "upgrade_item_type5_": -1, "upgrade_item_id5_": -1, "upgrade_item_num5_": -1, "upgrade_zeny_num_": 1000000, "guarantee_stone_cost_": 170, "guarantee_item_type1_": 2, "guarantee_item_id1_": 0, "guarantee_item_num1_": 76540000, "guarantee_item_type2_": 19, "guarantee_item_id2_": 3, "guarantee_item_num2_": 35, "guarantee_item_type3_": 8, "guarantee_item_id3_": 7, "guarantee_item_num3_": 110, "guarantee_item_type4_": 8, "guarantee_item_id4_": 0, "guarantee_item_num4_": 200, "guarantee_item_type5_": -1, "guarantee_item_id5_": -1, "guarantee_item_num5_": -1, "guarantee_zeny_num_": 500000}, {"cost_id_": 1, "target_slot_": 3, "step_num_": 9, "upgrade_stone_cost_": 60, "upgrade_item_type1_": 2, "upgrade_item_id1_": 0, "upgrade_item_num1_": 35000000, "upgrade_item_type2_": 19, "upgrade_item_id2_": 3, "upgrade_item_num2_": 5, "upgrade_item_type3_": 8, "upgrade_item_id3_": 7, "upgrade_item_num3_": 20, "upgrade_item_type4_": -1, "upgrade_item_id4_": -1, "upgrade_item_num4_": -1, "upgrade_item_type5_": -1, "upgrade_item_id5_": -1, "upgrade_item_num5_": -1, "upgrade_zeny_num_": 1000000, "guarantee_stone_cost_": 190, "guarantee_item_type1_": 2, "guarantee_item_id1_": 0, "guarantee_item_num1_": 75980000, "guarantee_item_type2_": 19, "guarantee_item_id2_": 3, "guarantee_item_num2_": 35, "guarantee_item_type3_": 8, "guarantee_item_id3_": 7, "guarantee_item_num3_": 120, "guarantee_item_type4_": 8, "guarantee_item_id4_": 0, "guarantee_item_num4_": 200, "guarantee_item_type5_": -1, "guarantee_item_id5_": -1, "guarantee_item_num5_": -1, "guarantee_zeny_num_": 500000}, {"cost_id_": 5, "target_slot_": 2, "step_num_": 0, "upgrade_stone_cost_": 20, "upgrade_item_type1_": 2, "upgrade_item_id1_": 0, "upgrade_item_num1_": 5000000, "upgrade_item_type2_": 19, "upgrade_item_id2_": 3, "upgrade_item_num2_": 5, "upgrade_item_type3_": 8, "upgrade_item_id3_": 7, "upgrade_item_num3_": 10, "upgrade_item_type4_": -1, "upgrade_item_id4_": -1, "upgrade_item_num4_": -1, "upgrade_item_type5_": -1, "upgrade_item_id5_": -1, "upgrade_item_num5_": -1, "upgrade_zeny_num_": 1000000, "guarantee_stone_cost_": 180, "guarantee_item_type1_": 2, "guarantee_item_id1_": 0, "guarantee_item_num1_": 88540000, "guarantee_item_type2_": 19, "guarantee_item_id2_": 3, "guarantee_item_num2_": 45, "guarantee_item_type3_": 8, "guarantee_item_id3_": 7, "guarantee_item_num3_": 90, "guarantee_item_type4_": 8, "guarantee_item_id4_": 0, "guarantee_item_num4_": 300, "guarantee_item_type5_": -1, "guarantee_item_id5_": -1, "guarantee_item_num5_": -1, "guarantee_zeny_num_": 500000}, {"cost_id_": 5, "target_slot_": 2, "step_num_": 1, "upgrade_stone_cost_": 20, "upgrade_item_type1_": 2, "upgrade_item_id1_": 0, "upgrade_item_num1_": 8000000, "upgrade_item_type2_": 19, "upgrade_item_id2_": 3, "upgrade_item_num2_": 5, "upgrade_item_type3_": 8, "upgrade_item_id3_": 7, "upgrade_item_num3_": 10, "upgrade_item_type4_": -1, "upgrade_item_id4_": -1, "upgrade_item_num4_": -1, "upgrade_item_type5_": -1, "upgrade_item_id5_": -1, "upgrade_item_num5_": -1, "upgrade_zeny_num_": 1000000, "guarantee_stone_cost_": 180, "guarantee_item_type1_": 2, "guarantee_item_id1_": 0, "guarantee_item_num1_": 90468000, "guarantee_item_type2_": 19, "guarantee_item_id2_": 3, "guarantee_item_num2_": 47, "guarantee_item_type3_": 8, "guarantee_item_id3_": 7, "guarantee_item_num3_": 140, "guarantee_item_type4_": 8, "guarantee_item_id4_": 0, "guarantee_item_num4_": 300, "guarantee_item_type5_": -1, "guarantee_item_id5_": -1, "guarantee_item_num5_": -1, "guarantee_zeny_num_": 500000}, {"cost_id_": 5, "target_slot_": 2, "step_num_": 2, "upgrade_stone_cost_": 30, "upgrade_item_type1_": 2, "upgrade_item_id1_": 0, "upgrade_item_num1_": 11000000, "upgrade_item_type2_": 19, "upgrade_item_id2_": 3, "upgrade_item_num2_": 5, "upgrade_item_type3_": 8, "upgrade_item_id3_": 7, "upgrade_item_num3_": 10, "upgrade_item_type4_": -1, "upgrade_item_id4_": -1, "upgrade_item_num4_": -1, "upgrade_item_type5_": -1, "upgrade_item_id5_": -1, "upgrade_item_num5_": -1, "upgrade_zeny_num_": 1000000, "guarantee_stone_cost_": 190, "guarantee_item_type1_": 2, "guarantee_item_id1_": 0, "guarantee_item_num1_": 92572000, "guarantee_item_type2_": 19, "guarantee_item_id2_": 3, "guarantee_item_num2_": 47, "guarantee_item_type3_": 8, "guarantee_item_id3_": 7, "guarantee_item_num3_": 190, "guarantee_item_type4_": 8, "guarantee_item_id4_": 0, "guarantee_item_num4_": 350, "guarantee_item_type5_": -1, "guarantee_item_id5_": -1, "guarantee_item_num5_": -1, "guarantee_zeny_num_": 500000}, {"cost_id_": 5, "target_slot_": 2, "step_num_": 3, "upgrade_stone_cost_": 30, "upgrade_item_type1_": 2, "upgrade_item_id1_": 0, "upgrade_item_num1_": 14000000, "upgrade_item_type2_": 19, "upgrade_item_id2_": 3, "upgrade_item_num2_": 5, "upgrade_item_type3_": 8, "upgrade_item_id3_": 7, "upgrade_item_num3_": 10, "upgrade_item_type4_": -1, "upgrade_item_id4_": -1, "upgrade_item_num4_": -1, "upgrade_item_type5_": -1, "upgrade_item_id5_": -1, "upgrade_item_num5_": -1, "upgrade_zeny_num_": 1000000, "guarantee_stone_cost_": 190, "guarantee_item_type1_": 2, "guarantee_item_id1_": 0, "guarantee_item_num1_": 94852000, "guarantee_item_type2_": 19, "guarantee_item_id2_": 3, "guarantee_item_num2_": 50, "guarantee_item_type3_": 8, "guarantee_item_id3_": 7, "guarantee_item_num3_": 240, "guarantee_item_type4_": 8, "guarantee_item_id4_": 0, "guarantee_item_num4_": 350, "guarantee_item_type5_": -1, "guarantee_item_id5_": -1, "guarantee_item_num5_": -1, "guarantee_zeny_num_": 500000}, {"cost_id_": 5, "target_slot_": 2, "step_num_": 4, "upgrade_stone_cost_": 40, "upgrade_item_type1_": 2, "upgrade_item_id1_": 0, "upgrade_item_num1_": 17000000, "upgrade_item_type2_": 19, "upgrade_item_id2_": 3, "upgrade_item_num2_": 5, "upgrade_item_type3_": 8, "upgrade_item_id3_": 7, "upgrade_item_num3_": 10, "upgrade_item_type4_": -1, "upgrade_item_id4_": -1, "upgrade_item_num4_": -1, "upgrade_item_type5_": -1, "upgrade_item_id5_": -1, "upgrade_item_num5_": -1, "upgrade_zeny_num_": 1000000, "guarantee_stone_cost_": 200, "guarantee_item_type1_": 2, "guarantee_item_id1_": 0, "guarantee_item_num1_": 97484000, "guarantee_item_type2_": 19, "guarantee_item_id2_": 3, "guarantee_item_num2_": 50, "guarantee_item_type3_": 8, "guarantee_item_id3_": 7, "guarantee_item_num3_": 290, "guarantee_item_type4_": 8, "guarantee_item_id4_": 0, "guarantee_item_num4_": 350, "guarantee_item_type5_": -1, "guarantee_item_id5_": -1, "guarantee_item_num5_": -1, "guarantee_zeny_num_": 500000}, {"cost_id_": 5, "target_slot_": 2, "step_num_": 5, "upgrade_stone_cost_": 40, "upgrade_item_type1_": 2, "upgrade_item_id1_": 0, "upgrade_item_num1_": 20000000, "upgrade_item_type2_": 19, "upgrade_item_id2_": 3, "upgrade_item_num2_": 5, "upgrade_item_type3_": 8, "upgrade_item_id3_": 7, "upgrade_item_num3_": 20, "upgrade_item_type4_": -1, "upgrade_item_id4_": -1, "upgrade_item_num4_": -1, "upgrade_item_type5_": -1, "upgrade_item_id5_": -1, "upgrade_item_num5_": -1, "upgrade_zeny_num_": 1000000, "guarantee_stone_cost_": 200, "guarantee_item_type1_": 2, "guarantee_item_id1_": 0, "guarantee_item_num1_": 100468000, "guarantee_item_type2_": 19, "guarantee_item_id2_": 3, "guarantee_item_num2_": 51, "guarantee_item_type3_": 8, "guarantee_item_id3_": 7, "guarantee_item_num3_": 330, "guarantee_item_type4_": 8, "guarantee_item_id4_": 0, "guarantee_item_num4_": 400, "guarantee_item_type5_": -1, "guarantee_item_id5_": -1, "guarantee_item_num5_": -1, "guarantee_zeny_num_": 500000}, {"cost_id_": 5, "target_slot_": 2, "step_num_": 6, "upgrade_stone_cost_": 50, "upgrade_item_type1_": 2, "upgrade_item_id1_": 0, "upgrade_item_num1_": 23000000, "upgrade_item_type2_": 19, "upgrade_item_id2_": 3, "upgrade_item_num2_": 5, "upgrade_item_type3_": 8, "upgrade_item_id3_": 7, "upgrade_item_num3_": 20, "upgrade_item_type4_": -1, "upgrade_item_id4_": -1, "upgrade_item_num4_": -1, "upgrade_item_type5_": -1, "upgrade_item_id5_": -1, "upgrade_item_num5_": -1, "upgrade_zeny_num_": 1000000, "guarantee_stone_cost_": 210, "guarantee_item_type1_": 2, "guarantee_item_id1_": 0, "guarantee_item_num1_": 103628000, "guarantee_item_type2_": 19, "guarantee_item_id2_": 3, "guarantee_item_num2_": 53, "guarantee_item_type3_": 8, "guarantee_item_id3_": 7, "guarantee_item_num3_": 380, "guarantee_item_type4_": 8, "guarantee_item_id4_": 0, "guarantee_item_num4_": 400, "guarantee_item_type5_": -1, "guarantee_item_id5_": -1, "guarantee_item_num5_": -1, "guarantee_zeny_num_": 500000}, {"cost_id_": 5, "target_slot_": 2, "step_num_": 7, "upgrade_stone_cost_": 50, "upgrade_item_type1_": 2, "upgrade_item_id1_": 0, "upgrade_item_num1_": 26000000, "upgrade_item_type2_": 19, "upgrade_item_id2_": 3, "upgrade_item_num2_": 5, "upgrade_item_type3_": 8, "upgrade_item_id3_": 7, "upgrade_item_num3_": 20, "upgrade_item_type4_": -1, "upgrade_item_id4_": -1, "upgrade_item_num4_": -1, "upgrade_item_type5_": -1, "upgrade_item_id5_": -1, "upgrade_item_num5_": -1, "upgrade_zeny_num_": 1000000, "guarantee_stone_cost_": 210, "guarantee_item_type1_": 2, "guarantee_item_id1_": 0, "guarantee_item_num1_": 107140000, "guarantee_item_type2_": 19, "guarantee_item_id2_": 3, "guarantee_item_num2_": 53, "guarantee_item_type3_": 8, "guarantee_item_id3_": 7, "guarantee_item_num3_": 430, "guarantee_item_type4_": 8, "guarantee_item_id4_": 0, "guarantee_item_num4_": 400, "guarantee_item_type5_": -1, "guarantee_item_id5_": -1, "guarantee_item_num5_": -1, "guarantee_zeny_num_": 500000}, {"cost_id_": 5, "target_slot_": 2, "step_num_": 8, "upgrade_stone_cost_": 60, "upgrade_item_type1_": 2, "upgrade_item_id1_": 0, "upgrade_item_num1_": 29000000, "upgrade_item_type2_": 19, "upgrade_item_id2_": 3, "upgrade_item_num2_": 5, "upgrade_item_type3_": 8, "upgrade_item_id3_": 7, "upgrade_item_num3_": 20, "upgrade_item_type4_": -1, "upgrade_item_id4_": -1, "upgrade_item_num4_": -1, "upgrade_item_type5_": -1, "upgrade_item_id5_": -1, "upgrade_item_num5_": -1, "upgrade_zeny_num_": 1000000, "guarantee_stone_cost_": 220, "guarantee_item_type1_": 2, "guarantee_item_id1_": 0, "guarantee_item_num1_": 110828000, "guarantee_item_type2_": 19, "guarantee_item_id2_": 3, "guarantee_item_num2_": 55, "guarantee_item_type3_": 8, "guarantee_item_id3_": 7, "guarantee_item_num3_": 480, "guarantee_item_type4_": 8, "guarantee_item_id4_": 0, "guarantee_item_num4_": 400, "guarantee_item_type5_": -1, "guarantee_item_id5_": -1, "guarantee_item_num5_": -1, "guarantee_zeny_num_": 500000}, {"cost_id_": 5, "target_slot_": 2, "step_num_": 9, "upgrade_stone_cost_": 60, "upgrade_item_type1_": 2, "upgrade_item_id1_": 0, "upgrade_item_num1_": 35000000, "upgrade_item_type2_": 19, "upgrade_item_id2_": 3, "upgrade_item_num2_": 5, "upgrade_item_type3_": 8, "upgrade_item_id3_": 7, "upgrade_item_num3_": 20, "upgrade_item_type4_": -1, "upgrade_item_id4_": -1, "upgrade_item_num4_": -1, "upgrade_item_type5_": -1, "upgrade_item_id5_": -1, "upgrade_item_num5_": -1, "upgrade_zeny_num_": 1000000, "guarantee_stone_cost_": 240, "guarantee_item_type1_": 2, "guarantee_item_id1_": 0, "guarantee_item_num1_": 112044000, "guarantee_item_type2_": 19, "guarantee_item_id2_": 3, "guarantee_item_num2_": 55, "guarantee_item_type3_": 8, "guarantee_item_id3_": 7, "guarantee_item_num3_": 530, "guarantee_item_type4_": 8, "guarantee_item_id4_": 0, "guarantee_item_num4_": 400, "guarantee_item_type5_": -1, "guarantee_item_id5_": -1, "guarantee_item_num5_": -1, "guarantee_zeny_num_": 500000}, {"cost_id_": 5, "target_slot_": 3, "step_num_": 0, "upgrade_stone_cost_": 20, "upgrade_item_type1_": 2, "upgrade_item_id1_": 0, "upgrade_item_num1_": 5000000, "upgrade_item_type2_": 19, "upgrade_item_id2_": 3, "upgrade_item_num2_": 5, "upgrade_item_type3_": 8, "upgrade_item_id3_": 7, "upgrade_item_num3_": 10, "upgrade_item_type4_": -1, "upgrade_item_id4_": -1, "upgrade_item_num4_": -1, "upgrade_item_type5_": -1, "upgrade_item_id5_": -1, "upgrade_item_num5_": -1, "upgrade_zeny_num_": 1000000, "guarantee_stone_cost_": 180, "guarantee_item_type1_": 2, "guarantee_item_id1_": 0, "guarantee_item_num1_": 88540000, "guarantee_item_type2_": 19, "guarantee_item_id2_": 3, "guarantee_item_num2_": 45, "guarantee_item_type3_": 8, "guarantee_item_id3_": 7, "guarantee_item_num3_": 90, "guarantee_item_type4_": 8, "guarantee_item_id4_": 0, "guarantee_item_num4_": 300, "guarantee_item_type5_": -1, "guarantee_item_id5_": -1, "guarantee_item_num5_": -1, "guarantee_zeny_num_": 500000}, {"cost_id_": 5, "target_slot_": 3, "step_num_": 1, "upgrade_stone_cost_": 20, "upgrade_item_type1_": 2, "upgrade_item_id1_": 0, "upgrade_item_num1_": 8000000, "upgrade_item_type2_": 19, "upgrade_item_id2_": 3, "upgrade_item_num2_": 5, "upgrade_item_type3_": 8, "upgrade_item_id3_": 7, "upgrade_item_num3_": 10, "upgrade_item_type4_": -1, "upgrade_item_id4_": -1, "upgrade_item_num4_": -1, "upgrade_item_type5_": -1, "upgrade_item_id5_": -1, "upgrade_item_num5_": -1, "upgrade_zeny_num_": 1000000, "guarantee_stone_cost_": 180, "guarantee_item_type1_": 2, "guarantee_item_id1_": 0, "guarantee_item_num1_": 90468000, "guarantee_item_type2_": 19, "guarantee_item_id2_": 3, "guarantee_item_num2_": 47, "guarantee_item_type3_": 8, "guarantee_item_id3_": 7, "guarantee_item_num3_": 140, "guarantee_item_type4_": 8, "guarantee_item_id4_": 0, "guarantee_item_num4_": 300, "guarantee_item_type5_": -1, "guarantee_item_id5_": -1, "guarantee_item_num5_": -1, "guarantee_zeny_num_": 500000}, {"cost_id_": 5, "target_slot_": 3, "step_num_": 2, "upgrade_stone_cost_": 30, "upgrade_item_type1_": 2, "upgrade_item_id1_": 0, "upgrade_item_num1_": 11000000, "upgrade_item_type2_": 19, "upgrade_item_id2_": 3, "upgrade_item_num2_": 5, "upgrade_item_type3_": 8, "upgrade_item_id3_": 7, "upgrade_item_num3_": 10, "upgrade_item_type4_": -1, "upgrade_item_id4_": -1, "upgrade_item_num4_": -1, "upgrade_item_type5_": -1, "upgrade_item_id5_": -1, "upgrade_item_num5_": -1, "upgrade_zeny_num_": 1000000, "guarantee_stone_cost_": 190, "guarantee_item_type1_": 2, "guarantee_item_id1_": 0, "guarantee_item_num1_": 92572000, "guarantee_item_type2_": 19, "guarantee_item_id2_": 3, "guarantee_item_num2_": 47, "guarantee_item_type3_": 8, "guarantee_item_id3_": 7, "guarantee_item_num3_": 190, "guarantee_item_type4_": 8, "guarantee_item_id4_": 0, "guarantee_item_num4_": 350, "guarantee_item_type5_": -1, "guarantee_item_id5_": -1, "guarantee_item_num5_": -1, "guarantee_zeny_num_": 500000}, {"cost_id_": 5, "target_slot_": 3, "step_num_": 3, "upgrade_stone_cost_": 30, "upgrade_item_type1_": 2, "upgrade_item_id1_": 0, "upgrade_item_num1_": 14000000, "upgrade_item_type2_": 19, "upgrade_item_id2_": 3, "upgrade_item_num2_": 5, "upgrade_item_type3_": 8, "upgrade_item_id3_": 7, "upgrade_item_num3_": 10, "upgrade_item_type4_": -1, "upgrade_item_id4_": -1, "upgrade_item_num4_": -1, "upgrade_item_type5_": -1, "upgrade_item_id5_": -1, "upgrade_item_num5_": -1, "upgrade_zeny_num_": 1000000, "guarantee_stone_cost_": 190, "guarantee_item_type1_": 2, "guarantee_item_id1_": 0, "guarantee_item_num1_": 94852000, "guarantee_item_type2_": 19, "guarantee_item_id2_": 3, "guarantee_item_num2_": 50, "guarantee_item_type3_": 8, "guarantee_item_id3_": 7, "guarantee_item_num3_": 240, "guarantee_item_type4_": 8, "guarantee_item_id4_": 0, "guarantee_item_num4_": 350, "guarantee_item_type5_": -1, "guarantee_item_id5_": -1, "guarantee_item_num5_": -1, "guarantee_zeny_num_": 500000}, {"cost_id_": 5, "target_slot_": 3, "step_num_": 4, "upgrade_stone_cost_": 40, "upgrade_item_type1_": 2, "upgrade_item_id1_": 0, "upgrade_item_num1_": 17000000, "upgrade_item_type2_": 19, "upgrade_item_id2_": 3, "upgrade_item_num2_": 5, "upgrade_item_type3_": 8, "upgrade_item_id3_": 7, "upgrade_item_num3_": 10, "upgrade_item_type4_": -1, "upgrade_item_id4_": -1, "upgrade_item_num4_": -1, "upgrade_item_type5_": -1, "upgrade_item_id5_": -1, "upgrade_item_num5_": -1, "upgrade_zeny_num_": 1000000, "guarantee_stone_cost_": 200, "guarantee_item_type1_": 2, "guarantee_item_id1_": 0, "guarantee_item_num1_": 97484000, "guarantee_item_type2_": 19, "guarantee_item_id2_": 3, "guarantee_item_num2_": 50, "guarantee_item_type3_": 8, "guarantee_item_id3_": 7, "guarantee_item_num3_": 290, "guarantee_item_type4_": 8, "guarantee_item_id4_": 0, "guarantee_item_num4_": 350, "guarantee_item_type5_": -1, "guarantee_item_id5_": -1, "guarantee_item_num5_": -1, "guarantee_zeny_num_": 500000}, {"cost_id_": 5, "target_slot_": 3, "step_num_": 5, "upgrade_stone_cost_": 40, "upgrade_item_type1_": 2, "upgrade_item_id1_": 0, "upgrade_item_num1_": 20000000, "upgrade_item_type2_": 19, "upgrade_item_id2_": 3, "upgrade_item_num2_": 5, "upgrade_item_type3_": 8, "upgrade_item_id3_": 7, "upgrade_item_num3_": 20, "upgrade_item_type4_": -1, "upgrade_item_id4_": -1, "upgrade_item_num4_": -1, "upgrade_item_type5_": -1, "upgrade_item_id5_": -1, "upgrade_item_num5_": -1, "upgrade_zeny_num_": 1000000, "guarantee_stone_cost_": 200, "guarantee_item_type1_": 2, "guarantee_item_id1_": 0, "guarantee_item_num1_": 100468000, "guarantee_item_type2_": 19, "guarantee_item_id2_": 3, "guarantee_item_num2_": 51, "guarantee_item_type3_": 8, "guarantee_item_id3_": 7, "guarantee_item_num3_": 330, "guarantee_item_type4_": 8, "guarantee_item_id4_": 0, "guarantee_item_num4_": 400, "guarantee_item_type5_": -1, "guarantee_item_id5_": -1, "guarantee_item_num5_": -1, "guarantee_zeny_num_": 500000}, {"cost_id_": 5, "target_slot_": 3, "step_num_": 6, "upgrade_stone_cost_": 50, "upgrade_item_type1_": 2, "upgrade_item_id1_": 0, "upgrade_item_num1_": 23000000, "upgrade_item_type2_": 19, "upgrade_item_id2_": 3, "upgrade_item_num2_": 5, "upgrade_item_type3_": 8, "upgrade_item_id3_": 7, "upgrade_item_num3_": 20, "upgrade_item_type4_": -1, "upgrade_item_id4_": -1, "upgrade_item_num4_": -1, "upgrade_item_type5_": -1, "upgrade_item_id5_": -1, "upgrade_item_num5_": -1, "upgrade_zeny_num_": 1000000, "guarantee_stone_cost_": 210, "guarantee_item_type1_": 2, "guarantee_item_id1_": 0, "guarantee_item_num1_": 103628000, "guarantee_item_type2_": 19, "guarantee_item_id2_": 3, "guarantee_item_num2_": 53, "guarantee_item_type3_": 8, "guarantee_item_id3_": 7, "guarantee_item_num3_": 380, "guarantee_item_type4_": 8, "guarantee_item_id4_": 0, "guarantee_item_num4_": 400, "guarantee_item_type5_": -1, "guarantee_item_id5_": -1, "guarantee_item_num5_": -1, "guarantee_zeny_num_": 500000}, {"cost_id_": 5, "target_slot_": 3, "step_num_": 7, "upgrade_stone_cost_": 50, "upgrade_item_type1_": 2, "upgrade_item_id1_": 0, "upgrade_item_num1_": 26000000, "upgrade_item_type2_": 19, "upgrade_item_id2_": 3, "upgrade_item_num2_": 5, "upgrade_item_type3_": 8, "upgrade_item_id3_": 7, "upgrade_item_num3_": 20, "upgrade_item_type4_": -1, "upgrade_item_id4_": -1, "upgrade_item_num4_": -1, "upgrade_item_type5_": -1, "upgrade_item_id5_": -1, "upgrade_item_num5_": -1, "upgrade_zeny_num_": 1000000, "guarantee_stone_cost_": 210, "guarantee_item_type1_": 2, "guarantee_item_id1_": 0, "guarantee_item_num1_": 107140000, "guarantee_item_type2_": 19, "guarantee_item_id2_": 3, "guarantee_item_num2_": 53, "guarantee_item_type3_": 8, "guarantee_item_id3_": 7, "guarantee_item_num3_": 430, "guarantee_item_type4_": 8, "guarantee_item_id4_": 0, "guarantee_item_num4_": 400, "guarantee_item_type5_": -1, "guarantee_item_id5_": -1, "guarantee_item_num5_": -1, "guarantee_zeny_num_": 500000}, {"cost_id_": 5, "target_slot_": 3, "step_num_": 8, "upgrade_stone_cost_": 60, "upgrade_item_type1_": 2, "upgrade_item_id1_": 0, "upgrade_item_num1_": 29000000, "upgrade_item_type2_": 19, "upgrade_item_id2_": 3, "upgrade_item_num2_": 5, "upgrade_item_type3_": 8, "upgrade_item_id3_": 7, "upgrade_item_num3_": 20, "upgrade_item_type4_": -1, "upgrade_item_id4_": -1, "upgrade_item_num4_": -1, "upgrade_item_type5_": -1, "upgrade_item_id5_": -1, "upgrade_item_num5_": -1, "upgrade_zeny_num_": 1000000, "guarantee_stone_cost_": 220, "guarantee_item_type1_": 2, "guarantee_item_id1_": 0, "guarantee_item_num1_": 110828000, "guarantee_item_type2_": 19, "guarantee_item_id2_": 3, "guarantee_item_num2_": 55, "guarantee_item_type3_": 8, "guarantee_item_id3_": 7, "guarantee_item_num3_": 480, "guarantee_item_type4_": 8, "guarantee_item_id4_": 0, "guarantee_item_num4_": 400, "guarantee_item_type5_": -1, "guarantee_item_id5_": -1, "guarantee_item_num5_": -1, "guarantee_zeny_num_": 500000}, {"cost_id_": 5, "target_slot_": 3, "step_num_": 9, "upgrade_stone_cost_": 60, "upgrade_item_type1_": 2, "upgrade_item_id1_": 0, "upgrade_item_num1_": 35000000, "upgrade_item_type2_": 19, "upgrade_item_id2_": 3, "upgrade_item_num2_": 5, "upgrade_item_type3_": 8, "upgrade_item_id3_": 7, "upgrade_item_num3_": 20, "upgrade_item_type4_": -1, "upgrade_item_id4_": -1, "upgrade_item_num4_": -1, "upgrade_item_type5_": -1, "upgrade_item_id5_": -1, "upgrade_item_num5_": -1, "upgrade_zeny_num_": 1000000, "guarantee_stone_cost_": 240, "guarantee_item_type1_": 2, "guarantee_item_id1_": 0, "guarantee_item_num1_": 112044000, "guarantee_item_type2_": 19, "guarantee_item_id2_": 3, "guarantee_item_num2_": 55, "guarantee_item_type3_": 8, "guarantee_item_id3_": 7, "guarantee_item_num3_": 530, "guarantee_item_type4_": 8, "guarantee_item_id4_": 0, "guarantee_item_num4_": 400, "guarantee_item_type5_": -1, "guarantee_item_id5_": -1, "guarantee_item_num5_": -1, "guarantee_zeny_num_": 500000}, {"cost_id_": 10, "target_slot_": 2, "step_num_": 0, "upgrade_stone_cost_": 20, "upgrade_item_type1_": 2, "upgrade_item_id1_": 0, "upgrade_item_num1_": 5000000, "upgrade_item_type2_": 19, "upgrade_item_id2_": 3, "upgrade_item_num2_": 5, "upgrade_item_type3_": 8, "upgrade_item_id3_": 7, "upgrade_item_num3_": 10, "upgrade_item_type4_": -1, "upgrade_item_id4_": -1, "upgrade_item_num4_": -1, "upgrade_item_type5_": -1, "upgrade_item_id5_": -1, "upgrade_item_num5_": -1, "upgrade_zeny_num_": 1000000, "guarantee_stone_cost_": 130, "guarantee_item_type1_": 2, "guarantee_item_id1_": 0, "guarantee_item_num1_": 79900000, "guarantee_item_type2_": 19, "guarantee_item_id2_": 3, "guarantee_item_num2_": 35, "guarantee_item_type3_": 8, "guarantee_item_id3_": 7, "guarantee_item_num3_": 40, "guarantee_item_type4_": 8, "guarantee_item_id4_": 0, "guarantee_item_num4_": 100, "guarantee_item_type5_": -1, "guarantee_item_id5_": -1, "guarantee_item_num5_": -1, "guarantee_zeny_num_": 500000}, {"cost_id_": 10, "target_slot_": 2, "step_num_": 1, "upgrade_stone_cost_": 20, "upgrade_item_type1_": 2, "upgrade_item_id1_": 0, "upgrade_item_num1_": 8000000, "upgrade_item_type2_": 19, "upgrade_item_id2_": 3, "upgrade_item_num2_": 5, "upgrade_item_type3_": 8, "upgrade_item_id3_": 7, "upgrade_item_num3_": 10, "upgrade_item_type4_": -1, "upgrade_item_id4_": -1, "upgrade_item_num4_": -1, "upgrade_item_type5_": -1, "upgrade_item_id5_": -1, "upgrade_item_num5_": -1, "upgrade_zeny_num_": 1000000, "guarantee_stone_cost_": 130, "guarantee_item_type1_": 2, "guarantee_item_id1_": 0, "guarantee_item_num1_": 81380000, "guarantee_item_type2_": 19, "guarantee_item_id2_": 3, "guarantee_item_num2_": 37, "guarantee_item_type3_": 8, "guarantee_item_id3_": 7, "guarantee_item_num3_": 50, "guarantee_item_type4_": 8, "guarantee_item_id4_": 0, "guarantee_item_num4_": 100, "guarantee_item_type5_": -1, "guarantee_item_id5_": -1, "guarantee_item_num5_": -1, "guarantee_zeny_num_": 500000}, {"cost_id_": 10, "target_slot_": 2, "step_num_": 2, "upgrade_stone_cost_": 30, "upgrade_item_type1_": 2, "upgrade_item_id1_": 0, "upgrade_item_num1_": 11000000, "upgrade_item_type2_": 19, "upgrade_item_id2_": 3, "upgrade_item_num2_": 5, "upgrade_item_type3_": 8, "upgrade_item_id3_": 7, "upgrade_item_num3_": 10, "upgrade_item_type4_": -1, "upgrade_item_id4_": -1, "upgrade_item_num4_": -1, "upgrade_item_type5_": -1, "upgrade_item_id5_": -1, "upgrade_item_num5_": -1, "upgrade_zeny_num_": 1000000, "guarantee_stone_cost_": 140, "guarantee_item_type1_": 2, "guarantee_item_id1_": 0, "guarantee_item_num1_": 83020000, "guarantee_item_type2_": 19, "guarantee_item_id2_": 3, "guarantee_item_num2_": 37, "guarantee_item_type3_": 8, "guarantee_item_id3_": 7, "guarantee_item_num3_": 60, "guarantee_item_type4_": 8, "guarantee_item_id4_": 0, "guarantee_item_num4_": 150, "guarantee_item_type5_": -1, "guarantee_item_id5_": -1, "guarantee_item_num5_": -1, "guarantee_zeny_num_": 500000}, {"cost_id_": 10, "target_slot_": 2, "step_num_": 3, "upgrade_stone_cost_": 30, "upgrade_item_type1_": 2, "upgrade_item_id1_": 0, "upgrade_item_num1_": 14000000, "upgrade_item_type2_": 19, "upgrade_item_id2_": 3, "upgrade_item_num2_": 5, "upgrade_item_type3_": 8, "upgrade_item_id3_": 7, "upgrade_item_num3_": 10, "upgrade_item_type4_": -1, "upgrade_item_id4_": -1, "upgrade_item_num4_": -1, "upgrade_item_type5_": -1, "upgrade_item_id5_": -1, "upgrade_item_num5_": -1, "upgrade_zeny_num_": 1000000, "guarantee_stone_cost_": 140, "guarantee_item_type1_": 2, "guarantee_item_id1_": 0, "guarantee_item_num1_": 84820000, "guarantee_item_type2_": 19, "guarantee_item_id2_": 3, "guarantee_item_num2_": 40, "guarantee_item_type3_": 8, "guarantee_item_id3_": 7, "guarantee_item_num3_": 70, "guarantee_item_type4_": 8, "guarantee_item_id4_": 0, "guarantee_item_num4_": 150, "guarantee_item_type5_": -1, "guarantee_item_id5_": -1, "guarantee_item_num5_": -1, "guarantee_zeny_num_": 500000}, {"cost_id_": 10, "target_slot_": 2, "step_num_": 4, "upgrade_stone_cost_": 40, "upgrade_item_type1_": 2, "upgrade_item_id1_": 0, "upgrade_item_num1_": 17000000, "upgrade_item_type2_": 19, "upgrade_item_id2_": 3, "upgrade_item_num2_": 5, "upgrade_item_type3_": 8, "upgrade_item_id3_": 7, "upgrade_item_num3_": 10, "upgrade_item_type4_": -1, "upgrade_item_id4_": -1, "upgrade_item_num4_": -1, "upgrade_item_type5_": -1, "upgrade_item_id5_": -1, "upgrade_item_num5_": -1, "upgrade_zeny_num_": 1000000, "guarantee_stone_cost_": 150, "guarantee_item_type1_": 2, "guarantee_item_id1_": 0, "guarantee_item_num1_": 86940000, "guarantee_item_type2_": 19, "guarantee_item_id2_": 3, "guarantee_item_num2_": 40, "guarantee_item_type3_": 8, "guarantee_item_id3_": 7, "guarantee_item_num3_": 80, "guarantee_item_type4_": 8, "guarantee_item_id4_": 0, "guarantee_item_num4_": 150, "guarantee_item_type5_": -1, "guarantee_item_id5_": -1, "guarantee_item_num5_": -1, "guarantee_zeny_num_": 500000}, {"cost_id_": 10, "target_slot_": 2, "step_num_": 5, "upgrade_stone_cost_": 40, "upgrade_item_type1_": 2, "upgrade_item_id1_": 0, "upgrade_item_num1_": 20000000, "upgrade_item_type2_": 19, "upgrade_item_id2_": 3, "upgrade_item_num2_": 5, "upgrade_item_type3_": 8, "upgrade_item_id3_": 7, "upgrade_item_num3_": 20, "upgrade_item_type4_": -1, "upgrade_item_id4_": -1, "upgrade_item_num4_": -1, "upgrade_item_type5_": -1, "upgrade_item_id5_": -1, "upgrade_item_num5_": -1, "upgrade_zeny_num_": 1000000, "guarantee_stone_cost_": 150, "guarantee_item_type1_": 2, "guarantee_item_id1_": 0, "guarantee_item_num1_": 89380000, "guarantee_item_type2_": 19, "guarantee_item_id2_": 3, "guarantee_item_num2_": 40, "guarantee_item_type3_": 8, "guarantee_item_id3_": 7, "guarantee_item_num3_": 80, "guarantee_item_type4_": 8, "guarantee_item_id4_": 0, "guarantee_item_num4_": 200, "guarantee_item_type5_": -1, "guarantee_item_id5_": -1, "guarantee_item_num5_": -1, "guarantee_zeny_num_": 500000}, {"cost_id_": 10, "target_slot_": 2, "step_num_": 6, "upgrade_stone_cost_": 50, "upgrade_item_type1_": 2, "upgrade_item_id1_": 0, "upgrade_item_num1_": 23000000, "upgrade_item_type2_": 19, "upgrade_item_id2_": 3, "upgrade_item_num2_": 5, "upgrade_item_type3_": 8, "upgrade_item_id3_": 7, "upgrade_item_num3_": 20, "upgrade_item_type4_": -1, "upgrade_item_id4_": -1, "upgrade_item_num4_": -1, "upgrade_item_type5_": -1, "upgrade_item_id5_": -1, "upgrade_item_num5_": -1, "upgrade_zeny_num_": 1000000, "guarantee_stone_cost_": 160, "guarantee_item_type1_": 2, "guarantee_item_id1_": 0, "guarantee_item_num1_": 91980000, "guarantee_item_type2_": 19, "guarantee_item_id2_": 3, "guarantee_item_num2_": 43, "guarantee_item_type3_": 8, "guarantee_item_id3_": 7, "guarantee_item_num3_": 90, "guarantee_item_type4_": 8, "guarantee_item_id4_": 0, "guarantee_item_num4_": 200, "guarantee_item_type5_": -1, "guarantee_item_id5_": -1, "guarantee_item_num5_": -1, "guarantee_zeny_num_": 500000}, {"cost_id_": 10, "target_slot_": 2, "step_num_": 7, "upgrade_stone_cost_": 50, "upgrade_item_type1_": 2, "upgrade_item_id1_": 0, "upgrade_item_num1_": 26000000, "upgrade_item_type2_": 19, "upgrade_item_id2_": 3, "upgrade_item_num2_": 5, "upgrade_item_type3_": 8, "upgrade_item_id3_": 7, "upgrade_item_num3_": 20, "upgrade_item_type4_": -1, "upgrade_item_id4_": -1, "upgrade_item_num4_": -1, "upgrade_item_type5_": -1, "upgrade_item_id5_": -1, "upgrade_item_num5_": -1, "upgrade_zeny_num_": 1000000, "guarantee_stone_cost_": 160, "guarantee_item_type1_": 2, "guarantee_item_id1_": 0, "guarantee_item_num1_": 94900000, "guarantee_item_type2_": 19, "guarantee_item_id2_": 3, "guarantee_item_num2_": 43, "guarantee_item_type3_": 8, "guarantee_item_id3_": 7, "guarantee_item_num3_": 100, "guarantee_item_type4_": 8, "guarantee_item_id4_": 0, "guarantee_item_num4_": 200, "guarantee_item_type5_": -1, "guarantee_item_id5_": -1, "guarantee_item_num5_": -1, "guarantee_zeny_num_": 500000}, {"cost_id_": 10, "target_slot_": 2, "step_num_": 8, "upgrade_stone_cost_": 60, "upgrade_item_type1_": 2, "upgrade_item_id1_": 0, "upgrade_item_num1_": 29000000, "upgrade_item_type2_": 19, "upgrade_item_id2_": 3, "upgrade_item_num2_": 5, "upgrade_item_type3_": 8, "upgrade_item_id3_": 7, "upgrade_item_num3_": 20, "upgrade_item_type4_": -1, "upgrade_item_id4_": -1, "upgrade_item_num4_": -1, "upgrade_item_type5_": -1, "upgrade_item_id5_": -1, "upgrade_item_num5_": -1, "upgrade_zeny_num_": 1000000, "guarantee_stone_cost_": 170, "guarantee_item_type1_": 2, "guarantee_item_id1_": 0, "guarantee_item_num1_": 97980000, "guarantee_item_type2_": 19, "guarantee_item_id2_": 3, "guarantee_item_num2_": 45, "guarantee_item_type3_": 8, "guarantee_item_id3_": 7, "guarantee_item_num3_": 110, "guarantee_item_type4_": 8, "guarantee_item_id4_": 0, "guarantee_item_num4_": 200, "guarantee_item_type5_": -1, "guarantee_item_id5_": -1, "guarantee_item_num5_": -1, "guarantee_zeny_num_": 500000}, {"cost_id_": 10, "target_slot_": 2, "step_num_": 9, "upgrade_stone_cost_": 60, "upgrade_item_type1_": 2, "upgrade_item_id1_": 0, "upgrade_item_num1_": 35000000, "upgrade_item_type2_": 19, "upgrade_item_id2_": 3, "upgrade_item_num2_": 5, "upgrade_item_type3_": 8, "upgrade_item_id3_": 7, "upgrade_item_num3_": 20, "upgrade_item_type4_": -1, "upgrade_item_id4_": -1, "upgrade_item_num4_": -1, "upgrade_item_type5_": -1, "upgrade_item_id5_": -1, "upgrade_item_num5_": -1, "upgrade_zeny_num_": 1000000, "guarantee_stone_cost_": 190, "guarantee_item_type1_": 2, "guarantee_item_id1_": 0, "guarantee_item_num1_": 98540000, "guarantee_item_type2_": 19, "guarantee_item_id2_": 3, "guarantee_item_num2_": 45, "guarantee_item_type3_": 8, "guarantee_item_id3_": 7, "guarantee_item_num3_": 120, "guarantee_item_type4_": 8, "guarantee_item_id4_": 0, "guarantee_item_num4_": 200, "guarantee_item_type5_": -1, "guarantee_item_id5_": -1, "guarantee_item_num5_": -1, "guarantee_zeny_num_": 500000}, {"cost_id_": 10, "target_slot_": 3, "step_num_": 0, "upgrade_stone_cost_": 20, "upgrade_item_type1_": 2, "upgrade_item_id1_": 0, "upgrade_item_num1_": 5000000, "upgrade_item_type2_": 19, "upgrade_item_id2_": 3, "upgrade_item_num2_": 5, "upgrade_item_type3_": 8, "upgrade_item_id3_": 7, "upgrade_item_num3_": 10, "upgrade_item_type4_": -1, "upgrade_item_id4_": -1, "upgrade_item_num4_": -1, "upgrade_item_type5_": -1, "upgrade_item_id5_": -1, "upgrade_item_num5_": -1, "upgrade_zeny_num_": 1000000, "guarantee_stone_cost_": 130, "guarantee_item_type1_": 2, "guarantee_item_id1_": 0, "guarantee_item_num1_": 79900000, "guarantee_item_type2_": 19, "guarantee_item_id2_": 3, "guarantee_item_num2_": 35, "guarantee_item_type3_": 8, "guarantee_item_id3_": 7, "guarantee_item_num3_": 40, "guarantee_item_type4_": 8, "guarantee_item_id4_": 0, "guarantee_item_num4_": 100, "guarantee_item_type5_": -1, "guarantee_item_id5_": -1, "guarantee_item_num5_": -1, "guarantee_zeny_num_": 500000}, {"cost_id_": 10, "target_slot_": 3, "step_num_": 1, "upgrade_stone_cost_": 20, "upgrade_item_type1_": 2, "upgrade_item_id1_": 0, "upgrade_item_num1_": 8000000, "upgrade_item_type2_": 19, "upgrade_item_id2_": 3, "upgrade_item_num2_": 5, "upgrade_item_type3_": 8, "upgrade_item_id3_": 7, "upgrade_item_num3_": 10, "upgrade_item_type4_": -1, "upgrade_item_id4_": -1, "upgrade_item_num4_": -1, "upgrade_item_type5_": -1, "upgrade_item_id5_": -1, "upgrade_item_num5_": -1, "upgrade_zeny_num_": 1000000, "guarantee_stone_cost_": 130, "guarantee_item_type1_": 2, "guarantee_item_id1_": 0, "guarantee_item_num1_": 81380000, "guarantee_item_type2_": 19, "guarantee_item_id2_": 3, "guarantee_item_num2_": 37, "guarantee_item_type3_": 8, "guarantee_item_id3_": 7, "guarantee_item_num3_": 50, "guarantee_item_type4_": 8, "guarantee_item_id4_": 0, "guarantee_item_num4_": 100, "guarantee_item_type5_": -1, "guarantee_item_id5_": -1, "guarantee_item_num5_": -1, "guarantee_zeny_num_": 500000}, {"cost_id_": 10, "target_slot_": 3, "step_num_": 2, "upgrade_stone_cost_": 30, "upgrade_item_type1_": 2, "upgrade_item_id1_": 0, "upgrade_item_num1_": 11000000, "upgrade_item_type2_": 19, "upgrade_item_id2_": 3, "upgrade_item_num2_": 5, "upgrade_item_type3_": 8, "upgrade_item_id3_": 7, "upgrade_item_num3_": 10, "upgrade_item_type4_": -1, "upgrade_item_id4_": -1, "upgrade_item_num4_": -1, "upgrade_item_type5_": -1, "upgrade_item_id5_": -1, "upgrade_item_num5_": -1, "upgrade_zeny_num_": 1000000, "guarantee_stone_cost_": 140, "guarantee_item_type1_": 2, "guarantee_item_id1_": 0, "guarantee_item_num1_": 83020000, "guarantee_item_type2_": 19, "guarantee_item_id2_": 3, "guarantee_item_num2_": 37, "guarantee_item_type3_": 8, "guarantee_item_id3_": 7, "guarantee_item_num3_": 60, "guarantee_item_type4_": 8, "guarantee_item_id4_": 0, "guarantee_item_num4_": 150, "guarantee_item_type5_": -1, "guarantee_item_id5_": -1, "guarantee_item_num5_": -1, "guarantee_zeny_num_": 500000}, {"cost_id_": 10, "target_slot_": 3, "step_num_": 3, "upgrade_stone_cost_": 30, "upgrade_item_type1_": 2, "upgrade_item_id1_": 0, "upgrade_item_num1_": 14000000, "upgrade_item_type2_": 19, "upgrade_item_id2_": 3, "upgrade_item_num2_": 5, "upgrade_item_type3_": 8, "upgrade_item_id3_": 7, "upgrade_item_num3_": 10, "upgrade_item_type4_": -1, "upgrade_item_id4_": -1, "upgrade_item_num4_": -1, "upgrade_item_type5_": -1, "upgrade_item_id5_": -1, "upgrade_item_num5_": -1, "upgrade_zeny_num_": 1000000, "guarantee_stone_cost_": 140, "guarantee_item_type1_": 2, "guarantee_item_id1_": 0, "guarantee_item_num1_": 84820000, "guarantee_item_type2_": 19, "guarantee_item_id2_": 3, "guarantee_item_num2_": 40, "guarantee_item_type3_": 8, "guarantee_item_id3_": 7, "guarantee_item_num3_": 70, "guarantee_item_type4_": 8, "guarantee_item_id4_": 0, "guarantee_item_num4_": 150, "guarantee_item_type5_": -1, "guarantee_item_id5_": -1, "guarantee_item_num5_": -1, "guarantee_zeny_num_": 500000}, {"cost_id_": 10, "target_slot_": 3, "step_num_": 4, "upgrade_stone_cost_": 40, "upgrade_item_type1_": 2, "upgrade_item_id1_": 0, "upgrade_item_num1_": 17000000, "upgrade_item_type2_": 19, "upgrade_item_id2_": 3, "upgrade_item_num2_": 5, "upgrade_item_type3_": 8, "upgrade_item_id3_": 7, "upgrade_item_num3_": 10, "upgrade_item_type4_": -1, "upgrade_item_id4_": -1, "upgrade_item_num4_": -1, "upgrade_item_type5_": -1, "upgrade_item_id5_": -1, "upgrade_item_num5_": -1, "upgrade_zeny_num_": 1000000, "guarantee_stone_cost_": 150, "guarantee_item_type1_": 2, "guarantee_item_id1_": 0, "guarantee_item_num1_": 86940000, "guarantee_item_type2_": 19, "guarantee_item_id2_": 3, "guarantee_item_num2_": 40, "guarantee_item_type3_": 8, "guarantee_item_id3_": 7, "guarantee_item_num3_": 80, "guarantee_item_type4_": 8, "guarantee_item_id4_": 0, "guarantee_item_num4_": 150, "guarantee_item_type5_": -1, "guarantee_item_id5_": -1, "guarantee_item_num5_": -1, "guarantee_zeny_num_": 500000}, {"cost_id_": 10, "target_slot_": 3, "step_num_": 5, "upgrade_stone_cost_": 40, "upgrade_item_type1_": 2, "upgrade_item_id1_": 0, "upgrade_item_num1_": 20000000, "upgrade_item_type2_": 19, "upgrade_item_id2_": 3, "upgrade_item_num2_": 5, "upgrade_item_type3_": 8, "upgrade_item_id3_": 7, "upgrade_item_num3_": 20, "upgrade_item_type4_": -1, "upgrade_item_id4_": -1, "upgrade_item_num4_": -1, "upgrade_item_type5_": -1, "upgrade_item_id5_": -1, "upgrade_item_num5_": -1, "upgrade_zeny_num_": 1000000, "guarantee_stone_cost_": 150, "guarantee_item_type1_": 2, "guarantee_item_id1_": 0, "guarantee_item_num1_": 89380000, "guarantee_item_type2_": 19, "guarantee_item_id2_": 3, "guarantee_item_num2_": 40, "guarantee_item_type3_": 8, "guarantee_item_id3_": 7, "guarantee_item_num3_": 80, "guarantee_item_type4_": 8, "guarantee_item_id4_": 0, "guarantee_item_num4_": 200, "guarantee_item_type5_": -1, "guarantee_item_id5_": -1, "guarantee_item_num5_": -1, "guarantee_zeny_num_": 500000}, {"cost_id_": 10, "target_slot_": 3, "step_num_": 6, "upgrade_stone_cost_": 50, "upgrade_item_type1_": 2, "upgrade_item_id1_": 0, "upgrade_item_num1_": 23000000, "upgrade_item_type2_": 19, "upgrade_item_id2_": 3, "upgrade_item_num2_": 5, "upgrade_item_type3_": 8, "upgrade_item_id3_": 7, "upgrade_item_num3_": 20, "upgrade_item_type4_": -1, "upgrade_item_id4_": -1, "upgrade_item_num4_": -1, "upgrade_item_type5_": -1, "upgrade_item_id5_": -1, "upgrade_item_num5_": -1, "upgrade_zeny_num_": 1000000, "guarantee_stone_cost_": 160, "guarantee_item_type1_": 2, "guarantee_item_id1_": 0, "guarantee_item_num1_": 91980000, "guarantee_item_type2_": 19, "guarantee_item_id2_": 3, "guarantee_item_num2_": 43, "guarantee_item_type3_": 8, "guarantee_item_id3_": 7, "guarantee_item_num3_": 90, "guarantee_item_type4_": 8, "guarantee_item_id4_": 0, "guarantee_item_num4_": 200, "guarantee_item_type5_": -1, "guarantee_item_id5_": -1, "guarantee_item_num5_": -1, "guarantee_zeny_num_": 500000}, {"cost_id_": 10, "target_slot_": 3, "step_num_": 7, "upgrade_stone_cost_": 50, "upgrade_item_type1_": 2, "upgrade_item_id1_": 0, "upgrade_item_num1_": 26000000, "upgrade_item_type2_": 19, "upgrade_item_id2_": 3, "upgrade_item_num2_": 5, "upgrade_item_type3_": 8, "upgrade_item_id3_": 7, "upgrade_item_num3_": 20, "upgrade_item_type4_": -1, "upgrade_item_id4_": -1, "upgrade_item_num4_": -1, "upgrade_item_type5_": -1, "upgrade_item_id5_": -1, "upgrade_item_num5_": -1, "upgrade_zeny_num_": 1000000, "guarantee_stone_cost_": 160, "guarantee_item_type1_": 2, "guarantee_item_id1_": 0, "guarantee_item_num1_": 94900000, "guarantee_item_type2_": 19, "guarantee_item_id2_": 3, "guarantee_item_num2_": 43, "guarantee_item_type3_": 8, "guarantee_item_id3_": 7, "guarantee_item_num3_": 100, "guarantee_item_type4_": 8, "guarantee_item_id4_": 0, "guarantee_item_num4_": 200, "guarantee_item_type5_": -1, "guarantee_item_id5_": -1, "guarantee_item_num5_": -1, "guarantee_zeny_num_": 500000}, {"cost_id_": 10, "target_slot_": 3, "step_num_": 8, "upgrade_stone_cost_": 60, "upgrade_item_type1_": 2, "upgrade_item_id1_": 0, "upgrade_item_num1_": 29000000, "upgrade_item_type2_": 19, "upgrade_item_id2_": 3, "upgrade_item_num2_": 5, "upgrade_item_type3_": 8, "upgrade_item_id3_": 7, "upgrade_item_num3_": 20, "upgrade_item_type4_": -1, "upgrade_item_id4_": -1, "upgrade_item_num4_": -1, "upgrade_item_type5_": -1, "upgrade_item_id5_": -1, "upgrade_item_num5_": -1, "upgrade_zeny_num_": 1000000, "guarantee_stone_cost_": 170, "guarantee_item_type1_": 2, "guarantee_item_id1_": 0, "guarantee_item_num1_": 97980000, "guarantee_item_type2_": 19, "guarantee_item_id2_": 3, "guarantee_item_num2_": 45, "guarantee_item_type3_": 8, "guarantee_item_id3_": 7, "guarantee_item_num3_": 110, "guarantee_item_type4_": 8, "guarantee_item_id4_": 0, "guarantee_item_num4_": 200, "guarantee_item_type5_": -1, "guarantee_item_id5_": -1, "guarantee_item_num5_": -1, "guarantee_zeny_num_": 500000}, {"cost_id_": 10, "target_slot_": 3, "step_num_": 9, "upgrade_stone_cost_": 60, "upgrade_item_type1_": 2, "upgrade_item_id1_": 0, "upgrade_item_num1_": 35000000, "upgrade_item_type2_": 19, "upgrade_item_id2_": 3, "upgrade_item_num2_": 5, "upgrade_item_type3_": 8, "upgrade_item_id3_": 7, "upgrade_item_num3_": 20, "upgrade_item_type4_": -1, "upgrade_item_id4_": -1, "upgrade_item_num4_": -1, "upgrade_item_type5_": -1, "upgrade_item_id5_": -1, "upgrade_item_num5_": -1, "upgrade_zeny_num_": 1000000, "guarantee_stone_cost_": 190, "guarantee_item_type1_": 2, "guarantee_item_id1_": 0, "guarantee_item_num1_": 98540000, "guarantee_item_type2_": 19, "guarantee_item_id2_": 3, "guarantee_item_num2_": 45, "guarantee_item_type3_": 8, "guarantee_item_id3_": 7, "guarantee_item_num3_": 120, "guarantee_item_type4_": 8, "guarantee_item_id4_": 0, "guarantee_item_num4_": 200, "guarantee_item_type5_": -1, "guarantee_item_id5_": -1, "guarantee_item_num5_": -1, "guarantee_zeny_num_": 500000}, {"cost_id_": 15, "target_slot_": 2, "step_num_": 0, "upgrade_stone_cost_": 20, "upgrade_item_type1_": 2, "upgrade_item_id1_": 0, "upgrade_item_num1_": 5000000, "upgrade_item_type2_": 19, "upgrade_item_id2_": 3, "upgrade_item_num2_": 5, "upgrade_item_type3_": 8, "upgrade_item_id3_": 7, "upgrade_item_num3_": 10, "upgrade_item_type4_": -1, "upgrade_item_id4_": -1, "upgrade_item_num4_": -1, "upgrade_item_type5_": -1, "upgrade_item_id5_": -1, "upgrade_item_num5_": -1, "upgrade_zeny_num_": 1000000, "guarantee_stone_cost_": 180, "guarantee_item_type1_": 2, "guarantee_item_id1_": 0, "guarantee_item_num1_": 93292000, "guarantee_item_type2_": 19, "guarantee_item_id2_": 3, "guarantee_item_num2_": 55, "guarantee_item_type3_": 8, "guarantee_item_id3_": 7, "guarantee_item_num3_": 90, "guarantee_item_type4_": 8, "guarantee_item_id4_": 0, "guarantee_item_num4_": 300, "guarantee_item_type5_": -1, "guarantee_item_id5_": -1, "guarantee_item_num5_": -1, "guarantee_zeny_num_": 500000}, {"cost_id_": 15, "target_slot_": 2, "step_num_": 1, "upgrade_stone_cost_": 20, "upgrade_item_type1_": 2, "upgrade_item_id1_": 0, "upgrade_item_num1_": 8000000, "upgrade_item_type2_": 19, "upgrade_item_id2_": 3, "upgrade_item_num2_": 5, "upgrade_item_type3_": 8, "upgrade_item_id3_": 7, "upgrade_item_num3_": 10, "upgrade_item_type4_": -1, "upgrade_item_id4_": -1, "upgrade_item_num4_": -1, "upgrade_item_type5_": -1, "upgrade_item_id5_": -1, "upgrade_item_num5_": -1, "upgrade_zeny_num_": 1000000, "guarantee_stone_cost_": 180, "guarantee_item_type1_": 2, "guarantee_item_id1_": 0, "guarantee_item_num1_": 95466400, "guarantee_item_type2_": 19, "guarantee_item_id2_": 3, "guarantee_item_num2_": 55, "guarantee_item_type3_": 8, "guarantee_item_id3_": 7, "guarantee_item_num3_": 140, "guarantee_item_type4_": 8, "guarantee_item_id4_": 0, "guarantee_item_num4_": 300, "guarantee_item_type5_": -1, "guarantee_item_id5_": -1, "guarantee_item_num5_": -1, "guarantee_zeny_num_": 500000}, {"cost_id_": 15, "target_slot_": 2, "step_num_": 2, "upgrade_stone_cost_": 30, "upgrade_item_type1_": 2, "upgrade_item_id1_": 0, "upgrade_item_num1_": 11000000, "upgrade_item_type2_": 19, "upgrade_item_id2_": 3, "upgrade_item_num2_": 5, "upgrade_item_type3_": 8, "upgrade_item_id3_": 7, "upgrade_item_num3_": 10, "upgrade_item_type4_": -1, "upgrade_item_id4_": -1, "upgrade_item_num4_": -1, "upgrade_item_type5_": -1, "upgrade_item_id5_": -1, "upgrade_item_num5_": -1, "upgrade_zeny_num_": 1000000, "guarantee_stone_cost_": 190, "guarantee_item_type1_": 2, "guarantee_item_id1_": 0, "guarantee_item_num1_": 97825600, "guarantee_item_type2_": 19, "guarantee_item_id2_": 3, "guarantee_item_num2_": 57, "guarantee_item_type3_": 8, "guarantee_item_id3_": 7, "guarantee_item_num3_": 190, "guarantee_item_type4_": 8, "guarantee_item_id4_": 0, "guarantee_item_num4_": 350, "guarantee_item_type5_": -1, "guarantee_item_id5_": -1, "guarantee_item_num5_": -1, "guarantee_zeny_num_": 500000}, {"cost_id_": 15, "target_slot_": 2, "step_num_": 3, "upgrade_stone_cost_": 30, "upgrade_item_type1_": 2, "upgrade_item_id1_": 0, "upgrade_item_num1_": 14000000, "upgrade_item_type2_": 19, "upgrade_item_id2_": 3, "upgrade_item_num2_": 5, "upgrade_item_type3_": 8, "upgrade_item_id3_": 7, "upgrade_item_num3_": 10, "upgrade_item_type4_": -1, "upgrade_item_id4_": -1, "upgrade_item_num4_": -1, "upgrade_item_type5_": -1, "upgrade_item_id5_": -1, "upgrade_item_num5_": -1, "upgrade_zeny_num_": 1000000, "guarantee_stone_cost_": 190, "guarantee_item_type1_": 2, "guarantee_item_id1_": 0, "guarantee_item_num1_": 100369600, "guarantee_item_type2_": 19, "guarantee_item_id2_": 3, "guarantee_item_num2_": 57, "guarantee_item_type3_": 8, "guarantee_item_id3_": 7, "guarantee_item_num3_": 240, "guarantee_item_type4_": 8, "guarantee_item_id4_": 0, "guarantee_item_num4_": 350, "guarantee_item_type5_": -1, "guarantee_item_id5_": -1, "guarantee_item_num5_": -1, "guarantee_zeny_num_": 500000}, {"cost_id_": 15, "target_slot_": 2, "step_num_": 4, "upgrade_stone_cost_": 40, "upgrade_item_type1_": 2, "upgrade_item_id1_": 0, "upgrade_item_num1_": 17000000, "upgrade_item_type2_": 19, "upgrade_item_id2_": 3, "upgrade_item_num2_": 5, "upgrade_item_type3_": 8, "upgrade_item_id3_": 7, "upgrade_item_num3_": 10, "upgrade_item_type4_": -1, "upgrade_item_id4_": -1, "upgrade_item_num4_": -1, "upgrade_item_type5_": -1, "upgrade_item_id5_": -1, "upgrade_item_num5_": -1, "upgrade_zeny_num_": 1000000, "guarantee_stone_cost_": 200, "guarantee_item_type1_": 2, "guarantee_item_id1_": 0, "guarantee_item_num1_": 103283200, "guarantee_item_type2_": 19, "guarantee_item_id2_": 3, "guarantee_item_num2_": 60, "guarantee_item_type3_": 8, "guarantee_item_id3_": 7, "guarantee_item_num3_": 290, "guarantee_item_type4_": 8, "guarantee_item_id4_": 0, "guarantee_item_num4_": 350, "guarantee_item_type5_": -1, "guarantee_item_id5_": -1, "guarantee_item_num5_": -1, "guarantee_zeny_num_": 500000}, {"cost_id_": 15, "target_slot_": 2, "step_num_": 5, "upgrade_stone_cost_": 40, "upgrade_item_type1_": 2, "upgrade_item_id1_": 0, "upgrade_item_num1_": 20000000, "upgrade_item_type2_": 19, "upgrade_item_id2_": 3, "upgrade_item_num2_": 5, "upgrade_item_type3_": 8, "upgrade_item_id3_": 7, "upgrade_item_num3_": 20, "upgrade_item_type4_": -1, "upgrade_item_id4_": -1, "upgrade_item_num4_": -1, "upgrade_item_type5_": -1, "upgrade_item_id5_": -1, "upgrade_item_num5_": -1, "upgrade_zeny_num_": 1000000, "guarantee_stone_cost_": 200, "guarantee_item_type1_": 2, "guarantee_item_id1_": 0, "guarantee_item_num1_": 106566400, "guarantee_item_type2_": 19, "guarantee_item_id2_": 3, "guarantee_item_num2_": 60, "guarantee_item_type3_": 8, "guarantee_item_id3_": 7, "guarantee_item_num3_": 330, "guarantee_item_type4_": 8, "guarantee_item_id4_": 0, "guarantee_item_num4_": 400, "guarantee_item_type5_": -1, "guarantee_item_id5_": -1, "guarantee_item_num5_": -1, "guarantee_zeny_num_": 500000}, {"cost_id_": 15, "target_slot_": 2, "step_num_": 6, "upgrade_stone_cost_": 50, "upgrade_item_type1_": 2, "upgrade_item_id1_": 0, "upgrade_item_num1_": 23000000, "upgrade_item_type2_": 19, "upgrade_item_id2_": 3, "upgrade_item_num2_": 5, "upgrade_item_type3_": 8, "upgrade_item_id3_": 7, "upgrade_item_num3_": 20, "upgrade_item_type4_": -1, "upgrade_item_id4_": -1, "upgrade_item_num4_": -1, "upgrade_item_type5_": -1, "upgrade_item_id5_": -1, "upgrade_item_num5_": -1, "upgrade_zeny_num_": 1000000, "guarantee_stone_cost_": 210, "guarantee_item_type1_": 2, "guarantee_item_id1_": 0, "guarantee_item_num1_": 110034400, "guarantee_item_type2_": 19, "guarantee_item_id2_": 3, "guarantee_item_num2_": 63, "guarantee_item_type3_": 8, "guarantee_item_id3_": 7, "guarantee_item_num3_": 380, "guarantee_item_type4_": 8, "guarantee_item_id4_": 0, "guarantee_item_num4_": 400, "guarantee_item_type5_": -1, "guarantee_item_id5_": -1, "guarantee_item_num5_": -1, "guarantee_zeny_num_": 500000}, {"cost_id_": 15, "target_slot_": 2, "step_num_": 7, "upgrade_stone_cost_": 50, "upgrade_item_type1_": 2, "upgrade_item_id1_": 0, "upgrade_item_num1_": 26000000, "upgrade_item_type2_": 19, "upgrade_item_id2_": 3, "upgrade_item_num2_": 5, "upgrade_item_type3_": 8, "upgrade_item_id3_": 7, "upgrade_item_num3_": 20, "upgrade_item_type4_": -1, "upgrade_item_id4_": -1, "upgrade_item_num4_": -1, "upgrade_item_type5_": -1, "upgrade_item_id5_": -1, "upgrade_item_num5_": -1, "upgrade_zeny_num_": 1000000, "guarantee_stone_cost_": 210, "guarantee_item_type1_": 2, "guarantee_item_id1_": 0, "guarantee_item_num1_": 113872000, "guarantee_item_type2_": 19, "guarantee_item_id2_": 3, "guarantee_item_num2_": 63, "guarantee_item_type3_": 8, "guarantee_item_id3_": 7, "guarantee_item_num3_": 430, "guarantee_item_type4_": 8, "guarantee_item_id4_": 0, "guarantee_item_num4_": 400, "guarantee_item_type5_": -1, "guarantee_item_id5_": -1, "guarantee_item_num5_": -1, "guarantee_zeny_num_": 500000}, {"cost_id_": 15, "target_slot_": 2, "step_num_": 8, "upgrade_stone_cost_": 60, "upgrade_item_type1_": 2, "upgrade_item_id1_": 0, "upgrade_item_num1_": 29000000, "upgrade_item_type2_": 19, "upgrade_item_id2_": 3, "upgrade_item_num2_": 5, "upgrade_item_type3_": 8, "upgrade_item_id3_": 7, "upgrade_item_num3_": 20, "upgrade_item_type4_": -1, "upgrade_item_id4_": -1, "upgrade_item_num4_": -1, "upgrade_item_type5_": -1, "upgrade_item_id5_": -1, "upgrade_item_num5_": -1, "upgrade_zeny_num_": 1000000, "guarantee_stone_cost_": 220, "guarantee_item_type1_": 2, "guarantee_item_id1_": 0, "guarantee_item_num1_": 117894400, "guarantee_item_type2_": 19, "guarantee_item_id2_": 3, "guarantee_item_num2_": 65, "guarantee_item_type3_": 8, "guarantee_item_id3_": 7, "guarantee_item_num3_": 480, "guarantee_item_type4_": 8, "guarantee_item_id4_": 0, "guarantee_item_num4_": 400, "guarantee_item_type5_": -1, "guarantee_item_id5_": -1, "guarantee_item_num5_": -1, "guarantee_zeny_num_": 500000}, {"cost_id_": 15, "target_slot_": 2, "step_num_": 9, "upgrade_stone_cost_": 60, "upgrade_item_type1_": 2, "upgrade_item_id1_": 0, "upgrade_item_num1_": 35000000, "upgrade_item_type2_": 19, "upgrade_item_id2_": 3, "upgrade_item_num2_": 5, "upgrade_item_type3_": 8, "upgrade_item_id3_": 7, "upgrade_item_num3_": 20, "upgrade_item_type4_": -1, "upgrade_item_id4_": -1, "upgrade_item_num4_": -1, "upgrade_item_type5_": -1, "upgrade_item_id5_": -1, "upgrade_item_num5_": -1, "upgrade_zeny_num_": 1000000, "guarantee_stone_cost_": 240, "guarantee_item_type1_": 2, "guarantee_item_id1_": 0, "guarantee_item_num1_": 119471200, "guarantee_item_type2_": 19, "guarantee_item_id2_": 3, "guarantee_item_num2_": 65, "guarantee_item_type3_": 8, "guarantee_item_id3_": 7, "guarantee_item_num3_": 530, "guarantee_item_type4_": 8, "guarantee_item_id4_": 0, "guarantee_item_num4_": 400, "guarantee_item_type5_": -1, "guarantee_item_id5_": -1, "guarantee_item_num5_": -1, "guarantee_zeny_num_": 500000}, {"cost_id_": 15, "target_slot_": 3, "step_num_": 0, "upgrade_stone_cost_": 20, "upgrade_item_type1_": 2, "upgrade_item_id1_": 0, "upgrade_item_num1_": 5000000, "upgrade_item_type2_": 19, "upgrade_item_id2_": 3, "upgrade_item_num2_": 5, "upgrade_item_type3_": 8, "upgrade_item_id3_": 7, "upgrade_item_num3_": 10, "upgrade_item_type4_": -1, "upgrade_item_id4_": -1, "upgrade_item_num4_": -1, "upgrade_item_type5_": -1, "upgrade_item_id5_": -1, "upgrade_item_num5_": -1, "upgrade_zeny_num_": 1000000, "guarantee_stone_cost_": 180, "guarantee_item_type1_": 2, "guarantee_item_id1_": 0, "guarantee_item_num1_": 93292000, "guarantee_item_type2_": 19, "guarantee_item_id2_": 3, "guarantee_item_num2_": 55, "guarantee_item_type3_": 8, "guarantee_item_id3_": 7, "guarantee_item_num3_": 90, "guarantee_item_type4_": 8, "guarantee_item_id4_": 0, "guarantee_item_num4_": 300, "guarantee_item_type5_": -1, "guarantee_item_id5_": -1, "guarantee_item_num5_": -1, "guarantee_zeny_num_": 500000}, {"cost_id_": 15, "target_slot_": 3, "step_num_": 1, "upgrade_stone_cost_": 20, "upgrade_item_type1_": 2, "upgrade_item_id1_": 0, "upgrade_item_num1_": 8000000, "upgrade_item_type2_": 19, "upgrade_item_id2_": 3, "upgrade_item_num2_": 5, "upgrade_item_type3_": 8, "upgrade_item_id3_": 7, "upgrade_item_num3_": 10, "upgrade_item_type4_": -1, "upgrade_item_id4_": -1, "upgrade_item_num4_": -1, "upgrade_item_type5_": -1, "upgrade_item_id5_": -1, "upgrade_item_num5_": -1, "upgrade_zeny_num_": 1000000, "guarantee_stone_cost_": 180, "guarantee_item_type1_": 2, "guarantee_item_id1_": 0, "guarantee_item_num1_": 95466400, "guarantee_item_type2_": 19, "guarantee_item_id2_": 3, "guarantee_item_num2_": 55, "guarantee_item_type3_": 8, "guarantee_item_id3_": 7, "guarantee_item_num3_": 140, "guarantee_item_type4_": 8, "guarantee_item_id4_": 0, "guarantee_item_num4_": 300, "guarantee_item_type5_": -1, "guarantee_item_id5_": -1, "guarantee_item_num5_": -1, "guarantee_zeny_num_": 500000}, {"cost_id_": 15, "target_slot_": 3, "step_num_": 2, "upgrade_stone_cost_": 30, "upgrade_item_type1_": 2, "upgrade_item_id1_": 0, "upgrade_item_num1_": 11000000, "upgrade_item_type2_": 19, "upgrade_item_id2_": 3, "upgrade_item_num2_": 5, "upgrade_item_type3_": 8, "upgrade_item_id3_": 7, "upgrade_item_num3_": 10, "upgrade_item_type4_": -1, "upgrade_item_id4_": -1, "upgrade_item_num4_": -1, "upgrade_item_type5_": -1, "upgrade_item_id5_": -1, "upgrade_item_num5_": -1, "upgrade_zeny_num_": 1000000, "guarantee_stone_cost_": 190, "guarantee_item_type1_": 2, "guarantee_item_id1_": 0, "guarantee_item_num1_": 97825600, "guarantee_item_type2_": 19, "guarantee_item_id2_": 3, "guarantee_item_num2_": 57, "guarantee_item_type3_": 8, "guarantee_item_id3_": 7, "guarantee_item_num3_": 190, "guarantee_item_type4_": 8, "guarantee_item_id4_": 0, "guarantee_item_num4_": 350, "guarantee_item_type5_": -1, "guarantee_item_id5_": -1, "guarantee_item_num5_": -1, "guarantee_zeny_num_": 500000}, {"cost_id_": 15, "target_slot_": 3, "step_num_": 3, "upgrade_stone_cost_": 30, "upgrade_item_type1_": 2, "upgrade_item_id1_": 0, "upgrade_item_num1_": 14000000, "upgrade_item_type2_": 19, "upgrade_item_id2_": 3, "upgrade_item_num2_": 5, "upgrade_item_type3_": 8, "upgrade_item_id3_": 7, "upgrade_item_num3_": 10, "upgrade_item_type4_": -1, "upgrade_item_id4_": -1, "upgrade_item_num4_": -1, "upgrade_item_type5_": -1, "upgrade_item_id5_": -1, "upgrade_item_num5_": -1, "upgrade_zeny_num_": 1000000, "guarantee_stone_cost_": 190, "guarantee_item_type1_": 2, "guarantee_item_id1_": 0, "guarantee_item_num1_": 100369600, "guarantee_item_type2_": 19, "guarantee_item_id2_": 3, "guarantee_item_num2_": 57, "guarantee_item_type3_": 8, "guarantee_item_id3_": 7, "guarantee_item_num3_": 240, "guarantee_item_type4_": 8, "guarantee_item_id4_": 0, "guarantee_item_num4_": 350, "guarantee_item_type5_": -1, "guarantee_item_id5_": -1, "guarantee_item_num5_": -1, "guarantee_zeny_num_": 500000}, {"cost_id_": 15, "target_slot_": 3, "step_num_": 4, "upgrade_stone_cost_": 40, "upgrade_item_type1_": 2, "upgrade_item_id1_": 0, "upgrade_item_num1_": 17000000, "upgrade_item_type2_": 19, "upgrade_item_id2_": 3, "upgrade_item_num2_": 5, "upgrade_item_type3_": 8, "upgrade_item_id3_": 7, "upgrade_item_num3_": 10, "upgrade_item_type4_": -1, "upgrade_item_id4_": -1, "upgrade_item_num4_": -1, "upgrade_item_type5_": -1, "upgrade_item_id5_": -1, "upgrade_item_num5_": -1, "upgrade_zeny_num_": 1000000, "guarantee_stone_cost_": 200, "guarantee_item_type1_": 2, "guarantee_item_id1_": 0, "guarantee_item_num1_": 103283200, "guarantee_item_type2_": 19, "guarantee_item_id2_": 3, "guarantee_item_num2_": 60, "guarantee_item_type3_": 8, "guarantee_item_id3_": 7, "guarantee_item_num3_": 290, "guarantee_item_type4_": 8, "guarantee_item_id4_": 0, "guarantee_item_num4_": 350, "guarantee_item_type5_": -1, "guarantee_item_id5_": -1, "guarantee_item_num5_": -1, "guarantee_zeny_num_": 500000}, {"cost_id_": 15, "target_slot_": 3, "step_num_": 5, "upgrade_stone_cost_": 40, "upgrade_item_type1_": 2, "upgrade_item_id1_": 0, "upgrade_item_num1_": 20000000, "upgrade_item_type2_": 19, "upgrade_item_id2_": 3, "upgrade_item_num2_": 5, "upgrade_item_type3_": 8, "upgrade_item_id3_": 7, "upgrade_item_num3_": 20, "upgrade_item_type4_": -1, "upgrade_item_id4_": -1, "upgrade_item_num4_": -1, "upgrade_item_type5_": -1, "upgrade_item_id5_": -1, "upgrade_item_num5_": -1, "upgrade_zeny_num_": 1000000, "guarantee_stone_cost_": 200, "guarantee_item_type1_": 2, "guarantee_item_id1_": 0, "guarantee_item_num1_": 106566400, "guarantee_item_type2_": 19, "guarantee_item_id2_": 3, "guarantee_item_num2_": 60, "guarantee_item_type3_": 8, "guarantee_item_id3_": 7, "guarantee_item_num3_": 330, "guarantee_item_type4_": 8, "guarantee_item_id4_": 0, "guarantee_item_num4_": 400, "guarantee_item_type5_": -1, "guarantee_item_id5_": -1, "guarantee_item_num5_": -1, "guarantee_zeny_num_": 500000}, {"cost_id_": 15, "target_slot_": 3, "step_num_": 6, "upgrade_stone_cost_": 50, "upgrade_item_type1_": 2, "upgrade_item_id1_": 0, "upgrade_item_num1_": 23000000, "upgrade_item_type2_": 19, "upgrade_item_id2_": 3, "upgrade_item_num2_": 5, "upgrade_item_type3_": 8, "upgrade_item_id3_": 7, "upgrade_item_num3_": 20, "upgrade_item_type4_": -1, "upgrade_item_id4_": -1, "upgrade_item_num4_": -1, "upgrade_item_type5_": -1, "upgrade_item_id5_": -1, "upgrade_item_num5_": -1, "upgrade_zeny_num_": 1000000, "guarantee_stone_cost_": 210, "guarantee_item_type1_": 2, "guarantee_item_id1_": 0, "guarantee_item_num1_": 110034400, "guarantee_item_type2_": 19, "guarantee_item_id2_": 3, "guarantee_item_num2_": 63, "guarantee_item_type3_": 8, "guarantee_item_id3_": 7, "guarantee_item_num3_": 380, "guarantee_item_type4_": 8, "guarantee_item_id4_": 0, "guarantee_item_num4_": 400, "guarantee_item_type5_": -1, "guarantee_item_id5_": -1, "guarantee_item_num5_": -1, "guarantee_zeny_num_": 500000}, {"cost_id_": 15, "target_slot_": 3, "step_num_": 7, "upgrade_stone_cost_": 50, "upgrade_item_type1_": 2, "upgrade_item_id1_": 0, "upgrade_item_num1_": 26000000, "upgrade_item_type2_": 19, "upgrade_item_id2_": 3, "upgrade_item_num2_": 5, "upgrade_item_type3_": 8, "upgrade_item_id3_": 7, "upgrade_item_num3_": 20, "upgrade_item_type4_": -1, "upgrade_item_id4_": -1, "upgrade_item_num4_": -1, "upgrade_item_type5_": -1, "upgrade_item_id5_": -1, "upgrade_item_num5_": -1, "upgrade_zeny_num_": 1000000, "guarantee_stone_cost_": 210, "guarantee_item_type1_": 2, "guarantee_item_id1_": 0, "guarantee_item_num1_": 113872000, "guarantee_item_type2_": 19, "guarantee_item_id2_": 3, "guarantee_item_num2_": 63, "guarantee_item_type3_": 8, "guarantee_item_id3_": 7, "guarantee_item_num3_": 430, "guarantee_item_type4_": 8, "guarantee_item_id4_": 0, "guarantee_item_num4_": 400, "guarantee_item_type5_": -1, "guarantee_item_id5_": -1, "guarantee_item_num5_": -1, "guarantee_zeny_num_": 500000}, {"cost_id_": 15, "target_slot_": 3, "step_num_": 8, "upgrade_stone_cost_": 60, "upgrade_item_type1_": 2, "upgrade_item_id1_": 0, "upgrade_item_num1_": 29000000, "upgrade_item_type2_": 19, "upgrade_item_id2_": 3, "upgrade_item_num2_": 5, "upgrade_item_type3_": 8, "upgrade_item_id3_": 7, "upgrade_item_num3_": 20, "upgrade_item_type4_": -1, "upgrade_item_id4_": -1, "upgrade_item_num4_": -1, "upgrade_item_type5_": -1, "upgrade_item_id5_": -1, "upgrade_item_num5_": -1, "upgrade_zeny_num_": 1000000, "guarantee_stone_cost_": 220, "guarantee_item_type1_": 2, "guarantee_item_id1_": 0, "guarantee_item_num1_": 117894400, "guarantee_item_type2_": 19, "guarantee_item_id2_": 3, "guarantee_item_num2_": 65, "guarantee_item_type3_": 8, "guarantee_item_id3_": 7, "guarantee_item_num3_": 480, "guarantee_item_type4_": 8, "guarantee_item_id4_": 0, "guarantee_item_num4_": 400, "guarantee_item_type5_": -1, "guarantee_item_id5_": -1, "guarantee_item_num5_": -1, "guarantee_zeny_num_": 500000}, {"cost_id_": 15, "target_slot_": 3, "step_num_": 9, "upgrade_stone_cost_": 60, "upgrade_item_type1_": 2, "upgrade_item_id1_": 0, "upgrade_item_num1_": 35000000, "upgrade_item_type2_": 19, "upgrade_item_id2_": 3, "upgrade_item_num2_": 5, "upgrade_item_type3_": 8, "upgrade_item_id3_": 7, "upgrade_item_num3_": 20, "upgrade_item_type4_": -1, "upgrade_item_id4_": -1, "upgrade_item_num4_": -1, "upgrade_item_type5_": -1, "upgrade_item_id5_": -1, "upgrade_item_num5_": -1, "upgrade_zeny_num_": 1000000, "guarantee_stone_cost_": 240, "guarantee_item_type1_": 2, "guarantee_item_id1_": 0, "guarantee_item_num1_": 119471200, "guarantee_item_type2_": 19, "guarantee_item_id2_": 3, "guarantee_item_num2_": 65, "guarantee_item_type3_": 8, "guarantee_item_id3_": 7, "guarantee_item_num3_": 530, "guarantee_item_type4_": 8, "guarantee_item_id4_": 0, "guarantee_item_num4_": 400, "guarantee_item_type5_": -1, "guarantee_item_id5_": -1, "guarantee_item_num5_": -1, "guarantee_zeny_num_": 500000}]