[{"cost_id_": 1, "target_slot_": 2, "step_num_": 1, "step_stone_cost_": 5, "step_zeny_cost_": 2000000}, {"cost_id_": 1, "target_slot_": 2, "step_num_": 2, "step_stone_cost_": 10, "step_zeny_cost_": 3000000}, {"cost_id_": 1, "target_slot_": 2, "step_num_": 3, "step_stone_cost_": 15, "step_zeny_cost_": 4000000}, {"cost_id_": 1, "target_slot_": 2, "step_num_": 4, "step_stone_cost_": 20, "step_zeny_cost_": 5000000}, {"cost_id_": 1, "target_slot_": 2, "step_num_": 5, "step_stone_cost_": 25, "step_zeny_cost_": 6000000}, {"cost_id_": 1, "target_slot_": 2, "step_num_": 6, "step_stone_cost_": 30, "step_zeny_cost_": 7000000}, {"cost_id_": 1, "target_slot_": 2, "step_num_": 7, "step_stone_cost_": 35, "step_zeny_cost_": 8000000}, {"cost_id_": 1, "target_slot_": 2, "step_num_": 8, "step_stone_cost_": 40, "step_zeny_cost_": 9000000}, {"cost_id_": 1, "target_slot_": 2, "step_num_": 9, "step_stone_cost_": 45, "step_zeny_cost_": 10000000}, {"cost_id_": 1, "target_slot_": 2, "step_num_": 10, "step_stone_cost_": 50, "step_zeny_cost_": 12000000}, {"cost_id_": 1, "target_slot_": 3, "step_num_": 1, "step_stone_cost_": 5, "step_zeny_cost_": 2000000}, {"cost_id_": 1, "target_slot_": 3, "step_num_": 2, "step_stone_cost_": 10, "step_zeny_cost_": 3000000}, {"cost_id_": 1, "target_slot_": 3, "step_num_": 3, "step_stone_cost_": 15, "step_zeny_cost_": 4000000}, {"cost_id_": 1, "target_slot_": 3, "step_num_": 4, "step_stone_cost_": 20, "step_zeny_cost_": 5000000}, {"cost_id_": 1, "target_slot_": 3, "step_num_": 5, "step_stone_cost_": 25, "step_zeny_cost_": 6000000}, {"cost_id_": 1, "target_slot_": 3, "step_num_": 6, "step_stone_cost_": 30, "step_zeny_cost_": 7000000}, {"cost_id_": 1, "target_slot_": 3, "step_num_": 7, "step_stone_cost_": 35, "step_zeny_cost_": 8000000}, {"cost_id_": 1, "target_slot_": 3, "step_num_": 8, "step_stone_cost_": 40, "step_zeny_cost_": 9000000}, {"cost_id_": 1, "target_slot_": 3, "step_num_": 9, "step_stone_cost_": 45, "step_zeny_cost_": 10000000}, {"cost_id_": 1, "target_slot_": 3, "step_num_": 10, "step_stone_cost_": 50, "step_zeny_cost_": 12000000}, {"cost_id_": 10, "target_slot_": 2, "step_num_": 1, "step_stone_cost_": 5, "step_zeny_cost_": 3000000}, {"cost_id_": 10, "target_slot_": 2, "step_num_": 2, "step_stone_cost_": 10, "step_zeny_cost_": 4500000}, {"cost_id_": 10, "target_slot_": 2, "step_num_": 3, "step_stone_cost_": 15, "step_zeny_cost_": 6000000}, {"cost_id_": 10, "target_slot_": 2, "step_num_": 4, "step_stone_cost_": 20, "step_zeny_cost_": 7500000}, {"cost_id_": 10, "target_slot_": 2, "step_num_": 5, "step_stone_cost_": 25, "step_zeny_cost_": 9000000}, {"cost_id_": 10, "target_slot_": 2, "step_num_": 6, "step_stone_cost_": 30, "step_zeny_cost_": 12000000}, {"cost_id_": 10, "target_slot_": 2, "step_num_": 7, "step_stone_cost_": 35, "step_zeny_cost_": 14500000}, {"cost_id_": 10, "target_slot_": 2, "step_num_": 8, "step_stone_cost_": 40, "step_zeny_cost_": 16000000}, {"cost_id_": 10, "target_slot_": 2, "step_num_": 9, "step_stone_cost_": 45, "step_zeny_cost_": 17500000}, {"cost_id_": 10, "target_slot_": 2, "step_num_": 10, "step_stone_cost_": 50, "step_zeny_cost_": 20000000}, {"cost_id_": 10, "target_slot_": 3, "step_num_": 1, "step_stone_cost_": 5, "step_zeny_cost_": 3000000}, {"cost_id_": 10, "target_slot_": 3, "step_num_": 2, "step_stone_cost_": 10, "step_zeny_cost_": 4500000}, {"cost_id_": 10, "target_slot_": 3, "step_num_": 3, "step_stone_cost_": 15, "step_zeny_cost_": 6000000}, {"cost_id_": 10, "target_slot_": 3, "step_num_": 4, "step_stone_cost_": 20, "step_zeny_cost_": 7500000}, {"cost_id_": 10, "target_slot_": 3, "step_num_": 5, "step_stone_cost_": 25, "step_zeny_cost_": 9000000}, {"cost_id_": 10, "target_slot_": 3, "step_num_": 6, "step_stone_cost_": 30, "step_zeny_cost_": 12000000}, {"cost_id_": 10, "target_slot_": 3, "step_num_": 7, "step_stone_cost_": 35, "step_zeny_cost_": 14500000}, {"cost_id_": 10, "target_slot_": 3, "step_num_": 8, "step_stone_cost_": 40, "step_zeny_cost_": 16000000}, {"cost_id_": 10, "target_slot_": 3, "step_num_": 9, "step_stone_cost_": 45, "step_zeny_cost_": 17500000}, {"cost_id_": 10, "target_slot_": 3, "step_num_": 10, "step_stone_cost_": 50, "step_zeny_cost_": 20000000}]