[{"reward_id_": 100, "reward_pack_id_": 100, "reward_group_id_": 0, "item_type_": 9, "item_id_": 2, "item_num_": 1}, {"reward_id_": 200, "reward_pack_id_": 200, "reward_group_id_": 200, "item_type_": 5, "item_id_": 10, "item_num_": 10}, {"reward_id_": 300, "reward_pack_id_": 300, "reward_group_id_": 300, "item_type_": 5, "item_id_": 11, "item_num_": 1}, {"reward_id_": 1000, "reward_pack_id_": 1000, "reward_group_id_": 1000, "item_type_": 9, "item_id_": 10, "item_num_": 1}, {"reward_id_": 1001, "reward_pack_id_": 1001, "reward_group_id_": 1001, "item_type_": 9, "item_id_": 13, "item_num_": 1}, {"reward_id_": 1002, "reward_pack_id_": 1002, "reward_group_id_": 1002, "item_type_": 9, "item_id_": 15, "item_num_": 1}, {"reward_id_": 1003, "reward_pack_id_": 1003, "reward_group_id_": 1003, "item_type_": 9, "item_id_": 24, "item_num_": 1}, {"reward_id_": 1004, "reward_pack_id_": 1004, "reward_group_id_": 1004, "item_type_": 9, "item_id_": 31, "item_num_": 1}, {"reward_id_": 1005, "reward_pack_id_": 1005, "reward_group_id_": 1005, "item_type_": 9, "item_id_": 34, "item_num_": 7}, {"reward_id_": 1006, "reward_pack_id_": 1006, "reward_group_id_": 1006, "item_type_": 9, "item_id_": 34, "item_num_": 1}, {"reward_id_": 1007, "reward_pack_id_": 1007, "reward_group_id_": 1007, "item_type_": 9, "item_id_": 34, "item_num_": 2}, {"reward_id_": 1008, "reward_pack_id_": 1008, "reward_group_id_": 1008, "item_type_": 9, "item_id_": 35, "item_num_": 7}, {"reward_id_": 1009, "reward_pack_id_": 1009, "reward_group_id_": 1009, "item_type_": 9, "item_id_": 35, "item_num_": 1}, {"reward_id_": 1010, "reward_pack_id_": 1010, "reward_group_id_": 1010, "item_type_": 9, "item_id_": 35, "item_num_": 2}, {"reward_id_": 1011, "reward_pack_id_": 1011, "reward_group_id_": 1011, "item_type_": 9, "item_id_": 43, "item_num_": 5}, {"reward_id_": 1012, "reward_pack_id_": 1012, "reward_group_id_": 1012, "item_type_": 9, "item_id_": 43, "item_num_": 1}, {"reward_id_": 1013, "reward_pack_id_": 1013, "reward_group_id_": 1013, "item_type_": 9, "item_id_": 56, "item_num_": 1}, {"reward_id_": 1014, "reward_pack_id_": 1014, "reward_group_id_": 1014, "item_type_": 9, "item_id_": 57, "item_num_": 5}, {"reward_id_": 1015, "reward_pack_id_": 1015, "reward_group_id_": 1015, "item_type_": 9, "item_id_": 57, "item_num_": 1}, {"reward_id_": 1016, "reward_pack_id_": 1016, "reward_group_id_": 1016, "item_type_": 9, "item_id_": 63, "item_num_": 5}, {"reward_id_": 1017, "reward_pack_id_": 1017, "reward_group_id_": 1017, "item_type_": 9, "item_id_": 63, "item_num_": 1}, {"reward_id_": 1018, "reward_pack_id_": 1017, "reward_group_id_": 1018, "item_type_": 8, "item_id_": 6, "item_num_": 10}, {"reward_id_": 1019, "reward_pack_id_": 1019, "reward_group_id_": 1019, "item_type_": 8, "item_id_": 6, "item_num_": 1}, {"reward_id_": 1020, "reward_pack_id_": 1020, "reward_group_id_": 1020, "item_type_": 9, "item_id_": 73, "item_num_": 1}, {"reward_id_": 1021, "reward_pack_id_": 1021, "reward_group_id_": 1021, "item_type_": 9, "item_id_": 73, "item_num_": 2}, {"reward_id_": 1022, "reward_pack_id_": 1022, "reward_group_id_": 1022, "item_type_": 9, "item_id_": 73, "item_num_": 1}, {"reward_id_": 1023, "reward_pack_id_": 1022, "reward_group_id_": 1023, "item_type_": 8, "item_id_": 6, "item_num_": 10}, {"reward_id_": 1024, "reward_pack_id_": 1024, "reward_group_id_": 1024, "item_type_": 9, "item_id_": 75, "item_num_": 1}, {"reward_id_": 1025, "reward_pack_id_": 1025, "reward_group_id_": 1025, "item_type_": 9, "item_id_": 75, "item_num_": 2}, {"reward_id_": 1026, "reward_pack_id_": 1026, "reward_group_id_": 1026, "item_type_": 9, "item_id_": 75, "item_num_": 1}, {"reward_id_": 1027, "reward_pack_id_": 1026, "reward_group_id_": 1027, "item_type_": 8, "item_id_": 6, "item_num_": 10}, {"reward_id_": 1028, "reward_pack_id_": 1028, "reward_group_id_": 1028, "item_type_": 9, "item_id_": 79, "item_num_": 1}, {"reward_id_": 1029, "reward_pack_id_": 1028, "reward_group_id_": 1029, "item_type_": 8, "item_id_": 6, "item_num_": 10}, {"reward_id_": 1030, "reward_pack_id_": 1030, "reward_group_id_": 1030, "item_type_": 9, "item_id_": 86, "item_num_": 1}, {"reward_id_": 1031, "reward_pack_id_": 1030, "reward_group_id_": 1029, "item_type_": 8, "item_id_": 6, "item_num_": 10}, {"reward_id_": 1032, "reward_pack_id_": 1032, "reward_group_id_": 1032, "item_type_": 9, "item_id_": 89, "item_num_": 1}, {"reward_id_": 1033, "reward_pack_id_": 1033, "reward_group_id_": 1033, "item_type_": 9, "item_id_": 89, "item_num_": 2}, {"reward_id_": 1034, "reward_pack_id_": 1034, "reward_group_id_": 1034, "item_type_": 9, "item_id_": 89, "item_num_": 1}, {"reward_id_": 1035, "reward_pack_id_": 1034, "reward_group_id_": 1035, "item_type_": 8, "item_id_": 6, "item_num_": 10}, {"reward_id_": 1036, "reward_pack_id_": 1036, "reward_group_id_": 1036, "item_type_": 8, "item_id_": 6, "item_num_": 3}, {"reward_id_": 1037, "reward_pack_id_": 1037, "reward_group_id_": 1037, "item_type_": 8, "item_id_": 6, "item_num_": 5}, {"reward_id_": 1038, "reward_pack_id_": 1038, "reward_group_id_": 1038, "item_type_": 8, "item_id_": 6, "item_num_": 10}, {"reward_id_": 1039, "reward_pack_id_": 1039, "reward_group_id_": 1039, "item_type_": 9, "item_id_": 97, "item_num_": 1}, {"reward_id_": 1040, "reward_pack_id_": 1040, "reward_group_id_": 1040, "item_type_": 9, "item_id_": 97, "item_num_": 2}, {"reward_id_": 1041, "reward_pack_id_": 1041, "reward_group_id_": 1041, "item_type_": 9, "item_id_": 97, "item_num_": 1}, {"reward_id_": 1042, "reward_pack_id_": 1041, "reward_group_id_": 1042, "item_type_": 8, "item_id_": 6, "item_num_": 10}, {"reward_id_": 1043, "reward_pack_id_": 1043, "reward_group_id_": 1043, "item_type_": 28, "item_id_": 102300030, "item_num_": 1}, {"reward_id_": 1044, "reward_pack_id_": 1044, "reward_group_id_": 1044, "item_type_": 8, "item_id_": 4, "item_num_": 1}, {"reward_id_": 1045, "reward_pack_id_": 1045, "reward_group_id_": 1045, "item_type_": 9, "item_id_": 107, "item_num_": 1}, {"reward_id_": 1046, "reward_pack_id_": 1046, "reward_group_id_": 1046, "item_type_": 9, "item_id_": 107, "item_num_": 2}, {"reward_id_": 1047, "reward_pack_id_": 1047, "reward_group_id_": 1047, "item_type_": 9, "item_id_": 107, "item_num_": 1}, {"reward_id_": 1048, "reward_pack_id_": 1047, "reward_group_id_": 1048, "item_type_": 8, "item_id_": 6, "item_num_": 10}, {"reward_id_": 1049, "reward_pack_id_": 1049, "reward_group_id_": 1049, "item_type_": 9, "item_id_": 109, "item_num_": 1}, {"reward_id_": 1050, "reward_pack_id_": 1049, "reward_group_id_": 1050, "item_type_": 8, "item_id_": 6, "item_num_": 10}, {"reward_id_": 1051, "reward_pack_id_": 1051, "reward_group_id_": 1051, "item_type_": 8, "item_id_": 90005, "item_num_": 1}, {"reward_id_": 1052, "reward_pack_id_": 1052, "reward_group_id_": 1052, "item_type_": 9, "item_id_": 113, "item_num_": 1}, {"reward_id_": 1053, "reward_pack_id_": 1053, "reward_group_id_": 1053, "item_type_": 9, "item_id_": 113, "item_num_": 2}, {"reward_id_": 1054, "reward_pack_id_": 1054, "reward_group_id_": 1054, "item_type_": 9, "item_id_": 113, "item_num_": 1}, {"reward_id_": 1055, "reward_pack_id_": 1054, "reward_group_id_": 1055, "item_type_": 8, "item_id_": 6, "item_num_": 10}, {"reward_id_": 1056, "reward_pack_id_": 1056, "reward_group_id_": 1056, "item_type_": 9, "item_id_": 115, "item_num_": 1}, {"reward_id_": 1057, "reward_pack_id_": 1057, "reward_group_id_": 1057, "item_type_": 9, "item_id_": 115, "item_num_": 2}, {"reward_id_": 1058, "reward_pack_id_": 1058, "reward_group_id_": 1058, "item_type_": 9, "item_id_": 115, "item_num_": 1}, {"reward_id_": 1059, "reward_pack_id_": 1058, "reward_group_id_": 1059, "item_type_": 8, "item_id_": 6, "item_num_": 10}, {"reward_id_": 1060, "reward_pack_id_": 1060, "reward_group_id_": 1060, "item_type_": 29, "item_id_": 47, "item_num_": 100}, {"reward_id_": 1061, "reward_pack_id_": 1061, "reward_group_id_": 1061, "item_type_": 29, "item_id_": 14, "item_num_": 100}, {"reward_id_": 1062, "reward_pack_id_": 1062, "reward_group_id_": 1062, "item_type_": 8, "item_id_": 6, "item_num_": 20}, {"reward_id_": 1063, "reward_pack_id_": 1063, "reward_group_id_": 1063, "item_type_": 29, "item_id_": 95, "item_num_": 100}, {"reward_id_": 1064, "reward_pack_id_": 1064, "reward_group_id_": 1064, "item_type_": 29, "item_id_": 79, "item_num_": 100}, {"reward_id_": 1065, "reward_pack_id_": 1065, "reward_group_id_": 1065, "item_type_": 9, "item_id_": 125, "item_num_": 1}, {"reward_id_": 1066, "reward_pack_id_": 1066, "reward_group_id_": 1066, "item_type_": 9, "item_id_": 125, "item_num_": 2}, {"reward_id_": 1067, "reward_pack_id_": 1067, "reward_group_id_": 1067, "item_type_": 9, "item_id_": 125, "item_num_": 1}, {"reward_id_": 1068, "reward_pack_id_": 1067, "reward_group_id_": 1068, "item_type_": 8, "item_id_": 6, "item_num_": 10}, {"reward_id_": 1069, "reward_pack_id_": 1069, "reward_group_id_": 1069, "item_type_": 29, "item_id_": 108, "item_num_": 100}, {"reward_id_": 1070, "reward_pack_id_": 1070, "reward_group_id_": 1070, "item_type_": 29, "item_id_": 191, "item_num_": 100}, {"reward_id_": 1071, "reward_pack_id_": 1071, "reward_group_id_": 1071, "item_type_": 29, "item_id_": 63, "item_num_": 100}, {"reward_id_": 1072, "reward_pack_id_": 1072, "reward_group_id_": 1072, "item_type_": 9, "item_id_": 129, "item_num_": 1}, {"reward_id_": 1073, "reward_pack_id_": 1073, "reward_group_id_": 1073, "item_type_": 9, "item_id_": 129, "item_num_": 2}, {"reward_id_": 1074, "reward_pack_id_": 1074, "reward_group_id_": 1074, "item_type_": 9, "item_id_": 129, "item_num_": 1}, {"reward_id_": 1075, "reward_pack_id_": 1074, "reward_group_id_": 1075, "item_type_": 8, "item_id_": 6, "item_num_": 10}, {"reward_id_": 1076, "reward_pack_id_": 1076, "reward_group_id_": 1076, "item_type_": 29, "item_id_": 151, "item_num_": 100}, {"reward_id_": 1077, "reward_pack_id_": 1077, "reward_group_id_": 1077, "item_type_": 29, "item_id_": 112, "item_num_": 100}, {"reward_id_": 1078, "reward_pack_id_": 1078, "reward_group_id_": 1078, "item_type_": 29, "item_id_": 126, "item_num_": 100}, {"reward_id_": 1079, "reward_pack_id_": 1079, "reward_group_id_": 1079, "item_type_": 9, "item_id_": 135, "item_num_": 1}, {"reward_id_": 1080, "reward_pack_id_": 1080, "reward_group_id_": 1080, "item_type_": 9, "item_id_": 135, "item_num_": 2}, {"reward_id_": 1081, "reward_pack_id_": 1081, "reward_group_id_": 1081, "item_type_": 9, "item_id_": 135, "item_num_": 1}, {"reward_id_": 1082, "reward_pack_id_": 1081, "reward_group_id_": 1082, "item_type_": 8, "item_id_": 6, "item_num_": 10}, {"reward_id_": 1083, "reward_pack_id_": 1083, "reward_group_id_": 1083, "item_type_": 29, "item_id_": 220, "item_num_": 100}, {"reward_id_": 1084, "reward_pack_id_": 1084, "reward_group_id_": 1084, "item_type_": 29, "item_id_": 168, "item_num_": 100}, {"reward_id_": 1085, "reward_pack_id_": 1085, "reward_group_id_": 1085, "item_type_": 29, "item_id_": 16, "item_num_": 100}, {"reward_id_": 1086, "reward_pack_id_": 1086, "reward_group_id_": 1086, "item_type_": 29, "item_id_": 80, "item_num_": 100}, {"reward_id_": 1087, "reward_pack_id_": 1087, "reward_group_id_": 1087, "item_type_": 29, "item_id_": 216, "item_num_": 100}, {"reward_id_": 1088, "reward_pack_id_": 1088, "reward_group_id_": 1088, "item_type_": 29, "item_id_": 207, "item_num_": 100}, {"reward_id_": 1089, "reward_pack_id_": 1089, "reward_group_id_": 1089, "item_type_": 29, "item_id_": 113, "item_num_": 100}, {"reward_id_": 1090, "reward_pack_id_": 1090, "reward_group_id_": 1090, "item_type_": 29, "item_id_": 111, "item_num_": 100}, {"reward_id_": 1091, "reward_pack_id_": 1091, "reward_group_id_": 1091, "item_type_": 29, "item_id_": 166, "item_num_": 100}, {"reward_id_": 1092, "reward_pack_id_": 1092, "reward_group_id_": 1092, "item_type_": 9, "item_id_": 139, "item_num_": 1}, {"reward_id_": 1093, "reward_pack_id_": 1093, "reward_group_id_": 1093, "item_type_": 9, "item_id_": 139, "item_num_": 2}, {"reward_id_": 1094, "reward_pack_id_": 1094, "reward_group_id_": 1094, "item_type_": 9, "item_id_": 139, "item_num_": 1}, {"reward_id_": 1095, "reward_pack_id_": 1094, "reward_group_id_": 1095, "item_type_": 8, "item_id_": 6, "item_num_": 10}, {"reward_id_": 1096, "reward_pack_id_": 1096, "reward_group_id_": 1096, "item_type_": 29, "item_id_": 148, "item_num_": 100}, {"reward_id_": 1097, "reward_pack_id_": 1097, "reward_group_id_": 1097, "item_type_": 28, "item_id_": 202000100, "item_num_": 1}, {"reward_id_": 1098, "reward_pack_id_": 1098, "reward_group_id_": 1098, "item_type_": 28, "item_id_": 204500200, "item_num_": 1}, {"reward_id_": 1099, "reward_pack_id_": 1099, "reward_group_id_": 1099, "item_type_": 28, "item_id_": 203800600, "item_num_": 1}, {"reward_id_": 1100, "reward_pack_id_": 1100, "reward_group_id_": 1100, "item_type_": 9, "item_id_": 141, "item_num_": 1}, {"reward_id_": 1101, "reward_pack_id_": 1100, "reward_group_id_": 1101, "item_type_": 8, "item_id_": 6, "item_num_": 10}, {"reward_id_": 1102, "reward_pack_id_": 1102, "reward_group_id_": 1102, "item_type_": 9, "item_id_": 143, "item_num_": 1}, {"reward_id_": 1103, "reward_pack_id_": 1102, "reward_group_id_": 1103, "item_type_": 8, "item_id_": 6, "item_num_": 10}, {"reward_id_": 1104, "reward_pack_id_": 1104, "reward_group_id_": 1104, "item_type_": 9, "item_id_": 141, "item_num_": 2}, {"reward_id_": 1105, "reward_pack_id_": 1105, "reward_group_id_": 1105, "item_type_": 9, "item_id_": 143, "item_num_": 2}, {"reward_id_": 1106, "reward_pack_id_": 1106, "reward_group_id_": 1106, "item_type_": 29, "item_id_": 185, "item_num_": 100}, {"reward_id_": 1107, "reward_pack_id_": 1107, "reward_group_id_": 1107, "item_type_": 29, "item_id_": 253, "item_num_": 100}, {"reward_id_": 1108, "reward_pack_id_": 1108, "reward_group_id_": 1108, "item_type_": 9, "item_id_": 146, "item_num_": 1}, {"reward_id_": 1109, "reward_pack_id_": 1108, "reward_group_id_": 1109, "item_type_": 8, "item_id_": 6, "item_num_": 10}, {"reward_id_": 1110, "reward_pack_id_": 1110, "reward_group_id_": 1110, "item_type_": 9, "item_id_": 146, "item_num_": 2}, {"reward_id_": 1111, "reward_pack_id_": 1111, "reward_group_id_": 1111, "item_type_": 29, "item_id_": 124, "item_num_": 100}, {"reward_id_": 1112, "reward_pack_id_": 1112, "reward_group_id_": 1112, "item_type_": 29, "item_id_": 32, "item_num_": 100}, {"reward_id_": 1113, "reward_pack_id_": 1113, "reward_group_id_": 1113, "item_type_": 9, "item_id_": 149, "item_num_": 1}, {"reward_id_": 1114, "reward_pack_id_": 1113, "reward_group_id_": 1114, "item_type_": 8, "item_id_": 6, "item_num_": 10}, {"reward_id_": 1115, "reward_pack_id_": 1115, "reward_group_id_": 1115, "item_type_": 9, "item_id_": 149, "item_num_": 2}, {"reward_id_": 1116, "reward_pack_id_": 1116, "reward_group_id_": 1116, "item_type_": 29, "item_id_": 208, "item_num_": 100}, {"reward_id_": 1117, "reward_pack_id_": 1117, "reward_group_id_": 1117, "item_type_": 29, "item_id_": 251, "item_num_": 100}, {"reward_id_": 1118, "reward_pack_id_": 1118, "reward_group_id_": 1118, "item_type_": 29, "item_id_": 164, "item_num_": 100}, {"reward_id_": 1119, "reward_pack_id_": 1119, "reward_group_id_": 1119, "item_type_": 9, "item_id_": 154, "item_num_": 1}, {"reward_id_": 1120, "reward_pack_id_": 1119, "reward_group_id_": 1120, "item_type_": 8, "item_id_": 6, "item_num_": 10}, {"reward_id_": 1121, "reward_pack_id_": 1121, "reward_group_id_": 1121, "item_type_": 9, "item_id_": 154, "item_num_": 2}, {"reward_id_": 1122, "reward_pack_id_": 1122, "reward_group_id_": 1122, "item_type_": 29, "item_id_": 241, "item_num_": 100}, {"reward_id_": 1123, "reward_pack_id_": 1123, "reward_group_id_": 1123, "item_type_": 29, "item_id_": 172, "item_num_": 100}, {"reward_id_": 1124, "reward_pack_id_": 1124, "reward_group_id_": 1124, "item_type_": 9, "item_id_": 157, "item_num_": 1}, {"reward_id_": 1125, "reward_pack_id_": 1125, "reward_group_id_": 1125, "item_type_": 9, "item_id_": 157, "item_num_": 1}, {"reward_id_": 1126, "reward_pack_id_": 1125, "reward_group_id_": 1126, "item_type_": 8, "item_id_": 6, "item_num_": 10}, {"reward_id_": 1127, "reward_pack_id_": 1127, "reward_group_id_": 1127, "item_type_": 9, "item_id_": 157, "item_num_": 2}, {"reward_id_": 1128, "reward_pack_id_": 1128, "reward_group_id_": 1128, "item_type_": 29, "item_id_": 271, "item_num_": 100}, {"reward_id_": 1129, "reward_pack_id_": 1129, "reward_group_id_": 1129, "item_type_": 29, "item_id_": 270, "item_num_": 100}, {"reward_id_": 1130, "reward_pack_id_": 1130, "reward_group_id_": 1130, "item_type_": 9, "item_id_": 161, "item_num_": 1}, {"reward_id_": 1131, "reward_pack_id_": 1131, "reward_group_id_": 1131, "item_type_": 9, "item_id_": 161, "item_num_": 1}, {"reward_id_": 1132, "reward_pack_id_": 1131, "reward_group_id_": 1132, "item_type_": 8, "item_id_": 6, "item_num_": 10}, {"reward_id_": 1133, "reward_pack_id_": 1133, "reward_group_id_": 1133, "item_type_": 9, "item_id_": 161, "item_num_": 2}, {"reward_id_": 1134, "reward_pack_id_": 1134, "reward_group_id_": 1134, "item_type_": 9, "item_id_": 163, "item_num_": 1}, {"reward_id_": 1135, "reward_pack_id_": 1135, "reward_group_id_": 1135, "item_type_": 9, "item_id_": 163, "item_num_": 1}, {"reward_id_": 1136, "reward_pack_id_": 1135, "reward_group_id_": 1136, "item_type_": 8, "item_id_": 6, "item_num_": 10}, {"reward_id_": 1137, "reward_pack_id_": 1137, "reward_group_id_": 1137, "item_type_": 9, "item_id_": 163, "item_num_": 2}, {"reward_id_": 1138, "reward_pack_id_": 1138, "reward_group_id_": 1138, "item_type_": 29, "item_id_": 192, "item_num_": 100}, {"reward_id_": 1142, "reward_pack_id_": 1142, "reward_group_id_": 1142, "item_type_": 29, "item_id_": 240, "item_num_": 100}, {"reward_id_": 1143, "reward_pack_id_": 1143, "reward_group_id_": 1143, "item_type_": 9, "item_id_": 166, "item_num_": 1}, {"reward_id_": 1144, "reward_pack_id_": 1144, "reward_group_id_": 1144, "item_type_": 9, "item_id_": 166, "item_num_": 1}, {"reward_id_": 1145, "reward_pack_id_": 1144, "reward_group_id_": 1145, "item_type_": 8, "item_id_": 6, "item_num_": 10}, {"reward_id_": 1146, "reward_pack_id_": 1146, "reward_group_id_": 1146, "item_type_": 9, "item_id_": 166, "item_num_": 2}, {"reward_id_": 1147, "reward_pack_id_": 1147, "reward_group_id_": 1147, "item_type_": 29, "item_id_": 50, "item_num_": 100}, {"reward_id_": 1148, "reward_pack_id_": 1148, "reward_group_id_": 1148, "item_type_": 8, "item_id_": 1001, "item_num_": 1}, {"reward_id_": 1149, "reward_pack_id_": 1149, "reward_group_id_": 1149, "item_type_": 8, "item_id_": 1001, "item_num_": 2}, {"reward_id_": 1150, "reward_pack_id_": 1150, "reward_group_id_": 1150, "item_type_": 29, "item_id_": 94, "item_num_": 100}, {"reward_id_": 1151, "reward_pack_id_": 1151, "reward_group_id_": 1151, "item_type_": 29, "item_id_": 204, "item_num_": 100}, {"reward_id_": 1152, "reward_pack_id_": 1152, "reward_group_id_": 1152, "item_type_": 29, "item_id_": 205, "item_num_": 100}, {"reward_id_": 1153, "reward_pack_id_": 1153, "reward_group_id_": 1153, "item_type_": 8, "item_id_": 1002, "item_num_": 1}, {"reward_id_": 1154, "reward_pack_id_": 1154, "reward_group_id_": 1154, "item_type_": 29, "item_id_": 66, "item_num_": 100}, {"reward_id_": 1155, "reward_pack_id_": 1155, "reward_group_id_": 1155, "item_type_": 29, "item_id_": 304, "item_num_": 100}, {"reward_id_": 1156, "reward_pack_id_": 1156, "reward_group_id_": 1156, "item_type_": 8, "item_id_": 1003, "item_num_": 1}, {"reward_id_": 1157, "reward_pack_id_": 1157, "reward_group_id_": 1157, "item_type_": 29, "item_id_": 125, "item_num_": 100}, {"reward_id_": 1158, "reward_pack_id_": 1158, "reward_group_id_": 1158, "item_type_": 29, "item_id_": 93, "item_num_": 100}, {"reward_id_": 1159, "reward_pack_id_": 1159, "reward_group_id_": 1159, "item_type_": 8, "item_id_": 1004, "item_num_": 1}, {"reward_id_": 1160, "reward_pack_id_": 1160, "reward_group_id_": 1160, "item_type_": 29, "item_id_": 149, "item_num_": 100}, {"reward_id_": 1161, "reward_pack_id_": 1161, "reward_group_id_": 1161, "item_type_": 29, "item_id_": 320, "item_num_": 100}, {"reward_id_": 1162, "reward_pack_id_": 1162, "reward_group_id_": 1162, "item_type_": 29, "item_id_": 77, "item_num_": 100}, {"reward_id_": 1163, "reward_pack_id_": 1163, "reward_group_id_": 1163, "item_type_": 8, "item_id_": 1005, "item_num_": 1}, {"reward_id_": 1164, "reward_pack_id_": 1164, "reward_group_id_": 1164, "item_type_": 8, "item_id_": 1006, "item_num_": 1}, {"reward_id_": 1165, "reward_pack_id_": 1165, "reward_group_id_": 1165, "item_type_": 29, "item_id_": 224, "item_num_": 100}, {"reward_id_": 1166, "reward_pack_id_": 1166, "reward_group_id_": 1166, "item_type_": 29, "item_id_": 277, "item_num_": 100}, {"reward_id_": 1167, "reward_pack_id_": 1167, "reward_group_id_": 1167, "item_type_": 29, "item_id_": 206, "item_num_": 100}, {"reward_id_": 1168, "reward_pack_id_": 1168, "reward_group_id_": 1168, "item_type_": 29, "item_id_": 298, "item_num_": 100}, {"reward_id_": 1169, "reward_pack_id_": 1169, "reward_group_id_": 1169, "item_type_": 8, "item_id_": 1007, "item_num_": 1}, {"reward_id_": 1170, "reward_pack_id_": 1170, "reward_group_id_": 1170, "item_type_": 29, "item_id_": 152, "item_num_": 100}, {"reward_id_": 1171, "reward_pack_id_": 1171, "reward_group_id_": 1171, "item_type_": 29, "item_id_": 219, "item_num_": 100}, {"reward_id_": 1172, "reward_pack_id_": 1172, "reward_group_id_": 1172, "item_type_": 29, "item_id_": 128, "item_num_": 100}, {"reward_id_": 1173, "reward_pack_id_": 1173, "reward_group_id_": 1173, "item_type_": 8, "item_id_": 1008, "item_num_": 1}, {"reward_id_": 1174, "reward_pack_id_": 1174, "reward_group_id_": 1174, "item_type_": 29, "item_id_": 265, "item_num_": 100}, {"reward_id_": 1175, "reward_pack_id_": 1175, "reward_group_id_": 1175, "item_type_": 29, "item_id_": 264, "item_num_": 100}, {"reward_id_": 1176, "reward_pack_id_": 1176, "reward_group_id_": 1176, "item_type_": 29, "item_id_": 109, "item_num_": 100}, {"reward_id_": 1191, "reward_pack_id_": 1191, "reward_group_id_": 1191, "item_type_": 8, "item_id_": 1009, "item_num_": 1}, {"reward_id_": 1192, "reward_pack_id_": 1192, "reward_group_id_": 1192, "item_type_": 29, "item_id_": 242, "item_num_": 100}, {"reward_id_": 1193, "reward_pack_id_": 1193, "reward_group_id_": 1193, "item_type_": 29, "item_id_": 349, "item_num_": 100}, {"reward_id_": 1194, "reward_pack_id_": 1194, "reward_group_id_": 1194, "item_type_": 29, "item_id_": 217, "item_num_": 100}, {"reward_id_": 1195, "reward_pack_id_": 1195, "reward_group_id_": 1195, "item_type_": 8, "item_id_": 1010, "item_num_": 1}, {"reward_id_": 1196, "reward_pack_id_": 1196, "reward_group_id_": 1196, "item_type_": 29, "item_id_": 318, "item_num_": 100}, {"reward_id_": 1197, "reward_pack_id_": 1197, "reward_group_id_": 1197, "item_type_": 8, "item_id_": 1011, "item_num_": 1}, {"reward_id_": 1198, "reward_pack_id_": 1198, "reward_group_id_": 1198, "item_type_": 29, "item_id_": 4, "item_num_": 100}, {"reward_id_": 1199, "reward_pack_id_": 1199, "reward_group_id_": 1199, "item_type_": 29, "item_id_": 243, "item_num_": 100}, {"reward_id_": 1200, "reward_pack_id_": 1200, "reward_group_id_": 1200, "item_type_": 29, "item_id_": 186, "item_num_": 100}, {"reward_id_": 1201, "reward_pack_id_": 1201, "reward_group_id_": 1201, "item_type_": 29, "item_id_": 346, "item_num_": 100}, {"reward_id_": 1202, "reward_pack_id_": 1202, "reward_group_id_": 1202, "item_type_": 8, "item_id_": 1012, "item_num_": 1}, {"reward_id_": 1203, "reward_pack_id_": 1203, "reward_group_id_": 1203, "item_type_": 29, "item_id_": 258, "item_num_": 100}, {"reward_id_": 1204, "reward_pack_id_": 1204, "reward_group_id_": 1204, "item_type_": 8, "item_id_": 1013, "item_num_": 1}, {"reward_id_": 1205, "reward_pack_id_": 1205, "reward_group_id_": 1205, "item_type_": 29, "item_id_": 75, "item_num_": 100}, {"reward_id_": 1206, "reward_pack_id_": 1206, "reward_group_id_": 1206, "item_type_": 29, "item_id_": 189, "item_num_": 100}, {"reward_id_": 1207, "reward_pack_id_": 1207, "reward_group_id_": 1207, "item_type_": 8, "item_id_": 1014, "item_num_": 1}, {"reward_id_": 1208, "reward_pack_id_": 1208, "reward_group_id_": 1208, "item_type_": 8, "item_id_": 1014, "item_num_": 3}, {"reward_id_": 1209, "reward_pack_id_": 1209, "reward_group_id_": 1209, "item_type_": 8, "item_id_": 1014, "item_num_": 4}, {"reward_id_": 1210, "reward_pack_id_": 1210, "reward_group_id_": 1210, "item_type_": 8, "item_id_": 1014, "item_num_": 5}, {"reward_id_": 1211, "reward_pack_id_": 1211, "reward_group_id_": 1211, "item_type_": 8, "item_id_": 1014, "item_num_": 6}, {"reward_id_": 1212, "reward_pack_id_": 1212, "reward_group_id_": 1212, "item_type_": 8, "item_id_": 1014, "item_num_": 7}, {"reward_id_": 1213, "reward_pack_id_": 1213, "reward_group_id_": 1213, "item_type_": 8, "item_id_": 1014, "item_num_": 10}, {"reward_id_": 1214, "reward_pack_id_": 1214, "reward_group_id_": 1214, "item_type_": 29, "item_id_": 38, "item_num_": 100}, {"reward_id_": 1215, "reward_pack_id_": 1215, "reward_group_id_": 1215, "item_type_": 8, "item_id_": 1015, "item_num_": 1}, {"reward_id_": 1216, "reward_pack_id_": 1216, "reward_group_id_": 1216, "item_type_": 29, "item_id_": 322, "item_num_": 100}, {"reward_id_": 1217, "reward_pack_id_": 1217, "reward_group_id_": 1217, "item_type_": 29, "item_id_": 290, "item_num_": 100}, {"reward_id_": 1218, "reward_pack_id_": 1218, "reward_group_id_": 1218, "item_type_": 29, "item_id_": 388, "item_num_": 100}, {"reward_id_": 1219, "reward_pack_id_": 1219, "reward_group_id_": 1219, "item_type_": 8, "item_id_": 1016, "item_num_": 1}, {"reward_id_": 1220, "reward_pack_id_": 1220, "reward_group_id_": 1220, "item_type_": 29, "item_id_": 383, "item_num_": 100}, {"reward_id_": 1221, "reward_pack_id_": 1221, "reward_group_id_": 1221, "item_type_": 8, "item_id_": 1017, "item_num_": 1}, {"reward_id_": 1222, "reward_pack_id_": 1222, "reward_group_id_": 1222, "item_type_": 29, "item_id_": 236, "item_num_": 100}, {"reward_id_": 1223, "reward_pack_id_": 1223, "reward_group_id_": 1223, "item_type_": 29, "item_id_": 302, "item_num_": 100}, {"reward_id_": 1224, "reward_pack_id_": 1224, "reward_group_id_": 1224, "item_type_": 19, "item_id_": 3, "item_num_": 30}, {"reward_id_": 1225, "reward_pack_id_": 1225, "reward_group_id_": 1225, "item_type_": 8, "item_id_": 1018, "item_num_": 1}, {"reward_id_": 1226, "reward_pack_id_": 1226, "reward_group_id_": 1226, "item_type_": 29, "item_id_": 300, "item_num_": 100}, {"reward_id_": 1227, "reward_pack_id_": 1227, "reward_group_id_": 1227, "item_type_": 29, "item_id_": 293, "item_num_": 100}, {"reward_id_": 1228, "reward_pack_id_": 1228, "reward_group_id_": 1228, "item_type_": 8, "item_id_": 1019, "item_num_": 1}, {"reward_id_": 1229, "reward_pack_id_": 1229, "reward_group_id_": 1229, "item_type_": 29, "item_id_": 340, "item_num_": 100}, {"reward_id_": 1230, "reward_pack_id_": 1230, "reward_group_id_": 1230, "item_type_": 29, "item_id_": 428, "item_num_": 100}, {"reward_id_": 1231, "reward_pack_id_": 1231, "reward_group_id_": 1231, "item_type_": 29, "item_id_": 384, "item_num_": 100}, {"reward_id_": 1232, "reward_pack_id_": 1232, "reward_group_id_": 1232, "item_type_": 29, "item_id_": 143, "item_num_": 100}, {"reward_id_": 1233, "reward_pack_id_": 1233, "reward_group_id_": 1233, "item_type_": 8, "item_id_": 1020, "item_num_": 1}, {"reward_id_": 1234, "reward_pack_id_": 1234, "reward_group_id_": 1234, "item_type_": 29, "item_id_": 150, "item_num_": 100}, {"reward_id_": 1235, "reward_pack_id_": 1235, "reward_group_id_": 1235, "item_type_": 29, "item_id_": 327, "item_num_": 100}, {"reward_id_": 1236, "reward_pack_id_": 1236, "reward_group_id_": 1236, "item_type_": 29, "item_id_": 199, "item_num_": 100}, {"reward_id_": 1237, "reward_pack_id_": 1237, "reward_group_id_": 1237, "item_type_": 8, "item_id_": 1021, "item_num_": 1}, {"reward_id_": 1238, "reward_pack_id_": 1238, "reward_group_id_": 1238, "item_type_": 29, "item_id_": 366, "item_num_": 100}, {"reward_id_": 1239, "reward_pack_id_": 1239, "reward_group_id_": 1239, "item_type_": 8, "item_id_": 1022, "item_num_": 1}, {"reward_id_": 1240, "reward_pack_id_": 1240, "reward_group_id_": 1240, "item_type_": 8, "item_id_": 1023, "item_num_": 1}, {"reward_id_": 1241, "reward_pack_id_": 1241, "reward_group_id_": 1241, "item_type_": 29, "item_id_": 62, "item_num_": 100}, {"reward_id_": 1242, "reward_pack_id_": 1242, "reward_group_id_": 1242, "item_type_": 29, "item_id_": 451, "item_num_": 100}, {"reward_id_": 10000, "reward_pack_id_": 10100, "reward_group_id_": 10100, "item_type_": 3, "item_id_": 238, "item_num_": 30}, {"reward_id_": 10001, "reward_pack_id_": 10100, "reward_group_id_": 10100, "item_type_": 3, "item_id_": 256, "item_num_": 30}, {"reward_id_": 10002, "reward_pack_id_": 10100, "reward_group_id_": 10100, "item_type_": 3, "item_id_": 262, "item_num_": 30}, {"reward_id_": 10003, "reward_pack_id_": 10100, "reward_group_id_": 10100, "item_type_": 3, "item_id_": 263, "item_num_": 30}, {"reward_id_": 10004, "reward_pack_id_": 10200, "reward_group_id_": 10200, "item_type_": 3, "item_id_": 266, "item_num_": 30}, {"reward_id_": 10005, "reward_pack_id_": 10200, "reward_group_id_": 10200, "item_type_": 3, "item_id_": 268, "item_num_": 30}, {"reward_id_": 10006, "reward_pack_id_": 10200, "reward_group_id_": 10200, "item_type_": 3, "item_id_": 282, "item_num_": 30}, {"reward_id_": 10007, "reward_pack_id_": 10200, "reward_group_id_": 10200, "item_type_": 3, "item_id_": 269, "item_num_": 30}, {"reward_id_": 10008, "reward_pack_id_": 10300, "reward_group_id_": 10300, "item_type_": 28, "item_id_": 100110030, "item_num_": 1}, {"reward_id_": 10009, "reward_pack_id_": 10300, "reward_group_id_": 10300, "item_type_": 28, "item_id_": 100120030, "item_num_": 1}, {"reward_id_": 10010, "reward_pack_id_": 10300, "reward_group_id_": 10300, "item_type_": 28, "item_id_": 100130030, "item_num_": 1}, {"reward_id_": 10011, "reward_pack_id_": 10300, "reward_group_id_": 10300, "item_type_": 28, "item_id_": 100140030, "item_num_": 1}, {"reward_id_": 10012, "reward_pack_id_": 10300, "reward_group_id_": 10300, "item_type_": 28, "item_id_": 100150030, "item_num_": 1}, {"reward_id_": 10013, "reward_pack_id_": 10400, "reward_group_id_": 10400, "item_type_": 28, "item_id_": 100210030, "item_num_": 1}, {"reward_id_": 10014, "reward_pack_id_": 10400, "reward_group_id_": 10400, "item_type_": 28, "item_id_": 100220030, "item_num_": 1}, {"reward_id_": 10015, "reward_pack_id_": 10400, "reward_group_id_": 10400, "item_type_": 28, "item_id_": 100230030, "item_num_": 1}, {"reward_id_": 10016, "reward_pack_id_": 10400, "reward_group_id_": 10400, "item_type_": 28, "item_id_": 100240030, "item_num_": 1}, {"reward_id_": 10017, "reward_pack_id_": 10400, "reward_group_id_": 10400, "item_type_": 28, "item_id_": 100250030, "item_num_": 1}, {"reward_id_": 10018, "reward_pack_id_": 10500, "reward_group_id_": 10500, "item_type_": 3, "item_id_": 255, "item_num_": 30}, {"reward_id_": 10019, "reward_pack_id_": 10500, "reward_group_id_": 10500, "item_type_": 3, "item_id_": 276, "item_num_": 30}, {"reward_id_": 10020, "reward_pack_id_": 10500, "reward_group_id_": 10500, "item_type_": 3, "item_id_": 281, "item_num_": 30}, {"reward_id_": 10021, "reward_pack_id_": 10500, "reward_group_id_": 10500, "item_type_": 3, "item_id_": 279, "item_num_": 30}, {"reward_id_": 10022, "reward_pack_id_": 10600, "reward_group_id_": 10600, "item_type_": 28, "item_id_": 100310030, "item_num_": 1}, {"reward_id_": 10023, "reward_pack_id_": 10600, "reward_group_id_": 10600, "item_type_": 28, "item_id_": 100320030, "item_num_": 1}, {"reward_id_": 10024, "reward_pack_id_": 10600, "reward_group_id_": 10600, "item_type_": 28, "item_id_": 100330030, "item_num_": 1}, {"reward_id_": 10025, "reward_pack_id_": 10600, "reward_group_id_": 10600, "item_type_": 28, "item_id_": 100340030, "item_num_": 1}, {"reward_id_": 10026, "reward_pack_id_": 10600, "reward_group_id_": 10600, "item_type_": 28, "item_id_": 100350030, "item_num_": 1}, {"reward_id_": 10027, "reward_pack_id_": 10700, "reward_group_id_": 10700, "item_type_": 28, "item_id_": 101010030, "item_num_": 1}, {"reward_id_": 10028, "reward_pack_id_": 10700, "reward_group_id_": 10700, "item_type_": 28, "item_id_": 101020030, "item_num_": 1}, {"reward_id_": 10029, "reward_pack_id_": 10700, "reward_group_id_": 10700, "item_type_": 28, "item_id_": 101030030, "item_num_": 1}, {"reward_id_": 10030, "reward_pack_id_": 10700, "reward_group_id_": 10700, "item_type_": 28, "item_id_": 101040030, "item_num_": 1}, {"reward_id_": 10031, "reward_pack_id_": 10700, "reward_group_id_": 10700, "item_type_": 28, "item_id_": 101050030, "item_num_": 1}, {"reward_id_": 10032, "reward_pack_id_": 10800, "reward_group_id_": 10800, "item_type_": 28, "item_id_": 102110030, "item_num_": 1}, {"reward_id_": 10033, "reward_pack_id_": 10800, "reward_group_id_": 10800, "item_type_": 28, "item_id_": 102120030, "item_num_": 1}, {"reward_id_": 10034, "reward_pack_id_": 10800, "reward_group_id_": 10800, "item_type_": 28, "item_id_": 102130030, "item_num_": 1}, {"reward_id_": 10035, "reward_pack_id_": 10800, "reward_group_id_": 10800, "item_type_": 28, "item_id_": 102140030, "item_num_": 1}, {"reward_id_": 10036, "reward_pack_id_": 10800, "reward_group_id_": 10800, "item_type_": 28, "item_id_": 102150030, "item_num_": 1}, {"reward_id_": 10037, "reward_pack_id_": 10900, "reward_group_id_": 10900, "item_type_": 28, "item_id_": 102210030, "item_num_": 1}, {"reward_id_": 10038, "reward_pack_id_": 10900, "reward_group_id_": 10900, "item_type_": 28, "item_id_": 102220030, "item_num_": 1}, {"reward_id_": 10039, "reward_pack_id_": 10900, "reward_group_id_": 10900, "item_type_": 28, "item_id_": 102230030, "item_num_": 1}, {"reward_id_": 10040, "reward_pack_id_": 10900, "reward_group_id_": 10900, "item_type_": 28, "item_id_": 102240030, "item_num_": 1}, {"reward_id_": 10041, "reward_pack_id_": 10900, "reward_group_id_": 10900, "item_type_": 28, "item_id_": 102250030, "item_num_": 1}, {"reward_id_": 10042, "reward_pack_id_": 11000, "reward_group_id_": 11000, "item_type_": 3, "item_id_": 288, "item_num_": 30}, {"reward_id_": 10043, "reward_pack_id_": 11000, "reward_group_id_": 11000, "item_type_": 3, "item_id_": 289, "item_num_": 30}, {"reward_id_": 10044, "reward_pack_id_": 11000, "reward_group_id_": 11000, "item_type_": 3, "item_id_": 291, "item_num_": 30}, {"reward_id_": 10045, "reward_pack_id_": 11000, "reward_group_id_": 11000, "item_type_": 3, "item_id_": 292, "item_num_": 30}, {"reward_id_": 10046, "reward_pack_id_": 12000, "reward_group_id_": 12000, "item_type_": 3, "item_id_": 273, "item_num_": 30}, {"reward_id_": 10047, "reward_pack_id_": 12000, "reward_group_id_": 12000, "item_type_": 3, "item_id_": 296, "item_num_": 30}, {"reward_id_": 10048, "reward_pack_id_": 12000, "reward_group_id_": 12000, "item_type_": 3, "item_id_": 117, "item_num_": 30}, {"reward_id_": 10049, "reward_pack_id_": 12000, "reward_group_id_": 12000, "item_type_": 3, "item_id_": 181, "item_num_": 30}, {"reward_id_": 10050, "reward_pack_id_": 13000, "reward_group_id_": 13000, "item_type_": 28, "item_id_": 102410030, "item_num_": 1}, {"reward_id_": 10051, "reward_pack_id_": 13000, "reward_group_id_": 13000, "item_type_": 28, "item_id_": 102420030, "item_num_": 1}, {"reward_id_": 10052, "reward_pack_id_": 13000, "reward_group_id_": 13000, "item_type_": 28, "item_id_": 102430030, "item_num_": 1}, {"reward_id_": 10053, "reward_pack_id_": 13000, "reward_group_id_": 13000, "item_type_": 28, "item_id_": 102440030, "item_num_": 1}, {"reward_id_": 10054, "reward_pack_id_": 13000, "reward_group_id_": 13000, "item_type_": 28, "item_id_": 102450030, "item_num_": 1}, {"reward_id_": 10055, "reward_pack_id_": 14000, "reward_group_id_": 14000, "item_type_": 3, "item_id_": 294, "item_num_": 30}, {"reward_id_": 10056, "reward_pack_id_": 14000, "reward_group_id_": 14000, "item_type_": 3, "item_id_": 295, "item_num_": 30}, {"reward_id_": 10057, "reward_pack_id_": 14000, "reward_group_id_": 14000, "item_type_": 3, "item_id_": 104, "item_num_": 30}, {"reward_id_": 10058, "reward_pack_id_": 15000, "reward_group_id_": 15000, "item_type_": 28, "item_id_": 102510030, "item_num_": 1}, {"reward_id_": 10059, "reward_pack_id_": 15000, "reward_group_id_": 15000, "item_type_": 28, "item_id_": 102520030, "item_num_": 1}, {"reward_id_": 10060, "reward_pack_id_": 15000, "reward_group_id_": 15000, "item_type_": 28, "item_id_": 102530030, "item_num_": 1}, {"reward_id_": 10061, "reward_pack_id_": 15000, "reward_group_id_": 15000, "item_type_": 28, "item_id_": 102540030, "item_num_": 1}, {"reward_id_": 10062, "reward_pack_id_": 15000, "reward_group_id_": 15000, "item_type_": 28, "item_id_": 102550030, "item_num_": 1}, {"reward_id_": 10063, "reward_pack_id_": 16000, "reward_group_id_": 16000, "item_type_": 28, "item_id_": 102810030, "item_num_": 1}, {"reward_id_": 10064, "reward_pack_id_": 16000, "reward_group_id_": 16000, "item_type_": 28, "item_id_": 102820030, "item_num_": 1}, {"reward_id_": 10065, "reward_pack_id_": 16000, "reward_group_id_": 16000, "item_type_": 28, "item_id_": 102830030, "item_num_": 1}, {"reward_id_": 10066, "reward_pack_id_": 16000, "reward_group_id_": 16000, "item_type_": 28, "item_id_": 102840030, "item_num_": 1}, {"reward_id_": 10067, "reward_pack_id_": 16000, "reward_group_id_": 16000, "item_type_": 28, "item_id_": 102850030, "item_num_": 1}]