[{"battle_gimmick_table_id_": 1, "table_": [{"battle_gimmick_id_": 1, "gimmick_mission_name_": 7000, "gimmick_timer_": 40, "mission_type_": 2, "reward_item_category_": 8, "reward_item_id_": 70001, "reward_item_num_": 1, "gimmick_param_1_": 1, "gimmick_param_2_": 2, "gimmick_param_3_": 3, "gimmick_param_4_": -1, "gimmick_param_5_": -1, "gimmick_param_6_": -1, "gimmick_param_7_": -1, "gimmick_param_8_": -1, "gimmick_param_9_": -1, "gimmick_param_10_": -1}, {"battle_gimmick_id_": 2, "gimmick_mission_name_": 7001, "gimmick_timer_": 68, "mission_type_": 3, "reward_item_category_": 8, "reward_item_id_": 70001, "reward_item_num_": 1, "gimmick_param_1_": 5000000, "gimmick_param_2_": -1, "gimmick_param_3_": -1, "gimmick_param_4_": -1, "gimmick_param_5_": -1, "gimmick_param_6_": -1, "gimmick_param_7_": -1, "gimmick_param_8_": -1, "gimmick_param_9_": -1, "gimmick_param_10_": -1}, {"battle_gimmick_id_": 9999, "gimmick_mission_name_": -1, "gimmick_timer_": 60, "mission_type_": 1, "reward_item_category_": -1, "reward_item_id_": -1, "reward_item_num_": -1, "gimmick_param_1_": 2, "gimmick_param_2_": 4, "gimmick_param_3_": -1, "gimmick_param_4_": -1, "gimmick_param_5_": -1, "gimmick_param_6_": -1, "gimmick_param_7_": -1, "gimmick_param_8_": -1, "gimmick_param_9_": -1, "gimmick_param_10_": -1}]}, {"battle_gimmick_table_id_": 2, "table_": [{"battle_gimmick_id_": 1, "gimmick_mission_name_": 7000, "gimmick_timer_": 40, "mission_type_": 2, "reward_item_category_": 8, "reward_item_id_": 70001, "reward_item_num_": 1, "gimmick_param_1_": 1, "gimmick_param_2_": 1, "gimmick_param_3_": 2, "gimmick_param_4_": 3, "gimmick_param_5_": -1, "gimmick_param_6_": -1, "gimmick_param_7_": -1, "gimmick_param_8_": -1, "gimmick_param_9_": -1, "gimmick_param_10_": -1}, {"battle_gimmick_id_": 2, "gimmick_mission_name_": 7001, "gimmick_timer_": 68, "mission_type_": 3, "reward_item_category_": 8, "reward_item_id_": 70001, "reward_item_num_": 2, "gimmick_param_1_": 7500000, "gimmick_param_2_": -1, "gimmick_param_3_": -1, "gimmick_param_4_": -1, "gimmick_param_5_": -1, "gimmick_param_6_": -1, "gimmick_param_7_": -1, "gimmick_param_8_": -1, "gimmick_param_9_": -1, "gimmick_param_10_": -1}, {"battle_gimmick_id_": 9999, "gimmick_mission_name_": -1, "gimmick_timer_": 60, "mission_type_": 1, "reward_item_category_": -1, "reward_item_id_": -1, "reward_item_num_": -1, "gimmick_param_1_": 2, "gimmick_param_2_": 4, "gimmick_param_3_": -1, "gimmick_param_4_": -1, "gimmick_param_5_": -1, "gimmick_param_6_": -1, "gimmick_param_7_": -1, "gimmick_param_8_": -1, "gimmick_param_9_": -1, "gimmick_param_10_": -1}]}, {"battle_gimmick_table_id_": 3, "table_": [{"battle_gimmick_id_": 1, "gimmick_mission_name_": 7000, "gimmick_timer_": 80, "mission_type_": 2, "reward_item_category_": 8, "reward_item_id_": 70001, "reward_item_num_": 3, "gimmick_param_1_": 1, "gimmick_param_2_": 1, "gimmick_param_3_": 2, "gimmick_param_4_": 4, "gimmick_param_5_": 3, "gimmick_param_6_": -1, "gimmick_param_7_": -1, "gimmick_param_8_": -1, "gimmick_param_9_": -1, "gimmick_param_10_": -1}, {"battle_gimmick_id_": 2, "gimmick_mission_name_": 7002, "gimmick_timer_": 640, "mission_type_": 4, "reward_item_category_": 7, "reward_item_id_": 1750, "reward_item_num_": 1, "gimmick_param_1_": 48, "gimmick_param_2_": -1, "gimmick_param_3_": -1, "gimmick_param_4_": -1, "gimmick_param_5_": -1, "gimmick_param_6_": -1, "gimmick_param_7_": -1, "gimmick_param_8_": -1, "gimmick_param_9_": -1, "gimmick_param_10_": -1}, {"battle_gimmick_id_": 3, "gimmick_mission_name_": 7001, "gimmick_timer_": 68, "mission_type_": 3, "reward_item_category_": 8, "reward_item_id_": 70001, "reward_item_num_": 2, "gimmick_param_1_": 10000000, "gimmick_param_2_": -1, "gimmick_param_3_": -1, "gimmick_param_4_": -1, "gimmick_param_5_": -1, "gimmick_param_6_": -1, "gimmick_param_7_": -1, "gimmick_param_8_": -1, "gimmick_param_9_": -1, "gimmick_param_10_": -1}, {"battle_gimmick_id_": 9999, "gimmick_mission_name_": -1, "gimmick_timer_": 60, "mission_type_": 1, "reward_item_category_": -1, "reward_item_id_": -1, "reward_item_num_": -1, "gimmick_param_1_": 2, "gimmick_param_2_": 4, "gimmick_param_3_": -1, "gimmick_param_4_": -1, "gimmick_param_5_": -1, "gimmick_param_6_": -1, "gimmick_param_7_": -1, "gimmick_param_8_": -1, "gimmick_param_9_": -1, "gimmick_param_10_": -1}]}, {"battle_gimmick_table_id_": 4, "table_": [{"battle_gimmick_id_": 1, "gimmick_mission_name_": 7403, "gimmick_timer_": 640, "mission_type_": 7, "reward_item_category_": 8, "reward_item_id_": 70001, "reward_item_num_": 4, "gimmick_param_1_": 30, "gimmick_param_2_": -1, "gimmick_param_3_": -1, "gimmick_param_4_": -1, "gimmick_param_5_": -1, "gimmick_param_6_": -1, "gimmick_param_7_": -1, "gimmick_param_8_": -1, "gimmick_param_9_": -1, "gimmick_param_10_": -1}, {"battle_gimmick_id_": 2, "gimmick_mission_name_": 7000, "gimmick_timer_": 80, "mission_type_": 2, "reward_item_category_": 7, "reward_item_id_": 1750, "reward_item_num_": 1, "gimmick_param_1_": 1, "gimmick_param_2_": 1, "gimmick_param_3_": 2, "gimmick_param_4_": 4, "gimmick_param_5_": 3, "gimmick_param_6_": -1, "gimmick_param_7_": -1, "gimmick_param_8_": -1, "gimmick_param_9_": -1, "gimmick_param_10_": -1}, {"battle_gimmick_id_": 3, "gimmick_mission_name_": 7001, "gimmick_timer_": 60, "mission_type_": 3, "reward_item_category_": 7, "reward_item_id_": 1750, "reward_item_num_": 1, "gimmick_param_1_": 10000000, "gimmick_param_2_": -1, "gimmick_param_3_": -1, "gimmick_param_4_": -1, "gimmick_param_5_": -1, "gimmick_param_6_": -1, "gimmick_param_7_": -1, "gimmick_param_8_": -1, "gimmick_param_9_": -1, "gimmick_param_10_": -1}, {"battle_gimmick_id_": 4, "gimmick_mission_name_": 7002, "gimmick_timer_": 640, "mission_type_": 4, "reward_item_category_": 8, "reward_item_id_": 70001, "reward_item_num_": 5, "gimmick_param_1_": 48, "gimmick_param_2_": -1, "gimmick_param_3_": -1, "gimmick_param_4_": -1, "gimmick_param_5_": -1, "gimmick_param_6_": -1, "gimmick_param_7_": -1, "gimmick_param_8_": -1, "gimmick_param_9_": -1, "gimmick_param_10_": -1}, {"battle_gimmick_id_": 5, "gimmick_mission_name_": 7001, "gimmick_timer_": 120, "mission_type_": 3, "reward_item_category_": 7, "reward_item_id_": 1750, "reward_item_num_": 1, "gimmick_param_1_": 10000000, "gimmick_param_2_": -1, "gimmick_param_3_": -1, "gimmick_param_4_": -1, "gimmick_param_5_": -1, "gimmick_param_6_": -1, "gimmick_param_7_": -1, "gimmick_param_8_": -1, "gimmick_param_9_": -1, "gimmick_param_10_": -1}, {"battle_gimmick_id_": 9999, "gimmick_mission_name_": -1, "gimmick_timer_": 80, "mission_type_": 1, "reward_item_category_": -1, "reward_item_id_": -1, "reward_item_num_": -1, "gimmick_param_1_": 2, "gimmick_param_2_": 4, "gimmick_param_3_": -1, "gimmick_param_4_": -1, "gimmick_param_5_": -1, "gimmick_param_6_": -1, "gimmick_param_7_": -1, "gimmick_param_8_": -1, "gimmick_param_9_": -1, "gimmick_param_10_": -1}]}, {"battle_gimmick_table_id_": 5, "table_": [{"battle_gimmick_id_": 1, "gimmick_mission_name_": 7000, "gimmick_timer_": 40, "mission_type_": 2, "reward_item_category_": 8, "reward_item_id_": 70001, "reward_item_num_": 1, "gimmick_param_1_": 1, "gimmick_param_2_": 2, "gimmick_param_3_": 3, "gimmick_param_4_": -1, "gimmick_param_5_": -1, "gimmick_param_6_": -1, "gimmick_param_7_": -1, "gimmick_param_8_": -1, "gimmick_param_9_": -1, "gimmick_param_10_": -1}, {"battle_gimmick_id_": 2, "gimmick_mission_name_": 7001, "gimmick_timer_": 68, "mission_type_": 3, "reward_item_category_": 8, "reward_item_id_": 70001, "reward_item_num_": 1, "gimmick_param_1_": 5000000, "gimmick_param_2_": -1, "gimmick_param_3_": -1, "gimmick_param_4_": -1, "gimmick_param_5_": -1, "gimmick_param_6_": -1, "gimmick_param_7_": -1, "gimmick_param_8_": -1, "gimmick_param_9_": -1, "gimmick_param_10_": -1}, {"battle_gimmick_id_": 9999, "gimmick_mission_name_": -1, "gimmick_timer_": 60, "mission_type_": 1, "reward_item_category_": -1, "reward_item_id_": -1, "reward_item_num_": -1, "gimmick_param_1_": 4, "gimmick_param_2_": 2, "gimmick_param_3_": 3, "gimmick_param_4_": -1, "gimmick_param_5_": -1, "gimmick_param_6_": -1, "gimmick_param_7_": -1, "gimmick_param_8_": -1, "gimmick_param_9_": -1, "gimmick_param_10_": -1}]}, {"battle_gimmick_table_id_": 6, "table_": [{"battle_gimmick_id_": 1, "gimmick_mission_name_": 7000, "gimmick_timer_": 40, "mission_type_": 2, "reward_item_category_": 8, "reward_item_id_": 70001, "reward_item_num_": 1, "gimmick_param_1_": 1, "gimmick_param_2_": 1, "gimmick_param_3_": 2, "gimmick_param_4_": 3, "gimmick_param_5_": -1, "gimmick_param_6_": -1, "gimmick_param_7_": -1, "gimmick_param_8_": -1, "gimmick_param_9_": -1, "gimmick_param_10_": -1}, {"battle_gimmick_id_": 2, "gimmick_mission_name_": 7001, "gimmick_timer_": 68, "mission_type_": 3, "reward_item_category_": 8, "reward_item_id_": 70001, "reward_item_num_": 2, "gimmick_param_1_": 7500000, "gimmick_param_2_": -1, "gimmick_param_3_": -1, "gimmick_param_4_": -1, "gimmick_param_5_": -1, "gimmick_param_6_": -1, "gimmick_param_7_": -1, "gimmick_param_8_": -1, "gimmick_param_9_": -1, "gimmick_param_10_": -1}, {"battle_gimmick_id_": 9999, "gimmick_mission_name_": -1, "gimmick_timer_": 60, "mission_type_": 1, "reward_item_category_": -1, "reward_item_id_": -1, "reward_item_num_": -1, "gimmick_param_1_": 4, "gimmick_param_2_": 2, "gimmick_param_3_": 3, "gimmick_param_4_": -1, "gimmick_param_5_": -1, "gimmick_param_6_": -1, "gimmick_param_7_": -1, "gimmick_param_8_": -1, "gimmick_param_9_": -1, "gimmick_param_10_": -1}]}, {"battle_gimmick_table_id_": 7, "table_": [{"battle_gimmick_id_": 1, "gimmick_mission_name_": 7000, "gimmick_timer_": 80, "mission_type_": 2, "reward_item_category_": 8, "reward_item_id_": 70001, "reward_item_num_": 5, "gimmick_param_1_": 1, "gimmick_param_2_": 1, "gimmick_param_3_": 2, "gimmick_param_4_": 4, "gimmick_param_5_": 3, "gimmick_param_6_": -1, "gimmick_param_7_": -1, "gimmick_param_8_": -1, "gimmick_param_9_": -1, "gimmick_param_10_": -1}, {"battle_gimmick_id_": 2, "gimmick_mission_name_": 7002, "gimmick_timer_": 640, "mission_type_": 4, "reward_item_category_": 3, "reward_item_id_": 516, "reward_item_num_": 20, "gimmick_param_1_": 2, "gimmick_param_2_": -1, "gimmick_param_3_": -1, "gimmick_param_4_": -1, "gimmick_param_5_": -1, "gimmick_param_6_": -1, "gimmick_param_7_": -1, "gimmick_param_8_": -1, "gimmick_param_9_": -1, "gimmick_param_10_": -1}, {"battle_gimmick_id_": 3, "gimmick_mission_name_": 7001, "gimmick_timer_": 68, "mission_type_": 3, "reward_item_category_": 7, "reward_item_id_": 1534, "reward_item_num_": 1, "gimmick_param_1_": 10000000, "gimmick_param_2_": -1, "gimmick_param_3_": -1, "gimmick_param_4_": -1, "gimmick_param_5_": -1, "gimmick_param_6_": -1, "gimmick_param_7_": -1, "gimmick_param_8_": -1, "gimmick_param_9_": -1, "gimmick_param_10_": -1}, {"battle_gimmick_id_": 9999, "gimmick_mission_name_": -1, "gimmick_timer_": 60, "mission_type_": 1, "reward_item_category_": -1, "reward_item_id_": -1, "reward_item_num_": -1, "gimmick_param_1_": 4, "gimmick_param_2_": 2, "gimmick_param_3_": 3, "gimmick_param_4_": -1, "gimmick_param_5_": -1, "gimmick_param_6_": -1, "gimmick_param_7_": -1, "gimmick_param_8_": -1, "gimmick_param_9_": -1, "gimmick_param_10_": -1}]}, {"battle_gimmick_table_id_": 8, "table_": [{"battle_gimmick_id_": 1, "gimmick_mission_name_": 7403, "gimmick_timer_": 640, "mission_type_": 7, "reward_item_category_": 8, "reward_item_id_": 70001, "reward_item_num_": 9, "gimmick_param_1_": 30, "gimmick_param_2_": -1, "gimmick_param_3_": -1, "gimmick_param_4_": -1, "gimmick_param_5_": -1, "gimmick_param_6_": -1, "gimmick_param_7_": -1, "gimmick_param_8_": -1, "gimmick_param_9_": -1, "gimmick_param_10_": -1}, {"battle_gimmick_id_": 2, "gimmick_mission_name_": 7000, "gimmick_timer_": 80, "mission_type_": 2, "reward_item_category_": 7, "reward_item_id_": 1534, "reward_item_num_": 1, "gimmick_param_1_": 1, "gimmick_param_2_": 1, "gimmick_param_3_": 2, "gimmick_param_4_": 4, "gimmick_param_5_": 3, "gimmick_param_6_": -1, "gimmick_param_7_": -1, "gimmick_param_8_": -1, "gimmick_param_9_": -1, "gimmick_param_10_": -1}, {"battle_gimmick_id_": 3, "gimmick_mission_name_": 7001, "gimmick_timer_": 60, "mission_type_": 3, "reward_item_category_": 3, "reward_item_id_": 516, "reward_item_num_": 40, "gimmick_param_1_": 10000000, "gimmick_param_2_": -1, "gimmick_param_3_": -1, "gimmick_param_4_": -1, "gimmick_param_5_": -1, "gimmick_param_6_": -1, "gimmick_param_7_": -1, "gimmick_param_8_": -1, "gimmick_param_9_": -1, "gimmick_param_10_": -1}, {"battle_gimmick_id_": 4, "gimmick_mission_name_": 7002, "gimmick_timer_": 640, "mission_type_": 4, "reward_item_category_": 7, "reward_item_id_": 1534, "reward_item_num_": 1, "gimmick_param_1_": 2, "gimmick_param_2_": -1, "gimmick_param_3_": -1, "gimmick_param_4_": -1, "gimmick_param_5_": -1, "gimmick_param_6_": -1, "gimmick_param_7_": -1, "gimmick_param_8_": -1, "gimmick_param_9_": -1, "gimmick_param_10_": -1}, {"battle_gimmick_id_": 5, "gimmick_mission_name_": 7001, "gimmick_timer_": 120, "mission_type_": 3, "reward_item_category_": 3, "reward_item_id_": 516, "reward_item_num_": 40, "gimmick_param_1_": 10000000, "gimmick_param_2_": -1, "gimmick_param_3_": -1, "gimmick_param_4_": -1, "gimmick_param_5_": -1, "gimmick_param_6_": -1, "gimmick_param_7_": -1, "gimmick_param_8_": -1, "gimmick_param_9_": -1, "gimmick_param_10_": -1}, {"battle_gimmick_id_": 9999, "gimmick_mission_name_": -1, "gimmick_timer_": 60, "mission_type_": 1, "reward_item_category_": -1, "reward_item_id_": -1, "reward_item_num_": -1, "gimmick_param_1_": 4, "gimmick_param_2_": 2, "gimmick_param_3_": 3, "gimmick_param_4_": -1, "gimmick_param_5_": -1, "gimmick_param_6_": -1, "gimmick_param_7_": -1, "gimmick_param_8_": -1, "gimmick_param_9_": -1, "gimmick_param_10_": -1}]}, {"battle_gimmick_table_id_": 9, "table_": [{"battle_gimmick_id_": 1, "gimmick_mission_name_": 7000, "gimmick_timer_": 40, "mission_type_": 2, "reward_item_category_": 8, "reward_item_id_": 70001, "reward_item_num_": 1, "gimmick_param_1_": 1, "gimmick_param_2_": 2, "gimmick_param_3_": 3, "gimmick_param_4_": -1, "gimmick_param_5_": -1, "gimmick_param_6_": -1, "gimmick_param_7_": -1, "gimmick_param_8_": -1, "gimmick_param_9_": -1, "gimmick_param_10_": -1}, {"battle_gimmick_id_": 2, "gimmick_mission_name_": 7001, "gimmick_timer_": 68, "mission_type_": 3, "reward_item_category_": 8, "reward_item_id_": 70001, "reward_item_num_": 1, "gimmick_param_1_": 5000000, "gimmick_param_2_": -1, "gimmick_param_3_": -1, "gimmick_param_4_": -1, "gimmick_param_5_": -1, "gimmick_param_6_": -1, "gimmick_param_7_": -1, "gimmick_param_8_": -1, "gimmick_param_9_": -1, "gimmick_param_10_": -1}, {"battle_gimmick_id_": 9999, "gimmick_mission_name_": -1, "gimmick_timer_": 60, "mission_type_": 1, "reward_item_category_": -1, "reward_item_id_": -1, "reward_item_num_": -1, "gimmick_param_1_": 2, "gimmick_param_2_": 3, "gimmick_param_3_": 0, "gimmick_param_4_": -1, "gimmick_param_5_": -1, "gimmick_param_6_": -1, "gimmick_param_7_": -1, "gimmick_param_8_": -1, "gimmick_param_9_": -1, "gimmick_param_10_": -1}]}, {"battle_gimmick_table_id_": 10, "table_": [{"battle_gimmick_id_": 1, "gimmick_mission_name_": 7000, "gimmick_timer_": 40, "mission_type_": 2, "reward_item_category_": 8, "reward_item_id_": 70001, "reward_item_num_": 1, "gimmick_param_1_": 1, "gimmick_param_2_": 1, "gimmick_param_3_": 2, "gimmick_param_4_": 3, "gimmick_param_5_": -1, "gimmick_param_6_": -1, "gimmick_param_7_": -1, "gimmick_param_8_": -1, "gimmick_param_9_": -1, "gimmick_param_10_": -1}, {"battle_gimmick_id_": 2, "gimmick_mission_name_": 7001, "gimmick_timer_": 68, "mission_type_": 3, "reward_item_category_": 8, "reward_item_id_": 70001, "reward_item_num_": 2, "gimmick_param_1_": 7500000, "gimmick_param_2_": -1, "gimmick_param_3_": -1, "gimmick_param_4_": -1, "gimmick_param_5_": -1, "gimmick_param_6_": -1, "gimmick_param_7_": -1, "gimmick_param_8_": -1, "gimmick_param_9_": -1, "gimmick_param_10_": -1}, {"battle_gimmick_id_": 9999, "gimmick_mission_name_": -1, "gimmick_timer_": 60, "mission_type_": 1, "reward_item_category_": -1, "reward_item_id_": -1, "reward_item_num_": -1, "gimmick_param_1_": 2, "gimmick_param_2_": 3, "gimmick_param_3_": 0, "gimmick_param_4_": -1, "gimmick_param_5_": -1, "gimmick_param_6_": -1, "gimmick_param_7_": -1, "gimmick_param_8_": -1, "gimmick_param_9_": -1, "gimmick_param_10_": -1}]}, {"battle_gimmick_table_id_": 11, "table_": [{"battle_gimmick_id_": 1, "gimmick_mission_name_": 7000, "gimmick_timer_": 80, "mission_type_": 2, "reward_item_category_": 8, "reward_item_id_": 70001, "reward_item_num_": 5, "gimmick_param_1_": 1, "gimmick_param_2_": 1, "gimmick_param_3_": 2, "gimmick_param_4_": 4, "gimmick_param_5_": 3, "gimmick_param_6_": -1, "gimmick_param_7_": -1, "gimmick_param_8_": -1, "gimmick_param_9_": -1, "gimmick_param_10_": -1}, {"battle_gimmick_id_": 2, "gimmick_mission_name_": 7002, "gimmick_timer_": 640, "mission_type_": 4, "reward_item_category_": 3, "reward_item_id_": 519, "reward_item_num_": 20, "gimmick_param_1_": 45, "gimmick_param_2_": -1, "gimmick_param_3_": -1, "gimmick_param_4_": -1, "gimmick_param_5_": -1, "gimmick_param_6_": -1, "gimmick_param_7_": -1, "gimmick_param_8_": -1, "gimmick_param_9_": -1, "gimmick_param_10_": -1}, {"battle_gimmick_id_": 3, "gimmick_mission_name_": 7001, "gimmick_timer_": 68, "mission_type_": 3, "reward_item_category_": 7, "reward_item_id_": 1759, "reward_item_num_": 1, "gimmick_param_1_": 10000000, "gimmick_param_2_": -1, "gimmick_param_3_": -1, "gimmick_param_4_": -1, "gimmick_param_5_": -1, "gimmick_param_6_": -1, "gimmick_param_7_": -1, "gimmick_param_8_": -1, "gimmick_param_9_": -1, "gimmick_param_10_": -1}, {"battle_gimmick_id_": 9999, "gimmick_mission_name_": -1, "gimmick_timer_": 60, "mission_type_": 1, "reward_item_category_": -1, "reward_item_id_": -1, "reward_item_num_": -1, "gimmick_param_1_": 2, "gimmick_param_2_": 3, "gimmick_param_3_": 0, "gimmick_param_4_": -1, "gimmick_param_5_": -1, "gimmick_param_6_": -1, "gimmick_param_7_": -1, "gimmick_param_8_": -1, "gimmick_param_9_": -1, "gimmick_param_10_": -1}]}, {"battle_gimmick_table_id_": 12, "table_": [{"battle_gimmick_id_": 1, "gimmick_mission_name_": 7403, "gimmick_timer_": 640, "mission_type_": 7, "reward_item_category_": 3, "reward_item_id_": 519, "reward_item_num_": 40, "gimmick_param_1_": 30, "gimmick_param_2_": -1, "gimmick_param_3_": -1, "gimmick_param_4_": -1, "gimmick_param_5_": -1, "gimmick_param_6_": -1, "gimmick_param_7_": -1, "gimmick_param_8_": -1, "gimmick_param_9_": -1, "gimmick_param_10_": -1}, {"battle_gimmick_id_": 2, "gimmick_mission_name_": 7000, "gimmick_timer_": 80, "mission_type_": 2, "reward_item_category_": 7, "reward_item_id_": 1759, "reward_item_num_": 1, "gimmick_param_1_": 1, "gimmick_param_2_": 1, "gimmick_param_3_": 2, "gimmick_param_4_": 4, "gimmick_param_5_": 3, "gimmick_param_6_": -1, "gimmick_param_7_": -1, "gimmick_param_8_": -1, "gimmick_param_9_": -1, "gimmick_param_10_": -1}, {"battle_gimmick_id_": 3, "gimmick_mission_name_": 7001, "gimmick_timer_": 60, "mission_type_": 3, "reward_item_category_": 3, "reward_item_id_": 519, "reward_item_num_": 40, "gimmick_param_1_": 10000000, "gimmick_param_2_": -1, "gimmick_param_3_": -1, "gimmick_param_4_": -1, "gimmick_param_5_": -1, "gimmick_param_6_": -1, "gimmick_param_7_": -1, "gimmick_param_8_": -1, "gimmick_param_9_": -1, "gimmick_param_10_": -1}, {"battle_gimmick_id_": 4, "gimmick_mission_name_": 7002, "gimmick_timer_": 640, "mission_type_": 4, "reward_item_category_": 7, "reward_item_id_": 1759, "reward_item_num_": 1, "gimmick_param_1_": 45, "gimmick_param_2_": -1, "gimmick_param_3_": -1, "gimmick_param_4_": -1, "gimmick_param_5_": -1, "gimmick_param_6_": -1, "gimmick_param_7_": -1, "gimmick_param_8_": -1, "gimmick_param_9_": -1, "gimmick_param_10_": -1}, {"battle_gimmick_id_": 5, "gimmick_mission_name_": 7001, "gimmick_timer_": 120, "mission_type_": 3, "reward_item_category_": 8, "reward_item_id_": 70001, "reward_item_num_": 9, "gimmick_param_1_": 10000000, "gimmick_param_2_": -1, "gimmick_param_3_": -1, "gimmick_param_4_": -1, "gimmick_param_5_": -1, "gimmick_param_6_": -1, "gimmick_param_7_": -1, "gimmick_param_8_": -1, "gimmick_param_9_": -1, "gimmick_param_10_": -1}, {"battle_gimmick_id_": 9999, "gimmick_mission_name_": -1, "gimmick_timer_": 60, "mission_type_": 1, "reward_item_category_": -1, "reward_item_id_": -1, "reward_item_num_": -1, "gimmick_param_1_": 2, "gimmick_param_2_": 3, "gimmick_param_3_": 0, "gimmick_param_4_": -1, "gimmick_param_5_": -1, "gimmick_param_6_": -1, "gimmick_param_7_": -1, "gimmick_param_8_": -1, "gimmick_param_9_": -1, "gimmick_param_10_": -1}]}, {"battle_gimmick_table_id_": 13, "table_": [{"battle_gimmick_id_": 1, "gimmick_mission_name_": 7000, "gimmick_timer_": 40, "mission_type_": 2, "reward_item_category_": 8, "reward_item_id_": 70001, "reward_item_num_": 1, "gimmick_param_1_": 1, "gimmick_param_2_": 2, "gimmick_param_3_": 3, "gimmick_param_4_": -1, "gimmick_param_5_": -1, "gimmick_param_6_": -1, "gimmick_param_7_": -1, "gimmick_param_8_": -1, "gimmick_param_9_": -1, "gimmick_param_10_": -1}, {"battle_gimmick_id_": 2, "gimmick_mission_name_": 7001, "gimmick_timer_": 68, "mission_type_": 3, "reward_item_category_": 8, "reward_item_id_": 70001, "reward_item_num_": 1, "gimmick_param_1_": 5000000, "gimmick_param_2_": -1, "gimmick_param_3_": -1, "gimmick_param_4_": -1, "gimmick_param_5_": -1, "gimmick_param_6_": -1, "gimmick_param_7_": -1, "gimmick_param_8_": -1, "gimmick_param_9_": -1, "gimmick_param_10_": -1}, {"battle_gimmick_id_": 9999, "gimmick_mission_name_": -1, "gimmick_timer_": 60, "mission_type_": 1, "reward_item_category_": -1, "reward_item_id_": -1, "reward_item_num_": -1, "gimmick_param_1_": 2, "gimmick_param_2_": 0, "gimmick_param_3_": -1, "gimmick_param_4_": -1, "gimmick_param_5_": -1, "gimmick_param_6_": -1, "gimmick_param_7_": -1, "gimmick_param_8_": -1, "gimmick_param_9_": -1, "gimmick_param_10_": -1}]}, {"battle_gimmick_table_id_": 14, "table_": [{"battle_gimmick_id_": 1, "gimmick_mission_name_": 7000, "gimmick_timer_": 40, "mission_type_": 2, "reward_item_category_": 8, "reward_item_id_": 70001, "reward_item_num_": 1, "gimmick_param_1_": 1, "gimmick_param_2_": 2, "gimmick_param_3_": 2, "gimmick_param_4_": 3, "gimmick_param_5_": -1, "gimmick_param_6_": -1, "gimmick_param_7_": -1, "gimmick_param_8_": -1, "gimmick_param_9_": -1, "gimmick_param_10_": -1}, {"battle_gimmick_id_": 2, "gimmick_mission_name_": 7001, "gimmick_timer_": 68, "mission_type_": 3, "reward_item_category_": 8, "reward_item_id_": 70001, "reward_item_num_": 2, "gimmick_param_1_": 7500000, "gimmick_param_2_": -1, "gimmick_param_3_": -1, "gimmick_param_4_": -1, "gimmick_param_5_": -1, "gimmick_param_6_": -1, "gimmick_param_7_": -1, "gimmick_param_8_": -1, "gimmick_param_9_": -1, "gimmick_param_10_": -1}, {"battle_gimmick_id_": 9999, "gimmick_mission_name_": -1, "gimmick_timer_": 60, "mission_type_": 1, "reward_item_category_": -1, "reward_item_id_": -1, "reward_item_num_": -1, "gimmick_param_1_": 2, "gimmick_param_2_": 0, "gimmick_param_3_": -1, "gimmick_param_4_": -1, "gimmick_param_5_": -1, "gimmick_param_6_": -1, "gimmick_param_7_": -1, "gimmick_param_8_": -1, "gimmick_param_9_": -1, "gimmick_param_10_": -1}]}, {"battle_gimmick_table_id_": 15, "table_": [{"battle_gimmick_id_": 1, "gimmick_mission_name_": 7000, "gimmick_timer_": 80, "mission_type_": 2, "reward_item_category_": 8, "reward_item_id_": 70001, "reward_item_num_": 2, "gimmick_param_1_": 1, "gimmick_param_2_": 2, "gimmick_param_3_": 2, "gimmick_param_4_": 4, "gimmick_param_5_": 3, "gimmick_param_6_": -1, "gimmick_param_7_": -1, "gimmick_param_8_": -1, "gimmick_param_9_": -1, "gimmick_param_10_": -1}, {"battle_gimmick_id_": 2, "gimmick_mission_name_": 7002, "gimmick_timer_": 640, "mission_type_": 4, "reward_item_category_": 8, "reward_item_id_": 70001, "reward_item_num_": 3, "gimmick_param_1_": 56, "gimmick_param_2_": -1, "gimmick_param_3_": -1, "gimmick_param_4_": -1, "gimmick_param_5_": -1, "gimmick_param_6_": -1, "gimmick_param_7_": -1, "gimmick_param_8_": -1, "gimmick_param_9_": -1, "gimmick_param_10_": -1}, {"battle_gimmick_id_": 3, "gimmick_mission_name_": 7001, "gimmick_timer_": 68, "mission_type_": 3, "reward_item_category_": 7, "reward_item_id_": 1756, "reward_item_num_": 1, "gimmick_param_1_": 10000000, "gimmick_param_2_": -1, "gimmick_param_3_": -1, "gimmick_param_4_": -1, "gimmick_param_5_": -1, "gimmick_param_6_": -1, "gimmick_param_7_": -1, "gimmick_param_8_": -1, "gimmick_param_9_": -1, "gimmick_param_10_": -1}, {"battle_gimmick_id_": 9999, "gimmick_mission_name_": -1, "gimmick_timer_": 60, "mission_type_": 1, "reward_item_category_": -1, "reward_item_id_": -1, "reward_item_num_": -1, "gimmick_param_1_": 2, "gimmick_param_2_": 0, "gimmick_param_3_": -1, "gimmick_param_4_": -1, "gimmick_param_5_": -1, "gimmick_param_6_": -1, "gimmick_param_7_": -1, "gimmick_param_8_": -1, "gimmick_param_9_": -1, "gimmick_param_10_": -1}]}, {"battle_gimmick_table_id_": 16, "table_": [{"battle_gimmick_id_": 1, "gimmick_mission_name_": 7403, "gimmick_timer_": 640, "mission_type_": 7, "reward_item_category_": 8, "reward_item_id_": 70001, "reward_item_num_": 5, "gimmick_param_1_": 30, "gimmick_param_2_": -1, "gimmick_param_3_": -1, "gimmick_param_4_": -1, "gimmick_param_5_": -1, "gimmick_param_6_": -1, "gimmick_param_7_": -1, "gimmick_param_8_": -1, "gimmick_param_9_": -1, "gimmick_param_10_": -1}, {"battle_gimmick_id_": 2, "gimmick_mission_name_": 7000, "gimmick_timer_": 80, "mission_type_": 2, "reward_item_category_": 7, "reward_item_id_": 1756, "reward_item_num_": 1, "gimmick_param_1_": 1, "gimmick_param_2_": 2, "gimmick_param_3_": 2, "gimmick_param_4_": 4, "gimmick_param_5_": 3, "gimmick_param_6_": -1, "gimmick_param_7_": -1, "gimmick_param_8_": -1, "gimmick_param_9_": -1, "gimmick_param_10_": -1}, {"battle_gimmick_id_": 3, "gimmick_mission_name_": 7001, "gimmick_timer_": 60, "mission_type_": 3, "reward_item_category_": 7, "reward_item_id_": 1756, "reward_item_num_": 1, "gimmick_param_1_": 10000000, "gimmick_param_2_": -1, "gimmick_param_3_": -1, "gimmick_param_4_": -1, "gimmick_param_5_": -1, "gimmick_param_6_": -1, "gimmick_param_7_": -1, "gimmick_param_8_": -1, "gimmick_param_9_": -1, "gimmick_param_10_": -1}, {"battle_gimmick_id_": 4, "gimmick_mission_name_": 7002, "gimmick_timer_": 640, "mission_type_": 4, "reward_item_category_": 7, "reward_item_id_": 1756, "reward_item_num_": 1, "gimmick_param_1_": 56, "gimmick_param_2_": -1, "gimmick_param_3_": -1, "gimmick_param_4_": -1, "gimmick_param_5_": -1, "gimmick_param_6_": -1, "gimmick_param_7_": -1, "gimmick_param_8_": -1, "gimmick_param_9_": -1, "gimmick_param_10_": -1}, {"battle_gimmick_id_": 5, "gimmick_mission_name_": 7001, "gimmick_timer_": 120, "mission_type_": 3, "reward_item_category_": 8, "reward_item_id_": 70001, "reward_item_num_": 5, "gimmick_param_1_": 10000000, "gimmick_param_2_": -1, "gimmick_param_3_": -1, "gimmick_param_4_": -1, "gimmick_param_5_": -1, "gimmick_param_6_": -1, "gimmick_param_7_": -1, "gimmick_param_8_": -1, "gimmick_param_9_": -1, "gimmick_param_10_": -1}, {"battle_gimmick_id_": 9999, "gimmick_mission_name_": -1, "gimmick_timer_": 60, "mission_type_": 1, "reward_item_category_": -1, "reward_item_id_": -1, "reward_item_num_": -1, "gimmick_param_1_": 2, "gimmick_param_2_": 0, "gimmick_param_3_": -1, "gimmick_param_4_": -1, "gimmick_param_5_": -1, "gimmick_param_6_": -1, "gimmick_param_7_": -1, "gimmick_param_8_": -1, "gimmick_param_9_": -1, "gimmick_param_10_": -1}]}, {"battle_gimmick_table_id_": 17, "table_": [{"battle_gimmick_id_": 1, "gimmick_mission_name_": 7000, "gimmick_timer_": 40, "mission_type_": 2, "reward_item_category_": 8, "reward_item_id_": 70001, "reward_item_num_": 1, "gimmick_param_1_": 1, "gimmick_param_2_": 2, "gimmick_param_3_": 3, "gimmick_param_4_": -1, "gimmick_param_5_": -1, "gimmick_param_6_": -1, "gimmick_param_7_": -1, "gimmick_param_8_": -1, "gimmick_param_9_": -1, "gimmick_param_10_": -1}, {"battle_gimmick_id_": 2, "gimmick_mission_name_": 7001, "gimmick_timer_": 68, "mission_type_": 3, "reward_item_category_": 8, "reward_item_id_": 70001, "reward_item_num_": 1, "gimmick_param_1_": 5000000, "gimmick_param_2_": -1, "gimmick_param_3_": -1, "gimmick_param_4_": -1, "gimmick_param_5_": -1, "gimmick_param_6_": -1, "gimmick_param_7_": -1, "gimmick_param_8_": -1, "gimmick_param_9_": -1, "gimmick_param_10_": -1}, {"battle_gimmick_id_": 9999, "gimmick_mission_name_": -1, "gimmick_timer_": 60, "mission_type_": 1, "reward_item_category_": -1, "reward_item_id_": -1, "reward_item_num_": -1, "gimmick_param_1_": 3, "gimmick_param_2_": 1, "gimmick_param_3_": -1, "gimmick_param_4_": -1, "gimmick_param_5_": -1, "gimmick_param_6_": -1, "gimmick_param_7_": -1, "gimmick_param_8_": -1, "gimmick_param_9_": -1, "gimmick_param_10_": -1}]}, {"battle_gimmick_table_id_": 18, "table_": [{"battle_gimmick_id_": 1, "gimmick_mission_name_": 7000, "gimmick_timer_": 40, "mission_type_": 2, "reward_item_category_": 8, "reward_item_id_": 70001, "reward_item_num_": 1, "gimmick_param_1_": 1, "gimmick_param_2_": 1, "gimmick_param_3_": 2, "gimmick_param_4_": 3, "gimmick_param_5_": -1, "gimmick_param_6_": -1, "gimmick_param_7_": -1, "gimmick_param_8_": -1, "gimmick_param_9_": -1, "gimmick_param_10_": -1}, {"battle_gimmick_id_": 2, "gimmick_mission_name_": 7001, "gimmick_timer_": 68, "mission_type_": 3, "reward_item_category_": 8, "reward_item_id_": 70001, "reward_item_num_": 2, "gimmick_param_1_": 7500000, "gimmick_param_2_": -1, "gimmick_param_3_": -1, "gimmick_param_4_": -1, "gimmick_param_5_": -1, "gimmick_param_6_": -1, "gimmick_param_7_": -1, "gimmick_param_8_": -1, "gimmick_param_9_": -1, "gimmick_param_10_": -1}, {"battle_gimmick_id_": 9999, "gimmick_mission_name_": -1, "gimmick_timer_": 60, "mission_type_": 1, "reward_item_category_": -1, "reward_item_id_": -1, "reward_item_num_": -1, "gimmick_param_1_": 3, "gimmick_param_2_": 1, "gimmick_param_3_": -1, "gimmick_param_4_": -1, "gimmick_param_5_": -1, "gimmick_param_6_": -1, "gimmick_param_7_": -1, "gimmick_param_8_": -1, "gimmick_param_9_": -1, "gimmick_param_10_": -1}]}, {"battle_gimmick_table_id_": 19, "table_": [{"battle_gimmick_id_": 1, "gimmick_mission_name_": 7000, "gimmick_timer_": 80, "mission_type_": 2, "reward_item_category_": 8, "reward_item_id_": 70001, "reward_item_num_": 5, "gimmick_param_1_": 1, "gimmick_param_2_": 1, "gimmick_param_3_": 2, "gimmick_param_4_": 4, "gimmick_param_5_": 3, "gimmick_param_6_": -1, "gimmick_param_7_": -1, "gimmick_param_8_": -1, "gimmick_param_9_": -1, "gimmick_param_10_": -1}, {"battle_gimmick_id_": 2, "gimmick_mission_name_": 7002, "gimmick_timer_": 640, "mission_type_": 4, "reward_item_category_": 3, "reward_item_id_": 526, "reward_item_num_": 20, "gimmick_param_1_": 15, "gimmick_param_2_": -1, "gimmick_param_3_": -1, "gimmick_param_4_": -1, "gimmick_param_5_": -1, "gimmick_param_6_": -1, "gimmick_param_7_": -1, "gimmick_param_8_": -1, "gimmick_param_9_": -1, "gimmick_param_10_": -1}, {"battle_gimmick_id_": 3, "gimmick_mission_name_": 7001, "gimmick_timer_": 68, "mission_type_": 3, "reward_item_category_": 7, "reward_item_id_": 1748, "reward_item_num_": 1, "gimmick_param_1_": 10000000, "gimmick_param_2_": -1, "gimmick_param_3_": -1, "gimmick_param_4_": -1, "gimmick_param_5_": -1, "gimmick_param_6_": -1, "gimmick_param_7_": -1, "gimmick_param_8_": -1, "gimmick_param_9_": -1, "gimmick_param_10_": -1}, {"battle_gimmick_id_": 9999, "gimmick_mission_name_": -1, "gimmick_timer_": 60, "mission_type_": 1, "reward_item_category_": -1, "reward_item_id_": -1, "reward_item_num_": -1, "gimmick_param_1_": 3, "gimmick_param_2_": 1, "gimmick_param_3_": -1, "gimmick_param_4_": -1, "gimmick_param_5_": -1, "gimmick_param_6_": -1, "gimmick_param_7_": -1, "gimmick_param_8_": -1, "gimmick_param_9_": -1, "gimmick_param_10_": -1}]}, {"battle_gimmick_table_id_": 20, "table_": [{"battle_gimmick_id_": 1, "gimmick_mission_name_": 7403, "gimmick_timer_": 640, "mission_type_": 7, "reward_item_category_": 3, "reward_item_id_": 526, "reward_item_num_": 40, "gimmick_param_1_": 30, "gimmick_param_2_": -1, "gimmick_param_3_": -1, "gimmick_param_4_": -1, "gimmick_param_5_": -1, "gimmick_param_6_": -1, "gimmick_param_7_": -1, "gimmick_param_8_": -1, "gimmick_param_9_": -1, "gimmick_param_10_": -1}, {"battle_gimmick_id_": 2, "gimmick_mission_name_": 7000, "gimmick_timer_": 80, "mission_type_": 2, "reward_item_category_": 7, "reward_item_id_": 1748, "reward_item_num_": 1, "gimmick_param_1_": 1, "gimmick_param_2_": 1, "gimmick_param_3_": 2, "gimmick_param_4_": 4, "gimmick_param_5_": 3, "gimmick_param_6_": -1, "gimmick_param_7_": -1, "gimmick_param_8_": -1, "gimmick_param_9_": -1, "gimmick_param_10_": -1}, {"battle_gimmick_id_": 3, "gimmick_mission_name_": 7001, "gimmick_timer_": 60, "mission_type_": 3, "reward_item_category_": 3, "reward_item_id_": 526, "reward_item_num_": 40, "gimmick_param_1_": 10000000, "gimmick_param_2_": -1, "gimmick_param_3_": -1, "gimmick_param_4_": -1, "gimmick_param_5_": -1, "gimmick_param_6_": -1, "gimmick_param_7_": -1, "gimmick_param_8_": -1, "gimmick_param_9_": -1, "gimmick_param_10_": -1}, {"battle_gimmick_id_": 4, "gimmick_mission_name_": 7002, "gimmick_timer_": 640, "mission_type_": 4, "reward_item_category_": 7, "reward_item_id_": 1748, "reward_item_num_": 1, "gimmick_param_1_": 15, "gimmick_param_2_": -1, "gimmick_param_3_": -1, "gimmick_param_4_": -1, "gimmick_param_5_": -1, "gimmick_param_6_": -1, "gimmick_param_7_": -1, "gimmick_param_8_": -1, "gimmick_param_9_": -1, "gimmick_param_10_": -1}, {"battle_gimmick_id_": 5, "gimmick_mission_name_": 7001, "gimmick_timer_": 120, "mission_type_": 3, "reward_item_category_": 8, "reward_item_id_": 70001, "reward_item_num_": 9, "gimmick_param_1_": 10000000, "gimmick_param_2_": -1, "gimmick_param_3_": -1, "gimmick_param_4_": -1, "gimmick_param_5_": -1, "gimmick_param_6_": -1, "gimmick_param_7_": -1, "gimmick_param_8_": -1, "gimmick_param_9_": -1, "gimmick_param_10_": -1}, {"battle_gimmick_id_": 9999, "gimmick_mission_name_": -1, "gimmick_timer_": 60, "mission_type_": 1, "reward_item_category_": -1, "reward_item_id_": -1, "reward_item_num_": -1, "gimmick_param_1_": 3, "gimmick_param_2_": 1, "gimmick_param_3_": -1, "gimmick_param_4_": -1, "gimmick_param_5_": -1, "gimmick_param_6_": -1, "gimmick_param_7_": -1, "gimmick_param_8_": -1, "gimmick_param_9_": -1, "gimmick_param_10_": -1}]}, {"battle_gimmick_table_id_": 21, "table_": [{"battle_gimmick_id_": 1, "gimmick_mission_name_": 7000, "gimmick_timer_": 60, "mission_type_": 2, "reward_item_category_": 8, "reward_item_id_": 70001, "reward_item_num_": 1, "gimmick_param_1_": 1, "gimmick_param_2_": 2, "gimmick_param_3_": 2, "gimmick_param_4_": -1, "gimmick_param_5_": -1, "gimmick_param_6_": -1, "gimmick_param_7_": -1, "gimmick_param_8_": -1, "gimmick_param_9_": -1, "gimmick_param_10_": -1}, {"battle_gimmick_id_": 2, "gimmick_mission_name_": 7000, "gimmick_timer_": 80, "mission_type_": 2, "reward_item_category_": 8, "reward_item_id_": 70001, "reward_item_num_": 1, "gimmick_param_1_": 1, "gimmick_param_2_": 2, "gimmick_param_3_": 2, "gimmick_param_4_": 4, "gimmick_param_5_": -1, "gimmick_param_6_": -1, "gimmick_param_7_": -1, "gimmick_param_8_": -1, "gimmick_param_9_": -1, "gimmick_param_10_": -1}, {"battle_gimmick_id_": 9999, "gimmick_mission_name_": -1, "gimmick_timer_": 60, "mission_type_": 1, "reward_item_category_": -1, "reward_item_id_": -1, "reward_item_num_": -1, "gimmick_param_1_": 2, "gimmick_param_2_": 4, "gimmick_param_3_": -1, "gimmick_param_4_": -1, "gimmick_param_5_": -1, "gimmick_param_6_": -1, "gimmick_param_7_": -1, "gimmick_param_8_": -1, "gimmick_param_9_": -1, "gimmick_param_10_": -1}]}, {"battle_gimmick_table_id_": 22, "table_": [{"battle_gimmick_id_": 1, "gimmick_mission_name_": 7000, "gimmick_timer_": 60, "mission_type_": 2, "reward_item_category_": 8, "reward_item_id_": 70001, "reward_item_num_": 1, "gimmick_param_1_": 1, "gimmick_param_2_": 2, "gimmick_param_3_": 2, "gimmick_param_4_": -1, "gimmick_param_5_": -1, "gimmick_param_6_": -1, "gimmick_param_7_": -1, "gimmick_param_8_": -1, "gimmick_param_9_": -1, "gimmick_param_10_": -1}, {"battle_gimmick_id_": 2, "gimmick_mission_name_": 7000, "gimmick_timer_": 80, "mission_type_": 2, "reward_item_category_": 8, "reward_item_id_": 70001, "reward_item_num_": 2, "gimmick_param_1_": 1, "gimmick_param_2_": 2, "gimmick_param_3_": 2, "gimmick_param_4_": 3, "gimmick_param_5_": -1, "gimmick_param_6_": -1, "gimmick_param_7_": -1, "gimmick_param_8_": -1, "gimmick_param_9_": -1, "gimmick_param_10_": -1}, {"battle_gimmick_id_": 9999, "gimmick_mission_name_": -1, "gimmick_timer_": 60, "mission_type_": 1, "reward_item_category_": -1, "reward_item_id_": -1, "reward_item_num_": -1, "gimmick_param_1_": 2, "gimmick_param_2_": 4, "gimmick_param_3_": -1, "gimmick_param_4_": -1, "gimmick_param_5_": -1, "gimmick_param_6_": -1, "gimmick_param_7_": -1, "gimmick_param_8_": -1, "gimmick_param_9_": -1, "gimmick_param_10_": -1}]}, {"battle_gimmick_table_id_": 23, "table_": [{"battle_gimmick_id_": 1, "gimmick_mission_name_": 7000, "gimmick_timer_": 60, "mission_type_": 2, "reward_item_category_": 8, "reward_item_id_": 70001, "reward_item_num_": 2, "gimmick_param_1_": 1, "gimmick_param_2_": 2, "gimmick_param_3_": 2, "gimmick_param_4_": -1, "gimmick_param_5_": -1, "gimmick_param_6_": -1, "gimmick_param_7_": -1, "gimmick_param_8_": -1, "gimmick_param_9_": -1, "gimmick_param_10_": -1}, {"battle_gimmick_id_": 2, "gimmick_mission_name_": 7000, "gimmick_timer_": 60, "mission_type_": 2, "reward_item_category_": 8, "reward_item_id_": 70001, "reward_item_num_": 2, "gimmick_param_1_": 1, "gimmick_param_2_": 2, "gimmick_param_3_": 2, "gimmick_param_4_": 4, "gimmick_param_5_": -1, "gimmick_param_6_": -1, "gimmick_param_7_": -1, "gimmick_param_8_": -1, "gimmick_param_9_": -1, "gimmick_param_10_": -1}, {"battle_gimmick_id_": 3, "gimmick_mission_name_": 7000, "gimmick_timer_": 80, "mission_type_": 2, "reward_item_category_": 8, "reward_item_id_": 70001, "reward_item_num_": 3, "gimmick_param_1_": 1, "gimmick_param_2_": 1, "gimmick_param_3_": 2, "gimmick_param_4_": 2, "gimmick_param_5_": 3, "gimmick_param_6_": -1, "gimmick_param_7_": -1, "gimmick_param_8_": -1, "gimmick_param_9_": -1, "gimmick_param_10_": -1}, {"battle_gimmick_id_": 9999, "gimmick_mission_name_": -1, "gimmick_timer_": 60, "mission_type_": 1, "reward_item_category_": -1, "reward_item_id_": -1, "reward_item_num_": -1, "gimmick_param_1_": 2, "gimmick_param_2_": 4, "gimmick_param_3_": -1, "gimmick_param_4_": -1, "gimmick_param_5_": -1, "gimmick_param_6_": -1, "gimmick_param_7_": -1, "gimmick_param_8_": -1, "gimmick_param_9_": -1, "gimmick_param_10_": -1}]}, {"battle_gimmick_table_id_": 24, "table_": [{"battle_gimmick_id_": 1, "gimmick_mission_name_": 7000, "gimmick_timer_": 60, "mission_type_": 2, "reward_item_category_": 8, "reward_item_id_": 70001, "reward_item_num_": 2, "gimmick_param_1_": 1, "gimmick_param_2_": 1, "gimmick_param_3_": 2, "gimmick_param_4_": 2, "gimmick_param_5_": -1, "gimmick_param_6_": -1, "gimmick_param_7_": -1, "gimmick_param_8_": -1, "gimmick_param_9_": -1, "gimmick_param_10_": -1}, {"battle_gimmick_id_": 2, "gimmick_mission_name_": 7000, "gimmick_timer_": 60, "mission_type_": 2, "reward_item_category_": 8, "reward_item_id_": 70001, "reward_item_num_": 3, "gimmick_param_1_": 2, "gimmick_param_2_": 2, "gimmick_param_3_": 2, "gimmick_param_4_": 4, "gimmick_param_5_": -1, "gimmick_param_6_": -1, "gimmick_param_7_": -1, "gimmick_param_8_": -1, "gimmick_param_9_": -1, "gimmick_param_10_": -1}, {"battle_gimmick_id_": 3, "gimmick_mission_name_": 7000, "gimmick_timer_": 80, "mission_type_": 2, "reward_item_category_": 8, "reward_item_id_": 70001, "reward_item_num_": 5, "gimmick_param_1_": 1, "gimmick_param_2_": 1, "gimmick_param_3_": 1, "gimmick_param_4_": 2, "gimmick_param_5_": 3, "gimmick_param_6_": -1, "gimmick_param_7_": -1, "gimmick_param_8_": -1, "gimmick_param_9_": -1, "gimmick_param_10_": -1}, {"battle_gimmick_id_": 9999, "gimmick_mission_name_": -1, "gimmick_timer_": 60, "mission_type_": 1, "reward_item_category_": -1, "reward_item_id_": -1, "reward_item_num_": -1, "gimmick_param_1_": 2, "gimmick_param_2_": 4, "gimmick_param_3_": -1, "gimmick_param_4_": -1, "gimmick_param_5_": -1, "gimmick_param_6_": -1, "gimmick_param_7_": -1, "gimmick_param_8_": -1, "gimmick_param_9_": -1, "gimmick_param_10_": -1}]}, {"battle_gimmick_table_id_": 25, "table_": [{"battle_gimmick_id_": 1, "gimmick_mission_name_": 7000, "gimmick_timer_": 40, "mission_type_": 2, "reward_item_category_": 8, "reward_item_id_": 70001, "reward_item_num_": 1, "gimmick_param_1_": 1, "gimmick_param_2_": 2, "gimmick_param_3_": 3, "gimmick_param_4_": -1, "gimmick_param_5_": -1, "gimmick_param_6_": -1, "gimmick_param_7_": -1, "gimmick_param_8_": -1, "gimmick_param_9_": -1, "gimmick_param_10_": -1}, {"battle_gimmick_id_": 2, "gimmick_mission_name_": 7001, "gimmick_timer_": 68, "mission_type_": 3, "reward_item_category_": 8, "reward_item_id_": 70001, "reward_item_num_": 1, "gimmick_param_1_": 5000000, "gimmick_param_2_": -1, "gimmick_param_3_": -1, "gimmick_param_4_": -1, "gimmick_param_5_": -1, "gimmick_param_6_": -1, "gimmick_param_7_": -1, "gimmick_param_8_": -1, "gimmick_param_9_": -1, "gimmick_param_10_": -1}, {"battle_gimmick_id_": 9999, "gimmick_mission_name_": -1, "gimmick_timer_": 60, "mission_type_": 1, "reward_item_category_": -1, "reward_item_id_": -1, "reward_item_num_": -1, "gimmick_param_1_": 0, "gimmick_param_2_": 4, "gimmick_param_3_": -1, "gimmick_param_4_": -1, "gimmick_param_5_": -1, "gimmick_param_6_": -1, "gimmick_param_7_": -1, "gimmick_param_8_": -1, "gimmick_param_9_": -1, "gimmick_param_10_": -1}]}, {"battle_gimmick_table_id_": 26, "table_": [{"battle_gimmick_id_": 1, "gimmick_mission_name_": 7000, "gimmick_timer_": 40, "mission_type_": 2, "reward_item_category_": 8, "reward_item_id_": 70001, "reward_item_num_": 1, "gimmick_param_1_": 1, "gimmick_param_2_": 1, "gimmick_param_3_": 2, "gimmick_param_4_": 3, "gimmick_param_5_": -1, "gimmick_param_6_": -1, "gimmick_param_7_": -1, "gimmick_param_8_": -1, "gimmick_param_9_": -1, "gimmick_param_10_": -1}, {"battle_gimmick_id_": 2, "gimmick_mission_name_": 7001, "gimmick_timer_": 68, "mission_type_": 3, "reward_item_category_": 8, "reward_item_id_": 70001, "reward_item_num_": 2, "gimmick_param_1_": 7500000, "gimmick_param_2_": -1, "gimmick_param_3_": -1, "gimmick_param_4_": -1, "gimmick_param_5_": -1, "gimmick_param_6_": -1, "gimmick_param_7_": -1, "gimmick_param_8_": -1, "gimmick_param_9_": -1, "gimmick_param_10_": -1}, {"battle_gimmick_id_": 9999, "gimmick_mission_name_": -1, "gimmick_timer_": 60, "mission_type_": 1, "reward_item_category_": -1, "reward_item_id_": -1, "reward_item_num_": -1, "gimmick_param_1_": 0, "gimmick_param_2_": 4, "gimmick_param_3_": -1, "gimmick_param_4_": -1, "gimmick_param_5_": -1, "gimmick_param_6_": -1, "gimmick_param_7_": -1, "gimmick_param_8_": -1, "gimmick_param_9_": -1, "gimmick_param_10_": -1}]}, {"battle_gimmick_table_id_": 27, "table_": [{"battle_gimmick_id_": 1, "gimmick_mission_name_": 7000, "gimmick_timer_": 80, "mission_type_": 2, "reward_item_category_": 8, "reward_item_id_": 70001, "reward_item_num_": 5, "gimmick_param_1_": 1, "gimmick_param_2_": 1, "gimmick_param_3_": 2, "gimmick_param_4_": 4, "gimmick_param_5_": 3, "gimmick_param_6_": -1, "gimmick_param_7_": -1, "gimmick_param_8_": -1, "gimmick_param_9_": -1, "gimmick_param_10_": -1}, {"battle_gimmick_id_": 2, "gimmick_mission_name_": 7002, "gimmick_timer_": 640, "mission_type_": 4, "reward_item_category_": 3, "reward_item_id_": 531, "reward_item_num_": 20, "gimmick_param_1_": 26, "gimmick_param_2_": -1, "gimmick_param_3_": -1, "gimmick_param_4_": -1, "gimmick_param_5_": -1, "gimmick_param_6_": -1, "gimmick_param_7_": -1, "gimmick_param_8_": -1, "gimmick_param_9_": -1, "gimmick_param_10_": -1}, {"battle_gimmick_id_": 3, "gimmick_mission_name_": 7001, "gimmick_timer_": 68, "mission_type_": 3, "reward_item_category_": 7, "reward_item_id_": 1531, "reward_item_num_": 1, "gimmick_param_1_": 10000000, "gimmick_param_2_": -1, "gimmick_param_3_": -1, "gimmick_param_4_": -1, "gimmick_param_5_": -1, "gimmick_param_6_": -1, "gimmick_param_7_": -1, "gimmick_param_8_": -1, "gimmick_param_9_": -1, "gimmick_param_10_": -1}, {"battle_gimmick_id_": 9999, "gimmick_mission_name_": -1, "gimmick_timer_": 60, "mission_type_": 1, "reward_item_category_": -1, "reward_item_id_": -1, "reward_item_num_": -1, "gimmick_param_1_": 0, "gimmick_param_2_": 4, "gimmick_param_3_": -1, "gimmick_param_4_": -1, "gimmick_param_5_": -1, "gimmick_param_6_": -1, "gimmick_param_7_": -1, "gimmick_param_8_": -1, "gimmick_param_9_": -1, "gimmick_param_10_": -1}]}, {"battle_gimmick_table_id_": 28, "table_": [{"battle_gimmick_id_": 1, "gimmick_mission_name_": 7403, "gimmick_timer_": 640, "mission_type_": 7, "reward_item_category_": 3, "reward_item_id_": 531, "reward_item_num_": 40, "gimmick_param_1_": 30, "gimmick_param_2_": -1, "gimmick_param_3_": -1, "gimmick_param_4_": -1, "gimmick_param_5_": -1, "gimmick_param_6_": -1, "gimmick_param_7_": -1, "gimmick_param_8_": -1, "gimmick_param_9_": -1, "gimmick_param_10_": -1}, {"battle_gimmick_id_": 2, "gimmick_mission_name_": 7000, "gimmick_timer_": 80, "mission_type_": 2, "reward_item_category_": 7, "reward_item_id_": 1531, "reward_item_num_": 1, "gimmick_param_1_": 1, "gimmick_param_2_": 1, "gimmick_param_3_": 2, "gimmick_param_4_": 4, "gimmick_param_5_": 3, "gimmick_param_6_": -1, "gimmick_param_7_": -1, "gimmick_param_8_": -1, "gimmick_param_9_": -1, "gimmick_param_10_": -1}, {"battle_gimmick_id_": 3, "gimmick_mission_name_": 7001, "gimmick_timer_": 60, "mission_type_": 3, "reward_item_category_": 3, "reward_item_id_": 531, "reward_item_num_": 40, "gimmick_param_1_": 10000000, "gimmick_param_2_": -1, "gimmick_param_3_": -1, "gimmick_param_4_": -1, "gimmick_param_5_": -1, "gimmick_param_6_": -1, "gimmick_param_7_": -1, "gimmick_param_8_": -1, "gimmick_param_9_": -1, "gimmick_param_10_": -1}, {"battle_gimmick_id_": 4, "gimmick_mission_name_": 7002, "gimmick_timer_": 640, "mission_type_": 4, "reward_item_category_": 7, "reward_item_id_": 1531, "reward_item_num_": 1, "gimmick_param_1_": 26, "gimmick_param_2_": -1, "gimmick_param_3_": -1, "gimmick_param_4_": -1, "gimmick_param_5_": -1, "gimmick_param_6_": -1, "gimmick_param_7_": -1, "gimmick_param_8_": -1, "gimmick_param_9_": -1, "gimmick_param_10_": -1}, {"battle_gimmick_id_": 5, "gimmick_mission_name_": 7001, "gimmick_timer_": 120, "mission_type_": 3, "reward_item_category_": 8, "reward_item_id_": 70001, "reward_item_num_": 9, "gimmick_param_1_": 10000000, "gimmick_param_2_": -1, "gimmick_param_3_": -1, "gimmick_param_4_": -1, "gimmick_param_5_": -1, "gimmick_param_6_": -1, "gimmick_param_7_": -1, "gimmick_param_8_": -1, "gimmick_param_9_": -1, "gimmick_param_10_": -1}, {"battle_gimmick_id_": 9999, "gimmick_mission_name_": -1, "gimmick_timer_": 60, "mission_type_": 1, "reward_item_category_": -1, "reward_item_id_": -1, "reward_item_num_": -1, "gimmick_param_1_": 0, "gimmick_param_2_": 4, "gimmick_param_3_": -1, "gimmick_param_4_": -1, "gimmick_param_5_": -1, "gimmick_param_6_": -1, "gimmick_param_7_": -1, "gimmick_param_8_": -1, "gimmick_param_9_": -1, "gimmick_param_10_": -1}]}, {"battle_gimmick_table_id_": 29, "table_": [{"battle_gimmick_id_": 1, "gimmick_mission_name_": 7000, "gimmick_timer_": 40, "mission_type_": 2, "reward_item_category_": 8, "reward_item_id_": 70001, "reward_item_num_": 1, "gimmick_param_1_": 1, "gimmick_param_2_": 2, "gimmick_param_3_": 3, "gimmick_param_4_": -1, "gimmick_param_5_": -1, "gimmick_param_6_": -1, "gimmick_param_7_": -1, "gimmick_param_8_": -1, "gimmick_param_9_": -1, "gimmick_param_10_": -1}, {"battle_gimmick_id_": 2, "gimmick_mission_name_": 7001, "gimmick_timer_": 68, "mission_type_": 3, "reward_item_category_": 8, "reward_item_id_": 70001, "reward_item_num_": 1, "gimmick_param_1_": 5000000, "gimmick_param_2_": -1, "gimmick_param_3_": -1, "gimmick_param_4_": -1, "gimmick_param_5_": -1, "gimmick_param_6_": -1, "gimmick_param_7_": -1, "gimmick_param_8_": -1, "gimmick_param_9_": -1, "gimmick_param_10_": -1}, {"battle_gimmick_id_": 9999, "gimmick_mission_name_": -1, "gimmick_timer_": 60, "mission_type_": 1, "reward_item_category_": -1, "reward_item_id_": -1, "reward_item_num_": -1, "gimmick_param_1_": 1, "gimmick_param_2_": 4, "gimmick_param_3_": -1, "gimmick_param_4_": -1, "gimmick_param_5_": -1, "gimmick_param_6_": -1, "gimmick_param_7_": -1, "gimmick_param_8_": -1, "gimmick_param_9_": -1, "gimmick_param_10_": -1}]}, {"battle_gimmick_table_id_": 30, "table_": [{"battle_gimmick_id_": 1, "gimmick_mission_name_": 7000, "gimmick_timer_": 40, "mission_type_": 2, "reward_item_category_": 8, "reward_item_id_": 70001, "reward_item_num_": 1, "gimmick_param_1_": 1, "gimmick_param_2_": 1, "gimmick_param_3_": 2, "gimmick_param_4_": 3, "gimmick_param_5_": -1, "gimmick_param_6_": -1, "gimmick_param_7_": -1, "gimmick_param_8_": -1, "gimmick_param_9_": -1, "gimmick_param_10_": -1}, {"battle_gimmick_id_": 2, "gimmick_mission_name_": 7001, "gimmick_timer_": 68, "mission_type_": 3, "reward_item_category_": 8, "reward_item_id_": 70001, "reward_item_num_": 2, "gimmick_param_1_": 7500000, "gimmick_param_2_": -1, "gimmick_param_3_": -1, "gimmick_param_4_": -1, "gimmick_param_5_": -1, "gimmick_param_6_": -1, "gimmick_param_7_": -1, "gimmick_param_8_": -1, "gimmick_param_9_": -1, "gimmick_param_10_": -1}, {"battle_gimmick_id_": 9999, "gimmick_mission_name_": -1, "gimmick_timer_": 60, "mission_type_": 1, "reward_item_category_": -1, "reward_item_id_": -1, "reward_item_num_": -1, "gimmick_param_1_": 1, "gimmick_param_2_": 4, "gimmick_param_3_": -1, "gimmick_param_4_": -1, "gimmick_param_5_": -1, "gimmick_param_6_": -1, "gimmick_param_7_": -1, "gimmick_param_8_": -1, "gimmick_param_9_": -1, "gimmick_param_10_": -1}]}, {"battle_gimmick_table_id_": 31, "table_": [{"battle_gimmick_id_": 1, "gimmick_mission_name_": 7000, "gimmick_timer_": 80, "mission_type_": 2, "reward_item_category_": 8, "reward_item_id_": 70001, "reward_item_num_": 2, "gimmick_param_1_": 1, "gimmick_param_2_": 1, "gimmick_param_3_": 2, "gimmick_param_4_": 4, "gimmick_param_5_": 3, "gimmick_param_6_": -1, "gimmick_param_7_": -1, "gimmick_param_8_": -1, "gimmick_param_9_": -1, "gimmick_param_10_": -1}, {"battle_gimmick_id_": 2, "gimmick_mission_name_": 7002, "gimmick_timer_": 640, "mission_type_": 4, "reward_item_category_": 8, "reward_item_id_": 70001, "reward_item_num_": 3, "gimmick_param_1_": 40, "gimmick_param_2_": -1, "gimmick_param_3_": -1, "gimmick_param_4_": -1, "gimmick_param_5_": -1, "gimmick_param_6_": -1, "gimmick_param_7_": -1, "gimmick_param_8_": -1, "gimmick_param_9_": -1, "gimmick_param_10_": -1}, {"battle_gimmick_id_": 3, "gimmick_mission_name_": 7001, "gimmick_timer_": 68, "mission_type_": 3, "reward_item_category_": 7, "reward_item_id_": 1777, "reward_item_num_": 1, "gimmick_param_1_": 10000000, "gimmick_param_2_": -1, "gimmick_param_3_": -1, "gimmick_param_4_": -1, "gimmick_param_5_": -1, "gimmick_param_6_": -1, "gimmick_param_7_": -1, "gimmick_param_8_": -1, "gimmick_param_9_": -1, "gimmick_param_10_": -1}, {"battle_gimmick_id_": 9999, "gimmick_mission_name_": -1, "gimmick_timer_": 60, "mission_type_": 1, "reward_item_category_": -1, "reward_item_id_": -1, "reward_item_num_": -1, "gimmick_param_1_": 1, "gimmick_param_2_": 4, "gimmick_param_3_": -1, "gimmick_param_4_": -1, "gimmick_param_5_": -1, "gimmick_param_6_": -1, "gimmick_param_7_": -1, "gimmick_param_8_": -1, "gimmick_param_9_": -1, "gimmick_param_10_": -1}]}, {"battle_gimmick_table_id_": 32, "table_": [{"battle_gimmick_id_": 1, "gimmick_mission_name_": 7403, "gimmick_timer_": 640, "mission_type_": 7, "reward_item_category_": 8, "reward_item_id_": 70001, "reward_item_num_": 4, "gimmick_param_1_": 30, "gimmick_param_2_": -1, "gimmick_param_3_": -1, "gimmick_param_4_": -1, "gimmick_param_5_": -1, "gimmick_param_6_": -1, "gimmick_param_7_": -1, "gimmick_param_8_": -1, "gimmick_param_9_": -1, "gimmick_param_10_": -1}, {"battle_gimmick_id_": 2, "gimmick_mission_name_": 7000, "gimmick_timer_": 80, "mission_type_": 2, "reward_item_category_": 7, "reward_item_id_": 1777, "reward_item_num_": 1, "gimmick_param_1_": 1, "gimmick_param_2_": 1, "gimmick_param_3_": 2, "gimmick_param_4_": 4, "gimmick_param_5_": 3, "gimmick_param_6_": -1, "gimmick_param_7_": -1, "gimmick_param_8_": -1, "gimmick_param_9_": -1, "gimmick_param_10_": -1}, {"battle_gimmick_id_": 3, "gimmick_mission_name_": 7001, "gimmick_timer_": 60, "mission_type_": 3, "reward_item_category_": 7, "reward_item_id_": 1777, "reward_item_num_": 1, "gimmick_param_1_": 10000000, "gimmick_param_2_": -1, "gimmick_param_3_": -1, "gimmick_param_4_": -1, "gimmick_param_5_": -1, "gimmick_param_6_": -1, "gimmick_param_7_": -1, "gimmick_param_8_": -1, "gimmick_param_9_": -1, "gimmick_param_10_": -1}, {"battle_gimmick_id_": 4, "gimmick_mission_name_": 7002, "gimmick_timer_": 640, "mission_type_": 4, "reward_item_category_": 7, "reward_item_id_": 1777, "reward_item_num_": 1, "gimmick_param_1_": 40, "gimmick_param_2_": -1, "gimmick_param_3_": -1, "gimmick_param_4_": -1, "gimmick_param_5_": -1, "gimmick_param_6_": -1, "gimmick_param_7_": -1, "gimmick_param_8_": -1, "gimmick_param_9_": -1, "gimmick_param_10_": -1}, {"battle_gimmick_id_": 5, "gimmick_mission_name_": 7001, "gimmick_timer_": 120, "mission_type_": 3, "reward_item_category_": 8, "reward_item_id_": 70001, "reward_item_num_": 5, "gimmick_param_1_": 10000000, "gimmick_param_2_": -1, "gimmick_param_3_": -1, "gimmick_param_4_": -1, "gimmick_param_5_": -1, "gimmick_param_6_": -1, "gimmick_param_7_": -1, "gimmick_param_8_": -1, "gimmick_param_9_": -1, "gimmick_param_10_": -1}, {"battle_gimmick_id_": 9999, "gimmick_mission_name_": -1, "gimmick_timer_": 60, "mission_type_": 1, "reward_item_category_": -1, "reward_item_id_": -1, "reward_item_num_": -1, "gimmick_param_1_": 1, "gimmick_param_2_": 4, "gimmick_param_3_": -1, "gimmick_param_4_": -1, "gimmick_param_5_": -1, "gimmick_param_6_": -1, "gimmick_param_7_": -1, "gimmick_param_8_": -1, "gimmick_param_9_": -1, "gimmick_param_10_": -1}]}, {"battle_gimmick_table_id_": 33, "table_": [{"battle_gimmick_id_": 1, "gimmick_mission_name_": 7000, "gimmick_timer_": 40, "mission_type_": 2, "reward_item_category_": 8, "reward_item_id_": 70001, "reward_item_num_": 1, "gimmick_param_1_": 1, "gimmick_param_2_": 2, "gimmick_param_3_": 3, "gimmick_param_4_": -1, "gimmick_param_5_": -1, "gimmick_param_6_": -1, "gimmick_param_7_": -1, "gimmick_param_8_": -1, "gimmick_param_9_": -1, "gimmick_param_10_": -1}, {"battle_gimmick_id_": 2, "gimmick_mission_name_": 7001, "gimmick_timer_": 68, "mission_type_": 3, "reward_item_category_": 8, "reward_item_id_": 70001, "reward_item_num_": 1, "gimmick_param_1_": 5000000, "gimmick_param_2_": -1, "gimmick_param_3_": -1, "gimmick_param_4_": -1, "gimmick_param_5_": -1, "gimmick_param_6_": -1, "gimmick_param_7_": -1, "gimmick_param_8_": -1, "gimmick_param_9_": -1, "gimmick_param_10_": -1}, {"battle_gimmick_id_": 9999, "gimmick_mission_name_": -1, "gimmick_timer_": 60, "mission_type_": 1, "reward_item_category_": -1, "reward_item_id_": -1, "reward_item_num_": -1, "gimmick_param_1_": 1, "gimmick_param_2_": 0, "gimmick_param_3_": 3, "gimmick_param_4_": -1, "gimmick_param_5_": -1, "gimmick_param_6_": -1, "gimmick_param_7_": -1, "gimmick_param_8_": -1, "gimmick_param_9_": -1, "gimmick_param_10_": -1}]}, {"battle_gimmick_table_id_": 34, "table_": [{"battle_gimmick_id_": 1, "gimmick_mission_name_": 7000, "gimmick_timer_": 40, "mission_type_": 2, "reward_item_category_": 8, "reward_item_id_": 70001, "reward_item_num_": 1, "gimmick_param_1_": 1, "gimmick_param_2_": 1, "gimmick_param_3_": 2, "gimmick_param_4_": 3, "gimmick_param_5_": -1, "gimmick_param_6_": -1, "gimmick_param_7_": -1, "gimmick_param_8_": -1, "gimmick_param_9_": -1, "gimmick_param_10_": -1}, {"battle_gimmick_id_": 2, "gimmick_mission_name_": 7001, "gimmick_timer_": 68, "mission_type_": 3, "reward_item_category_": 8, "reward_item_id_": 70001, "reward_item_num_": 2, "gimmick_param_1_": 7500000, "gimmick_param_2_": -1, "gimmick_param_3_": -1, "gimmick_param_4_": -1, "gimmick_param_5_": -1, "gimmick_param_6_": -1, "gimmick_param_7_": -1, "gimmick_param_8_": -1, "gimmick_param_9_": -1, "gimmick_param_10_": -1}, {"battle_gimmick_id_": 9999, "gimmick_mission_name_": -1, "gimmick_timer_": 60, "mission_type_": 1, "reward_item_category_": -1, "reward_item_id_": -1, "reward_item_num_": -1, "gimmick_param_1_": 1, "gimmick_param_2_": 0, "gimmick_param_3_": 3, "gimmick_param_4_": -1, "gimmick_param_5_": -1, "gimmick_param_6_": -1, "gimmick_param_7_": -1, "gimmick_param_8_": -1, "gimmick_param_9_": -1, "gimmick_param_10_": -1}]}, {"battle_gimmick_table_id_": 35, "table_": [{"battle_gimmick_id_": 1, "gimmick_mission_name_": 7000, "gimmick_timer_": 80, "mission_type_": 2, "reward_item_category_": 8, "reward_item_id_": 70001, "reward_item_num_": 2, "gimmick_param_1_": 1, "gimmick_param_2_": 1, "gimmick_param_3_": 2, "gimmick_param_4_": 4, "gimmick_param_5_": 3, "gimmick_param_6_": -1, "gimmick_param_7_": -1, "gimmick_param_8_": -1, "gimmick_param_9_": -1, "gimmick_param_10_": -1}, {"battle_gimmick_id_": 2, "gimmick_mission_name_": 7002, "gimmick_timer_": 640, "mission_type_": 4, "reward_item_category_": 8, "reward_item_id_": 70001, "reward_item_num_": 3, "gimmick_param_1_": 41, "gimmick_param_2_": -1, "gimmick_param_3_": -1, "gimmick_param_4_": -1, "gimmick_param_5_": -1, "gimmick_param_6_": -1, "gimmick_param_7_": -1, "gimmick_param_8_": -1, "gimmick_param_9_": -1, "gimmick_param_10_": -1}, {"battle_gimmick_id_": 3, "gimmick_mission_name_": 7001, "gimmick_timer_": 68, "mission_type_": 3, "reward_item_category_": 7, "reward_item_id_": 1782, "reward_item_num_": 1, "gimmick_param_1_": 10000000, "gimmick_param_2_": -1, "gimmick_param_3_": -1, "gimmick_param_4_": -1, "gimmick_param_5_": -1, "gimmick_param_6_": -1, "gimmick_param_7_": -1, "gimmick_param_8_": -1, "gimmick_param_9_": -1, "gimmick_param_10_": -1}, {"battle_gimmick_id_": 9999, "gimmick_mission_name_": -1, "gimmick_timer_": 60, "mission_type_": 1, "reward_item_category_": -1, "reward_item_id_": -1, "reward_item_num_": -1, "gimmick_param_1_": 1, "gimmick_param_2_": 0, "gimmick_param_3_": 3, "gimmick_param_4_": -1, "gimmick_param_5_": -1, "gimmick_param_6_": -1, "gimmick_param_7_": -1, "gimmick_param_8_": -1, "gimmick_param_9_": -1, "gimmick_param_10_": -1}]}, {"battle_gimmick_table_id_": 36, "table_": [{"battle_gimmick_id_": 1, "gimmick_mission_name_": 7000, "gimmick_timer_": 80, "mission_type_": 2, "reward_item_category_": 8, "reward_item_id_": 70001, "reward_item_num_": 4, "gimmick_param_1_": 1, "gimmick_param_2_": 1, "gimmick_param_3_": 2, "gimmick_param_4_": -1, "gimmick_param_5_": -1, "gimmick_param_6_": -1, "gimmick_param_7_": -1, "gimmick_param_8_": -1, "gimmick_param_9_": -1, "gimmick_param_10_": -1}, {"battle_gimmick_id_": 2, "gimmick_mission_name_": 7000, "gimmick_timer_": 80, "mission_type_": 2, "reward_item_category_": 7, "reward_item_id_": 1782, "reward_item_num_": 1, "gimmick_param_1_": 1, "gimmick_param_2_": 2, "gimmick_param_3_": 2, "gimmick_param_4_": 4, "gimmick_param_5_": 3, "gimmick_param_6_": -1, "gimmick_param_7_": -1, "gimmick_param_8_": -1, "gimmick_param_9_": -1, "gimmick_param_10_": -1}, {"battle_gimmick_id_": 3, "gimmick_mission_name_": 7001, "gimmick_timer_": 60, "mission_type_": 3, "reward_item_category_": 7, "reward_item_id_": 1782, "reward_item_num_": 1, "gimmick_param_1_": 10000000, "gimmick_param_2_": -1, "gimmick_param_3_": -1, "gimmick_param_4_": -1, "gimmick_param_5_": -1, "gimmick_param_6_": -1, "gimmick_param_7_": -1, "gimmick_param_8_": -1, "gimmick_param_9_": -1, "gimmick_param_10_": -1}, {"battle_gimmick_id_": 4, "gimmick_mission_name_": 7002, "gimmick_timer_": 640, "mission_type_": 4, "reward_item_category_": 8, "reward_item_id_": 70001, "reward_item_num_": 5, "gimmick_param_1_": 38, "gimmick_param_2_": -1, "gimmick_param_3_": -1, "gimmick_param_4_": -1, "gimmick_param_5_": -1, "gimmick_param_6_": -1, "gimmick_param_7_": -1, "gimmick_param_8_": -1, "gimmick_param_9_": -1, "gimmick_param_10_": -1}, {"battle_gimmick_id_": 5, "gimmick_mission_name_": 7001, "gimmick_timer_": 120, "mission_type_": 3, "reward_item_category_": 7, "reward_item_id_": 1782, "reward_item_num_": 1, "gimmick_param_1_": 10000000, "gimmick_param_2_": -1, "gimmick_param_3_": -1, "gimmick_param_4_": -1, "gimmick_param_5_": -1, "gimmick_param_6_": -1, "gimmick_param_7_": -1, "gimmick_param_8_": -1, "gimmick_param_9_": -1, "gimmick_param_10_": -1}, {"battle_gimmick_id_": 9999, "gimmick_mission_name_": -1, "gimmick_timer_": 40, "mission_type_": 1, "reward_item_category_": -1, "reward_item_id_": -1, "reward_item_num_": -1, "gimmick_param_1_": 1, "gimmick_param_2_": 0, "gimmick_param_3_": 3, "gimmick_param_4_": -1, "gimmick_param_5_": -1, "gimmick_param_6_": -1, "gimmick_param_7_": -1, "gimmick_param_8_": -1, "gimmick_param_9_": -1, "gimmick_param_10_": -1}]}, {"battle_gimmick_table_id_": 37, "table_": [{"battle_gimmick_id_": 1, "gimmick_mission_name_": 7000, "gimmick_timer_": 40, "mission_type_": 2, "reward_item_category_": 8, "reward_item_id_": 70001, "reward_item_num_": 1, "gimmick_param_1_": 1, "gimmick_param_2_": 2, "gimmick_param_3_": 3, "gimmick_param_4_": -1, "gimmick_param_5_": -1, "gimmick_param_6_": -1, "gimmick_param_7_": -1, "gimmick_param_8_": -1, "gimmick_param_9_": -1, "gimmick_param_10_": -1}, {"battle_gimmick_id_": 2, "gimmick_mission_name_": 7001, "gimmick_timer_": 68, "mission_type_": 3, "reward_item_category_": 8, "reward_item_id_": 70001, "reward_item_num_": 1, "gimmick_param_1_": 5000000, "gimmick_param_2_": -1, "gimmick_param_3_": -1, "gimmick_param_4_": -1, "gimmick_param_5_": -1, "gimmick_param_6_": -1, "gimmick_param_7_": -1, "gimmick_param_8_": -1, "gimmick_param_9_": -1, "gimmick_param_10_": -1}, {"battle_gimmick_id_": 9999, "gimmick_mission_name_": -1, "gimmick_timer_": 60, "mission_type_": 1, "reward_item_category_": -1, "reward_item_id_": -1, "reward_item_num_": -1, "gimmick_param_1_": 3, "gimmick_param_2_": 2, "gimmick_param_3_": -1, "gimmick_param_4_": -1, "gimmick_param_5_": -1, "gimmick_param_6_": -1, "gimmick_param_7_": -1, "gimmick_param_8_": -1, "gimmick_param_9_": -1, "gimmick_param_10_": -1}]}, {"battle_gimmick_table_id_": 38, "table_": [{"battle_gimmick_id_": 1, "gimmick_mission_name_": 7000, "gimmick_timer_": 40, "mission_type_": 2, "reward_item_category_": 8, "reward_item_id_": 70001, "reward_item_num_": 1, "gimmick_param_1_": 1, "gimmick_param_2_": 1, "gimmick_param_3_": 2, "gimmick_param_4_": 3, "gimmick_param_5_": -1, "gimmick_param_6_": -1, "gimmick_param_7_": -1, "gimmick_param_8_": -1, "gimmick_param_9_": -1, "gimmick_param_10_": -1}, {"battle_gimmick_id_": 2, "gimmick_mission_name_": 7001, "gimmick_timer_": 68, "mission_type_": 3, "reward_item_category_": 8, "reward_item_id_": 70001, "reward_item_num_": 2, "gimmick_param_1_": 7500000, "gimmick_param_2_": -1, "gimmick_param_3_": -1, "gimmick_param_4_": -1, "gimmick_param_5_": -1, "gimmick_param_6_": -1, "gimmick_param_7_": -1, "gimmick_param_8_": -1, "gimmick_param_9_": -1, "gimmick_param_10_": -1}, {"battle_gimmick_id_": 9999, "gimmick_mission_name_": -1, "gimmick_timer_": 60, "mission_type_": 1, "reward_item_category_": -1, "reward_item_id_": -1, "reward_item_num_": -1, "gimmick_param_1_": 3, "gimmick_param_2_": 2, "gimmick_param_3_": -1, "gimmick_param_4_": -1, "gimmick_param_5_": -1, "gimmick_param_6_": -1, "gimmick_param_7_": -1, "gimmick_param_8_": -1, "gimmick_param_9_": -1, "gimmick_param_10_": -1}]}, {"battle_gimmick_table_id_": 39, "table_": [{"battle_gimmick_id_": 1, "gimmick_mission_name_": 7000, "gimmick_timer_": 80, "mission_type_": 2, "reward_item_category_": 8, "reward_item_id_": 70001, "reward_item_num_": 5, "gimmick_param_1_": 1, "gimmick_param_2_": 1, "gimmick_param_3_": 2, "gimmick_param_4_": 4, "gimmick_param_5_": 3, "gimmick_param_6_": -1, "gimmick_param_7_": -1, "gimmick_param_8_": -1, "gimmick_param_9_": -1, "gimmick_param_10_": -1}, {"battle_gimmick_id_": 2, "gimmick_mission_name_": 7002, "gimmick_timer_": 640, "mission_type_": 4, "reward_item_category_": 3, "reward_item_id_": 503, "reward_item_num_": 20, "gimmick_param_1_": 52, "gimmick_param_2_": -1, "gimmick_param_3_": -1, "gimmick_param_4_": -1, "gimmick_param_5_": -1, "gimmick_param_6_": -1, "gimmick_param_7_": -1, "gimmick_param_8_": -1, "gimmick_param_9_": -1, "gimmick_param_10_": -1}, {"battle_gimmick_id_": 3, "gimmick_mission_name_": 7001, "gimmick_timer_": 68, "mission_type_": 3, "reward_item_category_": 7, "reward_item_id_": 1784, "reward_item_num_": 1, "gimmick_param_1_": 10000000, "gimmick_param_2_": -1, "gimmick_param_3_": -1, "gimmick_param_4_": -1, "gimmick_param_5_": -1, "gimmick_param_6_": -1, "gimmick_param_7_": -1, "gimmick_param_8_": -1, "gimmick_param_9_": -1, "gimmick_param_10_": -1}, {"battle_gimmick_id_": 9999, "gimmick_mission_name_": -1, "gimmick_timer_": 60, "mission_type_": 1, "reward_item_category_": -1, "reward_item_id_": -1, "reward_item_num_": -1, "gimmick_param_1_": 3, "gimmick_param_2_": 2, "gimmick_param_3_": -1, "gimmick_param_4_": -1, "gimmick_param_5_": -1, "gimmick_param_6_": -1, "gimmick_param_7_": -1, "gimmick_param_8_": -1, "gimmick_param_9_": -1, "gimmick_param_10_": -1}]}, {"battle_gimmick_table_id_": 40, "table_": [{"battle_gimmick_id_": 1, "gimmick_mission_name_": 7000, "gimmick_timer_": 80, "mission_type_": 2, "reward_item_category_": 3, "reward_item_id_": 503, "reward_item_num_": 40, "gimmick_param_1_": 1, "gimmick_param_2_": 1, "gimmick_param_3_": 2, "gimmick_param_4_": -1, "gimmick_param_5_": -1, "gimmick_param_6_": -1, "gimmick_param_7_": -1, "gimmick_param_8_": -1, "gimmick_param_9_": -1, "gimmick_param_10_": -1}, {"battle_gimmick_id_": 2, "gimmick_mission_name_": 7000, "gimmick_timer_": 80, "mission_type_": 2, "reward_item_category_": 7, "reward_item_id_": 1784, "reward_item_num_": 1, "gimmick_param_1_": 1, "gimmick_param_2_": 2, "gimmick_param_3_": 2, "gimmick_param_4_": 4, "gimmick_param_5_": 3, "gimmick_param_6_": -1, "gimmick_param_7_": -1, "gimmick_param_8_": -1, "gimmick_param_9_": -1, "gimmick_param_10_": -1}, {"battle_gimmick_id_": 3, "gimmick_mission_name_": 7001, "gimmick_timer_": 60, "mission_type_": 3, "reward_item_category_": 3, "reward_item_id_": 503, "reward_item_num_": 40, "gimmick_param_1_": 10000000, "gimmick_param_2_": -1, "gimmick_param_3_": -1, "gimmick_param_4_": -1, "gimmick_param_5_": -1, "gimmick_param_6_": -1, "gimmick_param_7_": -1, "gimmick_param_8_": -1, "gimmick_param_9_": -1, "gimmick_param_10_": -1}, {"battle_gimmick_id_": 4, "gimmick_mission_name_": 7002, "gimmick_timer_": 640, "mission_type_": 4, "reward_item_category_": 7, "reward_item_id_": 1784, "reward_item_num_": 1, "gimmick_param_1_": 52, "gimmick_param_2_": -1, "gimmick_param_3_": -1, "gimmick_param_4_": -1, "gimmick_param_5_": -1, "gimmick_param_6_": -1, "gimmick_param_7_": -1, "gimmick_param_8_": -1, "gimmick_param_9_": -1, "gimmick_param_10_": -1}, {"battle_gimmick_id_": 5, "gimmick_mission_name_": 7001, "gimmick_timer_": 120, "mission_type_": 3, "reward_item_category_": 8, "reward_item_id_": 70001, "reward_item_num_": 9, "gimmick_param_1_": 10000000, "gimmick_param_2_": -1, "gimmick_param_3_": -1, "gimmick_param_4_": -1, "gimmick_param_5_": -1, "gimmick_param_6_": -1, "gimmick_param_7_": -1, "gimmick_param_8_": -1, "gimmick_param_9_": -1, "gimmick_param_10_": -1}, {"battle_gimmick_id_": 9999, "gimmick_mission_name_": -1, "gimmick_timer_": 60, "mission_type_": 1, "reward_item_category_": -1, "reward_item_id_": -1, "reward_item_num_": -1, "gimmick_param_1_": 3, "gimmick_param_2_": 2, "gimmick_param_3_": -1, "gimmick_param_4_": -1, "gimmick_param_5_": -1, "gimmick_param_6_": -1, "gimmick_param_7_": -1, "gimmick_param_8_": -1, "gimmick_param_9_": -1, "gimmick_param_10_": -1}]}, {"battle_gimmick_table_id_": 41, "table_": [{"battle_gimmick_id_": 1, "gimmick_mission_name_": 7000, "gimmick_timer_": 40, "mission_type_": 2, "reward_item_category_": 8, "reward_item_id_": 70001, "reward_item_num_": 1, "gimmick_param_1_": 1, "gimmick_param_2_": 2, "gimmick_param_3_": 3, "gimmick_param_4_": -1, "gimmick_param_5_": -1, "gimmick_param_6_": -1, "gimmick_param_7_": -1, "gimmick_param_8_": -1, "gimmick_param_9_": -1, "gimmick_param_10_": -1}, {"battle_gimmick_id_": 2, "gimmick_mission_name_": 7001, "gimmick_timer_": 68, "mission_type_": 3, "reward_item_category_": 8, "reward_item_id_": 70001, "reward_item_num_": 1, "gimmick_param_1_": 5000000, "gimmick_param_2_": -1, "gimmick_param_3_": -1, "gimmick_param_4_": -1, "gimmick_param_5_": -1, "gimmick_param_6_": -1, "gimmick_param_7_": -1, "gimmick_param_8_": -1, "gimmick_param_9_": -1, "gimmick_param_10_": -1}, {"battle_gimmick_id_": 9999, "gimmick_mission_name_": -1, "gimmick_timer_": 60, "mission_type_": 1, "reward_item_category_": -1, "reward_item_id_": -1, "reward_item_num_": -1, "gimmick_param_1_": 3, "gimmick_param_2_": 0, "gimmick_param_3_": 2, "gimmick_param_4_": -1, "gimmick_param_5_": -1, "gimmick_param_6_": -1, "gimmick_param_7_": -1, "gimmick_param_8_": -1, "gimmick_param_9_": -1, "gimmick_param_10_": -1}]}, {"battle_gimmick_table_id_": 42, "table_": [{"battle_gimmick_id_": 1, "gimmick_mission_name_": 7000, "gimmick_timer_": 40, "mission_type_": 2, "reward_item_category_": 8, "reward_item_id_": 70001, "reward_item_num_": 1, "gimmick_param_1_": 1, "gimmick_param_2_": 1, "gimmick_param_3_": 2, "gimmick_param_4_": 3, "gimmick_param_5_": -1, "gimmick_param_6_": -1, "gimmick_param_7_": -1, "gimmick_param_8_": -1, "gimmick_param_9_": -1, "gimmick_param_10_": -1}, {"battle_gimmick_id_": 2, "gimmick_mission_name_": 7001, "gimmick_timer_": 68, "mission_type_": 3, "reward_item_category_": 8, "reward_item_id_": 70001, "reward_item_num_": 2, "gimmick_param_1_": 7500000, "gimmick_param_2_": -1, "gimmick_param_3_": -1, "gimmick_param_4_": -1, "gimmick_param_5_": -1, "gimmick_param_6_": -1, "gimmick_param_7_": -1, "gimmick_param_8_": -1, "gimmick_param_9_": -1, "gimmick_param_10_": -1}, {"battle_gimmick_id_": 9999, "gimmick_mission_name_": -1, "gimmick_timer_": 60, "mission_type_": 1, "reward_item_category_": -1, "reward_item_id_": -1, "reward_item_num_": -1, "gimmick_param_1_": 3, "gimmick_param_2_": 0, "gimmick_param_3_": 2, "gimmick_param_4_": -1, "gimmick_param_5_": -1, "gimmick_param_6_": -1, "gimmick_param_7_": -1, "gimmick_param_8_": -1, "gimmick_param_9_": -1, "gimmick_param_10_": -1}]}, {"battle_gimmick_table_id_": 43, "table_": [{"battle_gimmick_id_": 1, "gimmick_mission_name_": 7000, "gimmick_timer_": 80, "mission_type_": 2, "reward_item_category_": 8, "reward_item_id_": 70001, "reward_item_num_": 5, "gimmick_param_1_": 1, "gimmick_param_2_": 1, "gimmick_param_3_": 2, "gimmick_param_4_": 4, "gimmick_param_5_": 3, "gimmick_param_6_": -1, "gimmick_param_7_": -1, "gimmick_param_8_": -1, "gimmick_param_9_": -1, "gimmick_param_10_": -1}, {"battle_gimmick_id_": 2, "gimmick_mission_name_": 7002, "gimmick_timer_": 640, "mission_type_": 4, "reward_item_category_": 3, "reward_item_id_": 545, "reward_item_num_": 20, "gimmick_param_1_": 56, "gimmick_param_2_": -1, "gimmick_param_3_": -1, "gimmick_param_4_": -1, "gimmick_param_5_": -1, "gimmick_param_6_": -1, "gimmick_param_7_": -1, "gimmick_param_8_": -1, "gimmick_param_9_": -1, "gimmick_param_10_": -1}, {"battle_gimmick_id_": 3, "gimmick_mission_name_": 7001, "gimmick_timer_": 68, "mission_type_": 3, "reward_item_category_": 3, "reward_item_id_": 546, "reward_item_num_": 20, "gimmick_param_1_": 10000000, "gimmick_param_2_": -1, "gimmick_param_3_": -1, "gimmick_param_4_": -1, "gimmick_param_5_": -1, "gimmick_param_6_": -1, "gimmick_param_7_": -1, "gimmick_param_8_": -1, "gimmick_param_9_": -1, "gimmick_param_10_": -1}, {"battle_gimmick_id_": 9999, "gimmick_mission_name_": -1, "gimmick_timer_": 60, "mission_type_": 1, "reward_item_category_": -1, "reward_item_id_": -1, "reward_item_num_": -1, "gimmick_param_1_": 3, "gimmick_param_2_": 0, "gimmick_param_3_": 2, "gimmick_param_4_": -1, "gimmick_param_5_": -1, "gimmick_param_6_": -1, "gimmick_param_7_": -1, "gimmick_param_8_": -1, "gimmick_param_9_": -1, "gimmick_param_10_": -1}]}, {"battle_gimmick_table_id_": 44, "table_": [{"battle_gimmick_id_": 1, "gimmick_mission_name_": 7000, "gimmick_timer_": 80, "mission_type_": 2, "reward_item_category_": 3, "reward_item_id_": 545, "reward_item_num_": 40, "gimmick_param_1_": 1, "gimmick_param_2_": 1, "gimmick_param_3_": 2, "gimmick_param_4_": 4, "gimmick_param_5_": -1, "gimmick_param_6_": -1, "gimmick_param_7_": -1, "gimmick_param_8_": -1, "gimmick_param_9_": -1, "gimmick_param_10_": -1}, {"battle_gimmick_id_": 2, "gimmick_mission_name_": 7000, "gimmick_timer_": 80, "mission_type_": 2, "reward_item_category_": 3, "reward_item_id_": 546, "reward_item_num_": 40, "gimmick_param_1_": 1, "gimmick_param_2_": 2, "gimmick_param_3_": 2, "gimmick_param_4_": 3, "gimmick_param_5_": -1, "gimmick_param_6_": -1, "gimmick_param_7_": -1, "gimmick_param_8_": -1, "gimmick_param_9_": -1, "gimmick_param_10_": -1}, {"battle_gimmick_id_": 3, "gimmick_mission_name_": 7001, "gimmick_timer_": 60, "mission_type_": 3, "reward_item_category_": 7, "reward_item_id_": 1794, "reward_item_num_": 1, "gimmick_param_1_": 10000000, "gimmick_param_2_": -1, "gimmick_param_3_": -1, "gimmick_param_4_": -1, "gimmick_param_5_": -1, "gimmick_param_6_": -1, "gimmick_param_7_": -1, "gimmick_param_8_": -1, "gimmick_param_9_": -1, "gimmick_param_10_": -1}, {"battle_gimmick_id_": 4, "gimmick_mission_name_": 7002, "gimmick_timer_": 640, "mission_type_": 4, "reward_item_category_": 7, "reward_item_id_": 1794, "reward_item_num_": 1, "gimmick_param_1_": 56, "gimmick_param_2_": -1, "gimmick_param_3_": -1, "gimmick_param_4_": -1, "gimmick_param_5_": -1, "gimmick_param_6_": -1, "gimmick_param_7_": -1, "gimmick_param_8_": -1, "gimmick_param_9_": -1, "gimmick_param_10_": -1}, {"battle_gimmick_id_": 5, "gimmick_mission_name_": 7001, "gimmick_timer_": 120, "mission_type_": 3, "reward_item_category_": 8, "reward_item_id_": 70001, "reward_item_num_": 9, "gimmick_param_1_": 10000000, "gimmick_param_2_": -1, "gimmick_param_3_": -1, "gimmick_param_4_": -1, "gimmick_param_5_": -1, "gimmick_param_6_": -1, "gimmick_param_7_": -1, "gimmick_param_8_": -1, "gimmick_param_9_": -1, "gimmick_param_10_": -1}, {"battle_gimmick_id_": 9999, "gimmick_mission_name_": -1, "gimmick_timer_": 60, "mission_type_": 1, "reward_item_category_": -1, "reward_item_id_": -1, "reward_item_num_": -1, "gimmick_param_1_": 3, "gimmick_param_2_": 0, "gimmick_param_3_": 2, "gimmick_param_4_": -1, "gimmick_param_5_": -1, "gimmick_param_6_": -1, "gimmick_param_7_": -1, "gimmick_param_8_": -1, "gimmick_param_9_": -1, "gimmick_param_10_": -1}]}, {"battle_gimmick_table_id_": 45, "table_": [{"battle_gimmick_id_": 1, "gimmick_mission_name_": 7000, "gimmick_timer_": 40, "mission_type_": 2, "reward_item_category_": 8, "reward_item_id_": 70001, "reward_item_num_": 1, "gimmick_param_1_": 1, "gimmick_param_2_": 2, "gimmick_param_3_": 3, "gimmick_param_4_": -1, "gimmick_param_5_": -1, "gimmick_param_6_": -1, "gimmick_param_7_": -1, "gimmick_param_8_": -1, "gimmick_param_9_": -1, "gimmick_param_10_": -1}, {"battle_gimmick_id_": 2, "gimmick_mission_name_": 7001, "gimmick_timer_": 68, "mission_type_": 3, "reward_item_category_": 8, "reward_item_id_": 70001, "reward_item_num_": 1, "gimmick_param_1_": 5000000, "gimmick_param_2_": -1, "gimmick_param_3_": -1, "gimmick_param_4_": -1, "gimmick_param_5_": -1, "gimmick_param_6_": -1, "gimmick_param_7_": -1, "gimmick_param_8_": -1, "gimmick_param_9_": -1, "gimmick_param_10_": -1}, {"battle_gimmick_id_": 9999, "gimmick_mission_name_": -1, "gimmick_timer_": 60, "mission_type_": 1, "reward_item_category_": -1, "reward_item_id_": -1, "reward_item_num_": -1, "gimmick_param_1_": 4, "gimmick_param_2_": 2, "gimmick_param_3_": -1, "gimmick_param_4_": -1, "gimmick_param_5_": -1, "gimmick_param_6_": -1, "gimmick_param_7_": -1, "gimmick_param_8_": -1, "gimmick_param_9_": -1, "gimmick_param_10_": -1}]}, {"battle_gimmick_table_id_": 46, "table_": [{"battle_gimmick_id_": 1, "gimmick_mission_name_": 7000, "gimmick_timer_": 40, "mission_type_": 2, "reward_item_category_": 8, "reward_item_id_": 70001, "reward_item_num_": 1, "gimmick_param_1_": 1, "gimmick_param_2_": 1, "gimmick_param_3_": 2, "gimmick_param_4_": 3, "gimmick_param_5_": -1, "gimmick_param_6_": -1, "gimmick_param_7_": -1, "gimmick_param_8_": -1, "gimmick_param_9_": -1, "gimmick_param_10_": -1}, {"battle_gimmick_id_": 2, "gimmick_mission_name_": 7001, "gimmick_timer_": 68, "mission_type_": 3, "reward_item_category_": 8, "reward_item_id_": 70001, "reward_item_num_": 2, "gimmick_param_1_": 7500000, "gimmick_param_2_": -1, "gimmick_param_3_": -1, "gimmick_param_4_": -1, "gimmick_param_5_": -1, "gimmick_param_6_": -1, "gimmick_param_7_": -1, "gimmick_param_8_": -1, "gimmick_param_9_": -1, "gimmick_param_10_": -1}, {"battle_gimmick_id_": 9999, "gimmick_mission_name_": -1, "gimmick_timer_": 60, "mission_type_": 1, "reward_item_category_": -1, "reward_item_id_": -1, "reward_item_num_": -1, "gimmick_param_1_": 4, "gimmick_param_2_": 2, "gimmick_param_3_": -1, "gimmick_param_4_": -1, "gimmick_param_5_": -1, "gimmick_param_6_": -1, "gimmick_param_7_": -1, "gimmick_param_8_": -1, "gimmick_param_9_": -1, "gimmick_param_10_": -1}]}, {"battle_gimmick_table_id_": 47, "table_": [{"battle_gimmick_id_": 1, "gimmick_mission_name_": 7000, "gimmick_timer_": 80, "mission_type_": 2, "reward_item_category_": 8, "reward_item_id_": 70001, "reward_item_num_": 5, "gimmick_param_1_": 1, "gimmick_param_2_": 1, "gimmick_param_3_": 2, "gimmick_param_4_": 4, "gimmick_param_5_": 3, "gimmick_param_6_": -1, "gimmick_param_7_": -1, "gimmick_param_8_": -1, "gimmick_param_9_": -1, "gimmick_param_10_": -1}, {"battle_gimmick_id_": 2, "gimmick_mission_name_": 7002, "gimmick_timer_": 640, "mission_type_": 4, "reward_item_category_": 3, "reward_item_id_": 547, "reward_item_num_": 20, "gimmick_param_1_": 56, "gimmick_param_2_": -1, "gimmick_param_3_": -1, "gimmick_param_4_": -1, "gimmick_param_5_": -1, "gimmick_param_6_": -1, "gimmick_param_7_": -1, "gimmick_param_8_": -1, "gimmick_param_9_": -1, "gimmick_param_10_": -1}, {"battle_gimmick_id_": 3, "gimmick_mission_name_": 7001, "gimmick_timer_": 68, "mission_type_": 3, "reward_item_category_": 3, "reward_item_id_": 548, "reward_item_num_": 20, "gimmick_param_1_": 10000000, "gimmick_param_2_": -1, "gimmick_param_3_": -1, "gimmick_param_4_": -1, "gimmick_param_5_": -1, "gimmick_param_6_": -1, "gimmick_param_7_": -1, "gimmick_param_8_": -1, "gimmick_param_9_": -1, "gimmick_param_10_": -1}, {"battle_gimmick_id_": 9999, "gimmick_mission_name_": -1, "gimmick_timer_": 60, "mission_type_": 1, "reward_item_category_": -1, "reward_item_id_": -1, "reward_item_num_": -1, "gimmick_param_1_": 4, "gimmick_param_2_": 2, "gimmick_param_3_": -1, "gimmick_param_4_": -1, "gimmick_param_5_": -1, "gimmick_param_6_": -1, "gimmick_param_7_": -1, "gimmick_param_8_": -1, "gimmick_param_9_": -1, "gimmick_param_10_": -1}]}, {"battle_gimmick_table_id_": 48, "table_": [{"battle_gimmick_id_": 1, "gimmick_mission_name_": 7000, "gimmick_timer_": 80, "mission_type_": 2, "reward_item_category_": 3, "reward_item_id_": 547, "reward_item_num_": 40, "gimmick_param_1_": 1, "gimmick_param_2_": 1, "gimmick_param_3_": 2, "gimmick_param_4_": 4, "gimmick_param_5_": -1, "gimmick_param_6_": -1, "gimmick_param_7_": -1, "gimmick_param_8_": -1, "gimmick_param_9_": -1, "gimmick_param_10_": -1}, {"battle_gimmick_id_": 2, "gimmick_mission_name_": 7000, "gimmick_timer_": 80, "mission_type_": 2, "reward_item_category_": 3, "reward_item_id_": 548, "reward_item_num_": 40, "gimmick_param_1_": 1, "gimmick_param_2_": 2, "gimmick_param_3_": 2, "gimmick_param_4_": 3, "gimmick_param_5_": -1, "gimmick_param_6_": -1, "gimmick_param_7_": -1, "gimmick_param_8_": -1, "gimmick_param_9_": -1, "gimmick_param_10_": -1}, {"battle_gimmick_id_": 3, "gimmick_mission_name_": 7001, "gimmick_timer_": 60, "mission_type_": 3, "reward_item_category_": 7, "reward_item_id_": 1574, "reward_item_num_": 1, "gimmick_param_1_": 10000000, "gimmick_param_2_": -1, "gimmick_param_3_": -1, "gimmick_param_4_": -1, "gimmick_param_5_": -1, "gimmick_param_6_": -1, "gimmick_param_7_": -1, "gimmick_param_8_": -1, "gimmick_param_9_": -1, "gimmick_param_10_": -1}, {"battle_gimmick_id_": 4, "gimmick_mission_name_": 7002, "gimmick_timer_": 640, "mission_type_": 4, "reward_item_category_": 7, "reward_item_id_": 1574, "reward_item_num_": 1, "gimmick_param_1_": 56, "gimmick_param_2_": -1, "gimmick_param_3_": -1, "gimmick_param_4_": -1, "gimmick_param_5_": -1, "gimmick_param_6_": -1, "gimmick_param_7_": -1, "gimmick_param_8_": -1, "gimmick_param_9_": -1, "gimmick_param_10_": -1}, {"battle_gimmick_id_": 5, "gimmick_mission_name_": 7001, "gimmick_timer_": 120, "mission_type_": 3, "reward_item_category_": 8, "reward_item_id_": 70001, "reward_item_num_": 9, "gimmick_param_1_": 10000000, "gimmick_param_2_": -1, "gimmick_param_3_": -1, "gimmick_param_4_": -1, "gimmick_param_5_": -1, "gimmick_param_6_": -1, "gimmick_param_7_": -1, "gimmick_param_8_": -1, "gimmick_param_9_": -1, "gimmick_param_10_": -1}, {"battle_gimmick_id_": 9999, "gimmick_mission_name_": -1, "gimmick_timer_": 60, "mission_type_": 1, "reward_item_category_": -1, "reward_item_id_": -1, "reward_item_num_": -1, "gimmick_param_1_": 4, "gimmick_param_2_": 2, "gimmick_param_3_": -1, "gimmick_param_4_": -1, "gimmick_param_5_": -1, "gimmick_param_6_": -1, "gimmick_param_7_": -1, "gimmick_param_8_": -1, "gimmick_param_9_": -1, "gimmick_param_10_": -1}]}, {"battle_gimmick_table_id_": 49, "table_": [{"battle_gimmick_id_": 1, "gimmick_mission_name_": 7000, "gimmick_timer_": 40, "mission_type_": 2, "reward_item_category_": 8, "reward_item_id_": 70001, "reward_item_num_": 1, "gimmick_param_1_": 1, "gimmick_param_2_": 2, "gimmick_param_3_": 3, "gimmick_param_4_": -1, "gimmick_param_5_": -1, "gimmick_param_6_": -1, "gimmick_param_7_": -1, "gimmick_param_8_": -1, "gimmick_param_9_": -1, "gimmick_param_10_": -1}, {"battle_gimmick_id_": 2, "gimmick_mission_name_": 7001, "gimmick_timer_": 68, "mission_type_": 3, "reward_item_category_": 8, "reward_item_id_": 70001, "reward_item_num_": 1, "gimmick_param_1_": 5000000, "gimmick_param_2_": -1, "gimmick_param_3_": -1, "gimmick_param_4_": -1, "gimmick_param_5_": -1, "gimmick_param_6_": -1, "gimmick_param_7_": -1, "gimmick_param_8_": -1, "gimmick_param_9_": -1, "gimmick_param_10_": -1}, {"battle_gimmick_id_": 9999, "gimmick_mission_name_": -1, "gimmick_timer_": 60, "mission_type_": 1, "reward_item_category_": -1, "reward_item_id_": -1, "reward_item_num_": -1, "gimmick_param_1_": 1, "gimmick_param_2_": 0, "gimmick_param_3_": -1, "gimmick_param_4_": -1, "gimmick_param_5_": -1, "gimmick_param_6_": -1, "gimmick_param_7_": -1, "gimmick_param_8_": -1, "gimmick_param_9_": -1, "gimmick_param_10_": -1}]}, {"battle_gimmick_table_id_": 50, "table_": [{"battle_gimmick_id_": 1, "gimmick_mission_name_": 7000, "gimmick_timer_": 40, "mission_type_": 2, "reward_item_category_": 8, "reward_item_id_": 70001, "reward_item_num_": 1, "gimmick_param_1_": 1, "gimmick_param_2_": 1, "gimmick_param_3_": 2, "gimmick_param_4_": 3, "gimmick_param_5_": -1, "gimmick_param_6_": -1, "gimmick_param_7_": -1, "gimmick_param_8_": -1, "gimmick_param_9_": -1, "gimmick_param_10_": -1}, {"battle_gimmick_id_": 2, "gimmick_mission_name_": 7001, "gimmick_timer_": 68, "mission_type_": 3, "reward_item_category_": 8, "reward_item_id_": 70001, "reward_item_num_": 2, "gimmick_param_1_": 7500000, "gimmick_param_2_": -1, "gimmick_param_3_": -1, "gimmick_param_4_": -1, "gimmick_param_5_": -1, "gimmick_param_6_": -1, "gimmick_param_7_": -1, "gimmick_param_8_": -1, "gimmick_param_9_": -1, "gimmick_param_10_": -1}, {"battle_gimmick_id_": 9999, "gimmick_mission_name_": -1, "gimmick_timer_": 60, "mission_type_": 1, "reward_item_category_": -1, "reward_item_id_": -1, "reward_item_num_": -1, "gimmick_param_1_": 1, "gimmick_param_2_": 0, "gimmick_param_3_": -1, "gimmick_param_4_": -1, "gimmick_param_5_": -1, "gimmick_param_6_": -1, "gimmick_param_7_": -1, "gimmick_param_8_": -1, "gimmick_param_9_": -1, "gimmick_param_10_": -1}]}, {"battle_gimmick_table_id_": 51, "table_": [{"battle_gimmick_id_": 1, "gimmick_mission_name_": 7000, "gimmick_timer_": 80, "mission_type_": 2, "reward_item_category_": 8, "reward_item_id_": 70001, "reward_item_num_": 5, "gimmick_param_1_": 1, "gimmick_param_2_": 1, "gimmick_param_3_": 2, "gimmick_param_4_": 4, "gimmick_param_5_": 3, "gimmick_param_6_": -1, "gimmick_param_7_": -1, "gimmick_param_8_": -1, "gimmick_param_9_": -1, "gimmick_param_10_": -1}, {"battle_gimmick_id_": 2, "gimmick_mission_name_": 7002, "gimmick_timer_": 640, "mission_type_": 4, "reward_item_category_": 3, "reward_item_id_": 553, "reward_item_num_": 20, "gimmick_param_1_": 26, "gimmick_param_2_": -1, "gimmick_param_3_": -1, "gimmick_param_4_": -1, "gimmick_param_5_": -1, "gimmick_param_6_": -1, "gimmick_param_7_": -1, "gimmick_param_8_": -1, "gimmick_param_9_": -1, "gimmick_param_10_": -1}, {"battle_gimmick_id_": 3, "gimmick_mission_name_": 7001, "gimmick_timer_": 68, "mission_type_": 3, "reward_item_category_": 7, "reward_item_id_": 1529, "reward_item_num_": 1, "gimmick_param_1_": 10000000, "gimmick_param_2_": -1, "gimmick_param_3_": -1, "gimmick_param_4_": -1, "gimmick_param_5_": -1, "gimmick_param_6_": -1, "gimmick_param_7_": -1, "gimmick_param_8_": -1, "gimmick_param_9_": -1, "gimmick_param_10_": -1}, {"battle_gimmick_id_": 9999, "gimmick_mission_name_": -1, "gimmick_timer_": 60, "mission_type_": 1, "reward_item_category_": -1, "reward_item_id_": -1, "reward_item_num_": -1, "gimmick_param_1_": 1, "gimmick_param_2_": 0, "gimmick_param_3_": -1, "gimmick_param_4_": -1, "gimmick_param_5_": -1, "gimmick_param_6_": -1, "gimmick_param_7_": -1, "gimmick_param_8_": -1, "gimmick_param_9_": -1, "gimmick_param_10_": -1}]}, {"battle_gimmick_table_id_": 52, "table_": [{"battle_gimmick_id_": 1, "gimmick_mission_name_": 7403, "gimmick_timer_": 640, "mission_type_": 7, "reward_item_category_": 7, "reward_item_id_": 1529, "reward_item_num_": 1, "gimmick_param_1_": 30, "gimmick_param_2_": -1, "gimmick_param_3_": -1, "gimmick_param_4_": -1, "gimmick_param_5_": -1, "gimmick_param_6_": -1, "gimmick_param_7_": -1, "gimmick_param_8_": -1, "gimmick_param_9_": -1, "gimmick_param_10_": -1}, {"battle_gimmick_id_": 2, "gimmick_mission_name_": 7000, "gimmick_timer_": 80, "mission_type_": 2, "reward_item_category_": 3, "reward_item_id_": 553, "reward_item_num_": 40, "gimmick_param_1_": 1, "gimmick_param_2_": 1, "gimmick_param_3_": 2, "gimmick_param_4_": 3, "gimmick_param_5_": -1, "gimmick_param_6_": -1, "gimmick_param_7_": -1, "gimmick_param_8_": -1, "gimmick_param_9_": -1, "gimmick_param_10_": -1}, {"battle_gimmick_id_": 3, "gimmick_mission_name_": 7001, "gimmick_timer_": 60, "mission_type_": 3, "reward_item_category_": 7, "reward_item_id_": 1529, "reward_item_num_": 1, "gimmick_param_1_": 10000000, "gimmick_param_2_": -1, "gimmick_param_3_": -1, "gimmick_param_4_": -1, "gimmick_param_5_": -1, "gimmick_param_6_": -1, "gimmick_param_7_": -1, "gimmick_param_8_": -1, "gimmick_param_9_": -1, "gimmick_param_10_": -1}, {"battle_gimmick_id_": 4, "gimmick_mission_name_": 7002, "gimmick_timer_": 640, "mission_type_": 4, "reward_item_category_": 7, "reward_item_id_": 1529, "reward_item_num_": 1, "gimmick_param_1_": 26, "gimmick_param_2_": -1, "gimmick_param_3_": -1, "gimmick_param_4_": -1, "gimmick_param_5_": -1, "gimmick_param_6_": -1, "gimmick_param_7_": -1, "gimmick_param_8_": -1, "gimmick_param_9_": -1, "gimmick_param_10_": -1}, {"battle_gimmick_id_": 5, "gimmick_mission_name_": 7001, "gimmick_timer_": 120, "mission_type_": 3, "reward_item_category_": 8, "reward_item_id_": 70001, "reward_item_num_": 9, "gimmick_param_1_": 10000000, "gimmick_param_2_": -1, "gimmick_param_3_": -1, "gimmick_param_4_": -1, "gimmick_param_5_": -1, "gimmick_param_6_": -1, "gimmick_param_7_": -1, "gimmick_param_8_": -1, "gimmick_param_9_": -1, "gimmick_param_10_": -1}, {"battle_gimmick_id_": 9999, "gimmick_mission_name_": -1, "gimmick_timer_": 60, "mission_type_": 1, "reward_item_category_": -1, "reward_item_id_": -1, "reward_item_num_": -1, "gimmick_param_1_": 1, "gimmick_param_2_": 0, "gimmick_param_3_": -1, "gimmick_param_4_": -1, "gimmick_param_5_": -1, "gimmick_param_6_": -1, "gimmick_param_7_": -1, "gimmick_param_8_": -1, "gimmick_param_9_": -1, "gimmick_param_10_": -1}]}]