[{"table_id_": 1, "table_": [{"id_": 0, "item_category_": 19, "item_id_": 3, "item_num_": 50}, {"id_": 1, "item_category_": 8, "item_id_": 13, "item_num_": 5}, {"id_": 2, "item_category_": 31, "item_id_": 100, "item_num_": 1}, {"id_": 3, "item_category_": 17, "item_id_": 0, "item_num_": 100}]}, {"table_id_": 2, "table_": [{"id_": 0, "item_category_": 8, "item_id_": 19, "item_num_": 30}, {"id_": 1, "item_category_": 8, "item_id_": 7, "item_num_": 100}, {"id_": 2, "item_category_": 8, "item_id_": 2, "item_num_": 10000}]}, {"table_id_": 3, "table_": [{"id_": 0, "item_category_": 4, "item_id_": 0, "item_num_": 3000}, {"id_": 1, "item_category_": 4, "item_id_": 1, "item_num_": 3000}, {"id_": 2, "item_category_": 4, "item_id_": 2, "item_num_": 3000}, {"id_": 3, "item_category_": 4, "item_id_": 3, "item_num_": 3000}, {"id_": 4, "item_category_": 4, "item_id_": 4, "item_num_": 3000}, {"id_": 5, "item_category_": 4, "item_id_": 5, "item_num_": 3000}, {"id_": 6, "item_category_": 4, "item_id_": 6, "item_num_": 3000}, {"id_": 7, "item_category_": 4, "item_id_": 10, "item_num_": 3000}, {"id_": 8, "item_category_": 4, "item_id_": 11, "item_num_": 3000}, {"id_": 9, "item_category_": 4, "item_id_": 12, "item_num_": 3000}, {"id_": 10, "item_category_": 4, "item_id_": 13, "item_num_": 3000}, {"id_": 11, "item_category_": 4, "item_id_": 14, "item_num_": 3000}, {"id_": 12, "item_category_": 4, "item_id_": 15, "item_num_": 3000}, {"id_": 13, "item_category_": 4, "item_id_": 16, "item_num_": 3000}, {"id_": 14, "item_category_": 4, "item_id_": 20, "item_num_": 3000}, {"id_": 15, "item_category_": 4, "item_id_": 21, "item_num_": 3000}, {"id_": 16, "item_category_": 4, "item_id_": 22, "item_num_": 3000}, {"id_": 17, "item_category_": 4, "item_id_": 23, "item_num_": 3000}, {"id_": 18, "item_category_": 4, "item_id_": 24, "item_num_": 3000}, {"id_": 19, "item_category_": 4, "item_id_": 25, "item_num_": 3000}, {"id_": 20, "item_category_": 4, "item_id_": 26, "item_num_": 3000}, {"id_": 21, "item_category_": 4, "item_id_": 30, "item_num_": 3000}, {"id_": 22, "item_category_": 4, "item_id_": 31, "item_num_": 3000}, {"id_": 23, "item_category_": 4, "item_id_": 32, "item_num_": 3000}, {"id_": 24, "item_category_": 4, "item_id_": 33, "item_num_": 3000}, {"id_": 25, "item_category_": 4, "item_id_": 34, "item_num_": 3000}, {"id_": 26, "item_category_": 4, "item_id_": 35, "item_num_": 3000}, {"id_": 27, "item_category_": 4, "item_id_": 36, "item_num_": 3000}, {"id_": 28, "item_category_": 4, "item_id_": 40, "item_num_": 3000}, {"id_": 29, "item_category_": 4, "item_id_": 41, "item_num_": 3000}, {"id_": 30, "item_category_": 4, "item_id_": 42, "item_num_": 3000}, {"id_": 31, "item_category_": 4, "item_id_": 43, "item_num_": 3000}, {"id_": 32, "item_category_": 4, "item_id_": 44, "item_num_": 3000}, {"id_": 33, "item_category_": 4, "item_id_": 45, "item_num_": 3000}, {"id_": 34, "item_category_": 4, "item_id_": 46, "item_num_": 3000}, {"id_": 35, "item_category_": 4, "item_id_": 100, "item_num_": 100}, {"id_": 36, "item_category_": 4, "item_id_": 101, "item_num_": 100}, {"id_": 37, "item_category_": 4, "item_id_": 102, "item_num_": 100}, {"id_": 38, "item_category_": 4, "item_id_": 103, "item_num_": 100}, {"id_": 39, "item_category_": 4, "item_id_": 104, "item_num_": 100}, {"id_": 40, "item_category_": 4, "item_id_": 105, "item_num_": 100}, {"id_": 41, "item_category_": 4, "item_id_": 110, "item_num_": 100}, {"id_": 42, "item_category_": 4, "item_id_": 111, "item_num_": 100}, {"id_": 43, "item_category_": 4, "item_id_": 112, "item_num_": 100}, {"id_": 44, "item_category_": 4, "item_id_": 113, "item_num_": 100}, {"id_": 45, "item_category_": 4, "item_id_": 114, "item_num_": 100}, {"id_": 46, "item_category_": 4, "item_id_": 115, "item_num_": 100}, {"id_": 47, "item_category_": 4, "item_id_": 120, "item_num_": 100}, {"id_": 48, "item_category_": 4, "item_id_": 121, "item_num_": 100}, {"id_": 49, "item_category_": 4, "item_id_": 122, "item_num_": 100}, {"id_": 50, "item_category_": 4, "item_id_": 123, "item_num_": 100}, {"id_": 51, "item_category_": 4, "item_id_": 124, "item_num_": 100}, {"id_": 52, "item_category_": 4, "item_id_": 125, "item_num_": 100}, {"id_": 53, "item_category_": 4, "item_id_": 130, "item_num_": 100}, {"id_": 54, "item_category_": 4, "item_id_": 131, "item_num_": 100}, {"id_": 55, "item_category_": 4, "item_id_": 132, "item_num_": 100}, {"id_": 56, "item_category_": 4, "item_id_": 133, "item_num_": 100}, {"id_": 57, "item_category_": 4, "item_id_": 134, "item_num_": 100}, {"id_": 58, "item_category_": 4, "item_id_": 135, "item_num_": 100}, {"id_": 59, "item_category_": 4, "item_id_": 140, "item_num_": 100}, {"id_": 60, "item_category_": 4, "item_id_": 141, "item_num_": 100}, {"id_": 61, "item_category_": 4, "item_id_": 142, "item_num_": 100}, {"id_": 62, "item_category_": 4, "item_id_": 143, "item_num_": 100}, {"id_": 63, "item_category_": 4, "item_id_": 144, "item_num_": 100}, {"id_": 64, "item_category_": 4, "item_id_": 145, "item_num_": 100}]}, {"table_id_": 5, "table_": [{"id_": 0, "item_category_": 9, "item_id_": 253, "item_num_": 5}, {"id_": 1, "item_category_": 19, "item_id_": 3, "item_num_": 100}, {"id_": 2, "item_category_": 31, "item_id_": 9, "item_num_": 30}, {"id_": 3, "item_category_": 17, "item_id_": 0, "item_num_": 300}, {"id_": 4, "item_category_": 8, "item_id_": 13, "item_num_": 50}, {"id_": 5, "item_category_": 8, "item_id_": 19, "item_num_": 50}]}, {"table_id_": 6, "table_": [{"id_": 0, "item_category_": 9, "item_id_": 258, "item_num_": 5}, {"id_": 1, "item_category_": 9, "item_id_": 260, "item_num_": 5}, {"id_": 2, "item_category_": 19, "item_id_": 3, "item_num_": 100}, {"id_": 3, "item_category_": 31, "item_id_": 9, "item_num_": 30}, {"id_": 4, "item_category_": 17, "item_id_": 0, "item_num_": 300}, {"id_": 5, "item_category_": 8, "item_id_": 13, "item_num_": 50}, {"id_": 6, "item_category_": 8, "item_id_": 19, "item_num_": 50}]}, {"table_id_": 7, "table_": [{"id_": 0, "item_category_": 19, "item_id_": 3, "item_num_": 200}, {"id_": 1, "item_category_": 31, "item_id_": 9, "item_num_": 30}, {"id_": 2, "item_category_": 17, "item_id_": 0, "item_num_": 300}, {"id_": 3, "item_category_": 8, "item_id_": 13, "item_num_": 50}, {"id_": 4, "item_category_": 8, "item_id_": 19, "item_num_": 50}, {"id_": 5, "item_category_": 8, "item_id_": 7, "item_num_": 500}]}]