[{"item_id_": 21200, "name_id_": 21200, "detail_id_": 21200, "num_limit_": 1, "icon_asset_name_": "Cmn_icnKey_50009", "release_flag_": 1, "limit_time_": -1, "begin_date_": "2020/11/18  15:00:00", "end_date_": "2030/1/1  0:00:00"}, {"item_id_": 50009, "name_id_": 50009, "detail_id_": 50009, "num_limit_": 1, "icon_asset_name_": "Cmn_icnKey_50009", "release_flag_": 1, "limit_time_": 168, "begin_date_": "2020/11/18  15:00:00", "end_date_": "2030/1/1  0:00:00"}, {"item_id_": 15001, "name_id_": 15001, "detail_id_": 15001, "num_limit_": 1, "icon_asset_name_": "Cmn_icnKey_50009", "release_flag_": 1, "limit_time_": -1, "begin_date_": "2020/11/18  15:00:00", "end_date_": "2030/1/1  0:00:00"}, {"item_id_": 23100, "name_id_": 23100, "detail_id_": 23100, "num_limit_": 1, "icon_asset_name_": "Cmn_icnKey_50009", "release_flag_": 1, "limit_time_": 168, "begin_date_": "2021/2/17  15:00:00", "end_date_": "2030/1/1  0:00:00"}, {"item_id_": 60026, "name_id_": 60026, "detail_id_": 60026, "num_limit_": 1, "icon_asset_name_": "Cmn_icnKey_50009", "release_flag_": 1, "limit_time_": -1, "begin_date_": "2021/3/3  15:00:00", "end_date_": "2021/4/7  15:00:00"}, {"item_id_": 60029, "name_id_": 60029, "detail_id_": 60029, "num_limit_": 1, "icon_asset_name_": "Cmn_icnKey_50009", "release_flag_": 1, "limit_time_": -1, "begin_date_": "2021/4/21  15:00:00", "end_date_": "2030/1/1  0:00:00"}, {"item_id_": 21500, "name_id_": 21500, "detail_id_": 21500, "num_limit_": 1, "icon_asset_name_": "Cmn_icnKey_50009", "release_flag_": 1, "limit_time_": -1, "begin_date_": "2021/5/19  15:00:00", "end_date_": "2030/1/1  0:00:00"}, {"item_id_": 50010, "name_id_": 50010, "detail_id_": 50010, "num_limit_": 1, "icon_asset_name_": "Cmn_icnKey_50009", "release_flag_": 1, "limit_time_": 168, "begin_date_": "2021/5/19  15:00:00", "end_date_": "2030/1/1  0:00:00"}, {"item_id_": 60030, "name_id_": 60030, "detail_id_": 60030, "num_limit_": 1, "icon_asset_name_": "Cmn_icnKey_50009", "release_flag_": 1, "limit_time_": -1, "begin_date_": "2021/6/9  15:00:00", "end_date_": "2021/7/20  15:00:00"}, {"item_id_": 50012, "name_id_": 50012, "detail_id_": 50012, "num_limit_": 1, "icon_asset_name_": "Cmn_icnKey_50009", "release_flag_": 1, "limit_time_": 168, "begin_date_": "2021/6/30  15:00:00", "end_date_": "2030/1/1  0:00:00"}, {"item_id_": 26000, "name_id_": 26000, "detail_id_": 26000, "num_limit_": 1, "icon_asset_name_": "Cmn_icnKey_50009", "release_flag_": 1, "limit_time_": -1, "begin_date_": "2021/11/17  15:00:00", "end_date_": "2030/1/1  0:00:00"}, {"item_id_": 90001, "name_id_": 90001, "detail_id_": 90001, "num_limit_": 1, "icon_asset_name_": "Cmn_icnKey_50009", "release_flag_": 1, "limit_time_": 1, "begin_date_": "2022/12/28  15:00:00", "end_date_": "2030/1/1  0:00:00"}, {"item_id_": 90002, "name_id_": 90002, "detail_id_": 90002, "num_limit_": 1, "icon_asset_name_": "Cmn_icnKey_50009", "release_flag_": 1, "limit_time_": 1, "begin_date_": "2022/12/28  15:00:00", "end_date_": "2030/1/1  0:00:00"}, {"item_id_": 90003, "name_id_": 90003, "detail_id_": 90003, "num_limit_": 1, "icon_asset_name_": "Cmn_icnKey_50009", "release_flag_": 1, "limit_time_": 1, "begin_date_": "2022/12/7  15:00:00", "end_date_": "2030/1/1  0:00:00"}, {"item_id_": 90005, "name_id_": 90005, "detail_id_": 90005, "num_limit_": 1, "icon_asset_name_": "Cmn_icnKey_50009", "release_flag_": 1, "limit_time_": 1, "begin_date_": "2022/12/28  15:00:00", "end_date_": "2030/1/1  0:00:00"}, {"item_id_": 90006, "name_id_": 90006, "detail_id_": 90006, "num_limit_": 1, "icon_asset_name_": "Cmn_icnKey_50009", "release_flag_": 1, "limit_time_": 1, "begin_date_": "2023/4/12  15:00:00", "end_date_": "2030/1/1  0:00:00"}, {"item_id_": 90007, "name_id_": 90007, "detail_id_": 90007, "num_limit_": 1, "icon_asset_name_": "Cmn_icnKey_50009", "release_flag_": 1, "limit_time_": 1, "begin_date_": "2022/12/21  15:00:00", "end_date_": "2030/1/1  0:00:00"}, {"item_id_": 90008, "name_id_": 90008, "detail_id_": 90008, "num_limit_": 1, "icon_asset_name_": "Cmn_icnKey_50009", "release_flag_": 1, "limit_time_": 1, "begin_date_": "2023/1/4  15:00:00", "end_date_": "2030/1/1  0:00:00"}, {"item_id_": 90009, "name_id_": 90009, "detail_id_": 90009, "num_limit_": 1, "icon_asset_name_": "Cmn_icnKey_50009", "release_flag_": 1, "limit_time_": 1, "begin_date_": "2022/11/25  15:00:00", "end_date_": "2030/1/1  0:00:00"}, {"item_id_": 90010, "name_id_": 90010, "detail_id_": 90010, "num_limit_": 1, "icon_asset_name_": "Cmn_icnKey_50009", "release_flag_": 1, "limit_time_": 1, "begin_date_": "2022/11/25  15:00:00", "end_date_": "2030/1/1  0:00:00"}]