[{"item_id_": 0, "group_id_": 1, "name_id_": 0, "detail_id_": 0, "num_limit_": 99999, "exchange_zeny_": 1000, "icon_asset_name_": "ASItm_icnSeed01_RED", "item_disable_flag_": 0, "show_flag_": 0, "release_flag_": 1}, {"item_id_": 1, "group_id_": 1, "name_id_": 1, "detail_id_": 1, "num_limit_": 99999, "exchange_zeny_": 1000, "icon_asset_name_": "ASItm_icnSeed02_RED", "item_disable_flag_": 0, "show_flag_": 0, "release_flag_": 1}, {"item_id_": 2, "group_id_": 1, "name_id_": 2, "detail_id_": 2, "num_limit_": 99999, "exchange_zeny_": 1000, "icon_asset_name_": "ASItm_icnSeed03_RED", "item_disable_flag_": 0, "show_flag_": 0, "release_flag_": 1}, {"item_id_": 10, "group_id_": 2, "name_id_": 10, "detail_id_": 10, "num_limit_": 99999, "exchange_zeny_": 1000, "icon_asset_name_": "ASItm_icnSeed01_YEL", "item_disable_flag_": 0, "show_flag_": 0, "release_flag_": 1}, {"item_id_": 11, "group_id_": 2, "name_id_": 11, "detail_id_": 11, "num_limit_": 99999, "exchange_zeny_": 1000, "icon_asset_name_": "ASItm_icnSeed02_YEL", "item_disable_flag_": 0, "show_flag_": 0, "release_flag_": 1}, {"item_id_": 12, "group_id_": 2, "name_id_": 12, "detail_id_": 12, "num_limit_": 99999, "exchange_zeny_": 1000, "icon_asset_name_": "ASItm_icnSeed03_YEL", "item_disable_flag_": 0, "show_flag_": 0, "release_flag_": 1}, {"item_id_": 20, "group_id_": 3, "name_id_": 20, "detail_id_": 20, "num_limit_": 99999, "exchange_zeny_": 1000, "icon_asset_name_": "ASItm_icnSeed01_PUR", "item_disable_flag_": 0, "show_flag_": 0, "release_flag_": 1}, {"item_id_": 21, "group_id_": 3, "name_id_": 21, "detail_id_": 21, "num_limit_": 99999, "exchange_zeny_": 1000, "icon_asset_name_": "ASItm_icnSeed02_PUR", "item_disable_flag_": 0, "show_flag_": 0, "release_flag_": 1}, {"item_id_": 22, "group_id_": 3, "name_id_": 22, "detail_id_": 22, "num_limit_": 99999, "exchange_zeny_": 1000, "icon_asset_name_": "ASItm_icnSeed03_PUR", "item_disable_flag_": 0, "show_flag_": 0, "release_flag_": 1}, {"item_id_": 30, "group_id_": 4, "name_id_": 30, "detail_id_": 30, "num_limit_": 99999, "exchange_zeny_": 1000, "icon_asset_name_": "ASItm_icnSeed01_GRN", "item_disable_flag_": 0, "show_flag_": 0, "release_flag_": 1}, {"item_id_": 31, "group_id_": 4, "name_id_": 31, "detail_id_": 31, "num_limit_": 99999, "exchange_zeny_": 1000, "icon_asset_name_": "ASItm_icnSeed02_GRN", "item_disable_flag_": 0, "show_flag_": 0, "release_flag_": 1}, {"item_id_": 32, "group_id_": 4, "name_id_": 32, "detail_id_": 32, "num_limit_": 99999, "exchange_zeny_": 1000, "icon_asset_name_": "ASItm_icnSeed03_GRN", "item_disable_flag_": 0, "show_flag_": 0, "release_flag_": 1}, {"item_id_": 40, "group_id_": 5, "name_id_": 40, "detail_id_": 40, "num_limit_": 99999, "exchange_zeny_": 1000, "icon_asset_name_": "ASItm_icnSeed01_BLU", "item_disable_flag_": 0, "show_flag_": 0, "release_flag_": 1}, {"item_id_": 41, "group_id_": 5, "name_id_": 41, "detail_id_": 41, "num_limit_": 99999, "exchange_zeny_": 1000, "icon_asset_name_": "ASItm_icnSeed02_BLU", "item_disable_flag_": 0, "show_flag_": 0, "release_flag_": 1}, {"item_id_": 42, "group_id_": 5, "name_id_": 42, "detail_id_": 42, "num_limit_": 99999, "exchange_zeny_": 1000, "icon_asset_name_": "ASItm_icnSeed03_BLU", "item_disable_flag_": 0, "show_flag_": 0, "release_flag_": 1}]