[{"item_id_": 0, "group_id_": 1, "name_id_": 0, "detail_id_": 0, "num_limit_": 99999, "icon_asset_name_": "Cmn_icnPiece_RED1", "item_disable_flag_": 0, "show_flag_": 1, "release_flag_": 1}, {"item_id_": 10, "group_id_": 2, "name_id_": 10, "detail_id_": 10, "num_limit_": 99999, "icon_asset_name_": "Cmn_icnPiece_YEL1", "item_disable_flag_": 0, "show_flag_": 1, "release_flag_": 1}, {"item_id_": 20, "group_id_": 3, "name_id_": 20, "detail_id_": 20, "num_limit_": 99999, "icon_asset_name_": "Cmn_icnPiece_PUR1", "item_disable_flag_": 0, "show_flag_": 1, "release_flag_": 1}, {"item_id_": 30, "group_id_": 4, "name_id_": 30, "detail_id_": 30, "num_limit_": 99999, "icon_asset_name_": "Cmn_icnPiece_GRN1", "item_disable_flag_": 0, "show_flag_": 1, "release_flag_": 1}, {"item_id_": 40, "group_id_": 5, "name_id_": 40, "detail_id_": 40, "num_limit_": 99999, "icon_asset_name_": "Cmn_icnPiece_BLU1", "item_disable_flag_": 0, "show_flag_": 1, "release_flag_": 1}, {"item_id_": 100, "group_id_": 11, "name_id_": 100, "detail_id_": 100, "num_limit_": 99999, "icon_asset_name_": "Cmn_icnPiece2_RED1", "item_disable_flag_": 0, "show_flag_": 1, "release_flag_": 1}, {"item_id_": 110, "group_id_": 12, "name_id_": 110, "detail_id_": 110, "num_limit_": 99999, "icon_asset_name_": "Cmn_icnPiece2_YEL1", "item_disable_flag_": 0, "show_flag_": 1, "release_flag_": 1}, {"item_id_": 120, "group_id_": 13, "name_id_": 120, "detail_id_": 120, "num_limit_": 99999, "icon_asset_name_": "Cmn_icnPiece2_PUR1", "item_disable_flag_": 0, "show_flag_": 1, "release_flag_": 1}, {"item_id_": 130, "group_id_": 14, "name_id_": 130, "detail_id_": 130, "num_limit_": 99999, "icon_asset_name_": "Cmn_icnPiece2_GRN1", "item_disable_flag_": 0, "show_flag_": 1, "release_flag_": 1}, {"item_id_": 140, "group_id_": 15, "name_id_": 140, "detail_id_": 140, "num_limit_": 99999, "icon_asset_name_": "Cmn_icnPiece2_BLU1", "item_disable_flag_": 0, "show_flag_": 1, "release_flag_": 1}]