[{"item_id_": 1, "name_id_": 1, "detail_id_": 1, "icon_asset_": "Cmn_icnItemPack_Evr", "item_pack_table_id_": 1, "num_limit_": 1, "start_date_": "2023/5/27  15:00:00", "end_date_": "2023/7/26  15:00:00"}, {"item_id_": 2, "name_id_": 2, "detail_id_": 2, "icon_asset_": "Cmn_icnItemPack_Nor2", "item_pack_table_id_": 2, "num_limit_": 5, "start_date_": "2023/6/3  15:00:00", "end_date_": "2030/1/1  0:00:00"}, {"item_id_": 3, "name_id_": 3, "detail_id_": 3, "icon_asset_": "Cmn_icnItemPack_Nor2", "item_pack_table_id_": 3, "num_limit_": 5, "start_date_": "2023/6/3  15:00:00", "end_date_": "2030/1/1  0:00:00"}, {"item_id_": 5, "name_id_": 5, "detail_id_": 5, "icon_asset_": "Cmn_icnItemPack_Evr", "item_pack_table_id_": 5, "num_limit_": 1, "start_date_": "2023/5/31  15:00:00", "end_date_": "2023/7/18  15:00:00"}, {"item_id_": 6, "name_id_": 6, "detail_id_": 6, "icon_asset_": "Cmn_icnItemPack_Evr", "item_pack_table_id_": 6, "num_limit_": 1, "start_date_": "2023/6/28  15:00:00", "end_date_": "2023/7/25  15:00:00"}, {"item_id_": 7, "name_id_": 7, "detail_id_": 7, "icon_asset_": "Cmn_icnItemPack_Evr", "item_pack_table_id_": 7, "num_limit_": 1, "start_date_": "2023/7/15  15:00:00", "end_date_": "2023/7/25  15:00:00"}]