[{"item_id_": 0, "group_id_": 1, "name_id_": 0, "detail_id_": 0, "num_limit_": 200000, "icon_asset_name_": "Cmn_icnRsoul_RED1", "item_disable_flag_": 0, "show_flag_": 1, "release_flag_": 1}, {"item_id_": 1, "group_id_": 1, "name_id_": 1, "detail_id_": 1, "num_limit_": 200000, "icon_asset_name_": "Cmn_icnRsoul_RED2", "item_disable_flag_": 0, "show_flag_": 1, "release_flag_": 1}, {"item_id_": 2, "group_id_": 1, "name_id_": 2, "detail_id_": 2, "num_limit_": 200000, "icon_asset_name_": "Cmn_icnRsoul_RED3", "item_disable_flag_": 0, "show_flag_": 1, "release_flag_": 1}, {"item_id_": 3, "group_id_": 1, "name_id_": 3, "detail_id_": 3, "num_limit_": 200000, "icon_asset_name_": "Cmn_icnRsoul_RED4", "item_disable_flag_": 0, "show_flag_": 1, "release_flag_": 1}, {"item_id_": 4, "group_id_": 1, "name_id_": 4, "detail_id_": 4, "num_limit_": 200000, "icon_asset_name_": "Cmn_icnRsoul_RED5", "item_disable_flag_": 0, "show_flag_": 1, "release_flag_": 1}, {"item_id_": 5, "group_id_": 1, "name_id_": 5, "detail_id_": 5, "num_limit_": 200000, "icon_asset_name_": "Cmn_icnRsoul_RED6", "item_disable_flag_": 0, "show_flag_": 1, "release_flag_": 1}, {"item_id_": 6, "group_id_": 1, "name_id_": 6, "detail_id_": 6, "num_limit_": 200000, "icon_asset_name_": "Cmn_icnRsoul_RED7", "item_disable_flag_": 0, "show_flag_": 1, "release_flag_": 1}, {"item_id_": 10, "group_id_": 2, "name_id_": 10, "detail_id_": 10, "num_limit_": 200000, "icon_asset_name_": "Cmn_icnRsoul_YEL1", "item_disable_flag_": 0, "show_flag_": 1, "release_flag_": 1}, {"item_id_": 11, "group_id_": 2, "name_id_": 11, "detail_id_": 11, "num_limit_": 200000, "icon_asset_name_": "Cmn_icnRsoul_YEL2", "item_disable_flag_": 0, "show_flag_": 1, "release_flag_": 1}, {"item_id_": 12, "group_id_": 2, "name_id_": 12, "detail_id_": 12, "num_limit_": 200000, "icon_asset_name_": "Cmn_icnRsoul_YEL3", "item_disable_flag_": 0, "show_flag_": 1, "release_flag_": 1}, {"item_id_": 13, "group_id_": 2, "name_id_": 13, "detail_id_": 13, "num_limit_": 200000, "icon_asset_name_": "Cmn_icnRsoul_YEL4", "item_disable_flag_": 0, "show_flag_": 1, "release_flag_": 1}, {"item_id_": 14, "group_id_": 2, "name_id_": 14, "detail_id_": 14, "num_limit_": 200000, "icon_asset_name_": "Cmn_icnRsoul_YEL5", "item_disable_flag_": 0, "show_flag_": 1, "release_flag_": 1}, {"item_id_": 15, "group_id_": 2, "name_id_": 15, "detail_id_": 15, "num_limit_": 200000, "icon_asset_name_": "Cmn_icnRsoul_YEL6", "item_disable_flag_": 0, "show_flag_": 1, "release_flag_": 1}, {"item_id_": 16, "group_id_": 2, "name_id_": 16, "detail_id_": 16, "num_limit_": 200000, "icon_asset_name_": "Cmn_icnRsoul_YEL7", "item_disable_flag_": 0, "show_flag_": 1, "release_flag_": 1}, {"item_id_": 20, "group_id_": 3, "name_id_": 20, "detail_id_": 20, "num_limit_": 200000, "icon_asset_name_": "Cmn_icnRsoul_PUR1", "item_disable_flag_": 0, "show_flag_": 1, "release_flag_": 1}, {"item_id_": 21, "group_id_": 3, "name_id_": 21, "detail_id_": 21, "num_limit_": 200000, "icon_asset_name_": "Cmn_icnRsoul_PUR2", "item_disable_flag_": 0, "show_flag_": 1, "release_flag_": 1}, {"item_id_": 22, "group_id_": 3, "name_id_": 22, "detail_id_": 22, "num_limit_": 200000, "icon_asset_name_": "Cmn_icnRsoul_PUR3", "item_disable_flag_": 0, "show_flag_": 1, "release_flag_": 1}, {"item_id_": 23, "group_id_": 3, "name_id_": 23, "detail_id_": 23, "num_limit_": 200000, "icon_asset_name_": "Cmn_icnRsoul_PUR4", "item_disable_flag_": 0, "show_flag_": 1, "release_flag_": 1}, {"item_id_": 24, "group_id_": 3, "name_id_": 24, "detail_id_": 24, "num_limit_": 200000, "icon_asset_name_": "Cmn_icnRsoul_PUR5", "item_disable_flag_": 0, "show_flag_": 1, "release_flag_": 1}, {"item_id_": 25, "group_id_": 3, "name_id_": 25, "detail_id_": 25, "num_limit_": 200000, "icon_asset_name_": "Cmn_icnRsoul_PUR6", "item_disable_flag_": 0, "show_flag_": 1, "release_flag_": 1}, {"item_id_": 26, "group_id_": 3, "name_id_": 26, "detail_id_": 26, "num_limit_": 200000, "icon_asset_name_": "Cmn_icnRsoul_PUR7", "item_disable_flag_": 0, "show_flag_": 1, "release_flag_": 1}, {"item_id_": 30, "group_id_": 4, "name_id_": 30, "detail_id_": 30, "num_limit_": 200000, "icon_asset_name_": "Cmn_icnRsoul_GRN1", "item_disable_flag_": 0, "show_flag_": 1, "release_flag_": 1}, {"item_id_": 31, "group_id_": 4, "name_id_": 31, "detail_id_": 31, "num_limit_": 200000, "icon_asset_name_": "Cmn_icnRsoul_GRN2", "item_disable_flag_": 0, "show_flag_": 1, "release_flag_": 1}, {"item_id_": 32, "group_id_": 4, "name_id_": 32, "detail_id_": 32, "num_limit_": 200000, "icon_asset_name_": "Cmn_icnRsoul_GRN3", "item_disable_flag_": 0, "show_flag_": 1, "release_flag_": 1}, {"item_id_": 33, "group_id_": 4, "name_id_": 33, "detail_id_": 33, "num_limit_": 200000, "icon_asset_name_": "Cmn_icnRsoul_GRN4", "item_disable_flag_": 0, "show_flag_": 1, "release_flag_": 1}, {"item_id_": 34, "group_id_": 4, "name_id_": 34, "detail_id_": 34, "num_limit_": 200000, "icon_asset_name_": "Cmn_icnRsoul_GRN5", "item_disable_flag_": 0, "show_flag_": 1, "release_flag_": 1}, {"item_id_": 35, "group_id_": 4, "name_id_": 35, "detail_id_": 35, "num_limit_": 200000, "icon_asset_name_": "Cmn_icnRsoul_GRN6", "item_disable_flag_": 0, "show_flag_": 1, "release_flag_": 1}, {"item_id_": 36, "group_id_": 4, "name_id_": 36, "detail_id_": 36, "num_limit_": 200000, "icon_asset_name_": "Cmn_icnRsoul_GRN7", "item_disable_flag_": 0, "show_flag_": 1, "release_flag_": 1}, {"item_id_": 40, "group_id_": 5, "name_id_": 40, "detail_id_": 40, "num_limit_": 200000, "icon_asset_name_": "Cmn_icnRsoul_BLU1", "item_disable_flag_": 0, "show_flag_": 1, "release_flag_": 1}, {"item_id_": 41, "group_id_": 5, "name_id_": 41, "detail_id_": 41, "num_limit_": 200000, "icon_asset_name_": "Cmn_icnRsoul_BLU2", "item_disable_flag_": 0, "show_flag_": 1, "release_flag_": 1}, {"item_id_": 42, "group_id_": 5, "name_id_": 42, "detail_id_": 42, "num_limit_": 200000, "icon_asset_name_": "Cmn_icnRsoul_BLU3", "item_disable_flag_": 0, "show_flag_": 1, "release_flag_": 1}, {"item_id_": 43, "group_id_": 5, "name_id_": 43, "detail_id_": 43, "num_limit_": 200000, "icon_asset_name_": "Cmn_icnRsoul_BLU4", "item_disable_flag_": 0, "show_flag_": 1, "release_flag_": 1}, {"item_id_": 44, "group_id_": 5, "name_id_": 44, "detail_id_": 44, "num_limit_": 200000, "icon_asset_name_": "Cmn_icnRsoul_BLU5", "item_disable_flag_": 0, "show_flag_": 1, "release_flag_": 1}, {"item_id_": 45, "group_id_": 5, "name_id_": 45, "detail_id_": 45, "num_limit_": 200000, "icon_asset_name_": "Cmn_icnRsoul_BLU6", "item_disable_flag_": 0, "show_flag_": 1, "release_flag_": 1}, {"item_id_": 46, "group_id_": 5, "name_id_": 46, "detail_id_": 46, "num_limit_": 200000, "icon_asset_name_": "Cmn_icnRsoul_BLU7", "item_disable_flag_": 0, "show_flag_": 1, "release_flag_": 1}, {"item_id_": 100, "group_id_": 11, "name_id_": 100, "detail_id_": 100, "num_limit_": 99999, "icon_asset_name_": "Cmn_icnSsoul_RED1", "item_disable_flag_": 0, "show_flag_": 1, "release_flag_": 1}, {"item_id_": 101, "group_id_": 11, "name_id_": 101, "detail_id_": 101, "num_limit_": 99999, "icon_asset_name_": "Cmn_icnSsoul_RED2", "item_disable_flag_": 0, "show_flag_": 1, "release_flag_": 1}, {"item_id_": 102, "group_id_": 11, "name_id_": 102, "detail_id_": 102, "num_limit_": 99999, "icon_asset_name_": "Cmn_icnSsoul_RED3", "item_disable_flag_": 0, "show_flag_": 1, "release_flag_": 1}, {"item_id_": 103, "group_id_": 11, "name_id_": 103, "detail_id_": 103, "num_limit_": 99999, "icon_asset_name_": "Cmn_icnSsoul_RED4", "item_disable_flag_": 0, "show_flag_": 1, "release_flag_": 1}, {"item_id_": 104, "group_id_": 11, "name_id_": 104, "detail_id_": 104, "num_limit_": 99999, "icon_asset_name_": "Cmn_icnSsoul_RED5", "item_disable_flag_": 0, "show_flag_": 1, "release_flag_": 1}, {"item_id_": 105, "group_id_": 11, "name_id_": 105, "detail_id_": 105, "num_limit_": 99999, "icon_asset_name_": "Cmn_icnSsoul_RED6", "item_disable_flag_": 0, "show_flag_": 1, "release_flag_": 1}, {"item_id_": 110, "group_id_": 12, "name_id_": 110, "detail_id_": 110, "num_limit_": 99999, "icon_asset_name_": "Cmn_icnSsoul_YEL1", "item_disable_flag_": 0, "show_flag_": 1, "release_flag_": 1}, {"item_id_": 111, "group_id_": 12, "name_id_": 111, "detail_id_": 111, "num_limit_": 99999, "icon_asset_name_": "Cmn_icnSsoul_YEL2", "item_disable_flag_": 0, "show_flag_": 1, "release_flag_": 1}, {"item_id_": 112, "group_id_": 12, "name_id_": 112, "detail_id_": 112, "num_limit_": 99999, "icon_asset_name_": "Cmn_icnSsoul_YEL3", "item_disable_flag_": 0, "show_flag_": 1, "release_flag_": 1}, {"item_id_": 113, "group_id_": 12, "name_id_": 113, "detail_id_": 113, "num_limit_": 99999, "icon_asset_name_": "Cmn_icnSsoul_YEL4", "item_disable_flag_": 0, "show_flag_": 1, "release_flag_": 1}, {"item_id_": 114, "group_id_": 12, "name_id_": 114, "detail_id_": 114, "num_limit_": 99999, "icon_asset_name_": "Cmn_icnSsoul_YEL5", "item_disable_flag_": 0, "show_flag_": 1, "release_flag_": 1}, {"item_id_": 115, "group_id_": 12, "name_id_": 115, "detail_id_": 115, "num_limit_": 99999, "icon_asset_name_": "Cmn_icnSsoul_YEL6", "item_disable_flag_": 0, "show_flag_": 1, "release_flag_": 1}, {"item_id_": 120, "group_id_": 13, "name_id_": 120, "detail_id_": 120, "num_limit_": 99999, "icon_asset_name_": "Cmn_icnSsoul_PUR1", "item_disable_flag_": 0, "show_flag_": 1, "release_flag_": 1}, {"item_id_": 121, "group_id_": 13, "name_id_": 121, "detail_id_": 121, "num_limit_": 99999, "icon_asset_name_": "Cmn_icnSsoul_PUR2", "item_disable_flag_": 0, "show_flag_": 1, "release_flag_": 1}, {"item_id_": 122, "group_id_": 13, "name_id_": 122, "detail_id_": 122, "num_limit_": 99999, "icon_asset_name_": "Cmn_icnSsoul_PUR3", "item_disable_flag_": 0, "show_flag_": 1, "release_flag_": 1}, {"item_id_": 123, "group_id_": 13, "name_id_": 123, "detail_id_": 123, "num_limit_": 99999, "icon_asset_name_": "Cmn_icnSsoul_PUR4", "item_disable_flag_": 0, "show_flag_": 1, "release_flag_": 1}, {"item_id_": 124, "group_id_": 13, "name_id_": 124, "detail_id_": 124, "num_limit_": 99999, "icon_asset_name_": "Cmn_icnSsoul_PUR5", "item_disable_flag_": 0, "show_flag_": 1, "release_flag_": 1}, {"item_id_": 125, "group_id_": 13, "name_id_": 125, "detail_id_": 125, "num_limit_": 99999, "icon_asset_name_": "Cmn_icnSsoul_PUR6", "item_disable_flag_": 0, "show_flag_": 1, "release_flag_": 1}, {"item_id_": 130, "group_id_": 14, "name_id_": 130, "detail_id_": 130, "num_limit_": 99999, "icon_asset_name_": "Cmn_icnSsoul_GRN1", "item_disable_flag_": 0, "show_flag_": 1, "release_flag_": 1}, {"item_id_": 131, "group_id_": 14, "name_id_": 131, "detail_id_": 131, "num_limit_": 99999, "icon_asset_name_": "Cmn_icnSsoul_GRN2", "item_disable_flag_": 0, "show_flag_": 1, "release_flag_": 1}, {"item_id_": 132, "group_id_": 14, "name_id_": 132, "detail_id_": 132, "num_limit_": 99999, "icon_asset_name_": "Cmn_icnSsoul_GRN3", "item_disable_flag_": 0, "show_flag_": 1, "release_flag_": 1}, {"item_id_": 133, "group_id_": 14, "name_id_": 133, "detail_id_": 133, "num_limit_": 99999, "icon_asset_name_": "Cmn_icnSsoul_GRN4", "item_disable_flag_": 0, "show_flag_": 1, "release_flag_": 1}, {"item_id_": 134, "group_id_": 14, "name_id_": 134, "detail_id_": 134, "num_limit_": 99999, "icon_asset_name_": "Cmn_icnSsoul_GRN5", "item_disable_flag_": 0, "show_flag_": 1, "release_flag_": 1}, {"item_id_": 135, "group_id_": 14, "name_id_": 135, "detail_id_": 135, "num_limit_": 99999, "icon_asset_name_": "Cmn_icnSsoul_GRN6", "item_disable_flag_": 0, "show_flag_": 1, "release_flag_": 1}, {"item_id_": 140, "group_id_": 15, "name_id_": 140, "detail_id_": 140, "num_limit_": 99999, "icon_asset_name_": "Cmn_icnSsoul_BLU1", "item_disable_flag_": 0, "show_flag_": 1, "release_flag_": 1}, {"item_id_": 141, "group_id_": 15, "name_id_": 141, "detail_id_": 141, "num_limit_": 99999, "icon_asset_name_": "Cmn_icnSsoul_BLU2", "item_disable_flag_": 0, "show_flag_": 1, "release_flag_": 1}, {"item_id_": 142, "group_id_": 15, "name_id_": 142, "detail_id_": 142, "num_limit_": 99999, "icon_asset_name_": "Cmn_icnSsoul_BLU3", "item_disable_flag_": 0, "show_flag_": 1, "release_flag_": 1}, {"item_id_": 143, "group_id_": 15, "name_id_": 143, "detail_id_": 143, "num_limit_": 99999, "icon_asset_name_": "Cmn_icnSsoul_BLU4", "item_disable_flag_": 0, "show_flag_": 1, "release_flag_": 1}, {"item_id_": 144, "group_id_": 15, "name_id_": 144, "detail_id_": 144, "num_limit_": 99999, "icon_asset_name_": "Cmn_icnSsoul_BLU5", "item_disable_flag_": 0, "show_flag_": 1, "release_flag_": 1}, {"item_id_": 145, "group_id_": 15, "name_id_": 145, "detail_id_": 145, "num_limit_": 99999, "icon_asset_name_": "Cmn_icnSsoul_BLU6", "item_disable_flag_": 0, "show_flag_": 1, "release_flag_": 1}, {"item_id_": 1000, "group_id_": 16, "name_id_": 1000, "detail_id_": 1000, "num_limit_": 99999, "icon_asset_name_": "Cmn_icnBsoul_RED1", "item_disable_flag_": 0, "show_flag_": 1, "release_flag_": 1}, {"item_id_": 1001, "group_id_": 16, "name_id_": 1001, "detail_id_": 1001, "num_limit_": 99999, "icon_asset_name_": "Cmn_icnBsoul_RED2", "item_disable_flag_": 0, "show_flag_": 1, "release_flag_": 1}, {"item_id_": 1002, "group_id_": 16, "name_id_": 1002, "detail_id_": 1002, "num_limit_": 99999, "icon_asset_name_": "Cmn_icnBsoul_RED3", "item_disable_flag_": 0, "show_flag_": 1, "release_flag_": 1}, {"item_id_": 1003, "group_id_": 16, "name_id_": 1003, "detail_id_": 1003, "num_limit_": 99999, "icon_asset_name_": "Cmn_icnBsoul_RED4", "item_disable_flag_": 0, "show_flag_": 1, "release_flag_": 1}, {"item_id_": 1004, "group_id_": 16, "name_id_": 1004, "detail_id_": 1004, "num_limit_": 99999, "icon_asset_name_": "Cmn_icnBsoul_RED5", "item_disable_flag_": 0, "show_flag_": 1, "release_flag_": 1}, {"item_id_": 1005, "group_id_": 16, "name_id_": 1005, "detail_id_": 1005, "num_limit_": 99999, "icon_asset_name_": "Cmn_icnBsoul_RED6", "item_disable_flag_": 0, "show_flag_": 1, "release_flag_": 1}, {"item_id_": 1006, "group_id_": 16, "name_id_": 1006, "detail_id_": 1006, "num_limit_": 99999, "icon_asset_name_": "Cmn_icnBsoul_RED7", "item_disable_flag_": 0, "show_flag_": 1, "release_flag_": 1}, {"item_id_": 1010, "group_id_": 17, "name_id_": 1010, "detail_id_": 1010, "num_limit_": 99999, "icon_asset_name_": "Cmn_icnBsoul_YEL1", "item_disable_flag_": 0, "show_flag_": 1, "release_flag_": 1}, {"item_id_": 1011, "group_id_": 17, "name_id_": 1011, "detail_id_": 1011, "num_limit_": 99999, "icon_asset_name_": "Cmn_icnBsoul_YEL2", "item_disable_flag_": 0, "show_flag_": 1, "release_flag_": 1}, {"item_id_": 1012, "group_id_": 17, "name_id_": 1012, "detail_id_": 1012, "num_limit_": 99999, "icon_asset_name_": "Cmn_icnBsoul_YEL3", "item_disable_flag_": 0, "show_flag_": 1, "release_flag_": 1}, {"item_id_": 1013, "group_id_": 17, "name_id_": 1013, "detail_id_": 1013, "num_limit_": 99999, "icon_asset_name_": "Cmn_icnBsoul_YEL4", "item_disable_flag_": 0, "show_flag_": 1, "release_flag_": 1}, {"item_id_": 1014, "group_id_": 17, "name_id_": 1014, "detail_id_": 1014, "num_limit_": 99999, "icon_asset_name_": "Cmn_icnBsoul_YEL5", "item_disable_flag_": 0, "show_flag_": 1, "release_flag_": 1}, {"item_id_": 1015, "group_id_": 17, "name_id_": 1015, "detail_id_": 1015, "num_limit_": 99999, "icon_asset_name_": "Cmn_icnBsoul_YEL6", "item_disable_flag_": 0, "show_flag_": 1, "release_flag_": 1}, {"item_id_": 1016, "group_id_": 17, "name_id_": 1016, "detail_id_": 1016, "num_limit_": 99999, "icon_asset_name_": "Cmn_icnBsoul_YEL7", "item_disable_flag_": 0, "show_flag_": 1, "release_flag_": 1}, {"item_id_": 1020, "group_id_": 18, "name_id_": 1020, "detail_id_": 1020, "num_limit_": 99999, "icon_asset_name_": "Cmn_icnBsoul_PUR1", "item_disable_flag_": 0, "show_flag_": 1, "release_flag_": 1}, {"item_id_": 1021, "group_id_": 18, "name_id_": 1021, "detail_id_": 1021, "num_limit_": 99999, "icon_asset_name_": "Cmn_icnBsoul_PUR2", "item_disable_flag_": 0, "show_flag_": 1, "release_flag_": 1}, {"item_id_": 1022, "group_id_": 18, "name_id_": 1022, "detail_id_": 1022, "num_limit_": 99999, "icon_asset_name_": "Cmn_icnBsoul_PUR3", "item_disable_flag_": 0, "show_flag_": 1, "release_flag_": 1}, {"item_id_": 1023, "group_id_": 18, "name_id_": 1023, "detail_id_": 1023, "num_limit_": 99999, "icon_asset_name_": "Cmn_icnBsoul_PUR4", "item_disable_flag_": 0, "show_flag_": 1, "release_flag_": 1}, {"item_id_": 1024, "group_id_": 18, "name_id_": 1024, "detail_id_": 1024, "num_limit_": 99999, "icon_asset_name_": "Cmn_icnBsoul_PUR5", "item_disable_flag_": 0, "show_flag_": 1, "release_flag_": 1}, {"item_id_": 1025, "group_id_": 18, "name_id_": 1025, "detail_id_": 1025, "num_limit_": 99999, "icon_asset_name_": "Cmn_icnBsoul_PUR6", "item_disable_flag_": 0, "show_flag_": 1, "release_flag_": 1}, {"item_id_": 1026, "group_id_": 18, "name_id_": 1026, "detail_id_": 1026, "num_limit_": 99999, "icon_asset_name_": "Cmn_icnBsoul_PUR7", "item_disable_flag_": 0, "show_flag_": 1, "release_flag_": 1}, {"item_id_": 1030, "group_id_": 19, "name_id_": 1030, "detail_id_": 1030, "num_limit_": 99999, "icon_asset_name_": "Cmn_icnBsoul_GRN1", "item_disable_flag_": 0, "show_flag_": 1, "release_flag_": 1}, {"item_id_": 1031, "group_id_": 19, "name_id_": 1031, "detail_id_": 1031, "num_limit_": 99999, "icon_asset_name_": "Cmn_icnBsoul_GRN2", "item_disable_flag_": 0, "show_flag_": 1, "release_flag_": 1}, {"item_id_": 1032, "group_id_": 19, "name_id_": 1032, "detail_id_": 1032, "num_limit_": 99999, "icon_asset_name_": "Cmn_icnBsoul_GRN3", "item_disable_flag_": 0, "show_flag_": 1, "release_flag_": 1}, {"item_id_": 1033, "group_id_": 19, "name_id_": 1033, "detail_id_": 1033, "num_limit_": 99999, "icon_asset_name_": "Cmn_icnBsoul_GRN4", "item_disable_flag_": 0, "show_flag_": 1, "release_flag_": 1}, {"item_id_": 1034, "group_id_": 19, "name_id_": 1034, "detail_id_": 1034, "num_limit_": 99999, "icon_asset_name_": "Cmn_icnBsoul_GRN5", "item_disable_flag_": 0, "show_flag_": 1, "release_flag_": 1}, {"item_id_": 1035, "group_id_": 19, "name_id_": 1035, "detail_id_": 1035, "num_limit_": 99999, "icon_asset_name_": "Cmn_icnBsoul_GRN6", "item_disable_flag_": 0, "show_flag_": 1, "release_flag_": 1}, {"item_id_": 1036, "group_id_": 19, "name_id_": 1036, "detail_id_": 1036, "num_limit_": 99999, "icon_asset_name_": "Cmn_icnBsoul_GRN7", "item_disable_flag_": 0, "show_flag_": 1, "release_flag_": 1}, {"item_id_": 1040, "group_id_": 20, "name_id_": 1040, "detail_id_": 1040, "num_limit_": 99999, "icon_asset_name_": "Cmn_icnBsoul_BLU1", "item_disable_flag_": 0, "show_flag_": 1, "release_flag_": 1}, {"item_id_": 1041, "group_id_": 20, "name_id_": 1041, "detail_id_": 1041, "num_limit_": 99999, "icon_asset_name_": "Cmn_icnBsoul_BLU2", "item_disable_flag_": 0, "show_flag_": 1, "release_flag_": 1}, {"item_id_": 1042, "group_id_": 20, "name_id_": 1042, "detail_id_": 1042, "num_limit_": 99999, "icon_asset_name_": "Cmn_icnBsoul_BLU3", "item_disable_flag_": 0, "show_flag_": 1, "release_flag_": 1}, {"item_id_": 1043, "group_id_": 20, "name_id_": 1043, "detail_id_": 1043, "num_limit_": 99999, "icon_asset_name_": "Cmn_icnBsoul_BLU4", "item_disable_flag_": 0, "show_flag_": 1, "release_flag_": 1}, {"item_id_": 1044, "group_id_": 20, "name_id_": 1044, "detail_id_": 1044, "num_limit_": 99999, "icon_asset_name_": "Cmn_icnBsoul_BLU5", "item_disable_flag_": 0, "show_flag_": 1, "release_flag_": 1}, {"item_id_": 1045, "group_id_": 20, "name_id_": 1045, "detail_id_": 1045, "num_limit_": 99999, "icon_asset_name_": "Cmn_icnBsoul_BLU6", "item_disable_flag_": 0, "show_flag_": 1, "release_flag_": 1}, {"item_id_": 1046, "group_id_": 20, "name_id_": 1046, "detail_id_": 1046, "num_limit_": 99999, "icon_asset_name_": "Cmn_icnBsoul_BLU7", "item_disable_flag_": 0, "show_flag_": 1, "release_flag_": 1}, {"item_id_": 201000, "group_id_": 1000, "name_id_": 201000, "detail_id_": 201000, "num_limit_": 999, "icon_asset_name_": "Cmn_icnsoul_legendsmedal", "item_disable_flag_": 0, "show_flag_": 1, "release_flag_": 1}, {"item_id_": 201686, "group_id_": 1686, "name_id_": 201686, "detail_id_": 201686, "num_limit_": 2, "icon_asset_name_": "Cmn_icnsoul_201686", "item_disable_flag_": 0, "show_flag_": 1, "release_flag_": 1}, {"item_id_": 201290, "group_id_": 1290, "name_id_": 201290, "detail_id_": 201290, "num_limit_": 2, "icon_asset_name_": "Cmn_icnsoul_201290", "item_disable_flag_": 0, "show_flag_": 1, "release_flag_": 1}, {"item_id_": 201514, "group_id_": 1514, "name_id_": 201514, "detail_id_": 201514, "num_limit_": 2, "icon_asset_name_": "Cmn_icnsoul_201514", "item_disable_flag_": 0, "show_flag_": 1, "release_flag_": 1}, {"item_id_": 301000, "group_id_": 376, "name_id_": 301000, "detail_id_": 301000, "num_limit_": 99999, "icon_asset_name_": "Cmn_icnRsoul_EVT01", "item_disable_flag_": 0, "show_flag_": 1, "release_flag_": 1}, {"item_id_": 301100, "group_id_": 376, "name_id_": 301100, "detail_id_": 301100, "num_limit_": 99999, "icon_asset_name_": "Cmn_icnSsoul_EVT01", "item_disable_flag_": 0, "show_flag_": 1, "release_flag_": 1}, {"item_id_": 302000, "group_id_": 447, "name_id_": 302000, "detail_id_": 302000, "num_limit_": 99999, "icon_asset_name_": "Cmn_icnRsoul_EVT02", "item_disable_flag_": 0, "show_flag_": 1, "release_flag_": 1}, {"item_id_": 302100, "group_id_": 447, "name_id_": 302100, "detail_id_": 302100, "num_limit_": 99999, "icon_asset_name_": "Cmn_icnSsoul_EVT02", "item_disable_flag_": 0, "show_flag_": 1, "release_flag_": 1}, {"item_id_": 303000, "group_id_": 469, "name_id_": 303000, "detail_id_": 303000, "num_limit_": 99999, "icon_asset_name_": "Cmn_icnRsoul_EVT03", "item_disable_flag_": 0, "show_flag_": 1, "release_flag_": 1}, {"item_id_": 303100, "group_id_": 469, "name_id_": 303100, "detail_id_": 303100, "num_limit_": 99999, "icon_asset_name_": "Cmn_icnSsoul_EVT03", "item_disable_flag_": 0, "show_flag_": 1, "release_flag_": 1}, {"item_id_": 304000, "group_id_": 493, "name_id_": 304000, "detail_id_": 304000, "num_limit_": 99999, "icon_asset_name_": "Cmn_icnRsoul_EVT04", "item_disable_flag_": 0, "show_flag_": 1, "release_flag_": 1}, {"item_id_": 304100, "group_id_": 493, "name_id_": 304100, "detail_id_": 304100, "num_limit_": 99999, "icon_asset_name_": "Cmn_icnSsoul_EVT04", "item_disable_flag_": 0, "show_flag_": 1, "release_flag_": 1}, {"item_id_": 305000, "group_id_": 583, "name_id_": 305000, "detail_id_": 305000, "num_limit_": 99999, "icon_asset_name_": "Cmn_icnRsoul_EVT05", "item_disable_flag_": 0, "show_flag_": 1, "release_flag_": 1}, {"item_id_": 305100, "group_id_": 583, "name_id_": 305100, "detail_id_": 305100, "num_limit_": 99999, "icon_asset_name_": "Cmn_icnSsoul_EVT05", "item_disable_flag_": 0, "show_flag_": 1, "release_flag_": 1}, {"item_id_": 306000, "group_id_": 501, "name_id_": 306000, "detail_id_": 306000, "num_limit_": 99999, "icon_asset_name_": "Cmn_icnRsoul_EVT06", "item_disable_flag_": 0, "show_flag_": 1, "release_flag_": 1}, {"item_id_": 306100, "group_id_": 501, "name_id_": 306100, "detail_id_": 306100, "num_limit_": 99999, "icon_asset_name_": "Cmn_icnSsoul_EVT06", "item_disable_flag_": 0, "show_flag_": 1, "release_flag_": 1}, {"item_id_": 307000, "group_id_": 340, "name_id_": 307000, "detail_id_": 307000, "num_limit_": 99999, "icon_asset_name_": "Cmn_icnRsoul_EVT07", "item_disable_flag_": 0, "show_flag_": 1, "release_flag_": 1}, {"item_id_": 307100, "group_id_": 340, "name_id_": 307100, "detail_id_": 307100, "num_limit_": 99999, "icon_asset_name_": "Cmn_icnSsoul_EVT07", "item_disable_flag_": 0, "show_flag_": 1, "release_flag_": 1}, {"item_id_": 308000, "group_id_": 245, "name_id_": 308000, "detail_id_": 308000, "num_limit_": 99999, "icon_asset_name_": "Cmn_icnRsoul_EVT08", "item_disable_flag_": 0, "show_flag_": 1, "release_flag_": 1}, {"item_id_": 308100, "group_id_": 245, "name_id_": 308100, "detail_id_": 308100, "num_limit_": 99999, "icon_asset_name_": "Cmn_icnSsoul_EVT08", "item_disable_flag_": 0, "show_flag_": 1, "release_flag_": 1}, {"item_id_": 309000, "group_id_": 413, "name_id_": 309000, "detail_id_": 309000, "num_limit_": 99999, "icon_asset_name_": "Cmn_icnRsoul_EVT09", "item_disable_flag_": 0, "show_flag_": 1, "release_flag_": 1}, {"item_id_": 309100, "group_id_": 413, "name_id_": 309100, "detail_id_": 309100, "num_limit_": 99999, "icon_asset_name_": "Cmn_icnSsoul_EVT09", "item_disable_flag_": 0, "show_flag_": 1, "release_flag_": 1}, {"item_id_": 310000, "group_id_": 446, "name_id_": 310000, "detail_id_": 310000, "num_limit_": 99999, "icon_asset_name_": "Cmn_icnRsoul_EVT10", "item_disable_flag_": 0, "show_flag_": 1, "release_flag_": 1}, {"item_id_": 310100, "group_id_": 446, "name_id_": 310100, "detail_id_": 310100, "num_limit_": 99999, "icon_asset_name_": "Cmn_icnSsoul_EVT10", "item_disable_flag_": 0, "show_flag_": 1, "release_flag_": 1}, {"item_id_": 311000, "group_id_": 362, "name_id_": 311000, "detail_id_": 311000, "num_limit_": 99999, "icon_asset_name_": "Cmn_icnRsoul_EVT11", "item_disable_flag_": 0, "show_flag_": 1, "release_flag_": 1}, {"item_id_": 311100, "group_id_": 362, "name_id_": 311100, "detail_id_": 311100, "num_limit_": 99999, "icon_asset_name_": "Cmn_icnSsoul_EVT11", "item_disable_flag_": 0, "show_flag_": 1, "release_flag_": 1}, {"item_id_": 312000, "group_id_": 357, "name_id_": 312000, "detail_id_": 312000, "num_limit_": 99999, "icon_asset_name_": "Cmn_icnRsoul_EVT12", "item_disable_flag_": 0, "show_flag_": 1, "release_flag_": 1}, {"item_id_": 312100, "group_id_": 357, "name_id_": 312100, "detail_id_": 312100, "num_limit_": 99999, "icon_asset_name_": "Cmn_icnSsoul_EVT12", "item_disable_flag_": 0, "show_flag_": 1, "release_flag_": 1}, {"item_id_": 313000, "group_id_": 497, "name_id_": 313000, "detail_id_": 313000, "num_limit_": 99999, "icon_asset_name_": "Cmn_icnRsoul_EVT13", "item_disable_flag_": 0, "show_flag_": 1, "release_flag_": 1}, {"item_id_": 313100, "group_id_": 497, "name_id_": 313100, "detail_id_": 313100, "num_limit_": 99999, "icon_asset_name_": "Cmn_icnSsoul_EVT13", "item_disable_flag_": 0, "show_flag_": 1, "release_flag_": 1}, {"item_id_": 314000, "group_id_": 478, "name_id_": 314000, "detail_id_": 314000, "num_limit_": 99999, "icon_asset_name_": "Cmn_icnRsoul_EVT14", "item_disable_flag_": 0, "show_flag_": 1, "release_flag_": 1}, {"item_id_": 314100, "group_id_": 478, "name_id_": 314100, "detail_id_": 314100, "num_limit_": 99999, "icon_asset_name_": "Cmn_icnSsoul_EVT14", "item_disable_flag_": 0, "show_flag_": 1, "release_flag_": 1}, {"item_id_": 315000, "group_id_": 574, "name_id_": 315000, "detail_id_": 315000, "num_limit_": 99999, "icon_asset_name_": "Cmn_icnRsoul_EVT15", "item_disable_flag_": 0, "show_flag_": 1, "release_flag_": 1}, {"item_id_": 315100, "group_id_": 574, "name_id_": 315100, "detail_id_": 315100, "num_limit_": 99999, "icon_asset_name_": "Cmn_icnSsoul_EVT15", "item_disable_flag_": 0, "show_flag_": 1, "release_flag_": 1}, {"item_id_": 316000, "group_id_": 460, "name_id_": 316000, "detail_id_": 316000, "num_limit_": 99999, "icon_asset_name_": "Cmn_icnRsoul_EVT16", "item_disable_flag_": 0, "show_flag_": 1, "release_flag_": 1}, {"item_id_": 316100, "group_id_": 460, "name_id_": 316100, "detail_id_": 316100, "num_limit_": 99999, "icon_asset_name_": "Cmn_icnSsoul_EVT16", "item_disable_flag_": 0, "show_flag_": 1, "release_flag_": 1}, {"item_id_": 317000, "group_id_": 585, "name_id_": 317000, "detail_id_": 317000, "num_limit_": 99999, "icon_asset_name_": "Cmn_icnRsoul_EVT17", "item_disable_flag_": 0, "show_flag_": 1, "release_flag_": 1}, {"item_id_": 317100, "group_id_": 585, "name_id_": 317100, "detail_id_": 317100, "num_limit_": 99999, "icon_asset_name_": "Cmn_icnSsoul_EVT17", "item_disable_flag_": 0, "show_flag_": 1, "release_flag_": 1}, {"item_id_": 324000, "group_id_": 600, "name_id_": 324000, "detail_id_": 324000, "num_limit_": 99999, "icon_asset_name_": "Cmn_icnRsoul_EVT24", "item_disable_flag_": 0, "show_flag_": 1, "release_flag_": 1}, {"item_id_": 324100, "group_id_": 600, "name_id_": 324100, "detail_id_": 324100, "num_limit_": 99999, "icon_asset_name_": "Cmn_icnSsoul_EVT24", "item_disable_flag_": 0, "show_flag_": 1, "release_flag_": 1}, {"item_id_": 338000, "group_id_": 643, "name_id_": 338000, "detail_id_": 338000, "num_limit_": 99999, "icon_asset_name_": "Cmn_icnRsoul_EVT38", "item_disable_flag_": 0, "show_flag_": 1, "release_flag_": 1}, {"item_id_": 338100, "group_id_": 643, "name_id_": 338100, "detail_id_": 338100, "num_limit_": 99999, "icon_asset_name_": "Cmn_icnSsoul_EVT38", "item_disable_flag_": 0, "show_flag_": 1, "release_flag_": 1}]