[{"item_id_": 4, "name_id_": 4, "detail_id_": 4, "num_limit_": 7000, "icon_asset_name_": "PleIco_0004_Piccolo_01", "item_disable_flag_": 0, "release_flag_": 1}, {"item_id_": 12, "name_id_": 12, "detail_id_": 12, "num_limit_": 7000, "icon_asset_name_": "PleIco_0012_Nappa_01", "item_disable_flag_": 0, "release_flag_": 1}, {"item_id_": 14, "name_id_": 14, "detail_id_": 14, "num_limit_": 7000, "icon_asset_name_": "PleIco_0014_Vegeta_01", "item_disable_flag_": 0, "release_flag_": 1}, {"item_id_": 15, "name_id_": 15, "detail_id_": 15, "num_limit_": 7000, "icon_asset_name_": "PleIco_0015_Goku_03", "item_disable_flag_": 0, "release_flag_": 1}, {"item_id_": 16, "name_id_": 16, "detail_id_": 16, "num_limit_": 7000, "icon_asset_name_": "PleIco_0016_GokuSS1_01", "item_disable_flag_": 0, "release_flag_": 1}, {"item_id_": 28, "name_id_": 28, "detail_id_": 28, "num_limit_": 7000, "icon_asset_name_": "PleIco_0028_Frieza1st_01", "item_disable_flag_": 0, "release_flag_": 1}, {"item_id_": 32, "name_id_": 32, "detail_id_": 32, "num_limit_": 7000, "icon_asset_name_": "PleIco_0032_Frieza4th_01", "item_disable_flag_": 0, "release_flag_": 1}, {"item_id_": 38, "name_id_": 38, "detail_id_": 38, "num_limit_": 7000, "icon_asset_name_": "PleIco_0038_Pan_01", "item_disable_flag_": 0, "release_flag_": 1}, {"item_id_": 47, "name_id_": 47, "detail_id_": 47, "num_limit_": 7000, "icon_asset_name_": "PleIco_0047_TrunksSS1_01", "item_disable_flag_": 0, "release_flag_": 1}, {"item_id_": 50, "name_id_": 50, "detail_id_": 50, "num_limit_": 7000, "icon_asset_name_": "PleIco_0050_Turles_01", "item_disable_flag_": 0, "release_flag_": 1}, {"item_id_": 62, "name_id_": 62, "detail_id_": 62, "num_limit_": 7000, "icon_asset_name_": "PleIco_0062_Android17_01", "item_disable_flag_": 0, "release_flag_": 1}, {"item_id_": 63, "name_id_": 63, "detail_id_": 63, "num_limit_": 7000, "icon_asset_name_": "PleIco_0063_Android18_01", "item_disable_flag_": 0, "release_flag_": 1}, {"item_id_": 64, "name_id_": 64, "detail_id_": 64, "num_limit_": 7000, "icon_asset_name_": "PleIco_0064_Cell1st_01", "item_disable_flag_": 0, "release_flag_": 1}, {"item_id_": 66, "name_id_": 66, "detail_id_": 66, "num_limit_": 7000, "icon_asset_name_": "PleIco_0066_CabbeSS1_01", "item_disable_flag_": 0, "release_flag_": 1}, {"item_id_": 68, "name_id_": 68, "detail_id_": 68, "num_limit_": 7000, "icon_asset_name_": "PleIco_0068_Android18_02", "item_disable_flag_": 0, "release_flag_": 1}, {"item_id_": 71, "name_id_": 71, "detail_id_": 71, "num_limit_": 7000, "icon_asset_name_": "PleIco_0071_Android17_02", "item_disable_flag_": 0, "release_flag_": 1}, {"item_id_": 75, "name_id_": 75, "detail_id_": 75, "num_limit_": 7000, "icon_asset_name_": "PleIco_0075_GokuSS1_04", "item_disable_flag_": 0, "release_flag_": 1}, {"item_id_": 76, "name_id_": 76, "detail_id_": 76, "num_limit_": 7000, "icon_asset_name_": "PleIco_0076_GokuTeen_01", "item_disable_flag_": 0, "release_flag_": 1}, {"item_id_": 77, "name_id_": 77, "detail_id_": 77, "num_limit_": 7000, "icon_asset_name_": "PleIco_0077_VegetaGTSS1_01", "item_disable_flag_": 0, "release_flag_": 1}, {"item_id_": 79, "name_id_": 79, "detail_id_": 79, "num_limit_": 7000, "icon_asset_name_": "PleIco_0079_PiccoloKing_01", "item_disable_flag_": 0, "release_flag_": 1}, {"item_id_": 80, "name_id_": 80, "detail_id_": 80, "num_limit_": 7000, "icon_asset_name_": "PleIco_0080_BrolySS1_01", "item_disable_flag_": 0, "release_flag_": 1}, {"item_id_": 90, "name_id_": 90, "detail_id_": 90, "num_limit_": 7000, "icon_asset_name_": "PleIco_0090_Raditz_02", "item_disable_flag_": 0, "release_flag_": 1}, {"item_id_": 93, "name_id_": 93, "detail_id_": 93, "num_limit_": 7000, "icon_asset_name_": "PleIco_0093_VegetaSV_01", "item_disable_flag_": 0, "release_flag_": 1}, {"item_id_": 94, "name_id_": 94, "detail_id_": 94, "num_limit_": 7000, "icon_asset_name_": "PleIco_0094_Piccolo_94", "item_disable_flag_": 0, "release_flag_": 1}, {"item_id_": 95, "name_id_": 95, "detail_id_": 95, "num_limit_": 7000, "icon_asset_name_": "PleIco_0095_Android16_95", "item_disable_flag_": 0, "release_flag_": 1}, {"item_id_": 96, "name_id_": 96, "detail_id_": 96, "num_limit_": 7000, "icon_asset_name_": "PleIco_0096_Cell2nd_01", "item_disable_flag_": 0, "release_flag_": 1}, {"item_id_": 108, "name_id_": 108, "detail_id_": 108, "num_limit_": 7000, "icon_asset_name_": "PleIco_0108_Cell3rd_01", "item_disable_flag_": 0, "release_flag_": 1}, {"item_id_": 109, "name_id_": 109, "detail_id_": 109, "num_limit_": 7000, "icon_asset_name_": "PleIco_0109_TrunksST_01", "item_disable_flag_": 0, "release_flag_": 1}, {"item_id_": 111, "name_id_": 111, "detail_id_": 111, "num_limit_": 7000, "icon_asset_name_": "PleIco_0111_GohanTeenSS2_01", "item_disable_flag_": 0, "release_flag_": 1}, {"item_id_": 112, "name_id_": 112, "detail_id_": 112, "num_limit_": 7000, "icon_asset_name_": "PleIco_0112_GokuSS3_112", "item_disable_flag_": 0, "release_flag_": 1}, {"item_id_": 113, "name_id_": 113, "detail_id_": 113, "num_limit_": 7000, "icon_asset_name_": "PleIco_0113_Buu1st_113", "item_disable_flag_": 0, "release_flag_": 1}, {"item_id_": 124, "name_id_": 124, "detail_id_": 124, "num_limit_": 7000, "icon_asset_name_": "PleIco_0124_TrunksFutureSS2_124", "item_disable_flag_": 0, "release_flag_": 1}, {"item_id_": 125, "name_id_": 125, "detail_id_": 125, "num_limit_": 7000, "icon_asset_name_": "PleIco_0125_GokuK_125", "item_disable_flag_": 0, "release_flag_": 1}, {"item_id_": 126, "name_id_": 126, "detail_id_": 126, "num_limit_": 7000, "icon_asset_name_": "PleIco_0126_GokuBlack_126", "item_disable_flag_": 0, "release_flag_": 1}, {"item_id_": 128, "name_id_": 128, "detail_id_": 128, "num_limit_": 7000, "icon_asset_name_": "PleIco_0128_KaleBSS1_128", "item_disable_flag_": 0, "release_flag_": 1}, {"item_id_": 138, "name_id_": 138, "detail_id_": 138, "num_limit_": 7000, "icon_asset_name_": "PleIco_0138_Vegeta_138", "item_disable_flag_": 0, "release_flag_": 1}, {"item_id_": 140, "name_id_": 140, "detail_id_": 140, "num_limit_": 7000, "icon_asset_name_": "PleIco_0140_Vegito_140", "item_disable_flag_": 0, "release_flag_": 1}, {"item_id_": 143, "name_id_": 143, "detail_id_": 143, "num_limit_": 7000, "icon_asset_name_": "PleIco_0143_VegetaM_143", "item_disable_flag_": 0, "release_flag_": 1}, {"item_id_": 147, "name_id_": 147, "detail_id_": 147, "num_limit_": 7000, "icon_asset_name_": "PleIco_0147_BrolyB_147", "item_disable_flag_": 0, "release_flag_": 1}, {"item_id_": 148, "name_id_": 148, "detail_id_": 148, "num_limit_": 7000, "icon_asset_name_": "PleIco_0148_GogetaSS1_148", "item_disable_flag_": 0, "release_flag_": 1}, {"item_id_": 149, "name_id_": 149, "detail_id_": 149, "num_limit_": 7000, "icon_asset_name_": "PleIco_0149_JanembaS_149", "item_disable_flag_": 0, "release_flag_": 1}, {"item_id_": 150, "name_id_": 150, "detail_id_": 150, "num_limit_": 7000, "icon_asset_name_": "PleIco_0150_GokuSS2_150", "item_disable_flag_": 0, "release_flag_": 1}, {"item_id_": 151, "name_id_": 151, "detail_id_": 151, "num_limit_": 7000, "icon_asset_name_": "PleIco_0151_BardockSS1_151", "item_disable_flag_": 0, "release_flag_": 1}, {"item_id_": 152, "name_id_": 152, "detail_id_": 152, "num_limit_": 7000, "icon_asset_name_": "PleIco_0152_Chilled_152", "item_disable_flag_": 0, "release_flag_": 1}, {"item_id_": 164, "name_id_": 164, "detail_id_": 164, "num_limit_": 7000, "icon_asset_name_": "PleIco_0164_BrolyBSS1_164", "item_disable_flag_": 0, "release_flag_": 1}, {"item_id_": 166, "name_id_": 166, "detail_id_": 166, "num_limit_": 7000, "icon_asset_name_": "PleIco_0166_Beerus_166", "item_disable_flag_": 0, "release_flag_": 1}, {"item_id_": 168, "name_id_": 168, "detail_id_": 168, "num_limit_": 7000, "icon_asset_name_": "PleIco_0168_Cooler2nd_168", "item_disable_flag_": 0, "release_flag_": 1}, {"item_id_": 169, "name_id_": 169, "detail_id_": 169, "num_limit_": 7000, "icon_asset_name_": "PleIco_0169_TrunksTF_169", "item_disable_flag_": 0, "release_flag_": 1}, {"item_id_": 171, "name_id_": 171, "detail_id_": 171, "num_limit_": 7000, "icon_asset_name_": "PleIco_0171_GohanF_171", "item_disable_flag_": 0, "release_flag_": 1}, {"item_id_": 172, "name_id_": 172, "detail_id_": 172, "num_limit_": 7000, "icon_asset_name_": "PleIco_0172_CauliflaSS2_172", "item_disable_flag_": 0, "release_flag_": 1}, {"item_id_": 185, "name_id_": 185, "detail_id_": 185, "num_limit_": 7000, "icon_asset_name_": "PleIco_0185_VegetaSSG_185", "item_disable_flag_": 0, "release_flag_": 1}, {"item_id_": 186, "name_id_": 186, "detail_id_": 186, "num_limit_": 7000, "icon_asset_name_": "PleIco_0186_GohanUltimate_186", "item_disable_flag_": 0, "release_flag_": 1}, {"item_id_": 189, "name_id_": 189, "detail_id_": 189, "num_limit_": 7000, "icon_asset_name_": "PleIco_0189_Slug_189", "item_disable_flag_": 0, "release_flag_": 1}, {"item_id_": 191, "name_id_": 191, "detail_id_": 191, "num_limit_": 7000, "icon_asset_name_": "PleIco_0191_GohanTeenSS2_191", "item_disable_flag_": 0, "release_flag_": 1}, {"item_id_": 192, "name_id_": 192, "detail_id_": 192, "num_limit_": 7000, "icon_asset_name_": "PleIco_0192_Gtn_192", "item_disable_flag_": 0, "release_flag_": 1}, {"item_id_": 193, "name_id_": 193, "detail_id_": 193, "num_limit_": 7000, "icon_asset_name_": "PleIco_0193_Gotenks_193", "item_disable_flag_": 0, "release_flag_": 1}, {"item_id_": 196, "name_id_": 196, "detail_id_": 196, "num_limit_": 7000, "icon_asset_name_": "PleIco_0196_Buu2nd_196", "item_disable_flag_": 0, "release_flag_": 1}, {"item_id_": 199, "name_id_": 199, "detail_id_": 199, "num_limit_": 7000, "icon_asset_name_": "PleIco_0199_GotenksSS3_199", "item_disable_flag_": 0, "release_flag_": 1}, {"item_id_": 204, "name_id_": 204, "detail_id_": 204, "num_limit_": 7000, "icon_asset_name_": "PleIco_0204_GotenTeenSS1_204", "item_disable_flag_": 0, "release_flag_": 1}, {"item_id_": 205, "name_id_": 205, "detail_id_": 205, "num_limit_": 7000, "icon_asset_name_": "PleIco_0205_GohanSS1_205", "item_disable_flag_": 0, "release_flag_": 1}, {"item_id_": 206, "name_id_": 206, "detail_id_": 206, "num_limit_": 7000, "icon_asset_name_": "PleIco_0206_GokuSS1_206", "item_disable_flag_": 0, "release_flag_": 1}, {"item_id_": 207, "name_id_": 207, "detail_id_": 207, "num_limit_": 7000, "icon_asset_name_": "PleIco_0207_BrolySS1_207", "item_disable_flag_": 0, "release_flag_": 1}, {"item_id_": 208, "name_id_": 208, "detail_id_": 208, "num_limit_": 7000, "icon_asset_name_": "PleIco_0208_MetalCooler_208", "item_disable_flag_": 0, "release_flag_": 1}, {"item_id_": 213, "name_id_": 213, "detail_id_": 213, "num_limit_": 7000, "icon_asset_name_": "PleIco_0213_Piccolo_213", "item_disable_flag_": 0, "release_flag_": 1}, {"item_id_": 216, "name_id_": 216, "detail_id_": 216, "num_limit_": 7000, "icon_asset_name_": "PleIco_0216_GokuSSGSS_216", "item_disable_flag_": 0, "release_flag_": 1}, {"item_id_": 217, "name_id_": 217, "detail_id_": 217, "num_limit_": 7000, "icon_asset_name_": "PleIco_0217_VegetaSSGSS_217", "item_disable_flag_": 0, "release_flag_": 1}, {"item_id_": 219, "name_id_": 219, "detail_id_": 219, "num_limit_": 7000, "icon_asset_name_": "PleIco_0219_FriezaFP_219", "item_disable_flag_": 0, "release_flag_": 1}, {"item_id_": 220, "name_id_": 220, "detail_id_": 220, "num_limit_": 7000, "icon_asset_name_": "PleIco_0220_Goku_220", "item_disable_flag_": 0, "release_flag_": 1}, {"item_id_": 223, "name_id_": 223, "detail_id_": 223, "num_limit_": 7000, "icon_asset_name_": "PleIco_0223_Beerus_223", "item_disable_flag_": 0, "release_flag_": 1}, {"item_id_": 224, "name_id_": 224, "detail_id_": 224, "num_limit_": 7000, "icon_asset_name_": "PleIco_0224_VegitoSV_224", "item_disable_flag_": 0, "release_flag_": 1}, {"item_id_": 235, "name_id_": 235, "detail_id_": 235, "num_limit_": 7000, "icon_asset_name_": "PleIco_0235_Ginyu_235", "item_disable_flag_": 0, "release_flag_": 1}, {"item_id_": 236, "name_id_": 236, "detail_id_": 236, "num_limit_": 7000, "icon_asset_name_": "PleIco_0236_GokuSSGSSK_236", "item_disable_flag_": 0, "release_flag_": 1}, {"item_id_": 240, "name_id_": 240, "detail_id_": 240, "num_limit_": 7000, "icon_asset_name_": "PleIco_0240_GokuKidGT_240", "item_disable_flag_": 0, "release_flag_": 1}, {"item_id_": 241, "name_id_": 241, "detail_id_": 241, "num_limit_": 7000, "icon_asset_name_": "PleIco_0241_Super17_241", "item_disable_flag_": 0, "release_flag_": 1}, {"item_id_": 242, "name_id_": 242, "detail_id_": 242, "num_limit_": 7000, "icon_asset_name_": "PleIco_0242_Android13M_242", "item_disable_flag_": 0, "release_flag_": 1}, {"item_id_": 243, "name_id_": 243, "detail_id_": 243, "num_limit_": 7000, "icon_asset_name_": "PleIco_0243_Goku_243", "item_disable_flag_": 0, "release_flag_": 1}, {"item_id_": 248, "name_id_": 248, "detail_id_": 248, "num_limit_": 7000, "icon_asset_name_": "PleIco_0248_Krillin_248", "item_disable_flag_": 0, "release_flag_": 1}, {"item_id_": 251, "name_id_": 251, "detail_id_": 251, "num_limit_": 7000, "icon_asset_name_": "PleIco_0251_GokuSS3_251", "item_disable_flag_": 0, "release_flag_": 1}, {"item_id_": 253, "name_id_": 253, "detail_id_": 253, "num_limit_": 7000, "icon_asset_name_": "PleIco_0253_PiccoloA_253", "item_disable_flag_": 0, "release_flag_": 1}, {"item_id_": 258, "name_id_": 258, "detail_id_": 258, "num_limit_": 7000, "icon_asset_name_": "PleIco_0258_GohanFuture_258", "item_disable_flag_": 0, "release_flag_": 1}, {"item_id_": 264, "name_id_": 264, "detail_id_": 264, "num_limit_": 7000, "icon_asset_name_": "PleIco_0264_GokuBlackRose_264", "item_disable_flag_": 0, "release_flag_": 1}, {"item_id_": 265, "name_id_": 265, "detail_id_": 265, "num_limit_": 7000, "icon_asset_name_": "PleIco_0265_VegetaSSGSS_265", "item_disable_flag_": 0, "release_flag_": 1}, {"item_id_": 270, "name_id_": 270, "detail_id_": 270, "num_limit_": 7000, "icon_asset_name_": "PleIco_0270_GokuSS4_270", "item_disable_flag_": 0, "release_flag_": 1}, {"item_id_": 271, "name_id_": 271, "detail_id_": 271, "num_limit_": 7000, "icon_asset_name_": "PleIco_0271_VegetaSS4_271", "item_disable_flag_": 0, "release_flag_": 1}, {"item_id_": 277, "name_id_": 277, "detail_id_": 277, "num_limit_": 7000, "icon_asset_name_": "PleIco_0277_BrolyBN_277", "item_disable_flag_": 0, "release_flag_": 1}, {"item_id_": 278, "name_id_": 278, "detail_id_": 278, "num_limit_": 7000, "icon_asset_name_": "PleIco_0278_Kakarot_278", "item_disable_flag_": 0, "release_flag_": 1}, {"item_id_": 290, "name_id_": 290, "detail_id_": 290, "num_limit_": 7000, "icon_asset_name_": "PleIco_0290_SuperBaby2_290", "item_disable_flag_": 0, "release_flag_": 1}, {"item_id_": 293, "name_id_": 293, "detail_id_": 293, "num_limit_": 7000, "icon_asset_name_": "PleIco_0293_KeflaSS2_293", "item_disable_flag_": 0, "release_flag_": 1}, {"item_id_": 297, "name_id_": 297, "detail_id_": 297, "num_limit_": 7000, "icon_asset_name_": "PleIco_0297_Android21_297", "item_disable_flag_": 0, "release_flag_": 1}, {"item_id_": 298, "name_id_": 298, "detail_id_": 298, "num_limit_": 7000, "icon_asset_name_": "PleIco_0298_Android21_298", "item_disable_flag_": 0, "release_flag_": 1}, {"item_id_": 299, "name_id_": 299, "detail_id_": 299, "num_limit_": 7000, "icon_asset_name_": "PleIco_0299_Android21_299", "item_disable_flag_": 0, "release_flag_": 1}, {"item_id_": 300, "name_id_": 300, "detail_id_": 300, "num_limit_": 7000, "icon_asset_name_": "PleIco_0300_Android21_300", "item_disable_flag_": 0, "release_flag_": 1}, {"item_id_": 302, "name_id_": 302, "detail_id_": 302, "num_limit_": 7000, "icon_asset_name_": "PleIco_0302_Bergamo_302", "item_disable_flag_": 0, "release_flag_": 1}, {"item_id_": 304, "name_id_": 304, "detail_id_": 304, "num_limit_": 7000, "icon_asset_name_": "PleIco_0304_Frieza1st_304", "item_disable_flag_": 0, "release_flag_": 1}, {"item_id_": 318, "name_id_": 318, "detail_id_": 318, "num_limit_": 7000, "icon_asset_name_": "PleIco_0318_VegitoSSGSS_318", "item_disable_flag_": 0, "release_flag_": 1}, {"item_id_": 320, "name_id_": 320, "detail_id_": 320, "num_limit_": 7000, "icon_asset_name_": "PleIco_0320_ZamasM_320", "item_disable_flag_": 0, "release_flag_": 1}, {"item_id_": 322, "name_id_": 322, "detail_id_": 322, "num_limit_": 7000, "icon_asset_name_": "PleIco_0322_GokuSS4FP_322", "item_disable_flag_": 0, "release_flag_": 1}, {"item_id_": 327, "name_id_": 327, "detail_id_": 327, "num_limit_": 7000, "icon_asset_name_": "PleIco_0327_BuuGotenks_327", "item_disable_flag_": 0, "release_flag_": 1}, {"item_id_": 340, "name_id_": 340, "detail_id_": 340, "num_limit_": 7000, "icon_asset_name_": "PleIco_0340_Jiren_340", "item_disable_flag_": 0, "release_flag_": 1}, {"item_id_": 346, "name_id_": 346, "detail_id_": 346, "num_limit_": 7000, "icon_asset_name_": "PleIco_0346_Vegeta_346", "item_disable_flag_": 0, "release_flag_": 1}, {"item_id_": 349, "name_id_": 349, "detail_id_": 349, "num_limit_": 7000, "icon_asset_name_": "PleIco_0349_GreatSaiyaman1_349", "item_disable_flag_": 0, "release_flag_": 1}, {"item_id_": 366, "name_id_": 366, "detail_id_": 366, "num_limit_": 7000, "icon_asset_name_": "PleIco_0366_GokuUIS_366", "item_disable_flag_": 0, "release_flag_": 1}, {"item_id_": 383, "name_id_": 383, "detail_id_": 383, "num_limit_": 7000, "icon_asset_name_": "PleIco_0383_GokuBlackRose_383", "item_disable_flag_": 0, "release_flag_": 1}, {"item_id_": 384, "name_id_": 384, "detail_id_": 384, "num_limit_": 7000, "icon_asset_name_": "PleIco_0384_TrunksFuture_384", "item_disable_flag_": 0, "release_flag_": 1}, {"item_id_": 388, "name_id_": 388, "detail_id_": 388, "num_limit_": 7000, "icon_asset_name_": "PleIco_0388_GokuSS4_388", "item_disable_flag_": 0, "release_flag_": 1}, {"item_id_": 428, "name_id_": 428, "detail_id_": 428, "num_limit_": 7000, "icon_asset_name_": "PleIco_0428_VegetaSSGSSEvo_428", "item_disable_flag_": 0, "release_flag_": 1}, {"item_id_": 451, "name_id_": 451, "detail_id_": 451, "num_limit_": 7000, "icon_asset_name_": "PleIco_0451_TrunksFutureSS1_451", "item_disable_flag_": 0, "release_flag_": 1}]