[{"item_id_": 100000, "name_id_": 100000, "detail_id_": 100000, "num_limit_": 1, "power_count_": 100, "alive_time_count_": 10080, "need_star_count_": 0, "limit_star_count_": -1, "target_element_id_1_": -1, "target_element_id_2_": 7, "target_element_id_3_": -1, "target_element_id_4_": -1, "target_element_id_5_": -1, "icon_asset_name_": "mZIco_OT01", "show_flag_": 1, "item_disable_flag_": 0, "non_ignore_flag_": 0, "ultra_enable_flag_": 0, "event_enable_flag_": 0, "release_flag_": 1}, {"item_id_": 120000, "name_id_": 120000, "detail_id_": 120000, "num_limit_": 1, "power_count_": 500, "alive_time_count_": 10080, "need_star_count_": 0, "limit_star_count_": -1, "target_element_id_1_": -1, "target_element_id_2_": 7, "target_element_id_3_": -1, "target_element_id_4_": -1, "target_element_id_5_": -1, "icon_asset_name_": "mZIco_OT03", "show_flag_": 1, "item_disable_flag_": 0, "non_ignore_flag_": 0, "ultra_enable_flag_": 0, "event_enable_flag_": 0, "release_flag_": 1}, {"item_id_": 100110030, "name_id_": 100110030, "detail_id_": 100110030, "num_limit_": 3, "power_count_": 30, "alive_time_count_": 10080, "need_star_count_": 0, "limit_star_count_": -1, "target_element_id_1_": 8, "target_element_id_2_": 15000, "target_element_id_3_": -1, "target_element_id_4_": -1, "target_element_id_5_": -1, "icon_asset_name_": "mZIco_OT01", "show_flag_": 1, "item_disable_flag_": 0, "non_ignore_flag_": 0, "ultra_enable_flag_": 0, "event_enable_flag_": 0, "release_flag_": 1}, {"item_id_": 100120030, "name_id_": 100120030, "detail_id_": 100120030, "num_limit_": 3, "power_count_": 30, "alive_time_count_": 10080, "need_star_count_": 0, "limit_star_count_": -1, "target_element_id_1_": 8, "target_element_id_2_": 15001, "target_element_id_3_": -1, "target_element_id_4_": -1, "target_element_id_5_": -1, "icon_asset_name_": "mZIco_OT01", "show_flag_": 1, "item_disable_flag_": 0, "non_ignore_flag_": 0, "ultra_enable_flag_": 0, "event_enable_flag_": 0, "release_flag_": 1}, {"item_id_": 100130030, "name_id_": 100130030, "detail_id_": 100130030, "num_limit_": 3, "power_count_": 30, "alive_time_count_": 10080, "need_star_count_": 0, "limit_star_count_": -1, "target_element_id_1_": 8, "target_element_id_2_": 15002, "target_element_id_3_": -1, "target_element_id_4_": -1, "target_element_id_5_": -1, "icon_asset_name_": "mZIco_OT01", "show_flag_": 1, "item_disable_flag_": 0, "non_ignore_flag_": 0, "ultra_enable_flag_": 0, "event_enable_flag_": 0, "release_flag_": 1}, {"item_id_": 100140030, "name_id_": 100140030, "detail_id_": 100140030, "num_limit_": 3, "power_count_": 30, "alive_time_count_": 10080, "need_star_count_": 0, "limit_star_count_": -1, "target_element_id_1_": 8, "target_element_id_2_": 15003, "target_element_id_3_": -1, "target_element_id_4_": -1, "target_element_id_5_": -1, "icon_asset_name_": "mZIco_OT01", "show_flag_": 1, "item_disable_flag_": 0, "non_ignore_flag_": 0, "ultra_enable_flag_": 0, "event_enable_flag_": 0, "release_flag_": 1}, {"item_id_": 100150030, "name_id_": 100150030, "detail_id_": 100150030, "num_limit_": 3, "power_count_": 30, "alive_time_count_": 10080, "need_star_count_": 0, "limit_star_count_": -1, "target_element_id_1_": 8, "target_element_id_2_": 15004, "target_element_id_3_": -1, "target_element_id_4_": -1, "target_element_id_5_": -1, "icon_asset_name_": "mZIco_OT01", "show_flag_": 1, "item_disable_flag_": 0, "non_ignore_flag_": 0, "ultra_enable_flag_": 0, "event_enable_flag_": 0, "release_flag_": 1}, {"item_id_": 100210030, "name_id_": 100210030, "detail_id_": 100210030, "num_limit_": 3, "power_count_": 30, "alive_time_count_": 10080, "need_star_count_": 0, "limit_star_count_": -1, "target_element_id_1_": 26, "target_element_id_2_": 15000, "target_element_id_3_": -1, "target_element_id_4_": -1, "target_element_id_5_": -1, "icon_asset_name_": "mZIco_OT01", "show_flag_": 1, "item_disable_flag_": 0, "non_ignore_flag_": 0, "ultra_enable_flag_": 0, "event_enable_flag_": 0, "release_flag_": 1}, {"item_id_": 100220030, "name_id_": 100220030, "detail_id_": 100220030, "num_limit_": 3, "power_count_": 30, "alive_time_count_": 10080, "need_star_count_": 0, "limit_star_count_": -1, "target_element_id_1_": 26, "target_element_id_2_": 15001, "target_element_id_3_": -1, "target_element_id_4_": -1, "target_element_id_5_": -1, "icon_asset_name_": "mZIco_OT01", "show_flag_": 1, "item_disable_flag_": 0, "non_ignore_flag_": 0, "ultra_enable_flag_": 0, "event_enable_flag_": 0, "release_flag_": 1}, {"item_id_": 100230030, "name_id_": 100230030, "detail_id_": 100230030, "num_limit_": 3, "power_count_": 30, "alive_time_count_": 10080, "need_star_count_": 0, "limit_star_count_": -1, "target_element_id_1_": 26, "target_element_id_2_": 15002, "target_element_id_3_": -1, "target_element_id_4_": -1, "target_element_id_5_": -1, "icon_asset_name_": "mZIco_OT01", "show_flag_": 1, "item_disable_flag_": 0, "non_ignore_flag_": 0, "ultra_enable_flag_": 0, "event_enable_flag_": 0, "release_flag_": 1}, {"item_id_": 100240030, "name_id_": 100240030, "detail_id_": 100240030, "num_limit_": 3, "power_count_": 30, "alive_time_count_": 10080, "need_star_count_": 0, "limit_star_count_": -1, "target_element_id_1_": 26, "target_element_id_2_": 15003, "target_element_id_3_": -1, "target_element_id_4_": -1, "target_element_id_5_": -1, "icon_asset_name_": "mZIco_OT01", "show_flag_": 1, "item_disable_flag_": 0, "non_ignore_flag_": 0, "ultra_enable_flag_": 0, "event_enable_flag_": 0, "release_flag_": 1}, {"item_id_": 100250030, "name_id_": 100250030, "detail_id_": 100250030, "num_limit_": 3, "power_count_": 30, "alive_time_count_": 10080, "need_star_count_": 0, "limit_star_count_": -1, "target_element_id_1_": 26, "target_element_id_2_": 15004, "target_element_id_3_": -1, "target_element_id_4_": -1, "target_element_id_5_": -1, "icon_asset_name_": "mZIco_OT01", "show_flag_": 1, "item_disable_flag_": 0, "non_ignore_flag_": 0, "ultra_enable_flag_": 0, "event_enable_flag_": 0, "release_flag_": 1}, {"item_id_": 100300030, "name_id_": 100300030, "detail_id_": 100300030, "num_limit_": 3, "power_count_": 30, "alive_time_count_": 10080, "need_star_count_": 5, "limit_star_count_": -1, "target_element_id_1_": 7, "target_element_id_2_": -1, "target_element_id_3_": -1, "target_element_id_4_": -1, "target_element_id_5_": -1, "icon_asset_name_": "mZIco_OT01", "show_flag_": 1, "item_disable_flag_": 0, "non_ignore_flag_": 0, "ultra_enable_flag_": 0, "event_enable_flag_": 0, "release_flag_": 1}, {"item_id_": 100310030, "name_id_": 100310030, "detail_id_": 100310030, "num_limit_": 3, "power_count_": 30, "alive_time_count_": 10080, "need_star_count_": 0, "limit_star_count_": -1, "target_element_id_1_": 7, "target_element_id_2_": 15000, "target_element_id_3_": -1, "target_element_id_4_": -1, "target_element_id_5_": -1, "icon_asset_name_": "mZIco_OT01", "show_flag_": 1, "item_disable_flag_": 0, "non_ignore_flag_": 0, "ultra_enable_flag_": 0, "event_enable_flag_": 0, "release_flag_": 1}, {"item_id_": 100320030, "name_id_": 100320030, "detail_id_": 100320030, "num_limit_": 3, "power_count_": 30, "alive_time_count_": 10080, "need_star_count_": 0, "limit_star_count_": -1, "target_element_id_1_": 7, "target_element_id_2_": 15001, "target_element_id_3_": -1, "target_element_id_4_": -1, "target_element_id_5_": -1, "icon_asset_name_": "mZIco_OT01", "show_flag_": 1, "item_disable_flag_": 0, "non_ignore_flag_": 0, "ultra_enable_flag_": 0, "event_enable_flag_": 0, "release_flag_": 1}, {"item_id_": 100330030, "name_id_": 100330030, "detail_id_": 100330030, "num_limit_": 3, "power_count_": 30, "alive_time_count_": 10080, "need_star_count_": 0, "limit_star_count_": -1, "target_element_id_1_": 7, "target_element_id_2_": 15002, "target_element_id_3_": -1, "target_element_id_4_": -1, "target_element_id_5_": -1, "icon_asset_name_": "mZIco_OT01", "show_flag_": 1, "item_disable_flag_": 0, "non_ignore_flag_": 0, "ultra_enable_flag_": 0, "event_enable_flag_": 0, "release_flag_": 1}, {"item_id_": 100340030, "name_id_": 100340030, "detail_id_": 100340030, "num_limit_": 3, "power_count_": 30, "alive_time_count_": 10080, "need_star_count_": 0, "limit_star_count_": -1, "target_element_id_1_": 7, "target_element_id_2_": 15003, "target_element_id_3_": -1, "target_element_id_4_": -1, "target_element_id_5_": -1, "icon_asset_name_": "mZIco_OT01", "show_flag_": 1, "item_disable_flag_": 0, "non_ignore_flag_": 0, "ultra_enable_flag_": 0, "event_enable_flag_": 0, "release_flag_": 1}, {"item_id_": 100350030, "name_id_": 100350030, "detail_id_": 100350030, "num_limit_": 3, "power_count_": 30, "alive_time_count_": 10080, "need_star_count_": 0, "limit_star_count_": -1, "target_element_id_1_": 7, "target_element_id_2_": 15004, "target_element_id_3_": -1, "target_element_id_4_": -1, "target_element_id_5_": -1, "icon_asset_name_": "mZIco_OT01", "show_flag_": 1, "item_disable_flag_": 0, "non_ignore_flag_": 0, "ultra_enable_flag_": 0, "event_enable_flag_": 0, "release_flag_": 1}, {"item_id_": 100400030, "name_id_": 100400030, "detail_id_": 100400030, "num_limit_": 3, "power_count_": 30, "alive_time_count_": 10080, "need_star_count_": 5, "limit_star_count_": -1, "target_element_id_1_": 4, "target_element_id_2_": -1, "target_element_id_3_": -1, "target_element_id_4_": -1, "target_element_id_5_": -1, "icon_asset_name_": "mZIco_OT01", "show_flag_": 1, "item_disable_flag_": 0, "non_ignore_flag_": 0, "ultra_enable_flag_": 0, "event_enable_flag_": 0, "release_flag_": 1}, {"item_id_": 100500030, "name_id_": 100500030, "detail_id_": 100500030, "num_limit_": 3, "power_count_": 30, "alive_time_count_": 10080, "need_star_count_": 5, "limit_star_count_": -1, "target_element_id_1_": 31, "target_element_id_2_": -1, "target_element_id_3_": -1, "target_element_id_4_": -1, "target_element_id_5_": -1, "icon_asset_name_": "mZIco_OT01", "show_flag_": 1, "item_disable_flag_": 0, "non_ignore_flag_": 0, "ultra_enable_flag_": 0, "event_enable_flag_": 0, "release_flag_": 1}, {"item_id_": 102110030, "name_id_": 102110030, "detail_id_": 102110030, "num_limit_": 3, "power_count_": 30, "alive_time_count_": 10080, "need_star_count_": 0, "limit_star_count_": -1, "target_element_id_1_": 31, "target_element_id_2_": 15000, "target_element_id_3_": -1, "target_element_id_4_": -1, "target_element_id_5_": -1, "icon_asset_name_": "mZIco_OT01", "show_flag_": 1, "item_disable_flag_": 0, "non_ignore_flag_": 0, "ultra_enable_flag_": 0, "event_enable_flag_": 0, "release_flag_": 1}, {"item_id_": 102120030, "name_id_": 102120030, "detail_id_": 102120030, "num_limit_": 3, "power_count_": 30, "alive_time_count_": 10080, "need_star_count_": 0, "limit_star_count_": -1, "target_element_id_1_": 31, "target_element_id_2_": 15001, "target_element_id_3_": -1, "target_element_id_4_": -1, "target_element_id_5_": -1, "icon_asset_name_": "mZIco_OT01", "show_flag_": 1, "item_disable_flag_": 0, "non_ignore_flag_": 0, "ultra_enable_flag_": 0, "event_enable_flag_": 0, "release_flag_": 1}, {"item_id_": 102130030, "name_id_": 102130030, "detail_id_": 102130030, "num_limit_": 3, "power_count_": 30, "alive_time_count_": 10080, "need_star_count_": 0, "limit_star_count_": -1, "target_element_id_1_": 31, "target_element_id_2_": 15002, "target_element_id_3_": -1, "target_element_id_4_": -1, "target_element_id_5_": -1, "icon_asset_name_": "mZIco_OT01", "show_flag_": 1, "item_disable_flag_": 0, "non_ignore_flag_": 0, "ultra_enable_flag_": 0, "event_enable_flag_": 0, "release_flag_": 1}, {"item_id_": 102140030, "name_id_": 102140030, "detail_id_": 102140030, "num_limit_": 3, "power_count_": 30, "alive_time_count_": 10080, "need_star_count_": 0, "limit_star_count_": -1, "target_element_id_1_": 31, "target_element_id_2_": 15003, "target_element_id_3_": -1, "target_element_id_4_": -1, "target_element_id_5_": -1, "icon_asset_name_": "mZIco_OT01", "show_flag_": 1, "item_disable_flag_": 0, "non_ignore_flag_": 0, "ultra_enable_flag_": 0, "event_enable_flag_": 0, "release_flag_": 1}, {"item_id_": 102150030, "name_id_": 102150030, "detail_id_": 102150030, "num_limit_": 3, "power_count_": 30, "alive_time_count_": 10080, "need_star_count_": 0, "limit_star_count_": -1, "target_element_id_1_": 31, "target_element_id_2_": 15004, "target_element_id_3_": -1, "target_element_id_4_": -1, "target_element_id_5_": -1, "icon_asset_name_": "mZIco_OT01", "show_flag_": 1, "item_disable_flag_": 0, "non_ignore_flag_": 0, "ultra_enable_flag_": 0, "event_enable_flag_": 0, "release_flag_": 1}, {"item_id_": 100600030, "name_id_": 100600030, "detail_id_": 100600030, "num_limit_": 3, "power_count_": 30, "alive_time_count_": 10080, "need_star_count_": 5, "limit_star_count_": -1, "target_element_id_1_": 5, "target_element_id_2_": -1, "target_element_id_3_": -1, "target_element_id_4_": -1, "target_element_id_5_": -1, "icon_asset_name_": "mZIco_OT01", "show_flag_": 1, "item_disable_flag_": 0, "non_ignore_flag_": 0, "ultra_enable_flag_": 0, "event_enable_flag_": 0, "release_flag_": 1}, {"item_id_": 100700030, "name_id_": 100700030, "detail_id_": 100700030, "num_limit_": 3, "power_count_": 30, "alive_time_count_": 10080, "need_star_count_": 5, "limit_star_count_": -1, "target_element_id_1_": 40, "target_element_id_2_": -1, "target_element_id_3_": -1, "target_element_id_4_": -1, "target_element_id_5_": -1, "icon_asset_name_": "mZIco_OT01", "show_flag_": 1, "item_disable_flag_": 0, "non_ignore_flag_": 0, "ultra_enable_flag_": 0, "event_enable_flag_": 0, "release_flag_": 1}, {"item_id_": 100800030, "name_id_": 100800030, "detail_id_": 100800030, "num_limit_": 3, "power_count_": 30, "alive_time_count_": 10080, "need_star_count_": 5, "limit_star_count_": -1, "target_element_id_1_": 25, "target_element_id_2_": -1, "target_element_id_3_": -1, "target_element_id_4_": -1, "target_element_id_5_": -1, "icon_asset_name_": "mZIco_OT01", "show_flag_": 1, "item_disable_flag_": 0, "non_ignore_flag_": 0, "ultra_enable_flag_": 0, "event_enable_flag_": 0, "release_flag_": 1}, {"item_id_": 102210030, "name_id_": 102210030, "detail_id_": 102210030, "num_limit_": 3, "power_count_": 30, "alive_time_count_": 10080, "need_star_count_": 0, "limit_star_count_": -1, "target_element_id_1_": 25, "target_element_id_2_": 15000, "target_element_id_3_": -1, "target_element_id_4_": -1, "target_element_id_5_": -1, "icon_asset_name_": "mZIco_OT01", "show_flag_": 1, "item_disable_flag_": 0, "non_ignore_flag_": 0, "ultra_enable_flag_": 0, "event_enable_flag_": 0, "release_flag_": 1}, {"item_id_": 102220030, "name_id_": 102220030, "detail_id_": 102220030, "num_limit_": 3, "power_count_": 30, "alive_time_count_": 10080, "need_star_count_": 0, "limit_star_count_": -1, "target_element_id_1_": 25, "target_element_id_2_": 15001, "target_element_id_3_": -1, "target_element_id_4_": -1, "target_element_id_5_": -1, "icon_asset_name_": "mZIco_OT01", "show_flag_": 1, "item_disable_flag_": 0, "non_ignore_flag_": 0, "ultra_enable_flag_": 0, "event_enable_flag_": 0, "release_flag_": 1}, {"item_id_": 102230030, "name_id_": 102230030, "detail_id_": 102230030, "num_limit_": 3, "power_count_": 30, "alive_time_count_": 10080, "need_star_count_": 0, "limit_star_count_": -1, "target_element_id_1_": 25, "target_element_id_2_": 15002, "target_element_id_3_": -1, "target_element_id_4_": -1, "target_element_id_5_": -1, "icon_asset_name_": "mZIco_OT01", "show_flag_": 1, "item_disable_flag_": 0, "non_ignore_flag_": 0, "ultra_enable_flag_": 0, "event_enable_flag_": 0, "release_flag_": 1}, {"item_id_": 102240030, "name_id_": 102240030, "detail_id_": 102240030, "num_limit_": 3, "power_count_": 30, "alive_time_count_": 10080, "need_star_count_": 0, "limit_star_count_": -1, "target_element_id_1_": 25, "target_element_id_2_": 15003, "target_element_id_3_": -1, "target_element_id_4_": -1, "target_element_id_5_": -1, "icon_asset_name_": "mZIco_OT01", "show_flag_": 1, "item_disable_flag_": 0, "non_ignore_flag_": 0, "ultra_enable_flag_": 0, "event_enable_flag_": 0, "release_flag_": 1}, {"item_id_": 102250030, "name_id_": 102250030, "detail_id_": 102250030, "num_limit_": 3, "power_count_": 30, "alive_time_count_": 10080, "need_star_count_": 0, "limit_star_count_": -1, "target_element_id_1_": 25, "target_element_id_2_": 15004, "target_element_id_3_": -1, "target_element_id_4_": -1, "target_element_id_5_": -1, "icon_asset_name_": "mZIco_OT01", "show_flag_": 1, "item_disable_flag_": 0, "non_ignore_flag_": 0, "ultra_enable_flag_": 0, "event_enable_flag_": 0, "release_flag_": 1}, {"item_id_": 100900030, "name_id_": 100900030, "detail_id_": 100900030, "num_limit_": 3, "power_count_": 30, "alive_time_count_": 10080, "need_star_count_": 5, "limit_star_count_": -1, "target_element_id_1_": 23, "target_element_id_2_": -1, "target_element_id_3_": -1, "target_element_id_4_": -1, "target_element_id_5_": -1, "icon_asset_name_": "mZIco_OT01", "show_flag_": 1, "item_disable_flag_": 0, "non_ignore_flag_": 0, "ultra_enable_flag_": 0, "event_enable_flag_": 0, "release_flag_": 1}, {"item_id_": 101000030, "name_id_": 101000030, "detail_id_": 101000030, "num_limit_": 3, "power_count_": 30, "alive_time_count_": 10080, "need_star_count_": 5, "limit_star_count_": -1, "target_element_id_1_": 9, "target_element_id_2_": -1, "target_element_id_3_": -1, "target_element_id_4_": -1, "target_element_id_5_": -1, "icon_asset_name_": "mZIco_OT01", "show_flag_": 1, "item_disable_flag_": 0, "non_ignore_flag_": 0, "ultra_enable_flag_": 0, "event_enable_flag_": 0, "release_flag_": 1}, {"item_id_": 101010030, "name_id_": 101010030, "detail_id_": 101010030, "num_limit_": 3, "power_count_": 30, "alive_time_count_": 10080, "need_star_count_": 0, "limit_star_count_": -1, "target_element_id_1_": 9, "target_element_id_2_": 15000, "target_element_id_3_": -1, "target_element_id_4_": -1, "target_element_id_5_": -1, "icon_asset_name_": "mZIco_OT01", "show_flag_": 1, "item_disable_flag_": 0, "non_ignore_flag_": 0, "ultra_enable_flag_": 0, "event_enable_flag_": 0, "release_flag_": 1}, {"item_id_": 101020030, "name_id_": 101020030, "detail_id_": 101020030, "num_limit_": 3, "power_count_": 30, "alive_time_count_": 10080, "need_star_count_": 0, "limit_star_count_": -1, "target_element_id_1_": 9, "target_element_id_2_": 15001, "target_element_id_3_": -1, "target_element_id_4_": -1, "target_element_id_5_": -1, "icon_asset_name_": "mZIco_OT01", "show_flag_": 1, "item_disable_flag_": 0, "non_ignore_flag_": 0, "ultra_enable_flag_": 0, "event_enable_flag_": 0, "release_flag_": 1}, {"item_id_": 101030030, "name_id_": 101030030, "detail_id_": 101030030, "num_limit_": 3, "power_count_": 30, "alive_time_count_": 10080, "need_star_count_": 0, "limit_star_count_": -1, "target_element_id_1_": 9, "target_element_id_2_": 15002, "target_element_id_3_": -1, "target_element_id_4_": -1, "target_element_id_5_": -1, "icon_asset_name_": "mZIco_OT01", "show_flag_": 1, "item_disable_flag_": 0, "non_ignore_flag_": 0, "ultra_enable_flag_": 0, "event_enable_flag_": 0, "release_flag_": 1}, {"item_id_": 101040030, "name_id_": 101040030, "detail_id_": 101040030, "num_limit_": 3, "power_count_": 30, "alive_time_count_": 10080, "need_star_count_": 0, "limit_star_count_": -1, "target_element_id_1_": 9, "target_element_id_2_": 15003, "target_element_id_3_": -1, "target_element_id_4_": -1, "target_element_id_5_": -1, "icon_asset_name_": "mZIco_OT01", "show_flag_": 1, "item_disable_flag_": 0, "non_ignore_flag_": 0, "ultra_enable_flag_": 0, "event_enable_flag_": 0, "release_flag_": 1}, {"item_id_": 101050030, "name_id_": 101050030, "detail_id_": 101050030, "num_limit_": 3, "power_count_": 30, "alive_time_count_": 10080, "need_star_count_": 0, "limit_star_count_": -1, "target_element_id_1_": 9, "target_element_id_2_": 15004, "target_element_id_3_": -1, "target_element_id_4_": -1, "target_element_id_5_": -1, "icon_asset_name_": "mZIco_OT01", "show_flag_": 1, "item_disable_flag_": 0, "non_ignore_flag_": 0, "ultra_enable_flag_": 0, "event_enable_flag_": 0, "release_flag_": 1}, {"item_id_": 101100030, "name_id_": 101100030, "detail_id_": 101100030, "num_limit_": 3, "power_count_": 30, "alive_time_count_": 10080, "need_star_count_": 5, "limit_star_count_": -1, "target_element_id_1_": 8, "target_element_id_2_": -1, "target_element_id_3_": -1, "target_element_id_4_": -1, "target_element_id_5_": -1, "icon_asset_name_": "mZIco_OT01", "show_flag_": 1, "item_disable_flag_": 0, "non_ignore_flag_": 0, "ultra_enable_flag_": 0, "event_enable_flag_": 0, "release_flag_": 1}, {"item_id_": 101200030, "name_id_": 101200030, "detail_id_": 101200030, "num_limit_": 3, "power_count_": 30, "alive_time_count_": 10080, "need_star_count_": 5, "limit_star_count_": -1, "target_element_id_1_": 42, "target_element_id_2_": -1, "target_element_id_3_": -1, "target_element_id_4_": -1, "target_element_id_5_": -1, "icon_asset_name_": "mZIco_OT01", "show_flag_": 1, "item_disable_flag_": 0, "non_ignore_flag_": 0, "ultra_enable_flag_": 0, "event_enable_flag_": 0, "release_flag_": 1}, {"item_id_": 102810030, "name_id_": 102810030, "detail_id_": 102810030, "num_limit_": 3, "power_count_": 30, "alive_time_count_": 10080, "need_star_count_": 0, "limit_star_count_": -1, "target_element_id_1_": 42, "target_element_id_2_": 15000, "target_element_id_3_": -1, "target_element_id_4_": -1, "target_element_id_5_": -1, "icon_asset_name_": "mZIco_OT01", "show_flag_": 1, "item_disable_flag_": 0, "non_ignore_flag_": 0, "ultra_enable_flag_": 0, "event_enable_flag_": 0, "release_flag_": 1}, {"item_id_": 102820030, "name_id_": 102820030, "detail_id_": 102820030, "num_limit_": 3, "power_count_": 30, "alive_time_count_": 10080, "need_star_count_": 0, "limit_star_count_": -1, "target_element_id_1_": 42, "target_element_id_2_": 15001, "target_element_id_3_": -1, "target_element_id_4_": -1, "target_element_id_5_": -1, "icon_asset_name_": "mZIco_OT01", "show_flag_": 1, "item_disable_flag_": 0, "non_ignore_flag_": 0, "ultra_enable_flag_": 0, "event_enable_flag_": 0, "release_flag_": 1}, {"item_id_": 102830030, "name_id_": 102830030, "detail_id_": 102830030, "num_limit_": 3, "power_count_": 30, "alive_time_count_": 10080, "need_star_count_": 0, "limit_star_count_": -1, "target_element_id_1_": 42, "target_element_id_2_": 15002, "target_element_id_3_": -1, "target_element_id_4_": -1, "target_element_id_5_": -1, "icon_asset_name_": "mZIco_OT01", "show_flag_": 1, "item_disable_flag_": 0, "non_ignore_flag_": 0, "ultra_enable_flag_": 0, "event_enable_flag_": 0, "release_flag_": 1}, {"item_id_": 102840030, "name_id_": 102840030, "detail_id_": 102840030, "num_limit_": 3, "power_count_": 30, "alive_time_count_": 10080, "need_star_count_": 0, "limit_star_count_": -1, "target_element_id_1_": 42, "target_element_id_2_": 15003, "target_element_id_3_": -1, "target_element_id_4_": -1, "target_element_id_5_": -1, "icon_asset_name_": "mZIco_OT01", "show_flag_": 1, "item_disable_flag_": 0, "non_ignore_flag_": 0, "ultra_enable_flag_": 0, "event_enable_flag_": 0, "release_flag_": 1}, {"item_id_": 102850030, "name_id_": 102850030, "detail_id_": 102850030, "num_limit_": 3, "power_count_": 30, "alive_time_count_": 10080, "need_star_count_": 0, "limit_star_count_": -1, "target_element_id_1_": 42, "target_element_id_2_": 15004, "target_element_id_3_": -1, "target_element_id_4_": -1, "target_element_id_5_": -1, "icon_asset_name_": "mZIco_OT01", "show_flag_": 1, "item_disable_flag_": 0, "non_ignore_flag_": 0, "ultra_enable_flag_": 0, "event_enable_flag_": 0, "release_flag_": 1}, {"item_id_": 101300030, "name_id_": 101300030, "detail_id_": 101300030, "num_limit_": 3, "power_count_": 30, "alive_time_count_": 10080, "need_star_count_": 5, "limit_star_count_": -1, "target_element_id_1_": 26, "target_element_id_2_": -1, "target_element_id_3_": -1, "target_element_id_4_": -1, "target_element_id_5_": -1, "icon_asset_name_": "mZIco_OT01", "show_flag_": 1, "item_disable_flag_": 0, "non_ignore_flag_": 0, "ultra_enable_flag_": 0, "event_enable_flag_": 0, "release_flag_": 1}, {"item_id_": 101400030, "name_id_": 101400030, "detail_id_": 101400030, "num_limit_": 3, "power_count_": 30, "alive_time_count_": 10080, "need_star_count_": 5, "limit_star_count_": -1, "target_element_id_1_": 22, "target_element_id_2_": -1, "target_element_id_3_": -1, "target_element_id_4_": -1, "target_element_id_5_": -1, "icon_asset_name_": "mZIco_OT01", "show_flag_": 1, "item_disable_flag_": 0, "non_ignore_flag_": 0, "ultra_enable_flag_": 0, "event_enable_flag_": 0, "release_flag_": 1}, {"item_id_": 101500030, "name_id_": 101500030, "detail_id_": 101500030, "num_limit_": 3, "power_count_": 30, "alive_time_count_": 10080, "need_star_count_": 5, "limit_star_count_": -1, "target_element_id_1_": 39, "target_element_id_2_": -1, "target_element_id_3_": -1, "target_element_id_4_": -1, "target_element_id_5_": -1, "icon_asset_name_": "mZIco_OT01", "show_flag_": 1, "item_disable_flag_": 0, "non_ignore_flag_": 0, "ultra_enable_flag_": 0, "event_enable_flag_": 0, "release_flag_": 1}, {"item_id_": 102510030, "name_id_": 102510030, "detail_id_": 102510030, "num_limit_": 3, "power_count_": 30, "alive_time_count_": 10080, "need_star_count_": 0, "limit_star_count_": -1, "target_element_id_1_": 39, "target_element_id_2_": 15000, "target_element_id_3_": -1, "target_element_id_4_": -1, "target_element_id_5_": -1, "icon_asset_name_": "mZIco_OT01", "show_flag_": 1, "item_disable_flag_": 0, "non_ignore_flag_": 0, "ultra_enable_flag_": 0, "event_enable_flag_": 0, "release_flag_": 1}, {"item_id_": 102520030, "name_id_": 102520030, "detail_id_": 102520030, "num_limit_": 3, "power_count_": 30, "alive_time_count_": 10080, "need_star_count_": 0, "limit_star_count_": -1, "target_element_id_1_": 39, "target_element_id_2_": 15001, "target_element_id_3_": -1, "target_element_id_4_": -1, "target_element_id_5_": -1, "icon_asset_name_": "mZIco_OT01", "show_flag_": 1, "item_disable_flag_": 0, "non_ignore_flag_": 0, "ultra_enable_flag_": 0, "event_enable_flag_": 0, "release_flag_": 1}, {"item_id_": 102530030, "name_id_": 102530030, "detail_id_": 102530030, "num_limit_": 3, "power_count_": 30, "alive_time_count_": 10080, "need_star_count_": 0, "limit_star_count_": -1, "target_element_id_1_": 39, "target_element_id_2_": 15002, "target_element_id_3_": -1, "target_element_id_4_": -1, "target_element_id_5_": -1, "icon_asset_name_": "mZIco_OT01", "show_flag_": 1, "item_disable_flag_": 0, "non_ignore_flag_": 0, "ultra_enable_flag_": 0, "event_enable_flag_": 0, "release_flag_": 1}, {"item_id_": 102540030, "name_id_": 102540030, "detail_id_": 102540030, "num_limit_": 3, "power_count_": 30, "alive_time_count_": 10080, "need_star_count_": 0, "limit_star_count_": -1, "target_element_id_1_": 39, "target_element_id_2_": 15003, "target_element_id_3_": -1, "target_element_id_4_": -1, "target_element_id_5_": -1, "icon_asset_name_": "mZIco_OT01", "show_flag_": 1, "item_disable_flag_": 0, "non_ignore_flag_": 0, "ultra_enable_flag_": 0, "event_enable_flag_": 0, "release_flag_": 1}, {"item_id_": 102550030, "name_id_": 102550030, "detail_id_": 102550030, "num_limit_": 3, "power_count_": 30, "alive_time_count_": 10080, "need_star_count_": 0, "limit_star_count_": -1, "target_element_id_1_": 39, "target_element_id_2_": 15004, "target_element_id_3_": -1, "target_element_id_4_": -1, "target_element_id_5_": -1, "icon_asset_name_": "mZIco_OT01", "show_flag_": 1, "item_disable_flag_": 0, "non_ignore_flag_": 0, "ultra_enable_flag_": 0, "event_enable_flag_": 0, "release_flag_": 1}, {"item_id_": 101600030, "name_id_": 101600030, "detail_id_": 101600030, "num_limit_": 3, "power_count_": 30, "alive_time_count_": 10080, "need_star_count_": 5, "limit_star_count_": -1, "target_element_id_1_": 47, "target_element_id_2_": -1, "target_element_id_3_": -1, "target_element_id_4_": -1, "target_element_id_5_": -1, "icon_asset_name_": "mZIco_OT01", "show_flag_": 1, "item_disable_flag_": 0, "non_ignore_flag_": 0, "ultra_enable_flag_": 0, "event_enable_flag_": 0, "release_flag_": 1}, {"item_id_": 101700030, "name_id_": 101700030, "detail_id_": 101700030, "num_limit_": 3, "power_count_": 30, "alive_time_count_": 10080, "need_star_count_": 5, "limit_star_count_": -1, "target_element_id_1_": 20015, "target_element_id_2_": -1, "target_element_id_3_": -1, "target_element_id_4_": -1, "target_element_id_5_": -1, "icon_asset_name_": "mZIco_OT01", "show_flag_": 1, "item_disable_flag_": 0, "non_ignore_flag_": 0, "ultra_enable_flag_": 0, "event_enable_flag_": 0, "release_flag_": 1}, {"item_id_": 102410030, "name_id_": 102410030, "detail_id_": 102410030, "num_limit_": 3, "power_count_": 30, "alive_time_count_": 10080, "need_star_count_": 0, "limit_star_count_": -1, "target_element_id_1_": 20015, "target_element_id_2_": 15000, "target_element_id_3_": -1, "target_element_id_4_": -1, "target_element_id_5_": -1, "icon_asset_name_": "mZIco_OT01", "show_flag_": 1, "item_disable_flag_": 0, "non_ignore_flag_": 0, "ultra_enable_flag_": 0, "event_enable_flag_": 0, "release_flag_": 1}, {"item_id_": 102420030, "name_id_": 102420030, "detail_id_": 102420030, "num_limit_": 3, "power_count_": 30, "alive_time_count_": 10080, "need_star_count_": 0, "limit_star_count_": -1, "target_element_id_1_": 20015, "target_element_id_2_": 15001, "target_element_id_3_": -1, "target_element_id_4_": -1, "target_element_id_5_": -1, "icon_asset_name_": "mZIco_OT01", "show_flag_": 1, "item_disable_flag_": 0, "non_ignore_flag_": 0, "ultra_enable_flag_": 0, "event_enable_flag_": 0, "release_flag_": 1}, {"item_id_": 102430030, "name_id_": 102430030, "detail_id_": 102430030, "num_limit_": 3, "power_count_": 30, "alive_time_count_": 10080, "need_star_count_": 0, "limit_star_count_": -1, "target_element_id_1_": 20015, "target_element_id_2_": 15002, "target_element_id_3_": -1, "target_element_id_4_": -1, "target_element_id_5_": -1, "icon_asset_name_": "mZIco_OT01", "show_flag_": 1, "item_disable_flag_": 0, "non_ignore_flag_": 0, "ultra_enable_flag_": 0, "event_enable_flag_": 0, "release_flag_": 1}, {"item_id_": 102440030, "name_id_": 102440030, "detail_id_": 102440030, "num_limit_": 3, "power_count_": 30, "alive_time_count_": 10080, "need_star_count_": 0, "limit_star_count_": -1, "target_element_id_1_": 20015, "target_element_id_2_": 15003, "target_element_id_3_": -1, "target_element_id_4_": -1, "target_element_id_5_": -1, "icon_asset_name_": "mZIco_OT01", "show_flag_": 1, "item_disable_flag_": 0, "non_ignore_flag_": 0, "ultra_enable_flag_": 0, "event_enable_flag_": 0, "release_flag_": 1}, {"item_id_": 102450030, "name_id_": 102450030, "detail_id_": 102450030, "num_limit_": 3, "power_count_": 30, "alive_time_count_": 10080, "need_star_count_": 0, "limit_star_count_": -1, "target_element_id_1_": 20015, "target_element_id_2_": 15004, "target_element_id_3_": -1, "target_element_id_4_": -1, "target_element_id_5_": -1, "icon_asset_name_": "mZIco_OT01", "show_flag_": 1, "item_disable_flag_": 0, "non_ignore_flag_": 0, "ultra_enable_flag_": 0, "event_enable_flag_": 0, "release_flag_": 1}, {"item_id_": 101800030, "name_id_": 101800030, "detail_id_": 101800030, "num_limit_": 3, "power_count_": 30, "alive_time_count_": 10080, "need_star_count_": 5, "limit_star_count_": -1, "target_element_id_1_": 6, "target_element_id_2_": -1, "target_element_id_3_": -1, "target_element_id_4_": -1, "target_element_id_5_": -1, "icon_asset_name_": "mZIco_OT01", "show_flag_": 1, "item_disable_flag_": 0, "non_ignore_flag_": 0, "ultra_enable_flag_": 0, "event_enable_flag_": 0, "release_flag_": 1}, {"item_id_": 103000030, "name_id_": 103000030, "detail_id_": 103000030, "num_limit_": 3, "power_count_": 30, "alive_time_count_": 10080, "need_star_count_": 5, "limit_star_count_": -1, "target_element_id_1_": 1, "target_element_id_2_": -1, "target_element_id_3_": -1, "target_element_id_4_": -1, "target_element_id_5_": -1, "icon_asset_name_": "mZIco_OT01", "show_flag_": 1, "item_disable_flag_": 0, "non_ignore_flag_": 0, "ultra_enable_flag_": 0, "event_enable_flag_": 0, "release_flag_": 1}, {"item_id_": 103100030, "name_id_": 103100030, "detail_id_": 103100030, "num_limit_": 3, "power_count_": 30, "alive_time_count_": 10080, "need_star_count_": 5, "limit_star_count_": -1, "target_element_id_1_": 2, "target_element_id_2_": -1, "target_element_id_3_": -1, "target_element_id_4_": -1, "target_element_id_5_": -1, "icon_asset_name_": "mZIco_OT01", "show_flag_": 1, "item_disable_flag_": 0, "non_ignore_flag_": 0, "ultra_enable_flag_": 0, "event_enable_flag_": 0, "release_flag_": 1}, {"item_id_": 103200030, "name_id_": 103200030, "detail_id_": 103200030, "num_limit_": 3, "power_count_": 30, "alive_time_count_": 10080, "need_star_count_": 5, "limit_star_count_": -1, "target_element_id_1_": 32, "target_element_id_2_": -1, "target_element_id_3_": -1, "target_element_id_4_": -1, "target_element_id_5_": -1, "icon_asset_name_": "mZIco_OT01", "show_flag_": 1, "item_disable_flag_": 0, "non_ignore_flag_": 0, "ultra_enable_flag_": 0, "event_enable_flag_": 0, "release_flag_": 1}, {"item_id_": 104300030, "name_id_": 104300030, "detail_id_": 104300030, "num_limit_": 3, "power_count_": 30, "alive_time_count_": 10080, "need_star_count_": 5, "limit_star_count_": -1, "target_element_id_1_": 53, "target_element_id_2_": -1, "target_element_id_3_": -1, "target_element_id_4_": -1, "target_element_id_5_": -1, "icon_asset_name_": "mZIco_OT01", "show_flag_": 1, "item_disable_flag_": 0, "non_ignore_flag_": 0, "ultra_enable_flag_": 0, "event_enable_flag_": 0, "release_flag_": 1}, {"item_id_": 102000010, "name_id_": 102000010, "detail_id_": 102000010, "num_limit_": 10, "power_count_": 10, "alive_time_count_": 10080, "need_star_count_": 0, "limit_star_count_": -1, "target_element_id_1_": -1, "target_element_id_2_": -1, "target_element_id_3_": -1, "target_element_id_4_": -1, "target_element_id_5_": -1, "icon_asset_name_": "mZIco_OT01", "show_flag_": 1, "item_disable_flag_": 0, "non_ignore_flag_": 0, "ultra_enable_flag_": 0, "event_enable_flag_": 0, "release_flag_": 1}, {"item_id_": 102300030, "name_id_": 102300030, "detail_id_": 102300030, "num_limit_": 10, "power_count_": 30, "alive_time_count_": 10080, "need_star_count_": 0, "limit_star_count_": -1, "target_element_id_1_": -1, "target_element_id_2_": -1, "target_element_id_3_": -1, "target_element_id_4_": -1, "target_element_id_5_": -1, "icon_asset_name_": "mZIco_OT01", "show_flag_": 1, "item_disable_flag_": 0, "non_ignore_flag_": 0, "ultra_enable_flag_": 0, "event_enable_flag_": 0, "release_flag_": 1}, {"item_id_": 102000050, "name_id_": 102000050, "detail_id_": 102000050, "num_limit_": 1, "power_count_": 50, "alive_time_count_": 10080, "need_star_count_": 0, "limit_star_count_": -1, "target_element_id_1_": -1, "target_element_id_2_": -1, "target_element_id_3_": -1, "target_element_id_4_": -1, "target_element_id_5_": -1, "icon_asset_name_": "mZIco_OT01", "show_flag_": 0, "item_disable_flag_": 0, "non_ignore_flag_": 0, "ultra_enable_flag_": 0, "event_enable_flag_": 0, "release_flag_": 1}, {"item_id_": 102000100, "name_id_": 102000100, "detail_id_": 102000100, "num_limit_": 1, "power_count_": 100, "alive_time_count_": 10080, "need_star_count_": 4, "limit_star_count_": -1, "target_element_id_1_": -1, "target_element_id_2_": -1, "target_element_id_3_": -1, "target_element_id_4_": -1, "target_element_id_5_": -1, "icon_asset_name_": "mZIco_OT01", "show_flag_": 0, "item_disable_flag_": 0, "non_ignore_flag_": 0, "ultra_enable_flag_": 0, "event_enable_flag_": 0, "release_flag_": 1}, {"item_id_": 102600100, "name_id_": 102600100, "detail_id_": 102600100, "num_limit_": 1, "power_count_": 100, "alive_time_count_": 10080, "need_star_count_": 5, "limit_star_count_": -1, "target_element_id_1_": -1, "target_element_id_2_": -1, "target_element_id_3_": -1, "target_element_id_4_": -1, "target_element_id_5_": -1, "icon_asset_name_": "mZIco_OT01", "show_flag_": 1, "item_disable_flag_": 0, "non_ignore_flag_": 0, "ultra_enable_flag_": 0, "event_enable_flag_": 0, "release_flag_": 1}, {"item_id_": 102600200, "name_id_": 102600200, "detail_id_": 102600200, "num_limit_": 1, "power_count_": 200, "alive_time_count_": 10080, "need_star_count_": 5, "limit_star_count_": -1, "target_element_id_1_": -1, "target_element_id_2_": -1, "target_element_id_3_": -1, "target_element_id_4_": -1, "target_element_id_5_": -1, "icon_asset_name_": "mZIco_OT02", "show_flag_": 1, "item_disable_flag_": 0, "non_ignore_flag_": 0, "ultra_enable_flag_": 0, "event_enable_flag_": 0, "release_flag_": 1}, {"item_id_": 102600300, "name_id_": 102600300, "detail_id_": 102600300, "num_limit_": 1, "power_count_": 300, "alive_time_count_": 10080, "need_star_count_": 5, "limit_star_count_": -1, "target_element_id_1_": -1, "target_element_id_2_": -1, "target_element_id_3_": -1, "target_element_id_4_": -1, "target_element_id_5_": -1, "icon_asset_name_": "mZIco_OT02", "show_flag_": 1, "item_disable_flag_": 0, "non_ignore_flag_": 0, "ultra_enable_flag_": 0, "event_enable_flag_": 0, "release_flag_": 1}, {"item_id_": 104600500, "name_id_": 104600500, "detail_id_": 104600500, "num_limit_": 1, "power_count_": 500, "alive_time_count_": 10080, "need_star_count_": 5, "limit_star_count_": -1, "target_element_id_1_": -1, "target_element_id_2_": -1, "target_element_id_3_": -1, "target_element_id_4_": -1, "target_element_id_5_": -1, "icon_asset_name_": "mZIco_OT03", "show_flag_": 1, "item_disable_flag_": 0, "non_ignore_flag_": 0, "ultra_enable_flag_": 0, "event_enable_flag_": 0, "release_flag_": 1}, {"item_id_": 102700100, "name_id_": 102700100, "detail_id_": 102700100, "num_limit_": 1, "power_count_": 100, "alive_time_count_": 10080, "need_star_count_": 0, "limit_star_count_": -1, "target_element_id_1_": -1, "target_element_id_2_": -1, "target_element_id_3_": -1, "target_element_id_4_": -1, "target_element_id_5_": -1, "icon_asset_name_": "mZIco_OT01", "show_flag_": 1, "item_disable_flag_": 0, "non_ignore_flag_": 0, "ultra_enable_flag_": 0, "event_enable_flag_": 0, "release_flag_": 1}, {"item_id_": 102701000, "name_id_": 102701000, "detail_id_": 102701000, "num_limit_": 1, "power_count_": 1000, "alive_time_count_": 10080, "need_star_count_": 0, "limit_star_count_": -1, "target_element_id_1_": -1, "target_element_id_2_": -1, "target_element_id_3_": -1, "target_element_id_4_": -1, "target_element_id_5_": -1, "icon_asset_name_": "mZIco_OT04", "show_flag_": 1, "item_disable_flag_": 0, "non_ignore_flag_": 0, "ultra_enable_flag_": 0, "event_enable_flag_": 0, "release_flag_": 1}, {"item_id_": 103300200, "name_id_": 103300200, "detail_id_": 103300200, "num_limit_": 1, "power_count_": 200, "alive_time_count_": 10080, "need_star_count_": 0, "limit_star_count_": 4, "target_element_id_1_": -1, "target_element_id_2_": -1, "target_element_id_3_": -1, "target_element_id_4_": -1, "target_element_id_5_": -1, "icon_asset_name_": "mZIco_OT02", "show_flag_": 1, "item_disable_flag_": 0, "non_ignore_flag_": 0, "ultra_enable_flag_": 0, "event_enable_flag_": 0, "release_flag_": 1}, {"item_id_": 103410100, "name_id_": 103410100, "detail_id_": 103410100, "num_limit_": 1, "power_count_": 100, "alive_time_count_": 10080, "need_star_count_": 0, "limit_star_count_": -1, "target_element_id_1_": 15000, "target_element_id_2_": -1, "target_element_id_3_": -1, "target_element_id_4_": -1, "target_element_id_5_": -1, "icon_asset_name_": "mZIco_OT01", "show_flag_": 1, "item_disable_flag_": 0, "non_ignore_flag_": 0, "ultra_enable_flag_": 0, "event_enable_flag_": 0, "release_flag_": 1}, {"item_id_": 103510100, "name_id_": 103510100, "detail_id_": 103510100, "num_limit_": 1, "power_count_": 100, "alive_time_count_": 10080, "need_star_count_": 0, "limit_star_count_": 3, "target_element_id_1_": 15000, "target_element_id_2_": -1, "target_element_id_3_": -1, "target_element_id_4_": -1, "target_element_id_5_": -1, "icon_asset_name_": "mZIco_OT01", "show_flag_": 1, "item_disable_flag_": 0, "non_ignore_flag_": 0, "ultra_enable_flag_": 0, "event_enable_flag_": 0, "release_flag_": 1}, {"item_id_": 103610100, "name_id_": 103610100, "detail_id_": 103610100, "num_limit_": 1, "power_count_": 100, "alive_time_count_": 10080, "need_star_count_": 0, "limit_star_count_": 5, "target_element_id_1_": 15000, "target_element_id_2_": -1, "target_element_id_3_": -1, "target_element_id_4_": -1, "target_element_id_5_": -1, "icon_asset_name_": "mZIco_OT01", "show_flag_": 1, "item_disable_flag_": 0, "non_ignore_flag_": 0, "ultra_enable_flag_": 0, "event_enable_flag_": 0, "release_flag_": 1}, {"item_id_": 103710100, "name_id_": 103710100, "detail_id_": 103710100, "num_limit_": 1, "power_count_": 100, "alive_time_count_": 10080, "need_star_count_": 0, "limit_star_count_": 7, "target_element_id_1_": 15000, "target_element_id_2_": -1, "target_element_id_3_": -1, "target_element_id_4_": -1, "target_element_id_5_": -1, "icon_asset_name_": "mZIco_OT01", "show_flag_": 1, "item_disable_flag_": 0, "non_ignore_flag_": 0, "ultra_enable_flag_": 0, "event_enable_flag_": 0, "release_flag_": 1}, {"item_id_": 103420100, "name_id_": 103420100, "detail_id_": 103420100, "num_limit_": 1, "power_count_": 100, "alive_time_count_": 10080, "need_star_count_": 0, "limit_star_count_": -1, "target_element_id_1_": 15001, "target_element_id_2_": -1, "target_element_id_3_": -1, "target_element_id_4_": -1, "target_element_id_5_": -1, "icon_asset_name_": "mZIco_OT01", "show_flag_": 1, "item_disable_flag_": 0, "non_ignore_flag_": 0, "ultra_enable_flag_": 0, "event_enable_flag_": 0, "release_flag_": 1}, {"item_id_": 103520100, "name_id_": 103520100, "detail_id_": 103520100, "num_limit_": 1, "power_count_": 100, "alive_time_count_": 10080, "need_star_count_": 0, "limit_star_count_": 3, "target_element_id_1_": 15001, "target_element_id_2_": -1, "target_element_id_3_": -1, "target_element_id_4_": -1, "target_element_id_5_": -1, "icon_asset_name_": "mZIco_OT01", "show_flag_": 1, "item_disable_flag_": 0, "non_ignore_flag_": 0, "ultra_enable_flag_": 0, "event_enable_flag_": 0, "release_flag_": 1}, {"item_id_": 103620100, "name_id_": 103620100, "detail_id_": 103620100, "num_limit_": 1, "power_count_": 100, "alive_time_count_": 10080, "need_star_count_": 0, "limit_star_count_": 5, "target_element_id_1_": 15001, "target_element_id_2_": -1, "target_element_id_3_": -1, "target_element_id_4_": -1, "target_element_id_5_": -1, "icon_asset_name_": "mZIco_OT01", "show_flag_": 1, "item_disable_flag_": 0, "non_ignore_flag_": 0, "ultra_enable_flag_": 0, "event_enable_flag_": 0, "release_flag_": 1}, {"item_id_": 103720100, "name_id_": 103720100, "detail_id_": 103720100, "num_limit_": 1, "power_count_": 100, "alive_time_count_": 10080, "need_star_count_": 0, "limit_star_count_": 7, "target_element_id_1_": 15001, "target_element_id_2_": -1, "target_element_id_3_": -1, "target_element_id_4_": -1, "target_element_id_5_": -1, "icon_asset_name_": "mZIco_OT01", "show_flag_": 1, "item_disable_flag_": 0, "non_ignore_flag_": 0, "ultra_enable_flag_": 0, "event_enable_flag_": 0, "release_flag_": 1}, {"item_id_": 103430100, "name_id_": 103430100, "detail_id_": 103430100, "num_limit_": 1, "power_count_": 100, "alive_time_count_": 10080, "need_star_count_": 0, "limit_star_count_": -1, "target_element_id_1_": 15002, "target_element_id_2_": -1, "target_element_id_3_": -1, "target_element_id_4_": -1, "target_element_id_5_": -1, "icon_asset_name_": "mZIco_OT01", "show_flag_": 1, "item_disable_flag_": 0, "non_ignore_flag_": 0, "ultra_enable_flag_": 0, "event_enable_flag_": 0, "release_flag_": 1}, {"item_id_": 103530100, "name_id_": 103530100, "detail_id_": 103530100, "num_limit_": 1, "power_count_": 100, "alive_time_count_": 10080, "need_star_count_": 0, "limit_star_count_": 3, "target_element_id_1_": 15002, "target_element_id_2_": -1, "target_element_id_3_": -1, "target_element_id_4_": -1, "target_element_id_5_": -1, "icon_asset_name_": "mZIco_OT01", "show_flag_": 1, "item_disable_flag_": 0, "non_ignore_flag_": 0, "ultra_enable_flag_": 0, "event_enable_flag_": 0, "release_flag_": 1}, {"item_id_": 103630100, "name_id_": 103630100, "detail_id_": 103630100, "num_limit_": 1, "power_count_": 100, "alive_time_count_": 10080, "need_star_count_": 0, "limit_star_count_": 5, "target_element_id_1_": 15002, "target_element_id_2_": -1, "target_element_id_3_": -1, "target_element_id_4_": -1, "target_element_id_5_": -1, "icon_asset_name_": "mZIco_OT01", "show_flag_": 1, "item_disable_flag_": 0, "non_ignore_flag_": 0, "ultra_enable_flag_": 0, "event_enable_flag_": 0, "release_flag_": 1}, {"item_id_": 103730100, "name_id_": 103730100, "detail_id_": 103730100, "num_limit_": 1, "power_count_": 100, "alive_time_count_": 10080, "need_star_count_": 0, "limit_star_count_": 7, "target_element_id_1_": 15002, "target_element_id_2_": -1, "target_element_id_3_": -1, "target_element_id_4_": -1, "target_element_id_5_": -1, "icon_asset_name_": "mZIco_OT01", "show_flag_": 1, "item_disable_flag_": 0, "non_ignore_flag_": 0, "ultra_enable_flag_": 0, "event_enable_flag_": 0, "release_flag_": 1}, {"item_id_": 103440100, "name_id_": 103440100, "detail_id_": 103440100, "num_limit_": 1, "power_count_": 100, "alive_time_count_": 10080, "need_star_count_": 0, "limit_star_count_": -1, "target_element_id_1_": 15003, "target_element_id_2_": -1, "target_element_id_3_": -1, "target_element_id_4_": -1, "target_element_id_5_": -1, "icon_asset_name_": "mZIco_OT01", "show_flag_": 1, "item_disable_flag_": 0, "non_ignore_flag_": 0, "ultra_enable_flag_": 0, "event_enable_flag_": 0, "release_flag_": 1}, {"item_id_": 103540100, "name_id_": 103540100, "detail_id_": 103540100, "num_limit_": 1, "power_count_": 100, "alive_time_count_": 10080, "need_star_count_": 0, "limit_star_count_": 3, "target_element_id_1_": 15003, "target_element_id_2_": -1, "target_element_id_3_": -1, "target_element_id_4_": -1, "target_element_id_5_": -1, "icon_asset_name_": "mZIco_OT01", "show_flag_": 1, "item_disable_flag_": 0, "non_ignore_flag_": 0, "ultra_enable_flag_": 0, "event_enable_flag_": 0, "release_flag_": 1}, {"item_id_": 103640100, "name_id_": 103640100, "detail_id_": 103640100, "num_limit_": 1, "power_count_": 100, "alive_time_count_": 10080, "need_star_count_": 0, "limit_star_count_": 5, "target_element_id_1_": 15003, "target_element_id_2_": -1, "target_element_id_3_": -1, "target_element_id_4_": -1, "target_element_id_5_": -1, "icon_asset_name_": "mZIco_OT01", "show_flag_": 1, "item_disable_flag_": 0, "non_ignore_flag_": 0, "ultra_enable_flag_": 0, "event_enable_flag_": 0, "release_flag_": 1}, {"item_id_": 103740100, "name_id_": 103740100, "detail_id_": 103740100, "num_limit_": 1, "power_count_": 100, "alive_time_count_": 10080, "need_star_count_": 0, "limit_star_count_": 7, "target_element_id_1_": 15003, "target_element_id_2_": -1, "target_element_id_3_": -1, "target_element_id_4_": -1, "target_element_id_5_": -1, "icon_asset_name_": "mZIco_OT01", "show_flag_": 1, "item_disable_flag_": 0, "non_ignore_flag_": 0, "ultra_enable_flag_": 0, "event_enable_flag_": 0, "release_flag_": 1}, {"item_id_": 103450100, "name_id_": 103450100, "detail_id_": 103450100, "num_limit_": 1, "power_count_": 100, "alive_time_count_": 10080, "need_star_count_": 0, "limit_star_count_": -1, "target_element_id_1_": 15004, "target_element_id_2_": -1, "target_element_id_3_": -1, "target_element_id_4_": -1, "target_element_id_5_": -1, "icon_asset_name_": "mZIco_OT01", "show_flag_": 1, "item_disable_flag_": 0, "non_ignore_flag_": 0, "ultra_enable_flag_": 0, "event_enable_flag_": 0, "release_flag_": 1}, {"item_id_": 103550100, "name_id_": 103550100, "detail_id_": 103550100, "num_limit_": 1, "power_count_": 100, "alive_time_count_": 10080, "need_star_count_": 0, "limit_star_count_": 3, "target_element_id_1_": 15004, "target_element_id_2_": -1, "target_element_id_3_": -1, "target_element_id_4_": -1, "target_element_id_5_": -1, "icon_asset_name_": "mZIco_OT01", "show_flag_": 1, "item_disable_flag_": 0, "non_ignore_flag_": 0, "ultra_enable_flag_": 0, "event_enable_flag_": 0, "release_flag_": 1}, {"item_id_": 103650100, "name_id_": 103650100, "detail_id_": 103650100, "num_limit_": 1, "power_count_": 100, "alive_time_count_": 10080, "need_star_count_": 0, "limit_star_count_": 5, "target_element_id_1_": 15004, "target_element_id_2_": -1, "target_element_id_3_": -1, "target_element_id_4_": -1, "target_element_id_5_": -1, "icon_asset_name_": "mZIco_OT01", "show_flag_": 1, "item_disable_flag_": 0, "non_ignore_flag_": 0, "ultra_enable_flag_": 0, "event_enable_flag_": 0, "release_flag_": 1}, {"item_id_": 103750100, "name_id_": 103750100, "detail_id_": 103750100, "num_limit_": 1, "power_count_": 100, "alive_time_count_": 10080, "need_star_count_": 0, "limit_star_count_": 7, "target_element_id_1_": 15004, "target_element_id_2_": -1, "target_element_id_3_": -1, "target_element_id_4_": -1, "target_element_id_5_": -1, "icon_asset_name_": "mZIco_OT01", "show_flag_": 1, "item_disable_flag_": 0, "non_ignore_flag_": 0, "ultra_enable_flag_": 0, "event_enable_flag_": 0, "release_flag_": 1}, {"item_id_": 104110100, "name_id_": 104110100, "detail_id_": 104110100, "num_limit_": 1, "power_count_": 100, "alive_time_count_": 10080, "need_star_count_": 0, "limit_star_count_": 6, "target_element_id_1_": 15000, "target_element_id_2_": -1, "target_element_id_3_": -1, "target_element_id_4_": -1, "target_element_id_5_": -1, "icon_asset_name_": "mZIco_OT01", "show_flag_": 1, "item_disable_flag_": 0, "non_ignore_flag_": 0, "ultra_enable_flag_": 0, "event_enable_flag_": 0, "release_flag_": 1}, {"item_id_": 104210100, "name_id_": 104210100, "detail_id_": 104210100, "num_limit_": 1, "power_count_": 100, "alive_time_count_": 10080, "need_star_count_": 7, "limit_star_count_": -1, "target_element_id_1_": 15000, "target_element_id_2_": -1, "target_element_id_3_": -1, "target_element_id_4_": -1, "target_element_id_5_": -1, "icon_asset_name_": "mZIco_OT01", "show_flag_": 1, "item_disable_flag_": 0, "non_ignore_flag_": 0, "ultra_enable_flag_": 0, "event_enable_flag_": 0, "release_flag_": 1}, {"item_id_": 104120100, "name_id_": 104120100, "detail_id_": 104120100, "num_limit_": 1, "power_count_": 100, "alive_time_count_": 10080, "need_star_count_": 0, "limit_star_count_": 6, "target_element_id_1_": 15001, "target_element_id_2_": -1, "target_element_id_3_": -1, "target_element_id_4_": -1, "target_element_id_5_": -1, "icon_asset_name_": "mZIco_OT01", "show_flag_": 1, "item_disable_flag_": 0, "non_ignore_flag_": 0, "ultra_enable_flag_": 0, "event_enable_flag_": 0, "release_flag_": 1}, {"item_id_": 104220100, "name_id_": 104220100, "detail_id_": 104220100, "num_limit_": 1, "power_count_": 100, "alive_time_count_": 10080, "need_star_count_": 7, "limit_star_count_": -1, "target_element_id_1_": 15001, "target_element_id_2_": -1, "target_element_id_3_": -1, "target_element_id_4_": -1, "target_element_id_5_": -1, "icon_asset_name_": "mZIco_OT01", "show_flag_": 1, "item_disable_flag_": 0, "non_ignore_flag_": 0, "ultra_enable_flag_": 0, "event_enable_flag_": 0, "release_flag_": 1}, {"item_id_": 104130100, "name_id_": 104130100, "detail_id_": 104130100, "num_limit_": 1, "power_count_": 100, "alive_time_count_": 10080, "need_star_count_": 0, "limit_star_count_": 6, "target_element_id_1_": 15002, "target_element_id_2_": -1, "target_element_id_3_": -1, "target_element_id_4_": -1, "target_element_id_5_": -1, "icon_asset_name_": "mZIco_OT01", "show_flag_": 1, "item_disable_flag_": 0, "non_ignore_flag_": 0, "ultra_enable_flag_": 0, "event_enable_flag_": 0, "release_flag_": 1}, {"item_id_": 104230100, "name_id_": 104230100, "detail_id_": 104230100, "num_limit_": 1, "power_count_": 100, "alive_time_count_": 10080, "need_star_count_": 7, "limit_star_count_": -1, "target_element_id_1_": 15002, "target_element_id_2_": -1, "target_element_id_3_": -1, "target_element_id_4_": -1, "target_element_id_5_": -1, "icon_asset_name_": "mZIco_OT01", "show_flag_": 1, "item_disable_flag_": 0, "non_ignore_flag_": 0, "ultra_enable_flag_": 0, "event_enable_flag_": 0, "release_flag_": 1}, {"item_id_": 104140100, "name_id_": 104140100, "detail_id_": 104140100, "num_limit_": 1, "power_count_": 100, "alive_time_count_": 10080, "need_star_count_": 0, "limit_star_count_": 6, "target_element_id_1_": 15003, "target_element_id_2_": -1, "target_element_id_3_": -1, "target_element_id_4_": -1, "target_element_id_5_": -1, "icon_asset_name_": "mZIco_OT01", "show_flag_": 1, "item_disable_flag_": 0, "non_ignore_flag_": 0, "ultra_enable_flag_": 0, "event_enable_flag_": 0, "release_flag_": 1}, {"item_id_": 104240100, "name_id_": 104240100, "detail_id_": 104240100, "num_limit_": 1, "power_count_": 100, "alive_time_count_": 10080, "need_star_count_": 7, "limit_star_count_": -1, "target_element_id_1_": 15003, "target_element_id_2_": -1, "target_element_id_3_": -1, "target_element_id_4_": -1, "target_element_id_5_": -1, "icon_asset_name_": "mZIco_OT01", "show_flag_": 1, "item_disable_flag_": 0, "non_ignore_flag_": 0, "ultra_enable_flag_": 0, "event_enable_flag_": 0, "release_flag_": 1}, {"item_id_": 104150100, "name_id_": 104150100, "detail_id_": 104150100, "num_limit_": 1, "power_count_": 100, "alive_time_count_": 10080, "need_star_count_": 0, "limit_star_count_": 6, "target_element_id_1_": 15004, "target_element_id_2_": -1, "target_element_id_3_": -1, "target_element_id_4_": -1, "target_element_id_5_": -1, "icon_asset_name_": "mZIco_OT01", "show_flag_": 1, "item_disable_flag_": 0, "non_ignore_flag_": 0, "ultra_enable_flag_": 0, "event_enable_flag_": 0, "release_flag_": 1}, {"item_id_": 104250100, "name_id_": 104250100, "detail_id_": 104250100, "num_limit_": 1, "power_count_": 100, "alive_time_count_": 10080, "need_star_count_": 7, "limit_star_count_": -1, "target_element_id_1_": 15004, "target_element_id_2_": -1, "target_element_id_3_": -1, "target_element_id_4_": -1, "target_element_id_5_": -1, "icon_asset_name_": "mZIco_OT01", "show_flag_": 1, "item_disable_flag_": 0, "non_ignore_flag_": 0, "ultra_enable_flag_": 0, "event_enable_flag_": 0, "release_flag_": 1}, {"item_id_": 204400010, "name_id_": 204400010, "detail_id_": 204400010, "num_limit_": 10, "power_count_": 10, "alive_time_count_": 10080, "need_star_count_": 0, "limit_star_count_": -1, "target_element_id_1_": 12002, "target_element_id_2_": -1, "target_element_id_3_": -1, "target_element_id_4_": -1, "target_element_id_5_": -1, "icon_asset_name_": "mZIco_SP01", "show_flag_": 1, "item_disable_flag_": 0, "non_ignore_flag_": 0, "ultra_enable_flag_": 0, "event_enable_flag_": 0, "release_flag_": 1}, {"item_id_": 202900050, "name_id_": 202900050, "detail_id_": 202900050, "num_limit_": 1, "power_count_": 50, "alive_time_count_": 10080, "need_star_count_": 0, "limit_star_count_": -1, "target_element_id_1_": 12002, "target_element_id_2_": -1, "target_element_id_3_": -1, "target_element_id_4_": -1, "target_element_id_5_": -1, "icon_asset_name_": "mZIco_SP01", "show_flag_": 1, "item_disable_flag_": 0, "non_ignore_flag_": 0, "ultra_enable_flag_": 0, "event_enable_flag_": 0, "release_flag_": 1}, {"item_id_": 202000100, "name_id_": 202000100, "detail_id_": 202000100, "num_limit_": 1, "power_count_": 100, "alive_time_count_": 10080, "need_star_count_": 0, "limit_star_count_": -1, "target_element_id_1_": 12002, "target_element_id_2_": -1, "target_element_id_3_": -1, "target_element_id_4_": -1, "target_element_id_5_": -1, "icon_asset_name_": "mZIco_SP01", "show_flag_": 0, "item_disable_flag_": 0, "non_ignore_flag_": 0, "ultra_enable_flag_": 0, "event_enable_flag_": 0, "release_flag_": 1}, {"item_id_": 203910100, "name_id_": 203910100, "detail_id_": 203910100, "num_limit_": 5, "power_count_": 100, "alive_time_count_": 10080, "need_star_count_": 0, "limit_star_count_": -1, "target_element_id_1_": 12002, "target_element_id_2_": 15000, "target_element_id_3_": -1, "target_element_id_4_": -1, "target_element_id_5_": -1, "icon_asset_name_": "mZIco_SP01", "show_flag_": 1, "item_disable_flag_": 0, "non_ignore_flag_": 0, "ultra_enable_flag_": 0, "event_enable_flag_": 0, "release_flag_": 1}, {"item_id_": 203920100, "name_id_": 203920100, "detail_id_": 203920100, "num_limit_": 5, "power_count_": 100, "alive_time_count_": 10080, "need_star_count_": 0, "limit_star_count_": -1, "target_element_id_1_": 12002, "target_element_id_2_": 15001, "target_element_id_3_": -1, "target_element_id_4_": -1, "target_element_id_5_": -1, "icon_asset_name_": "mZIco_SP01", "show_flag_": 1, "item_disable_flag_": 0, "non_ignore_flag_": 0, "ultra_enable_flag_": 0, "event_enable_flag_": 0, "release_flag_": 1}, {"item_id_": 203930100, "name_id_": 203930100, "detail_id_": 203930100, "num_limit_": 5, "power_count_": 100, "alive_time_count_": 10080, "need_star_count_": 0, "limit_star_count_": -1, "target_element_id_1_": 12002, "target_element_id_2_": 15002, "target_element_id_3_": -1, "target_element_id_4_": -1, "target_element_id_5_": -1, "icon_asset_name_": "mZIco_SP01", "show_flag_": 1, "item_disable_flag_": 0, "non_ignore_flag_": 0, "ultra_enable_flag_": 0, "event_enable_flag_": 0, "release_flag_": 1}, {"item_id_": 203940100, "name_id_": 203940100, "detail_id_": 203940100, "num_limit_": 5, "power_count_": 100, "alive_time_count_": 10080, "need_star_count_": 0, "limit_star_count_": -1, "target_element_id_1_": 12002, "target_element_id_2_": 15003, "target_element_id_3_": -1, "target_element_id_4_": -1, "target_element_id_5_": -1, "icon_asset_name_": "mZIco_SP01", "show_flag_": 1, "item_disable_flag_": 0, "non_ignore_flag_": 0, "ultra_enable_flag_": 0, "event_enable_flag_": 0, "release_flag_": 1}, {"item_id_": 203950100, "name_id_": 203950100, "detail_id_": 203950100, "num_limit_": 5, "power_count_": 100, "alive_time_count_": 10080, "need_star_count_": 0, "limit_star_count_": -1, "target_element_id_1_": 12002, "target_element_id_2_": 15004, "target_element_id_3_": -1, "target_element_id_4_": -1, "target_element_id_5_": -1, "icon_asset_name_": "mZIco_SP01", "show_flag_": 1, "item_disable_flag_": 0, "non_ignore_flag_": 0, "ultra_enable_flag_": 0, "event_enable_flag_": 0, "release_flag_": 1}, {"item_id_": 204500200, "name_id_": 204500200, "detail_id_": 204500200, "num_limit_": 3, "power_count_": 200, "alive_time_count_": 10080, "need_star_count_": 0, "limit_star_count_": -1, "target_element_id_1_": 12002, "target_element_id_2_": -1, "target_element_id_3_": -1, "target_element_id_4_": -1, "target_element_id_5_": -1, "icon_asset_name_": "mZIco_SP02", "show_flag_": 1, "item_disable_flag_": 0, "non_ignore_flag_": 0, "ultra_enable_flag_": 0, "event_enable_flag_": 0, "release_flag_": 1}, {"item_id_": 204700300, "name_id_": 204700300, "detail_id_": 204700300, "num_limit_": 1, "power_count_": 300, "alive_time_count_": 10800, "need_star_count_": 0, "limit_star_count_": -1, "target_element_id_1_": 12002, "target_element_id_2_": -1, "target_element_id_3_": -1, "target_element_id_4_": -1, "target_element_id_5_": -1, "icon_asset_name_": "mZIco_SP02", "show_flag_": 0, "item_disable_flag_": 0, "non_ignore_flag_": 0, "ultra_enable_flag_": 0, "event_enable_flag_": 0, "release_flag_": 1}, {"item_id_": 202700500, "name_id_": 202700500, "detail_id_": 202700500, "num_limit_": 1, "power_count_": 500, "alive_time_count_": 10080, "need_star_count_": 0, "limit_star_count_": -1, "target_element_id_1_": 12002, "target_element_id_2_": -1, "target_element_id_3_": -1, "target_element_id_4_": -1, "target_element_id_5_": -1, "icon_asset_name_": "mZIco_SP03", "show_flag_": 1, "item_disable_flag_": 0, "non_ignore_flag_": 0, "ultra_enable_flag_": 0, "event_enable_flag_": 0, "release_flag_": 1}, {"item_id_": 202701200, "name_id_": 202701200, "detail_id_": 202701200, "num_limit_": 1, "power_count_": 1200, "alive_time_count_": 10080, "need_star_count_": 0, "limit_star_count_": -1, "target_element_id_1_": 12002, "target_element_id_2_": -1, "target_element_id_3_": -1, "target_element_id_4_": -1, "target_element_id_5_": -1, "icon_asset_name_": "mZIco_SP04", "show_flag_": 1, "item_disable_flag_": 0, "non_ignore_flag_": 0, "ultra_enable_flag_": 0, "event_enable_flag_": 0, "release_flag_": 1}, {"item_id_": 205100030, "name_id_": 205100030, "detail_id_": 205100030, "num_limit_": 3, "power_count_": 30, "alive_time_count_": 10080, "need_star_count_": 5, "limit_star_count_": 6, "target_element_id_1_": 12002, "target_element_id_2_": -1, "target_element_id_3_": -1, "target_element_id_4_": -1, "target_element_id_5_": -1, "icon_asset_name_": "mZIco_SP01", "show_flag_": 0, "item_disable_flag_": 0, "non_ignore_flag_": 0, "ultra_enable_flag_": 0, "event_enable_flag_": 0, "release_flag_": 1}, {"item_id_": 204700100, "name_id_": 204700100, "detail_id_": 204700100, "num_limit_": 1, "power_count_": 100, "alive_time_count_": 10800, "need_star_count_": 6, "limit_star_count_": -1, "target_element_id_1_": 12002, "target_element_id_2_": -1, "target_element_id_3_": -1, "target_element_id_4_": -1, "target_element_id_5_": -1, "icon_asset_name_": "mZIco_SP01", "show_flag_": 0, "item_disable_flag_": 0, "non_ignore_flag_": 0, "ultra_enable_flag_": 0, "event_enable_flag_": 0, "release_flag_": 1}, {"item_id_": 205300030, "name_id_": 205300030, "detail_id_": 205300030, "num_limit_": 3, "power_count_": 30, "alive_time_count_": 10080, "need_star_count_": 7, "limit_star_count_": -1, "target_element_id_1_": 12002, "target_element_id_2_": -1, "target_element_id_3_": -1, "target_element_id_4_": -1, "target_element_id_5_": -1, "icon_asset_name_": "mZIco_SP01", "show_flag_": 0, "item_disable_flag_": 0, "non_ignore_flag_": 0, "ultra_enable_flag_": 0, "event_enable_flag_": 0, "release_flag_": 1}, {"item_id_": 205500600, "name_id_": 205500600, "detail_id_": 205500600, "num_limit_": 1, "power_count_": 600, "alive_time_count_": 10080, "need_star_count_": 0, "limit_star_count_": -1, "target_element_id_1_": 12002, "target_element_id_2_": -1, "target_element_id_3_": -1, "target_element_id_4_": -1, "target_element_id_5_": -1, "icon_asset_name_": "mZIco_SP03", "show_flag_": 1, "item_disable_flag_": 0, "non_ignore_flag_": 0, "ultra_enable_flag_": 0, "event_enable_flag_": 0, "release_flag_": 1}, {"item_id_": 203000030, "name_id_": 203000030, "detail_id_": 203000030, "num_limit_": 1, "power_count_": 30, "alive_time_count_": 10080, "need_star_count_": 5, "limit_star_count_": -1, "target_element_id_1_": 60338, "target_element_id_2_": -1, "target_element_id_3_": -1, "target_element_id_4_": -1, "target_element_id_5_": -1, "icon_asset_name_": "mZIco_SP01", "show_flag_": 1, "item_disable_flag_": 0, "non_ignore_flag_": 0, "ultra_enable_flag_": 0, "event_enable_flag_": 0, "release_flag_": 1}, {"item_id_": 203000050, "name_id_": 203000050, "detail_id_": 203000050, "num_limit_": 1, "power_count_": 50, "alive_time_count_": 10080, "need_star_count_": 5, "limit_star_count_": -1, "target_element_id_1_": 60338, "target_element_id_2_": -1, "target_element_id_3_": -1, "target_element_id_4_": -1, "target_element_id_5_": -1, "icon_asset_name_": "mZIco_SP01", "show_flag_": 1, "item_disable_flag_": 0, "non_ignore_flag_": 0, "ultra_enable_flag_": 0, "event_enable_flag_": 0, "release_flag_": 1}, {"item_id_": 203100050, "name_id_": 203100050, "detail_id_": 203100050, "num_limit_": 1, "power_count_": 50, "alive_time_count_": 10080, "need_star_count_": 0, "limit_star_count_": -1, "target_element_id_1_": 60050, "target_element_id_2_": -1, "target_element_id_3_": -1, "target_element_id_4_": -1, "target_element_id_5_": -1, "icon_asset_name_": "mZIco_SP01", "show_flag_": 1, "item_disable_flag_": 0, "non_ignore_flag_": 0, "ultra_enable_flag_": 0, "event_enable_flag_": 0, "release_flag_": 1}, {"item_id_": 205401000, "name_id_": 205401000, "detail_id_": 205401000, "num_limit_": 1, "power_count_": 1000, "alive_time_count_": 10080, "need_star_count_": 0, "limit_star_count_": -1, "target_element_id_1_": 12002, "target_element_id_2_": -1, "target_element_id_3_": -1, "target_element_id_4_": -1, "target_element_id_5_": -1, "icon_asset_name_": "mZIco_SPLL04", "show_flag_": 1, "item_disable_flag_": 0, "non_ignore_flag_": 1, "ultra_enable_flag_": 0, "event_enable_flag_": 0, "release_flag_": 1}, {"item_id_": 203800600, "name_id_": 203800600, "detail_id_": 203800600, "num_limit_": 1, "power_count_": 600, "alive_time_count_": 10080, "need_star_count_": 0, "limit_star_count_": -1, "target_element_id_1_": 12002, "target_element_id_2_": -1, "target_element_id_3_": -1, "target_element_id_4_": -1, "target_element_id_5_": -1, "icon_asset_name_": "mZIco_SPLL03", "show_flag_": 1, "item_disable_flag_": 0, "non_ignore_flag_": 1, "ultra_enable_flag_": 0, "event_enable_flag_": 0, "release_flag_": 1}, {"item_id_": 204100100, "name_id_": 204100100, "detail_id_": 204100100, "num_limit_": 1, "power_count_": 100, "alive_time_count_": 10080, "need_star_count_": 0, "limit_star_count_": -1, "target_element_id_1_": 12002, "target_element_id_2_": -1, "target_element_id_3_": -1, "target_element_id_4_": -1, "target_element_id_5_": -1, "icon_asset_name_": "mZIco_SPLL01", "show_flag_": 0, "item_disable_flag_": 0, "non_ignore_flag_": 1, "ultra_enable_flag_": 0, "event_enable_flag_": 0, "release_flag_": 1}, {"item_id_": 205000200, "name_id_": 205000200, "detail_id_": 205000200, "num_limit_": 1, "power_count_": 200, "alive_time_count_": 10080, "need_star_count_": 0, "limit_star_count_": -1, "target_element_id_1_": 12002, "target_element_id_2_": -1, "target_element_id_3_": -1, "target_element_id_4_": -1, "target_element_id_5_": -1, "icon_asset_name_": "mZIco_SPLL02", "show_flag_": 1, "item_disable_flag_": 0, "non_ignore_flag_": 1, "ultra_enable_flag_": 0, "event_enable_flag_": 0, "release_flag_": 1}, {"item_id_": 304000010, "name_id_": 304000010, "detail_id_": 304000010, "num_limit_": 10, "power_count_": 10, "alive_time_count_": 10080, "need_star_count_": 0, "limit_star_count_": -1, "target_element_id_1_": 12001, "target_element_id_2_": -1, "target_element_id_3_": -1, "target_element_id_4_": -1, "target_element_id_5_": -1, "icon_asset_name_": "mZIco_EX01", "show_flag_": 1, "item_disable_flag_": 0, "non_ignore_flag_": 0, "ultra_enable_flag_": 0, "event_enable_flag_": 0, "release_flag_": 1}, {"item_id_": 302900050, "name_id_": 302900050, "detail_id_": 302900050, "num_limit_": 1, "power_count_": 50, "alive_time_count_": 10080, "need_star_count_": 0, "limit_star_count_": -1, "target_element_id_1_": 12001, "target_element_id_2_": -1, "target_element_id_3_": -1, "target_element_id_4_": -1, "target_element_id_5_": -1, "icon_asset_name_": "mZIco_EX01", "show_flag_": 1, "item_disable_flag_": 0, "non_ignore_flag_": 0, "ultra_enable_flag_": 0, "event_enable_flag_": 0, "release_flag_": 1}, {"item_id_": 302000200, "name_id_": 302000200, "detail_id_": 302000200, "num_limit_": 3, "power_count_": 200, "alive_time_count_": 10080, "need_star_count_": 0, "limit_star_count_": -1, "target_element_id_1_": 12001, "target_element_id_2_": -1, "target_element_id_3_": -1, "target_element_id_4_": -1, "target_element_id_5_": -1, "icon_asset_name_": "mZIco_EX02", "show_flag_": 0, "item_disable_flag_": 0, "non_ignore_flag_": 0, "ultra_enable_flag_": 0, "event_enable_flag_": 0, "release_flag_": 1}, {"item_id_": 304700300, "name_id_": 304700300, "detail_id_": 304700300, "num_limit_": 1, "power_count_": 300, "alive_time_count_": 10800, "need_star_count_": 0, "limit_star_count_": -1, "target_element_id_1_": 12001, "target_element_id_2_": -1, "target_element_id_3_": -1, "target_element_id_4_": -1, "target_element_id_5_": -1, "icon_asset_name_": "mZIco_EX02", "show_flag_": 0, "item_disable_flag_": 0, "non_ignore_flag_": 0, "ultra_enable_flag_": 0, "event_enable_flag_": 0, "release_flag_": 1}, {"item_id_": 302700500, "name_id_": 302700500, "detail_id_": 302700500, "num_limit_": 1, "power_count_": 500, "alive_time_count_": 10080, "need_star_count_": 0, "limit_star_count_": -1, "target_element_id_1_": 12001, "target_element_id_2_": -1, "target_element_id_3_": -1, "target_element_id_4_": -1, "target_element_id_5_": -1, "icon_asset_name_": "mZIco_EX03", "show_flag_": 1, "item_disable_flag_": 0, "non_ignore_flag_": 0, "ultra_enable_flag_": 0, "event_enable_flag_": 0, "release_flag_": 1}, {"item_id_": 302701200, "name_id_": 302701200, "detail_id_": 302701200, "num_limit_": 1, "power_count_": 1200, "alive_time_count_": 10080, "need_star_count_": 0, "limit_star_count_": -1, "target_element_id_1_": 12001, "target_element_id_2_": -1, "target_element_id_3_": -1, "target_element_id_4_": -1, "target_element_id_5_": -1, "icon_asset_name_": "mZIco_EX04", "show_flag_": 1, "item_disable_flag_": 0, "non_ignore_flag_": 0, "ultra_enable_flag_": 0, "event_enable_flag_": 0, "release_flag_": 1}, {"item_id_": 305100030, "name_id_": 305100030, "detail_id_": 305100030, "num_limit_": 3, "power_count_": 30, "alive_time_count_": 10080, "need_star_count_": 5, "limit_star_count_": 6, "target_element_id_1_": 12001, "target_element_id_2_": -1, "target_element_id_3_": -1, "target_element_id_4_": -1, "target_element_id_5_": -1, "icon_asset_name_": "mZIco_EX01", "show_flag_": 0, "item_disable_flag_": 0, "non_ignore_flag_": 0, "ultra_enable_flag_": 0, "event_enable_flag_": 0, "release_flag_": 1}, {"item_id_": 304700100, "name_id_": 304700100, "detail_id_": 304700100, "num_limit_": 1, "power_count_": 100, "alive_time_count_": 10080, "need_star_count_": 6, "limit_star_count_": -1, "target_element_id_1_": 12001, "target_element_id_2_": -1, "target_element_id_3_": -1, "target_element_id_4_": -1, "target_element_id_5_": -1, "icon_asset_name_": "mZIco_EX01", "show_flag_": 0, "item_disable_flag_": 0, "non_ignore_flag_": 0, "ultra_enable_flag_": 0, "event_enable_flag_": 0, "release_flag_": 1}, {"item_id_": 305300030, "name_id_": 305300030, "detail_id_": 305300030, "num_limit_": 3, "power_count_": 30, "alive_time_count_": 10080, "need_star_count_": 7, "limit_star_count_": -1, "target_element_id_1_": 12001, "target_element_id_2_": -1, "target_element_id_3_": -1, "target_element_id_4_": -1, "target_element_id_5_": -1, "icon_asset_name_": "mZIco_EX01", "show_flag_": 0, "item_disable_flag_": 0, "non_ignore_flag_": 0, "ultra_enable_flag_": 0, "event_enable_flag_": 0, "release_flag_": 1}, {"item_id_": 305200100, "name_id_": 305200100, "detail_id_": 305200100, "num_limit_": 1, "power_count_": 100, "alive_time_count_": 10080, "need_star_count_": 0, "limit_star_count_": -1, "target_element_id_1_": 12001, "target_element_id_2_": -1, "target_element_id_3_": -1, "target_element_id_4_": -1, "target_element_id_5_": -1, "icon_asset_name_": "mZIco_EX01", "show_flag_": 1, "item_disable_flag_": 0, "non_ignore_flag_": 0, "ultra_enable_flag_": 0, "event_enable_flag_": 0, "release_flag_": 1}, {"item_id_": 305500600, "name_id_": 305500600, "detail_id_": 305500600, "num_limit_": 1, "power_count_": 600, "alive_time_count_": 10080, "need_star_count_": 0, "limit_star_count_": -1, "target_element_id_1_": 12001, "target_element_id_2_": -1, "target_element_id_3_": -1, "target_element_id_4_": -1, "target_element_id_5_": -1, "icon_asset_name_": "mZIco_EX03", "show_flag_": 1, "item_disable_flag_": 0, "non_ignore_flag_": 0, "ultra_enable_flag_": 0, "event_enable_flag_": 0, "release_flag_": 1}, {"item_id_": 538500010, "name_id_": 538500010, "detail_id_": 538500010, "num_limit_": 999, "power_count_": 10, "alive_time_count_": 10080, "need_star_count_": 0, "limit_star_count_": -1, "target_element_id_1_": 12003, "target_element_id_2_": 60385, "target_element_id_3_": -1, "target_element_id_4_": -1, "target_element_id_5_": -1, "icon_asset_name_": "mZIco_0385_01", "show_flag_": 1, "item_disable_flag_": 0, "non_ignore_flag_": 0, "ultra_enable_flag_": 1, "event_enable_flag_": 1, "release_flag_": 1}, {"item_id_": 538500020, "name_id_": 538500020, "detail_id_": 538500020, "num_limit_": 999, "power_count_": 20, "alive_time_count_": 10080, "need_star_count_": 0, "limit_star_count_": -1, "target_element_id_1_": 12003, "target_element_id_2_": 60385, "target_element_id_3_": -1, "target_element_id_4_": -1, "target_element_id_5_": -1, "icon_asset_name_": "mZIco_0385_01", "show_flag_": 1, "item_disable_flag_": 0, "non_ignore_flag_": 0, "ultra_enable_flag_": 1, "event_enable_flag_": 1, "release_flag_": 1}, {"item_id_": 538500100, "name_id_": 538500100, "detail_id_": 538500100, "num_limit_": 999, "power_count_": 100, "alive_time_count_": 10080, "need_star_count_": 0, "limit_star_count_": -1, "target_element_id_1_": 12003, "target_element_id_2_": 60385, "target_element_id_3_": -1, "target_element_id_4_": -1, "target_element_id_5_": -1, "icon_asset_name_": "mZIco_0385_01", "show_flag_": 0, "item_disable_flag_": 0, "non_ignore_flag_": 0, "ultra_enable_flag_": 1, "event_enable_flag_": 1, "release_flag_": 1}, {"item_id_": 538500500, "name_id_": 538500500, "detail_id_": 538500500, "num_limit_": 999, "power_count_": 500, "alive_time_count_": 10080, "need_star_count_": 0, "limit_star_count_": -1, "target_element_id_1_": 12003, "target_element_id_2_": 60385, "target_element_id_3_": -1, "target_element_id_4_": -1, "target_element_id_5_": -1, "icon_asset_name_": "mZIco_0385_03", "show_flag_": 1, "item_disable_flag_": 0, "non_ignore_flag_": 0, "ultra_enable_flag_": 1, "event_enable_flag_": 1, "release_flag_": 1}, {"item_id_": 538501000, "name_id_": 538501000, "detail_id_": 538501000, "num_limit_": 999, "power_count_": 1000, "alive_time_count_": 10080, "need_star_count_": 0, "limit_star_count_": -1, "target_element_id_1_": 12003, "target_element_id_2_": 60385, "target_element_id_3_": -1, "target_element_id_4_": -1, "target_element_id_5_": -1, "icon_asset_name_": "mZIco_0385_04", "show_flag_": 1, "item_disable_flag_": 0, "non_ignore_flag_": 0, "ultra_enable_flag_": 1, "event_enable_flag_": 1, "release_flag_": 1}, {"item_id_": 540000005, "name_id_": 540000005, "detail_id_": 540000005, "num_limit_": 999, "power_count_": 5, "alive_time_count_": 10080, "need_star_count_": 0, "limit_star_count_": -1, "target_element_id_1_": 12003, "target_element_id_2_": 60400, "target_element_id_3_": -1, "target_element_id_4_": -1, "target_element_id_5_": -1, "icon_asset_name_": "mZIco_0400_01", "show_flag_": 1, "item_disable_flag_": 0, "non_ignore_flag_": 0, "ultra_enable_flag_": 1, "event_enable_flag_": 1, "release_flag_": 1}, {"item_id_": 540000010, "name_id_": 540000010, "detail_id_": 540000010, "num_limit_": 999, "power_count_": 10, "alive_time_count_": 10080, "need_star_count_": 0, "limit_star_count_": -1, "target_element_id_1_": 12003, "target_element_id_2_": 60400, "target_element_id_3_": -1, "target_element_id_4_": -1, "target_element_id_5_": -1, "icon_asset_name_": "mZIco_0400_01", "show_flag_": 1, "item_disable_flag_": 0, "non_ignore_flag_": 0, "ultra_enable_flag_": 1, "event_enable_flag_": 1, "release_flag_": 1}, {"item_id_": 540000020, "name_id_": 540000020, "detail_id_": 540000020, "num_limit_": 999, "power_count_": 20, "alive_time_count_": 10080, "need_star_count_": 0, "limit_star_count_": -1, "target_element_id_1_": 12003, "target_element_id_2_": 60400, "target_element_id_3_": -1, "target_element_id_4_": -1, "target_element_id_5_": -1, "icon_asset_name_": "mZIco_0400_01", "show_flag_": 1, "item_disable_flag_": 0, "non_ignore_flag_": 0, "ultra_enable_flag_": 1, "event_enable_flag_": 1, "release_flag_": 1}, {"item_id_": 540000100, "name_id_": 540000100, "detail_id_": 540000100, "num_limit_": 999, "power_count_": 100, "alive_time_count_": 10080, "need_star_count_": 0, "limit_star_count_": -1, "target_element_id_1_": 12003, "target_element_id_2_": 60400, "target_element_id_3_": -1, "target_element_id_4_": -1, "target_element_id_5_": -1, "icon_asset_name_": "mZIco_0400_01", "show_flag_": 0, "item_disable_flag_": 0, "non_ignore_flag_": 0, "ultra_enable_flag_": 1, "event_enable_flag_": 1, "release_flag_": 1}, {"item_id_": 540000200, "name_id_": 540000200, "detail_id_": 540000200, "num_limit_": 999, "power_count_": 200, "alive_time_count_": 10080, "need_star_count_": 0, "limit_star_count_": -1, "target_element_id_1_": 12003, "target_element_id_2_": 60400, "target_element_id_3_": -1, "target_element_id_4_": -1, "target_element_id_5_": -1, "icon_asset_name_": "mZIco_0400_02", "show_flag_": 1, "item_disable_flag_": 0, "non_ignore_flag_": 0, "ultra_enable_flag_": 1, "event_enable_flag_": 1, "release_flag_": 1}, {"item_id_": 540000300, "name_id_": 540000300, "detail_id_": 540000300, "num_limit_": 999, "power_count_": 300, "alive_time_count_": 10080, "need_star_count_": 0, "limit_star_count_": -1, "target_element_id_1_": 12003, "target_element_id_2_": 60400, "target_element_id_3_": -1, "target_element_id_4_": -1, "target_element_id_5_": -1, "icon_asset_name_": "mZIco_0400_02", "show_flag_": 1, "item_disable_flag_": 0, "non_ignore_flag_": 0, "ultra_enable_flag_": 1, "event_enable_flag_": 1, "release_flag_": 1}, {"item_id_": 540000500, "name_id_": 540000500, "detail_id_": 540000500, "num_limit_": 999, "power_count_": 500, "alive_time_count_": 10080, "need_star_count_": 0, "limit_star_count_": -1, "target_element_id_1_": 12003, "target_element_id_2_": 60400, "target_element_id_3_": -1, "target_element_id_4_": -1, "target_element_id_5_": -1, "icon_asset_name_": "mZIco_0400_03", "show_flag_": 1, "item_disable_flag_": 0, "non_ignore_flag_": 0, "ultra_enable_flag_": 1, "event_enable_flag_": 1, "release_flag_": 1}, {"item_id_": 540001000, "name_id_": 540001000, "detail_id_": 540001000, "num_limit_": 999, "power_count_": 1000, "alive_time_count_": 10080, "need_star_count_": 0, "limit_star_count_": -1, "target_element_id_1_": 12003, "target_element_id_2_": 60400, "target_element_id_3_": -1, "target_element_id_4_": -1, "target_element_id_5_": -1, "icon_asset_name_": "mZIco_0400_04", "show_flag_": 1, "item_disable_flag_": 0, "non_ignore_flag_": 0, "ultra_enable_flag_": 1, "event_enable_flag_": 1, "release_flag_": 1}, {"item_id_": 544300010, "name_id_": 544300010, "detail_id_": 544300010, "num_limit_": 999, "power_count_": 10, "alive_time_count_": 10080, "need_star_count_": 0, "limit_star_count_": -1, "target_element_id_1_": 12003, "target_element_id_2_": 60443, "target_element_id_3_": -1, "target_element_id_4_": -1, "target_element_id_5_": -1, "icon_asset_name_": "mZIco_0443_01", "show_flag_": 1, "item_disable_flag_": 0, "non_ignore_flag_": 0, "ultra_enable_flag_": 1, "event_enable_flag_": 1, "release_flag_": 1}, {"item_id_": 500001000, "name_id_": 500001000, "detail_id_": 500001000, "num_limit_": 1, "power_count_": 1000, "alive_time_count_": 10080, "need_star_count_": 0, "limit_star_count_": -1, "target_element_id_1_": 12003, "target_element_id_2_": -1, "target_element_id_3_": -1, "target_element_id_4_": -1, "target_element_id_5_": -1, "icon_asset_name_": "mZIco_UL04_L", "show_flag_": 1, "item_disable_flag_": 0, "non_ignore_flag_": 0, "ultra_enable_flag_": 1, "event_enable_flag_": 0, "release_flag_": 1}]