[{"item_id_": 0, "name_id_": 1, "detail_id_": 0, "num_limit_": 0, "value_": 1, "icon_asset_name_": "Cmn_icnTactEnergy1"}, {"item_id_": 1, "name_id_": 2, "detail_id_": 1, "num_limit_": 0, "value_": 2, "icon_asset_name_": "Cmn_icnTactEnergy2"}, {"item_id_": 2, "name_id_": 3, "detail_id_": 2, "num_limit_": 0, "value_": 3, "icon_asset_name_": "Cmn_icnTactEnergy3"}, {"item_id_": 3, "name_id_": 4, "detail_id_": 3, "num_limit_": 0, "value_": 4, "icon_asset_name_": "Cmn_icnTactEnergy4"}, {"item_id_": 4, "name_id_": 5, "detail_id_": 4, "num_limit_": 0, "value_": 5, "icon_asset_name_": "Cmn_icnTactEnergy5"}, {"item_id_": 5, "name_id_": 6, "detail_id_": 5, "num_limit_": 0, "value_": 6, "icon_asset_name_": "Cmn_icnTactEnergy6"}, {"item_id_": 6, "name_id_": 7, "detail_id_": 6, "num_limit_": 0, "value_": 7, "icon_asset_name_": "Cmn_icnTactEnergy7"}, {"item_id_": 7, "name_id_": 8, "detail_id_": 7, "num_limit_": 0, "value_": 8, "icon_asset_name_": "Cmn_icnTactEnergy8"}, {"item_id_": 8, "name_id_": 9, "detail_id_": 8, "num_limit_": 0, "value_": 9, "icon_asset_name_": "Cmn_icnTactEnergy9"}, {"item_id_": 9, "name_id_": 10, "detail_id_": 9, "num_limit_": 0, "value_": 10, "icon_asset_name_": "Cmn_icnTactEnergy10"}, {"item_id_": 30, "name_id_": 30, "detail_id_": 30, "num_limit_": 0, "value_": 30, "icon_asset_name_": "Cmn_icnTactEnergy30"}, {"item_id_": 50, "name_id_": 50, "detail_id_": 50, "num_limit_": 0, "value_": 50, "icon_asset_name_": "Cmn_icnTactEnergy50"}]