[{"item_id_": 0, "name_id_": 0, "detail_id_": -1, "num_limit_": 1, "exchange_zeny_": 10000, "success_rate_name_id_": 200, "success_rate_": 100, "use_arts_boost_limit_min_": 1, "use_arts_boost_limit_max_": 2, "arts_boost_value_": 1, "icon_asset_name_": "ACItm_icnCoreMedium01", "item_disable_flag_": 0, "show_flag_": 2, "release_flag_": 1}, {"item_id_": 1, "name_id_": -1, "detail_id_": -1, "num_limit_": 99999, "exchange_zeny_": 10000, "success_rate_name_id_": 200, "success_rate_": 30, "use_arts_boost_limit_min_": 1, "use_arts_boost_limit_max_": 30, "arts_boost_value_": 1, "icon_asset_name_": "ACItm_icnCoreMedium01", "item_disable_flag_": 0, "show_flag_": 0, "release_flag_": 1}, {"item_id_": 2, "name_id_": -1, "detail_id_": -1, "num_limit_": 99999, "exchange_zeny_": 10000, "success_rate_name_id_": 200, "success_rate_": 30, "use_arts_boost_limit_min_": 30, "use_arts_boost_limit_max_": 70, "arts_boost_value_": 1, "icon_asset_name_": "ACItm_icnCoreMedium01", "item_disable_flag_": 0, "show_flag_": 0, "release_flag_": 1}, {"item_id_": 3, "name_id_": -1, "detail_id_": -1, "num_limit_": 99999, "exchange_zeny_": 10000, "success_rate_name_id_": 200, "success_rate_": 30, "use_arts_boost_limit_min_": 70, "use_arts_boost_limit_max_": 99, "arts_boost_value_": 1, "icon_asset_name_": "ACItm_icnCoreMedium01", "item_disable_flag_": 0, "show_flag_": 0, "release_flag_": 1}]