[{"item_id_": 100, "name_id_": 50009, "detail_id_": 50009, "num_limit_": 999999999, "item_disable_flag_": 0, "limit_time_": -1, "begin_date_": "2021/3/30  15:00:00", "end_date_": "2030/1/1  0:00:00"}, {"item_id_": 200, "name_id_": 50009, "detail_id_": 50009, "num_limit_": 999999999, "item_disable_flag_": 0, "limit_time_": -1, "begin_date_": "2021/7/28  15:00:00", "end_date_": "2030/1/1  0:00:00"}, {"item_id_": 202, "name_id_": 50009, "detail_id_": 50009, "num_limit_": 999999999, "item_disable_flag_": 0, "limit_time_": -1, "begin_date_": "2021/10/20  15:00:00", "end_date_": "2030/1/1  0:00:00"}, {"item_id_": 203, "name_id_": 50009, "detail_id_": 50009, "num_limit_": 999999999, "item_disable_flag_": 0, "limit_time_": -1, "begin_date_": "2021/11/5  15:00:00", "end_date_": "2030/1/1  0:00:00"}, {"item_id_": 205, "name_id_": 50009, "detail_id_": 50009, "num_limit_": 999999999, "item_disable_flag_": 0, "limit_time_": -1, "begin_date_": "2021/11/17  15:00:00", "end_date_": "2030/1/1  0:00:00"}, {"item_id_": 206, "name_id_": 50009, "detail_id_": 50009, "num_limit_": 999999999, "item_disable_flag_": 0, "limit_time_": -1, "begin_date_": "2021/12/1  15:00:00", "end_date_": "2030/1/1  0:00:00"}, {"item_id_": 207, "name_id_": 50009, "detail_id_": 50009, "num_limit_": 999999999, "item_disable_flag_": 0, "limit_time_": -1, "begin_date_": "2022/5/11  15:00:00", "end_date_": "2030/1/1  0:00:00"}, {"item_id_": 208, "name_id_": 50009, "detail_id_": 50009, "num_limit_": 999999999, "item_disable_flag_": 0, "limit_time_": -1, "begin_date_": "2022/7/20  15:00:00", "end_date_": "2030/1/1  0:00:00"}, {"item_id_": 209, "name_id_": 50009, "detail_id_": 50009, "num_limit_": 999999999, "item_disable_flag_": 0, "limit_time_": -1, "begin_date_": "2022/8/1  15:00:00", "end_date_": "2030/1/1  0:00:00"}, {"item_id_": 210, "name_id_": 50009, "detail_id_": 50009, "num_limit_": 999999999, "item_disable_flag_": 0, "limit_time_": -1, "begin_date_": "2022/9/1  15:00:00", "end_date_": "2030/1/1  0:00:00"}, {"item_id_": 211, "name_id_": 50009, "detail_id_": 50009, "num_limit_": 999999999, "item_disable_flag_": 0, "limit_time_": -1, "begin_date_": "2022/9/21  15:00:00", "end_date_": "2030/1/1  0:00:00"}, {"item_id_": 212, "name_id_": 50009, "detail_id_": 50009, "num_limit_": 999999999, "item_disable_flag_": 0, "limit_time_": -1, "begin_date_": "2022/10/19  15:00:00", "end_date_": "2030/1/1  0:00:00"}, {"item_id_": 213, "name_id_": 50009, "detail_id_": 50009, "num_limit_": 999999999, "item_disable_flag_": 0, "limit_time_": -1, "begin_date_": "2022/10/19  15:00:00", "end_date_": "2030/1/1  0:00:00"}, {"item_id_": 214, "name_id_": 50009, "detail_id_": 50009, "num_limit_": 999999999, "item_disable_flag_": 0, "limit_time_": -1, "begin_date_": "2022/11/2  15:00:00", "end_date_": "2030/1/1  0:00:00"}, {"item_id_": 215, "name_id_": 50009, "detail_id_": 50009, "num_limit_": 999999999, "item_disable_flag_": 0, "limit_time_": -1, "begin_date_": "2023/2/15  15:00:00", "end_date_": "2030/1/1  0:00:00"}, {"item_id_": 216, "name_id_": 50009, "detail_id_": 50009, "num_limit_": 999999999, "item_disable_flag_": 0, "limit_time_": -1, "begin_date_": "2023/2/22  15:00:00", "end_date_": "2030/1/1  0:00:00"}, {"item_id_": 217, "name_id_": 50009, "detail_id_": 50009, "num_limit_": 999999999, "item_disable_flag_": 0, "limit_time_": -1, "begin_date_": "2023/5/10  15:00:00", "end_date_": "2030/1/1  0:00:00"}, {"item_id_": 218, "name_id_": 50009, "detail_id_": 50009, "num_limit_": 999999999, "item_disable_flag_": 0, "limit_time_": -1, "begin_date_": "2023/6/14  15:00:00", "end_date_": "2030/1/1  0:00:00"}, {"item_id_": 219, "name_id_": 50009, "detail_id_": 50009, "num_limit_": 999999999, "item_disable_flag_": 0, "limit_time_": -1, "begin_date_": "2023/6/27  15:00:00", "end_date_": "2030/1/1  0:00:00"}, {"item_id_": 220, "name_id_": 50009, "detail_id_": 50009, "num_limit_": 999999999, "item_disable_flag_": 0, "limit_time_": -1, "begin_date_": "2023/6/21  15:00:00", "end_date_": "2030/1/1  0:00:00"}, {"item_id_": 300, "name_id_": 50009, "detail_id_": 50009, "num_limit_": 999999999, "item_disable_flag_": 0, "limit_time_": -1, "begin_date_": "2021/11/17  15:00:00", "end_date_": "2030/1/1  0:00:00"}, {"item_id_": 301, "name_id_": 50009, "detail_id_": 50009, "num_limit_": 999999999, "item_disable_flag_": 0, "limit_time_": -1, "begin_date_": "2021/11/17  15:00:00", "end_date_": "2030/1/1  0:00:00"}, {"item_id_": 302, "name_id_": 50009, "detail_id_": 50009, "num_limit_": 999999999, "item_disable_flag_": 0, "limit_time_": -1, "begin_date_": "2022/8/24  15:00:00", "end_date_": "2030/1/1  0:00:00"}, {"item_id_": 303, "name_id_": 50009, "detail_id_": 50009, "num_limit_": 999999999, "item_disable_flag_": 0, "limit_time_": -1, "begin_date_": "2023/2/22  15:00:00", "end_date_": "2030/1/1  0:00:00"}, {"item_id_": 304, "name_id_": 50009, "detail_id_": 50009, "num_limit_": 999999999, "item_disable_flag_": 0, "limit_time_": -1, "begin_date_": "2023/2/22  15:00:00", "end_date_": "2030/1/1  0:00:00"}, {"item_id_": 305, "name_id_": 50009, "detail_id_": 50009, "num_limit_": 999999999, "item_disable_flag_": 0, "limit_time_": -1, "begin_date_": "2023/2/22  15:00:00", "end_date_": "2030/1/1  0:00:00"}, {"item_id_": 306, "name_id_": 50009, "detail_id_": 50009, "num_limit_": 999999999, "item_disable_flag_": 0, "limit_time_": -1, "begin_date_": "2023/5/17  15:00:00", "end_date_": "2030/1/1  0:00:00"}, {"item_id_": 307, "name_id_": 50009, "detail_id_": 50009, "num_limit_": 999999999, "item_disable_flag_": 0, "limit_time_": -1, "begin_date_": "2023/5/17  15:00:00", "end_date_": "2030/1/1  0:00:00"}]