[{"item_category_id_": 0, "item_category_name_id_": 0, "visible_exchange_limit_item_": 1}, {"item_category_id_": 1, "item_category_name_id_": 1, "visible_exchange_limit_item_": 1}, {"item_category_id_": 2, "item_category_name_id_": 2, "visible_exchange_limit_item_": 1}, {"item_category_id_": 3, "item_category_name_id_": 3, "visible_exchange_limit_item_": 1}, {"item_category_id_": 4, "item_category_name_id_": 4, "visible_exchange_limit_item_": 1}, {"item_category_id_": 5, "item_category_name_id_": 5, "visible_exchange_limit_item_": 1}, {"item_category_id_": 6, "item_category_name_id_": 6, "visible_exchange_limit_item_": 1}, {"item_category_id_": 7, "item_category_name_id_": 7, "visible_exchange_limit_item_": 1}, {"item_category_id_": 8, "item_category_name_id_": 8, "visible_exchange_limit_item_": 1}, {"item_category_id_": 9, "item_category_name_id_": 9, "visible_exchange_limit_item_": 1}, {"item_category_id_": 10, "item_category_name_id_": 10, "visible_exchange_limit_item_": 0}, {"item_category_id_": 11, "item_category_name_id_": 11, "visible_exchange_limit_item_": 0}, {"item_category_id_": 12, "item_category_name_id_": 12, "visible_exchange_limit_item_": 1}, {"item_category_id_": 13, "item_category_name_id_": 13, "visible_exchange_limit_item_": 1}, {"item_category_id_": 14, "item_category_name_id_": 14, "visible_exchange_limit_item_": 1}, {"item_category_id_": 15, "item_category_name_id_": 15, "visible_exchange_limit_item_": 1}, {"item_category_id_": 16, "item_category_name_id_": 16, "visible_exchange_limit_item_": 1}, {"item_category_id_": 17, "item_category_name_id_": 17, "visible_exchange_limit_item_": 1}, {"item_category_id_": 18, "item_category_name_id_": 18, "visible_exchange_limit_item_": 1}, {"item_category_id_": 19, "item_category_name_id_": 19, "visible_exchange_limit_item_": 1}, {"item_category_id_": 20, "item_category_name_id_": 20, "visible_exchange_limit_item_": 1}, {"item_category_id_": 21, "item_category_name_id_": 21, "visible_exchange_limit_item_": 1}, {"item_category_id_": 23, "item_category_name_id_": 23, "visible_exchange_limit_item_": 1}, {"item_category_id_": 24, "item_category_name_id_": 24, "visible_exchange_limit_item_": 1}, {"item_category_id_": 25, "item_category_name_id_": 25, "visible_exchange_limit_item_": 1}, {"item_category_id_": 26, "item_category_name_id_": 26, "visible_exchange_limit_item_": 1}, {"item_category_id_": 27, "item_category_name_id_": 27, "visible_exchange_limit_item_": 1}, {"item_category_id_": 28, "item_category_name_id_": 28, "visible_exchange_limit_item_": 1}, {"item_category_id_": 29, "item_category_name_id_": 29, "visible_exchange_limit_item_": 1}, {"item_category_id_": 31, "item_category_name_id_": 31, "visible_exchange_limit_item_": 1}, {"item_category_id_": 32, "item_category_name_id_": 32, "visible_exchange_limit_item_": 1}, {"item_category_id_": 33, "item_category_name_id_": 33, "visible_exchange_limit_item_": 1}, {"item_category_id_": 34, "item_category_name_id_": 34, "visible_exchange_limit_item_": 1}, {"item_category_id_": 35, "item_category_name_id_": 35, "visible_exchange_limit_item_": 1}, {"item_category_id_": 36, "item_category_name_id_": 36, "visible_exchange_limit_item_": 1}, {"item_category_id_": 41, "item_category_name_id_": 41, "visible_exchange_limit_item_": 1}, {"item_category_id_": 42, "item_category_name_id_": 42, "visible_exchange_limit_item_": 1}, {"item_category_id_": 43, "item_category_name_id_": 43, "visible_exchange_limit_item_": 1}, {"item_category_id_": 44, "item_category_name_id_": 44, "visible_exchange_limit_item_": 1}]