[{"title_plate_id_": 0, "plate_asset_name_": "TitlePlate_0", "release_flag_": 1}, {"title_plate_id_": 1, "plate_asset_name_": "TitlePlate_1", "release_flag_": 1}, {"title_plate_id_": 2, "plate_asset_name_": "TitlePlate_bronze", "release_flag_": 1}, {"title_plate_id_": 3, "plate_asset_name_": "TitlePlate_silver", "release_flag_": 1}, {"title_plate_id_": 4, "plate_asset_name_": "TitlePlate_gold", "release_flag_": 1}, {"title_plate_id_": 5, "plate_asset_name_": "TitlePlate_platinum", "release_flag_": 1}, {"title_plate_id_": 6, "plate_asset_name_": "TitlePlate_diamond", "release_flag_": 1}, {"title_plate_id_": 7, "plate_asset_name_": "TitlePlate_god", "release_flag_": 1}, {"title_plate_id_": 14, "plate_asset_name_": "TitlePlate_14", "release_flag_": 1}, {"title_plate_id_": 24, "plate_asset_name_": "TitlePlate_24", "release_flag_": 1}, {"title_plate_id_": 25, "plate_asset_name_": "TitlePlate_25", "release_flag_": 1}, {"title_plate_id_": 26, "plate_asset_name_": "TitlePlate_26", "release_flag_": 1}, {"title_plate_id_": 35, "plate_asset_name_": "TitlePlate_35", "release_flag_": 1}, {"title_plate_id_": 1000, "plate_asset_name_": "TitlePlate_1000", "release_flag_": 1}, {"title_plate_id_": 1001, "plate_asset_name_": "TitlePlate_1001", "release_flag_": 1}, {"title_plate_id_": 1200, "plate_asset_name_": "TitlePlate_1200", "release_flag_": 1}, {"title_plate_id_": 1201, "plate_asset_name_": "TitlePlate_1201", "release_flag_": 1}, {"title_plate_id_": 1202, "plate_asset_name_": "TitlePlate_1202", "release_flag_": 1}, {"title_plate_id_": 1203, "plate_asset_name_": "TitlePlate_1203", "release_flag_": 1}, {"title_plate_id_": 10001, "plate_asset_name_": "TitlePlate_10001", "release_flag_": 1}, {"title_plate_id_": 10002, "plate_asset_name_": "TitlePlate_10002", "release_flag_": 1}, {"title_plate_id_": 10003, "plate_asset_name_": "TitlePlate_10003", "release_flag_": 1}, {"title_plate_id_": 10004, "plate_asset_name_": "TitlePlate_10004", "release_flag_": 1}, {"title_plate_id_": 10005, "plate_asset_name_": "TitlePlate_10005", "release_flag_": 1}, {"title_plate_id_": 10006, "plate_asset_name_": "TitlePlate_10006", "release_flag_": 1}, {"title_plate_id_": 10007, "plate_asset_name_": "TitlePlate_10007", "release_flag_": 1}, {"title_plate_id_": 10008, "plate_asset_name_": "TitlePlate_10008", "release_flag_": 1}, {"title_plate_id_": 10009, "plate_asset_name_": "TitlePlate_10009", "release_flag_": 1}, {"title_plate_id_": 10010, "plate_asset_name_": "TitlePlate_10010", "release_flag_": 1}, {"title_plate_id_": 10011, "plate_asset_name_": "TitlePlate_10011", "release_flag_": 1}, {"title_plate_id_": 10012, "plate_asset_name_": "TitlePlate_10012", "release_flag_": 1}, {"title_plate_id_": 10013, "plate_asset_name_": "TitlePlate_10013", "release_flag_": 1}, {"title_plate_id_": 10014, "plate_asset_name_": "TitlePlate_10014", "release_flag_": 1}, {"title_plate_id_": 10015, "plate_asset_name_": "TitlePlate_10015", "release_flag_": 1}, {"title_plate_id_": 10016, "plate_asset_name_": "TitlePlate_10016", "release_flag_": 1}, {"title_plate_id_": 10017, "plate_asset_name_": "TitlePlate_10017", "release_flag_": 1}, {"title_plate_id_": 10018, "plate_asset_name_": "TitlePlate_10018", "release_flag_": 1}, {"title_plate_id_": 10019, "plate_asset_name_": "TitlePlate_10019", "release_flag_": 1}, {"title_plate_id_": 10021, "plate_asset_name_": "TitlePlate_10021", "release_flag_": 1}, {"title_plate_id_": 10022, "plate_asset_name_": "TitlePlate_10022", "release_flag_": 1}, {"title_plate_id_": 10023, "plate_asset_name_": "TitlePlate_10023", "release_flag_": 1}, {"title_plate_id_": 10024, "plate_asset_name_": "TitlePlate_10024", "release_flag_": 1}, {"title_plate_id_": 10025, "plate_asset_name_": "TitlePlate_10025", "release_flag_": 1}, {"title_plate_id_": 10026, "plate_asset_name_": "TitlePlate_10026", "release_flag_": 1}, {"title_plate_id_": 10027, "plate_asset_name_": "TitlePlate_10027", "release_flag_": 1}, {"title_plate_id_": 10028, "plate_asset_name_": "TitlePlate_10028", "release_flag_": 1}, {"title_plate_id_": 10029, "plate_asset_name_": "TitlePlate_10029", "release_flag_": 1}, {"title_plate_id_": 10030, "plate_asset_name_": "TitlePlate_10030", "release_flag_": 1}, {"title_plate_id_": 10031, "plate_asset_name_": "TitlePlate_10031", "release_flag_": 1}, {"title_plate_id_": 10032, "plate_asset_name_": "TitlePlate_10032", "release_flag_": 1}, {"title_plate_id_": 10033, "plate_asset_name_": "TitlePlate_10033", "release_flag_": 1}, {"title_plate_id_": 10034, "plate_asset_name_": "TitlePlate_10034", "release_flag_": 1}, {"title_plate_id_": 10035, "plate_asset_name_": "TitlePlate_10035", "release_flag_": 1}, {"title_plate_id_": 10036, "plate_asset_name_": "TitlePlate_10036", "release_flag_": 1}, {"title_plate_id_": 10037, "plate_asset_name_": "TitlePlate_10037", "release_flag_": 1}, {"title_plate_id_": 10038, "plate_asset_name_": "TitlePlate_10038", "release_flag_": 1}, {"title_plate_id_": 10039, "plate_asset_name_": "TitlePlate_10039", "release_flag_": 1}, {"title_plate_id_": 10040, "plate_asset_name_": "TitlePlate_10040", "release_flag_": 1}, {"title_plate_id_": 10041, "plate_asset_name_": "TitlePlate_10041", "release_flag_": 1}, {"title_plate_id_": 10042, "plate_asset_name_": "TitlePlate_10042", "release_flag_": 1}, {"title_plate_id_": 10043, "plate_asset_name_": "TitlePlate_10043", "release_flag_": 1}, {"title_plate_id_": 10044, "plate_asset_name_": "TitlePlate_10044", "release_flag_": 1}, {"title_plate_id_": 10045, "plate_asset_name_": "TitlePlate_10045", "release_flag_": 1}, {"title_plate_id_": 10046, "plate_asset_name_": "TitlePlate_10046", "release_flag_": 1}, {"title_plate_id_": 10047, "plate_asset_name_": "TitlePlate_10047", "release_flag_": 1}, {"title_plate_id_": 10048, "plate_asset_name_": "TitlePlate_10048", "release_flag_": 1}, {"title_plate_id_": 10049, "plate_asset_name_": "TitlePlate_10049", "release_flag_": 1}, {"title_plate_id_": 10050, "plate_asset_name_": "TitlePlate_10050", "release_flag_": 1}, {"title_plate_id_": 10051, "plate_asset_name_": "TitlePlate_10051", "release_flag_": 1}, {"title_plate_id_": 10052, "plate_asset_name_": "TitlePlate_10052", "release_flag_": 1}, {"title_plate_id_": 10053, "plate_asset_name_": "TitlePlate_10053", "release_flag_": 1}, {"title_plate_id_": 10054, "plate_asset_name_": "TitlePlate_10054", "release_flag_": 1}, {"title_plate_id_": 11001, "plate_asset_name_": "TitlePlate_11001", "release_flag_": 1}, {"title_plate_id_": 11002, "plate_asset_name_": "TitlePlate_11002", "release_flag_": 1}, {"title_plate_id_": 11003, "plate_asset_name_": "TitlePlate_11003", "release_flag_": 1}, {"title_plate_id_": 19101, "plate_asset_name_": "TitlePlate_19101", "release_flag_": 1}, {"title_plate_id_": 19201, "plate_asset_name_": "TitlePlate_19201", "release_flag_": 1}, {"title_plate_id_": 20000, "plate_asset_name_": "TitlePlate_20000", "release_flag_": 1}, {"title_plate_id_": 20001, "plate_asset_name_": "TitlePlate_20001", "release_flag_": 1}, {"title_plate_id_": 20002, "plate_asset_name_": "TitlePlate_20002", "release_flag_": 1}, {"title_plate_id_": 20003, "plate_asset_name_": "TitlePlate_20003", "release_flag_": 1}, {"title_plate_id_": 20004, "plate_asset_name_": "TitlePlate_20004", "release_flag_": 1}, {"title_plate_id_": 20005, "plate_asset_name_": "TitlePlate_20005", "release_flag_": 1}, {"title_plate_id_": 20006, "plate_asset_name_": "TitlePlate_20006", "release_flag_": 1}, {"title_plate_id_": 20007, "plate_asset_name_": "TitlePlate_20007", "release_flag_": 1}, {"title_plate_id_": 20100, "plate_asset_name_": "TitlePlate_20100", "release_flag_": 1}, {"title_plate_id_": 20200, "plate_asset_name_": "TitlePlate_22001", "release_flag_": 1}, {"title_plate_id_": 20500, "plate_asset_name_": "TitlePlate_20500", "release_flag_": 1}, {"title_plate_id_": 20600, "plate_asset_name_": "TitlePlate_20600", "release_flag_": 1}, {"title_plate_id_": 20700, "plate_asset_name_": "TitlePlate_20700", "release_flag_": 1}, {"title_plate_id_": 20800, "plate_asset_name_": "TitlePlate_20800", "release_flag_": 1}, {"title_plate_id_": 20900, "plate_asset_name_": "TitlePlate_20900", "release_flag_": 1}, {"title_plate_id_": 21000, "plate_asset_name_": "TitlePlate_21000", "release_flag_": 1}, {"title_plate_id_": 21100, "plate_asset_name_": "TitlePlate_21100", "release_flag_": 1}, {"title_plate_id_": 21200, "plate_asset_name_": "TitlePlate_21200", "release_flag_": 1}, {"title_plate_id_": 21300, "plate_asset_name_": "TitlePlate_21300", "release_flag_": 1}, {"title_plate_id_": 21400, "plate_asset_name_": "TitlePlate_21400", "release_flag_": 1}, {"title_plate_id_": 21401, "plate_asset_name_": "TitlePlate_21401", "release_flag_": 1}, {"title_plate_id_": 21402, "plate_asset_name_": "TitlePlate_21402", "release_flag_": 1}, {"title_plate_id_": 21500, "plate_asset_name_": "TitlePlate_21500", "release_flag_": 1}, {"title_plate_id_": 21600, "plate_asset_name_": "TitlePlate_21600", "release_flag_": 1}, {"title_plate_id_": 21700, "plate_asset_name_": "TitlePlate_21700", "release_flag_": 1}, {"title_plate_id_": 21800, "plate_asset_name_": "TitlePlate_21800", "release_flag_": 1}, {"title_plate_id_": 21900, "plate_asset_name_": "TitlePlate_21900", "release_flag_": 1}, {"title_plate_id_": 22000, "plate_asset_name_": "TitlePlate_22000", "release_flag_": 1}, {"title_plate_id_": 22200, "plate_asset_name_": "TitlePlate_22200", "release_flag_": 1}, {"title_plate_id_": 22400, "plate_asset_name_": "TitlePlate_22400", "release_flag_": 1}, {"title_plate_id_": 22600, "plate_asset_name_": "TitlePlate_22600", "release_flag_": 1}, {"title_plate_id_": 22700, "plate_asset_name_": "TitlePlate_22700", "release_flag_": 1}, {"title_plate_id_": 22900, "plate_asset_name_": "TitlePlate_22900", "release_flag_": 1}, {"title_plate_id_": 23100, "plate_asset_name_": "TitlePlate_23100", "release_flag_": 1}, {"title_plate_id_": 23300, "plate_asset_name_": "TitlePlate_23300", "release_flag_": 1}, {"title_plate_id_": 23600, "plate_asset_name_": "TitlePlate_23600", "release_flag_": 1}, {"title_plate_id_": 23800, "plate_asset_name_": "TitlePlate_23800", "release_flag_": 1}, {"title_plate_id_": 23900, "plate_asset_name_": "TitlePlate_23900", "release_flag_": 1}, {"title_plate_id_": 24000, "plate_asset_name_": "TitlePlate_24000", "release_flag_": 1}, {"title_plate_id_": 24200, "plate_asset_name_": "TitlePlate_24200", "release_flag_": 1}, {"title_plate_id_": 24300, "plate_asset_name_": "TitlePlate_24300", "release_flag_": 1}, {"title_plate_id_": 24600, "plate_asset_name_": "TitlePlate_24600", "release_flag_": 1}, {"title_plate_id_": 24700, "plate_asset_name_": "TitlePlate_24700", "release_flag_": 1}, {"title_plate_id_": 24800, "plate_asset_name_": "TitlePlate_24800", "release_flag_": 1}, {"title_plate_id_": 25001, "plate_asset_name_": "TitlePlate_25001", "release_flag_": 1}, {"title_plate_id_": 25002, "plate_asset_name_": "TitlePlate_25002", "release_flag_": 1}, {"title_plate_id_": 25003, "plate_asset_name_": "TitlePlate_25003", "release_flag_": 1}, {"title_plate_id_": 25004, "plate_asset_name_": "TitlePlate_25004", "release_flag_": 1}, {"title_plate_id_": 25200, "plate_asset_name_": "TitlePlate_25200", "release_flag_": 1}, {"title_plate_id_": 25500, "plate_asset_name_": "TitlePlate_25500", "release_flag_": 1}, {"title_plate_id_": 25600, "plate_asset_name_": "TitlePlate_25600", "release_flag_": 1}, {"title_plate_id_": 25900, "plate_asset_name_": "TitlePlate_25900", "release_flag_": 1}, {"title_plate_id_": 26000, "plate_asset_name_": "TitlePlate_26000", "release_flag_": 1}, {"title_plate_id_": 26700, "plate_asset_name_": "TitlePlate_26700", "release_flag_": 1}, {"title_plate_id_": 27100, "plate_asset_name_": "TitlePlate_27100", "release_flag_": 1}, {"title_plate_id_": 27300, "plate_asset_name_": "TitlePlate_27300", "release_flag_": 1}, {"title_plate_id_": 27600, "plate_asset_name_": "TitlePlate_27600", "release_flag_": 1}, {"title_plate_id_": 28000, "plate_asset_name_": "TitlePlate_28000", "release_flag_": 1}, {"title_plate_id_": 28200, "plate_asset_name_": "TitlePlate_28200", "release_flag_": 1}, {"title_plate_id_": 28300, "plate_asset_name_": "TitlePlate_28300", "release_flag_": 1}, {"title_plate_id_": 28400, "plate_asset_name_": "TitlePlate_28400", "release_flag_": 1}, {"title_plate_id_": 28401, "plate_asset_name_": "TitlePlate_28401", "release_flag_": 1}, {"title_plate_id_": 28600, "plate_asset_name_": "TitlePlate_28600", "release_flag_": 1}, {"title_plate_id_": 28700, "plate_asset_name_": "TitlePlate_28700", "release_flag_": 1}, {"title_plate_id_": 28701, "plate_asset_name_": "TitlePlate_28701", "release_flag_": 1}, {"title_plate_id_": 28702, "plate_asset_name_": "TitlePlate_28702", "release_flag_": 1}, {"title_plate_id_": 28800, "plate_asset_name_": "TitlePlate_28800", "release_flag_": 1}, {"title_plate_id_": 28900, "plate_asset_name_": "TitlePlate_28900", "release_flag_": 1}, {"title_plate_id_": 29000, "plate_asset_name_": "TitlePlate_29000", "release_flag_": 1}, {"title_plate_id_": 29100, "plate_asset_name_": "TitlePlate_29100", "release_flag_": 1}, {"title_plate_id_": 29200, "plate_asset_name_": "TitlePlate_29200", "release_flag_": 1}, {"title_plate_id_": 29300, "plate_asset_name_": "TitlePlate_29300", "release_flag_": 1}, {"title_plate_id_": 29400, "plate_asset_name_": "TitlePlate_29400", "release_flag_": 1}, {"title_plate_id_": 29500, "plate_asset_name_": "TitlePlate_29500", "release_flag_": 1}, {"title_plate_id_": 29600, "plate_asset_name_": "TitlePlate_29600", "release_flag_": 1}, {"title_plate_id_": 29700, "plate_asset_name_": "TitlePlate_29700", "release_flag_": 1}, {"title_plate_id_": 29900, "plate_asset_name_": "TitlePlate_29900", "release_flag_": 1}, {"title_plate_id_": 30800, "plate_asset_name_": "TitlePlate_30800", "release_flag_": 1}, {"title_plate_id_": 40001, "plate_asset_name_": "TitlePlate_23001_01", "release_flag_": 1}, {"title_plate_id_": 20400, "plate_asset_name_": "TitlePlate_20400", "release_flag_": 1}, {"title_plate_id_": 50003, "plate_asset_name_": "TitlePlate_50003", "release_flag_": 1}, {"title_plate_id_": 50004, "plate_asset_name_": "TitlePlate_50004", "release_flag_": 1}, {"title_plate_id_": 50005, "plate_asset_name_": "TitlePlate_50005", "release_flag_": 1}, {"title_plate_id_": 50006, "plate_asset_name_": "TitlePlate_50006", "release_flag_": 1}, {"title_plate_id_": 50007, "plate_asset_name_": "TitlePlate_50007", "release_flag_": 1}, {"title_plate_id_": 50008, "plate_asset_name_": "TitlePlate_50008", "release_flag_": 1}, {"title_plate_id_": 50009, "plate_asset_name_": "TitlePlate_50009", "release_flag_": 1}, {"title_plate_id_": 50010, "plate_asset_name_": "TitlePlate_50010", "release_flag_": 1}, {"title_plate_id_": 50011, "plate_asset_name_": "TitlePlate_50011", "release_flag_": 1}, {"title_plate_id_": 50012, "plate_asset_name_": "TitlePlate_50012_1", "release_flag_": 1}, {"title_plate_id_": 50014, "plate_asset_name_": "TitlePlate_50014", "release_flag_": 1}, {"title_plate_id_": 50015, "plate_asset_name_": "TitlePlate_50015", "release_flag_": 1}, {"title_plate_id_": 50016, "plate_asset_name_": "TitlePlate_50016", "release_flag_": 1}, {"title_plate_id_": 50017, "plate_asset_name_": "TitlePlate_50017", "release_flag_": 1}, {"title_plate_id_": 50018, "plate_asset_name_": "TitlePlate_50018", "release_flag_": 1}, {"title_plate_id_": 50019, "plate_asset_name_": "TitlePlate_50019", "release_flag_": 1}, {"title_plate_id_": 50020, "plate_asset_name_": "TitlePlate_50020", "release_flag_": 1}, {"title_plate_id_": 50021, "plate_asset_name_": "TitlePlate_50021", "release_flag_": 1}, {"title_plate_id_": 50022, "plate_asset_name_": "TitlePlate_50022", "release_flag_": 1}, {"title_plate_id_": 50023, "plate_asset_name_": "TitlePlate_50023", "release_flag_": 1}, {"title_plate_id_": 50024, "plate_asset_name_": "TitlePlate_50024", "release_flag_": 1}, {"title_plate_id_": 50025, "plate_asset_name_": "TitlePlate_50025", "release_flag_": 1}, {"title_plate_id_": 50026, "plate_asset_name_": "TitlePlate_50026", "release_flag_": 1}, {"title_plate_id_": 50029, "plate_asset_name_": "TitlePlate_50029", "release_flag_": 1}, {"title_plate_id_": 50030, "plate_asset_name_": "TitlePlate_50030", "release_flag_": 1}, {"title_plate_id_": 50031, "plate_asset_name_": "TitlePlate_50031", "release_flag_": 1}, {"title_plate_id_": 50032, "plate_asset_name_": "TitlePlate_50032", "release_flag_": 1}, {"title_plate_id_": 50033, "plate_asset_name_": "TitlePlate_50033", "release_flag_": 1}, {"title_plate_id_": 50034, "plate_asset_name_": "TitlePlate_50034", "release_flag_": 1}, {"title_plate_id_": 50035, "plate_asset_name_": "TitlePlate_50035", "release_flag_": 1}, {"title_plate_id_": 50036, "plate_asset_name_": "TitlePlate_50036", "release_flag_": 1}, {"title_plate_id_": 50037, "plate_asset_name_": "TitlePlate_50037", "release_flag_": 1}, {"title_plate_id_": 50038, "plate_asset_name_": "TitlePlate_50038", "release_flag_": 1}, {"title_plate_id_": 50039, "plate_asset_name_": "TitlePlate_50039", "release_flag_": 1}, {"title_plate_id_": 50040, "plate_asset_name_": "TitlePlate_50040", "release_flag_": 1}, {"title_plate_id_": 50041, "plate_asset_name_": "TitlePlate_50041", "release_flag_": 1}, {"title_plate_id_": 50042, "plate_asset_name_": "TitlePlate_50042", "release_flag_": 1}, {"title_plate_id_": 50043, "plate_asset_name_": "TitlePlate_50043", "release_flag_": 1}, {"title_plate_id_": 50044, "plate_asset_name_": "TitlePlate_50044", "release_flag_": 1}, {"title_plate_id_": 50045, "plate_asset_name_": "TitlePlate_50045", "release_flag_": 1}, {"title_plate_id_": 50046, "plate_asset_name_": "TitlePlate_50046", "release_flag_": 1}, {"title_plate_id_": 50047, "plate_asset_name_": "TitlePlate_50047", "release_flag_": 1}, {"title_plate_id_": 50048, "plate_asset_name_": "TitlePlate_50048", "release_flag_": 1}, {"title_plate_id_": 50049, "plate_asset_name_": "TitlePlate_50049", "release_flag_": 1}, {"title_plate_id_": 50050, "plate_asset_name_": "TitlePlate_50050", "release_flag_": 1}, {"title_plate_id_": 50051, "plate_asset_name_": "TitlePlate_50051", "release_flag_": 1}, {"title_plate_id_": 50052, "plate_asset_name_": "TitlePlate_50052", "release_flag_": 1}, {"title_plate_id_": 50053, "plate_asset_name_": "TitlePlate_50053", "release_flag_": 1}, {"title_plate_id_": 50054, "plate_asset_name_": "TitlePlate_50054", "release_flag_": 1}, {"title_plate_id_": 50055, "plate_asset_name_": "TitlePlate_50055", "release_flag_": 1}, {"title_plate_id_": 50056, "plate_asset_name_": "TitlePlate_50056", "release_flag_": 1}, {"title_plate_id_": 50057, "plate_asset_name_": "TitlePlate_50057", "release_flag_": 1}, {"title_plate_id_": 50058, "plate_asset_name_": "TitlePlate_50058", "release_flag_": 1}, {"title_plate_id_": 50059, "plate_asset_name_": "TitlePlate_50059", "release_flag_": 1}, {"title_plate_id_": 50060, "plate_asset_name_": "TitlePlate_50060", "release_flag_": 1}, {"title_plate_id_": 50061, "plate_asset_name_": "TitlePlate_50061", "release_flag_": 1}, {"title_plate_id_": 58001, "plate_asset_name_": "TitlePlate_58001", "release_flag_": 1}, {"title_plate_id_": 60002, "plate_asset_name_": "TitlePlate_60002", "release_flag_": 1}, {"title_plate_id_": 60003, "plate_asset_name_": "TitlePlate_60003", "release_flag_": 1}, {"title_plate_id_": 60004, "plate_asset_name_": "TitlePlate_60004", "release_flag_": 1}, {"title_plate_id_": 60005, "plate_asset_name_": "TitlePlate_60005", "release_flag_": 1}, {"title_plate_id_": 60006, "plate_asset_name_": "TitlePlate_60006", "release_flag_": 1}, {"title_plate_id_": 60007, "plate_asset_name_": "TitlePlate_60007", "release_flag_": 1}, {"title_plate_id_": 60008, "plate_asset_name_": "TitlePlate_60008", "release_flag_": 1}, {"title_plate_id_": 60009, "plate_asset_name_": "TitlePlate_60009", "release_flag_": 1}, {"title_plate_id_": 60010, "plate_asset_name_": "TitlePlate_60010", "release_flag_": 1}, {"title_plate_id_": 60011, "plate_asset_name_": "TitlePlate_60011", "release_flag_": 1}, {"title_plate_id_": 60012, "plate_asset_name_": "TitlePlate_60012", "release_flag_": 1}, {"title_plate_id_": 60013, "plate_asset_name_": "TitlePlate_60013", "release_flag_": 1}, {"title_plate_id_": 60014, "plate_asset_name_": "TitlePlate_60014", "release_flag_": 1}, {"title_plate_id_": 60015, "plate_asset_name_": "TitlePlate_60015", "release_flag_": 1}, {"title_plate_id_": 60016, "plate_asset_name_": "TitlePlate_60016", "release_flag_": 1}, {"title_plate_id_": 60018, "plate_asset_name_": "TitlePlate_60018", "release_flag_": 1}, {"title_plate_id_": 60021, "plate_asset_name_": "TitlePlate_60021", "release_flag_": 1}, {"title_plate_id_": 60022, "plate_asset_name_": "TitlePlate_60022", "release_flag_": 1}, {"title_plate_id_": 60023, "plate_asset_name_": "TitlePlate_60023", "release_flag_": 1}, {"title_plate_id_": 60025, "plate_asset_name_": "TitlePlate_60025", "release_flag_": 1}, {"title_plate_id_": 60026, "plate_asset_name_": "TitlePlate_60026", "release_flag_": 1}, {"title_plate_id_": 60027, "plate_asset_name_": "TitlePlate_60027", "release_flag_": 1}, {"title_plate_id_": 60028, "plate_asset_name_": "TitlePlate_60028", "release_flag_": 1}, {"title_plate_id_": 60029, "plate_asset_name_": "TitlePlate_60029", "release_flag_": 1}, {"title_plate_id_": 60030, "plate_asset_name_": "TitlePlate_60030", "release_flag_": 1}, {"title_plate_id_": 60031, "plate_asset_name_": "TitlePlate_60031", "release_flag_": 1}, {"title_plate_id_": 60032, "plate_asset_name_": "TitlePlate_60032", "release_flag_": 1}, {"title_plate_id_": 61202, "plate_asset_name_": "TitlePlate_61202", "release_flag_": 1}, {"title_plate_id_": 72005, "plate_asset_name_": "TitlePlate_72005", "release_flag_": 1}, {"title_plate_id_": 72008, "plate_asset_name_": "TitlePlate_72008", "release_flag_": 1}, {"title_plate_id_": 72009, "plate_asset_name_": "TitlePlate_72009", "release_flag_": 1}, {"title_plate_id_": 80026, "plate_asset_name_": "TitlePlate_80026", "release_flag_": 1}, {"title_plate_id_": 80031, "plate_asset_name_": "TitlePlate_80031", "release_flag_": 1}, {"title_plate_id_": 100003, "plate_asset_name_": "TitlePlate_100003", "release_flag_": 1}, {"title_plate_id_": 100004, "plate_asset_name_": "TitlePlate_100004", "release_flag_": 1}, {"title_plate_id_": 100008, "plate_asset_name_": "TitlePlate_100008", "release_flag_": 1}, {"title_plate_id_": 1000101, "plate_asset_name_": "TitlePlate_100010_1", "release_flag_": 1}, {"title_plate_id_": 1000102, "plate_asset_name_": "TitlePlate_100010_2", "release_flag_": 1}, {"title_plate_id_": 100011, "plate_asset_name_": "TitlePlate_100011", "release_flag_": 1}, {"title_plate_id_": 100012, "plate_asset_name_": "TitlePlate_100012", "release_flag_": 1}, {"title_plate_id_": 100014, "plate_asset_name_": "TitlePlate_100014", "release_flag_": 1}, {"title_plate_id_": 100016, "plate_asset_name_": "TitlePlate_100016", "release_flag_": 1}, {"title_plate_id_": 101003, "plate_asset_name_": "TitlePlate_101003", "release_flag_": 1}, {"title_plate_id_": 200000, "plate_asset_name_": "TitlePlate_20000001", "release_flag_": 1}, {"title_plate_id_": 200021, "plate_asset_name_": "TitlePlate_200021", "release_flag_": 1}, {"title_plate_id_": 200025, "plate_asset_name_": "TitlePlate_200025", "release_flag_": 1}, {"title_plate_id_": 200026, "plate_asset_name_": "TitlePlate_200026", "release_flag_": 1}, {"title_plate_id_": 5000101, "plate_asset_name_": "TitlePlate_5000101", "release_flag_": 1}, {"title_plate_id_": 5000102, "plate_asset_name_": "TitlePlate_5000102", "release_flag_": 1}, {"title_plate_id_": 5000103, "plate_asset_name_": "TitlePlate_5000103", "release_flag_": 1}, {"title_plate_id_": 5000104, "plate_asset_name_": "TitlePlate_5000104", "release_flag_": 1}, {"title_plate_id_": 5000105, "plate_asset_name_": "TitlePlate_5000105", "release_flag_": 1}, {"title_plate_id_": 5000106, "plate_asset_name_": "TitlePlate_5000106", "release_flag_": 1}, {"title_plate_id_": 5000107, "plate_asset_name_": "TitlePlate_5000107", "release_flag_": 1}, {"title_plate_id_": 5000108, "plate_asset_name_": "TitlePlate_5000108", "release_flag_": 1}, {"title_plate_id_": 5000116, "plate_asset_name_": "TitlePlate_5000116", "release_flag_": 1}, {"title_plate_id_": 5000121, "plate_asset_name_": "TitlePlate_5000121", "release_flag_": 1}, {"title_plate_id_": 5000122, "plate_asset_name_": "TitlePlate_5000122", "release_flag_": 1}, {"title_plate_id_": 5000123, "plate_asset_name_": "TitlePlate_5000123", "release_flag_": 1}, {"title_plate_id_": 5000124, "plate_asset_name_": "TitlePlate_5000124", "release_flag_": 1}, {"title_plate_id_": 5000125, "plate_asset_name_": "TitlePlate_5000125", "release_flag_": 1}, {"title_plate_id_": 5000126, "plate_asset_name_": "TitlePlate_5000126", "release_flag_": 1}, {"title_plate_id_": 5000127, "plate_asset_name_": "TitlePlate_5000127", "release_flag_": 1}, {"title_plate_id_": 5000129, "plate_asset_name_": "TitlePlate_5000129", "release_flag_": 1}, {"title_plate_id_": 5000131, "plate_asset_name_": "TitlePlate_5000131", "release_flag_": 1}, {"title_plate_id_": 5000132, "plate_asset_name_": "TitlePlate_5000132", "release_flag_": 1}, {"title_plate_id_": 5000133, "plate_asset_name_": "TitlePlate_5000133", "release_flag_": 1}, {"title_plate_id_": 5000135, "plate_asset_name_": "TitlePlate_5000135", "release_flag_": 1}, {"title_plate_id_": 5000136, "plate_asset_name_": "TitlePlate_5000136", "release_flag_": 1}, {"title_plate_id_": 5000137, "plate_asset_name_": "TitlePlate_5000137", "release_flag_": 1}, {"title_plate_id_": 5000141, "plate_asset_name_": "TitlePlate_5000141", "release_flag_": 1}, {"title_plate_id_": 5000145, "plate_asset_name_": "TitlePlate_5000145", "release_flag_": 1}, {"title_plate_id_": 5000146, "plate_asset_name_": "TitlePlate_5000146", "release_flag_": 1}, {"title_plate_id_": 5000147, "plate_asset_name_": "TitlePlate_5000147", "release_flag_": 1}, {"title_plate_id_": 5000148, "plate_asset_name_": "TitlePlate_5000148", "release_flag_": 1}, {"title_plate_id_": 5000149, "plate_asset_name_": "TitlePlate_5000149", "release_flag_": 1}, {"title_plate_id_": 5000150, "plate_asset_name_": "TitlePlate_5000150", "release_flag_": 1}, {"title_plate_id_": 5000151, "plate_asset_name_": "TitlePlate_5000151", "release_flag_": 1}, {"title_plate_id_": 5000152, "plate_asset_name_": "TitlePlate_5000152", "release_flag_": 1}, {"title_plate_id_": 5000201, "plate_asset_name_": "TitlePlate_50002", "release_flag_": 1}, {"title_plate_id_": 5000301, "plate_asset_name_": "TitlePlate_5000301", "release_flag_": 1}, {"title_plate_id_": 5000302, "plate_asset_name_": "TitlePlate_5000302", "release_flag_": 1}, {"title_plate_id_": 5000303, "plate_asset_name_": "TitlePlate_5000303", "release_flag_": 1}, {"title_plate_id_": 5000401, "plate_asset_name_": "TitlePlate_5000401", "release_flag_": 1}, {"title_plate_id_": 5000500, "plate_asset_name_": "TitlePlate_5000500", "release_flag_": 1}, {"title_plate_id_": 5000501, "plate_asset_name_": "TitlePlate_5000501", "release_flag_": 1}, {"title_plate_id_": 5000502, "plate_asset_name_": "TitlePlate_5000502", "release_flag_": 1}, {"title_plate_id_": 5000503, "plate_asset_name_": "TitlePlate_5000503", "release_flag_": 1}, {"title_plate_id_": 5000600, "plate_asset_name_": "TitlePlate_5000600", "release_flag_": 1}, {"title_plate_id_": 5000601, "plate_asset_name_": "TitlePlate_5000601", "release_flag_": 1}, {"title_plate_id_": 5000602, "plate_asset_name_": "TitlePlate_5000602", "release_flag_": 1}, {"title_plate_id_": 5000603, "plate_asset_name_": "TitlePlate_5000603", "release_flag_": 1}, {"title_plate_id_": 5000700, "plate_asset_name_": "TitlePlate_5000700", "release_flag_": 1}, {"title_plate_id_": 5000701, "plate_asset_name_": "TitlePlate_5000701", "release_flag_": 1}, {"title_plate_id_": 5000702, "plate_asset_name_": "TitlePlate_5000702", "release_flag_": 1}, {"title_plate_id_": 5000703, "plate_asset_name_": "TitlePlate_5000703", "release_flag_": 1}, {"title_plate_id_": 5000800, "plate_asset_name_": "TitlePlate_5000800", "release_flag_": 1}, {"title_plate_id_": 5000801, "plate_asset_name_": "TitlePlate_5000801", "release_flag_": 1}, {"title_plate_id_": 5000802, "plate_asset_name_": "TitlePlate_5000802", "release_flag_": 1}, {"title_plate_id_": 5000803, "plate_asset_name_": "TitlePlate_5000803", "release_flag_": 1}, {"title_plate_id_": 5000900, "plate_asset_name_": "TitlePlate_5000900", "release_flag_": 1}, {"title_plate_id_": 5000901, "plate_asset_name_": "TitlePlate_5000901", "release_flag_": 1}, {"title_plate_id_": 5000902, "plate_asset_name_": "TitlePlate_5000902", "release_flag_": 1}, {"title_plate_id_": 5000903, "plate_asset_name_": "TitlePlate_5000903", "release_flag_": 1}, {"title_plate_id_": 5001000, "plate_asset_name_": "TitlePlate_5001000", "release_flag_": 1}, {"title_plate_id_": 5001001, "plate_asset_name_": "TitlePlate_5001001", "release_flag_": 1}, {"title_plate_id_": 5001002, "plate_asset_name_": "TitlePlate_5001002", "release_flag_": 1}, {"title_plate_id_": 5001003, "plate_asset_name_": "TitlePlate_5001003", "release_flag_": 1}, {"title_plate_id_": 5000130, "plate_asset_name_": "TitlePlate_5000130", "release_flag_": 1}, {"title_plate_id_": 20004601, "plate_asset_name_": "TitlePlate_20004601", "release_flag_": 1}, {"title_plate_id_": 20004602, "plate_asset_name_": "TitlePlate_20004602", "release_flag_": 1}, {"title_plate_id_": 20004603, "plate_asset_name_": "TitlePlate_20004603", "release_flag_": 1}, {"title_plate_id_": 20004604, "plate_asset_name_": "TitlePlate_20004604", "release_flag_": 1}]