[{"item_id_": 1, "name_id_": 1, "detail_id_": 1, "num_limit_": 999, "icon_asset_name_": "Cmn_icnTicketTournament1", "item_disable_flag_": 0, "release_flag_": 1}, {"item_id_": 2, "name_id_": 2, "detail_id_": 2, "num_limit_": 999, "icon_asset_name_": "Cmn_icnTicketTournament1", "item_disable_flag_": 0, "release_flag_": 1}, {"item_id_": 3, "name_id_": 3, "detail_id_": 2, "num_limit_": 999, "icon_asset_name_": "Cmn_icnTicketTournament1", "item_disable_flag_": 0, "release_flag_": 1}, {"item_id_": 4, "name_id_": 3, "detail_id_": 3, "num_limit_": 999, "icon_asset_name_": "Cmn_icnTicketTournament1", "item_disable_flag_": 0, "release_flag_": 1}, {"item_id_": 5, "name_id_": 2, "detail_id_": 2, "num_limit_": 999, "icon_asset_name_": "Cmn_icnTicketTournament1", "item_disable_flag_": 0, "release_flag_": 1}, {"item_id_": 6, "name_id_": 3, "detail_id_": 3, "num_limit_": 999, "icon_asset_name_": "Cmn_icnTicketTournament1", "item_disable_flag_": 0, "release_flag_": 1}, {"item_id_": 7, "name_id_": 3, "detail_id_": 3, "num_limit_": 999, "icon_asset_name_": "Cmn_icnTicketTournament1", "item_disable_flag_": 0, "release_flag_": 1}, {"item_id_": 8, "name_id_": 3, "detail_id_": 3, "num_limit_": 999, "icon_asset_name_": "Cmn_icnTicketTournament1", "item_disable_flag_": 0, "release_flag_": 1}, {"item_id_": 9, "name_id_": 3, "detail_id_": 3, "num_limit_": 999, "icon_asset_name_": "Cmn_icnTicketTournament1", "item_disable_flag_": 0, "release_flag_": 1}, {"item_id_": 10, "name_id_": 3, "detail_id_": 3, "num_limit_": 999, "icon_asset_name_": "Cmn_icnTicketTournament1", "item_disable_flag_": 0, "release_flag_": 1}, {"item_id_": 11, "name_id_": 3, "detail_id_": 3, "num_limit_": 999, "icon_asset_name_": "Cmn_icnTicketTournament1", "item_disable_flag_": 0, "release_flag_": 1}, {"item_id_": 12, "name_id_": 3, "detail_id_": 3, "num_limit_": 999, "icon_asset_name_": "Cmn_icnTicketTournament1", "item_disable_flag_": 0, "release_flag_": 1}, {"item_id_": 13, "name_id_": 3, "detail_id_": 3, "num_limit_": 999, "icon_asset_name_": "Cmn_icnTicketTournament1", "item_disable_flag_": 0, "release_flag_": 1}, {"item_id_": 14, "name_id_": 3, "detail_id_": 3, "num_limit_": 999, "icon_asset_name_": "Cmn_icnTicketTournament1", "item_disable_flag_": 0, "release_flag_": 1}, {"item_id_": 15, "name_id_": 3, "detail_id_": 3, "num_limit_": 999, "icon_asset_name_": "Cmn_icnTicketTournament1", "item_disable_flag_": 0, "release_flag_": 1}, {"item_id_": 16, "name_id_": 3, "detail_id_": 3, "num_limit_": 999, "icon_asset_name_": "Cmn_icnTicketTournament1", "item_disable_flag_": 0, "release_flag_": 1}, {"item_id_": 17, "name_id_": 3, "detail_id_": 3, "num_limit_": 999, "icon_asset_name_": "Cmn_icnTicketTournament1", "item_disable_flag_": 0, "release_flag_": 1}, {"item_id_": 18, "name_id_": 3, "detail_id_": 3, "num_limit_": 999, "icon_asset_name_": "Cmn_icnTicketTournament1", "item_disable_flag_": 0, "release_flag_": 1}, {"item_id_": 19, "name_id_": 3, "detail_id_": 3, "num_limit_": 999, "icon_asset_name_": "Cmn_icnTicketTournament1", "item_disable_flag_": 0, "release_flag_": 1}, {"item_id_": 20, "name_id_": 3, "detail_id_": 3, "num_limit_": 999, "icon_asset_name_": "Cmn_icnTicketTournament1", "item_disable_flag_": 0, "release_flag_": 1}, {"item_id_": 21, "name_id_": 3, "detail_id_": 3, "num_limit_": 999, "icon_asset_name_": "Cmn_icnTicketTournament1", "item_disable_flag_": 0, "release_flag_": 1}, {"item_id_": 22, "name_id_": 3, "detail_id_": 3, "num_limit_": 999, "icon_asset_name_": "Cmn_icnTicketTournament1", "item_disable_flag_": 0, "release_flag_": 1}, {"item_id_": 23, "name_id_": 3, "detail_id_": 3, "num_limit_": 999, "icon_asset_name_": "Cmn_icnTicketTournament1", "item_disable_flag_": 0, "release_flag_": 1}, {"item_id_": 24, "name_id_": 3, "detail_id_": 3, "num_limit_": 999, "icon_asset_name_": "Cmn_icnTicketTournament1", "item_disable_flag_": 0, "release_flag_": 1}, {"item_id_": 25, "name_id_": 3, "detail_id_": 3, "num_limit_": 999, "icon_asset_name_": "Cmn_icnTicketTournament1", "item_disable_flag_": 0, "release_flag_": 1}, {"item_id_": 26, "name_id_": 3, "detail_id_": 3, "num_limit_": 999, "icon_asset_name_": "Cmn_icnTicketTournament1", "item_disable_flag_": 0, "release_flag_": 1}]