[{"item_id_": 0, "name_id_": 0, "detail_id_": 0, "num_limit_": 9999, "icon_asset_name_": "TrItm_icn000", "item_disable_flag_": 0, "show_flag_": 1, "release_flag_": 1}, {"item_id_": 1, "name_id_": 1, "detail_id_": 1, "num_limit_": 9999, "icon_asset_name_": "TrItm_icn001", "item_disable_flag_": 0, "show_flag_": 1, "release_flag_": 1}, {"item_id_": 2, "name_id_": 2, "detail_id_": 2, "num_limit_": 9999, "icon_asset_name_": "TrItm_icn002", "item_disable_flag_": 0, "show_flag_": 1, "release_flag_": 1}, {"item_id_": 3, "name_id_": 3, "detail_id_": 3, "num_limit_": 9999, "icon_asset_name_": "TrItm_icn003", "item_disable_flag_": 0, "show_flag_": 1, "release_flag_": 1}, {"item_id_": 4, "name_id_": 4, "detail_id_": 4, "num_limit_": 9999, "icon_asset_name_": "TrItm_icn004", "item_disable_flag_": 0, "show_flag_": 1, "release_flag_": 1}, {"item_id_": 5, "name_id_": 5, "detail_id_": 5, "num_limit_": 9999, "icon_asset_name_": "TrItm_icn005", "item_disable_flag_": 0, "show_flag_": 1, "release_flag_": 1}, {"item_id_": 6, "name_id_": 6, "detail_id_": 6, "num_limit_": 9999, "icon_asset_name_": "TrItm_icn006", "item_disable_flag_": 0, "show_flag_": 1, "release_flag_": 1}, {"item_id_": 10, "name_id_": 10, "detail_id_": 10, "num_limit_": 9999, "icon_asset_name_": "TrItm_icn010", "item_disable_flag_": 0, "show_flag_": 1, "release_flag_": 1}, {"item_id_": 11, "name_id_": 11, "detail_id_": 11, "num_limit_": 9999, "icon_asset_name_": "TrItm_icn011", "item_disable_flag_": 0, "show_flag_": 1, "release_flag_": 1}, {"item_id_": 15, "name_id_": 15, "detail_id_": 15, "num_limit_": 9999, "icon_asset_name_": "TrItm_icn015", "item_disable_flag_": 0, "show_flag_": 1, "release_flag_": 1}, {"item_id_": 16, "name_id_": 16, "detail_id_": 16, "num_limit_": 9999, "icon_asset_name_": "TrItm_icn016", "item_disable_flag_": 0, "show_flag_": 1, "release_flag_": 1}, {"item_id_": 17, "name_id_": 17, "detail_id_": 17, "num_limit_": 9999, "icon_asset_name_": "TrItm_icn017", "item_disable_flag_": 0, "show_flag_": 1, "release_flag_": 1}, {"item_id_": 19, "name_id_": 19, "detail_id_": 19, "num_limit_": 9999, "icon_asset_name_": "TrItm_icn019", "item_disable_flag_": 0, "show_flag_": 1, "release_flag_": 1}, {"item_id_": 21, "name_id_": 21, "detail_id_": 21, "num_limit_": 9999, "icon_asset_name_": "TrItm_icn021", "item_disable_flag_": 0, "show_flag_": 1, "release_flag_": 1}, {"item_id_": 22, "name_id_": 22, "detail_id_": 22, "num_limit_": 9999, "icon_asset_name_": "TrItm_icn022", "item_disable_flag_": 0, "show_flag_": 1, "release_flag_": 1}]