[{"item_id_": 0, "name_id_": 0, "detail_id_": 0, "num_limit_": -1, "icon_asset_name_": "ZpIco_0000_Goku_01", "item_disable_flag_": 0, "release_flag_": 1}, {"item_id_": 1, "name_id_": 1, "detail_id_": 1, "num_limit_": -1, "icon_asset_name_": "ZpIco_0001_Goku_02", "item_disable_flag_": 0, "release_flag_": 1}, {"item_id_": 2, "name_id_": 2, "detail_id_": 2, "num_limit_": -1, "icon_asset_name_": "ZpIco_0002_GohanKid_01", "item_disable_flag_": 0, "release_flag_": 1}, {"item_id_": 3, "name_id_": 3, "detail_id_": 3, "num_limit_": -1, "icon_asset_name_": "ZpIco_0003_GohanKid_02", "item_disable_flag_": 0, "release_flag_": 1}, {"item_id_": 4, "name_id_": 4, "detail_id_": 4, "num_limit_": -1, "icon_asset_name_": "ZpIco_0004_Piccolo_01", "item_disable_flag_": 0, "release_flag_": 1}, {"item_id_": 5, "name_id_": 5, "detail_id_": 5, "num_limit_": -1, "icon_asset_name_": "ZpIco_0005_Krillin_01", "item_disable_flag_": 0, "release_flag_": 1}, {"item_id_": 6, "name_id_": 6, "detail_id_": 6, "num_limit_": -1, "icon_asset_name_": "ZpIco_0006_Krillin_02", "item_disable_flag_": 0, "release_flag_": 1}, {"item_id_": 7, "name_id_": 7, "detail_id_": 7, "num_limit_": -1, "icon_asset_name_": "ZpIco_0007_Yamucha_01", "item_disable_flag_": 0, "release_flag_": 1}, {"item_id_": 8, "name_id_": 8, "detail_id_": 8, "num_limit_": -1, "icon_asset_name_": "ZpIco_0008_TienShinhan_01", "item_disable_flag_": 0, "release_flag_": 1}, {"item_id_": 9, "name_id_": 9, "detail_id_": 9, "num_limit_": -1, "icon_asset_name_": "ZpIco_0009_Chaozu_01", "item_disable_flag_": 0, "release_flag_": 1}, {"item_id_": 10, "name_id_": 10, "detail_id_": 10, "num_limit_": -1, "icon_asset_name_": "ZpIco_0010_Raditz_01", "item_disable_flag_": 0, "release_flag_": 1}, {"item_id_": 11, "name_id_": 11, "detail_id_": 11, "num_limit_": -1, "icon_asset_name_": "ZpIco_0011_Saibaiman_01", "item_disable_flag_": 0, "release_flag_": 1}, {"item_id_": 12, "name_id_": 12, "detail_id_": 12, "num_limit_": -1, "icon_asset_name_": "ZpIco_0012_Nappa_01", "item_disable_flag_": 0, "release_flag_": 1}, {"item_id_": 13, "name_id_": 13, "detail_id_": 13, "num_limit_": -1, "icon_asset_name_": "ZpIco_0013_Nappa_02", "item_disable_flag_": 0, "release_flag_": 1}, {"item_id_": 14, "name_id_": 14, "detail_id_": 14, "num_limit_": -1, "icon_asset_name_": "ZpIco_0014_Vegeta_01", "item_disable_flag_": 0, "release_flag_": 1}, {"item_id_": 15, "name_id_": 15, "detail_id_": 15, "num_limit_": -1, "icon_asset_name_": "ZpIco_0015_Goku_03", "item_disable_flag_": 0, "release_flag_": 1}, {"item_id_": 16, "name_id_": 16, "detail_id_": 16, "num_limit_": -1, "icon_asset_name_": "ZpIco_0016_GokuSS1_01", "item_disable_flag_": 0, "release_flag_": 1}, {"item_id_": 17, "name_id_": 17, "detail_id_": 17, "num_limit_": -1, "icon_asset_name_": "ZpIco_0017_Piccolo_02", "item_disable_flag_": 0, "release_flag_": 1}, {"item_id_": 18, "name_id_": 18, "detail_id_": 18, "num_limit_": -1, "icon_asset_name_": "ZpIco_0018_Vegeta_02", "item_disable_flag_": 0, "release_flag_": 1}, {"item_id_": 19, "name_id_": 19, "detail_id_": 19, "num_limit_": -1, "icon_asset_name_": "ZpIco_0019_Vegeta_03", "item_disable_flag_": 0, "release_flag_": 1}, {"item_id_": 20, "name_id_": 20, "detail_id_": 20, "num_limit_": -1, "icon_asset_name_": "ZpIco_0020_Zarbon_01", "item_disable_flag_": 0, "release_flag_": 1}, {"item_id_": 21, "name_id_": 21, "detail_id_": 21, "num_limit_": -1, "icon_asset_name_": "ZpIco_0021_Dodoria_01", "item_disable_flag_": 0, "release_flag_": 1}, {"item_id_": 22, "name_id_": 22, "detail_id_": 22, "num_limit_": -1, "icon_asset_name_": "ZpIco_0022_Guldo_01", "item_disable_flag_": 0, "release_flag_": 1}, {"item_id_": 23, "name_id_": 23, "detail_id_": 23, "num_limit_": -1, "icon_asset_name_": "ZpIco_0023_Burter_01", "item_disable_flag_": 0, "release_flag_": 1}, {"item_id_": 24, "name_id_": 24, "detail_id_": 24, "num_limit_": -1, "icon_asset_name_": "ZpIco_0024_Recoome_01", "item_disable_flag_": 0, "release_flag_": 1}, {"item_id_": 25, "name_id_": 25, "detail_id_": 25, "num_limit_": -1, "icon_asset_name_": "ZpIco_0025_Jeice_01", "item_disable_flag_": 0, "release_flag_": 1}, {"item_id_": 26, "name_id_": 26, "detail_id_": 26, "num_limit_": -1, "icon_asset_name_": "ZpIco_0026_Ginyu_01", "item_disable_flag_": 0, "release_flag_": 1}, {"item_id_": 27, "name_id_": 27, "detail_id_": 27, "num_limit_": -1, "icon_asset_name_": "ZpIco_0027_Ginyu_02", "item_disable_flag_": 0, "release_flag_": 1}, {"item_id_": 28, "name_id_": 28, "detail_id_": 28, "num_limit_": -1, "icon_asset_name_": "ZpIco_0028_Frieza1st_01", "item_disable_flag_": 0, "release_flag_": 1}, {"item_id_": 29, "name_id_": 29, "detail_id_": 29, "num_limit_": -1, "icon_asset_name_": "ZpIco_0029_Frieza1st_02", "item_disable_flag_": 0, "release_flag_": 1}, {"item_id_": 30, "name_id_": 30, "detail_id_": 30, "num_limit_": -1, "icon_asset_name_": "ZpIco_0030_Frieza2nd_01", "item_disable_flag_": 0, "release_flag_": 1}, {"item_id_": 31, "name_id_": 31, "detail_id_": 31, "num_limit_": -1, "icon_asset_name_": "ZpIco_0031_Frieza3rd_01", "item_disable_flag_": 0, "release_flag_": 1}, {"item_id_": 32, "name_id_": 32, "detail_id_": 32, "num_limit_": -1, "icon_asset_name_": "ZpIco_0032_Frieza4th_01", "item_disable_flag_": 0, "release_flag_": 1}, {"item_id_": 33, "name_id_": 33, "detail_id_": 33, "num_limit_": -1, "icon_asset_name_": "ZpIco_0033_TaoPaiPai_01", "item_disable_flag_": 0, "release_flag_": 1}, {"item_id_": 34, "name_id_": 34, "detail_id_": 34, "num_limit_": -1, "icon_asset_name_": "ZpIco_0034_Paikuhan_01", "item_disable_flag_": 0, "release_flag_": 1}, {"item_id_": 35, "name_id_": 35, "detail_id_": 35, "num_limit_": -1, "icon_asset_name_": "ZpIco_0035_Paikuhan_02", "item_disable_flag_": 0, "release_flag_": 1}, {"item_id_": 36, "name_id_": 36, "detail_id_": 36, "num_limit_": -1, "icon_asset_name_": "ZpIco_0036_Jaco_01", "item_disable_flag_": 0, "release_flag_": 1}, {"item_id_": 37, "name_id_": 37, "detail_id_": 37, "num_limit_": -1, "icon_asset_name_": "ZpIco_0037_Frost3rd_01", "item_disable_flag_": 0, "release_flag_": 1}, {"item_id_": 38, "name_id_": 38, "detail_id_": 38, "num_limit_": -1, "icon_asset_name_": "ZpIco_0038_Pan_01", "item_disable_flag_": 0, "release_flag_": 1}, {"item_id_": 39, "name_id_": 39, "detail_id_": 39, "num_limit_": -1, "icon_asset_name_": "ZpIco_0039_Pan_02", "item_disable_flag_": 0, "release_flag_": 1}, {"item_id_": 40, "name_id_": 40, "detail_id_": 40, "num_limit_": -1, "icon_asset_name_": "ZpIco_0040_Piccolo_03", "item_disable_flag_": 0, "release_flag_": 1}, {"item_id_": 41, "name_id_": 41, "detail_id_": 41, "num_limit_": -1, "icon_asset_name_": "ZpIco_0041_Yamucha_02", "item_disable_flag_": 0, "release_flag_": 1}, {"item_id_": 42, "name_id_": 42, "detail_id_": 42, "num_limit_": -1, "icon_asset_name_": "ZpIco_0042_TienShinhan_02", "item_disable_flag_": 0, "release_flag_": 1}, {"item_id_": 43, "name_id_": 43, "detail_id_": 43, "num_limit_": -1, "icon_asset_name_": "ZpIco_0043_Chaozu_02", "item_disable_flag_": 0, "release_flag_": 1}, {"item_id_": 44, "name_id_": 44, "detail_id_": 44, "num_limit_": -1, "icon_asset_name_": "ZpIco_0044_Frost3rd_02", "item_disable_flag_": 0, "release_flag_": 1}, {"item_id_": 45, "name_id_": 45, "detail_id_": 45, "num_limit_": -1, "icon_asset_name_": "ZpIco_0045_GokuSS1_02", "item_disable_flag_": 0, "release_flag_": 1}, {"item_id_": 46, "name_id_": 46, "detail_id_": 46, "num_limit_": -1, "icon_asset_name_": "ZpIco_0046_VegetaSS1_01", "item_disable_flag_": 0, "release_flag_": 1}, {"item_id_": 47, "name_id_": 47, "detail_id_": 47, "num_limit_": -1, "icon_asset_name_": "ZpIco_0047_TrunksSS1_01", "item_disable_flag_": 0, "release_flag_": 1}, {"item_id_": 48, "name_id_": 48, "detail_id_": 48, "num_limit_": -1, "icon_asset_name_": "ZpIco_0048_Android20_01", "item_disable_flag_": 0, "release_flag_": 1}, {"item_id_": 49, "name_id_": 49, "detail_id_": 49, "num_limit_": -1, "icon_asset_name_": "ZpIco_0049_Android19_01", "item_disable_flag_": 0, "release_flag_": 1}, {"item_id_": 50, "name_id_": 50, "detail_id_": 50, "num_limit_": -1, "icon_asset_name_": "ZpIco_0050_Turles_01", "item_disable_flag_": 0, "release_flag_": 1}, {"item_id_": 51, "name_id_": 51, "detail_id_": 51, "num_limit_": -1, "icon_asset_name_": "ZpIco_0051_MaiFuture_01", "item_disable_flag_": 0, "release_flag_": 1}, {"item_id_": 52, "name_id_": 52, "detail_id_": 52, "num_limit_": -1, "icon_asset_name_": "ZpIco_0052_Trunks_01", "item_disable_flag_": 0, "release_flag_": 1}, {"item_id_": 53, "name_id_": 53, "detail_id_": 53, "num_limit_": -1, "icon_asset_name_": "ZpIco_0053_Vegeta_04", "item_disable_flag_": 0, "release_flag_": 1}, {"item_id_": 54, "name_id_": 54, "detail_id_": 54, "num_limit_": -1, "icon_asset_name_": "ZpIco_0054_Turles_02", "item_disable_flag_": 0, "release_flag_": 1}, {"item_id_": 55, "name_id_": 55, "detail_id_": 55, "num_limit_": -1, "icon_asset_name_": "ZpIco_0055_Android20_02", "item_disable_flag_": 0, "release_flag_": 1}, {"item_id_": 56, "name_id_": 56, "detail_id_": 56, "num_limit_": -1, "icon_asset_name_": "ZpIco_0056_Android19_02", "item_disable_flag_": 0, "release_flag_": 1}, {"item_id_": 57, "name_id_": 57, "detail_id_": 57, "num_limit_": -1, "icon_asset_name_": "ZpIco_0057_Yamucha_03", "item_disable_flag_": 0, "release_flag_": 1}, {"item_id_": 58, "name_id_": 58, "detail_id_": 58, "num_limit_": -1, "icon_asset_name_": "ZpIco_0058_Saibaiman_02", "item_disable_flag_": 0, "release_flag_": 1}, {"item_id_": 59, "name_id_": 59, "detail_id_": 59, "num_limit_": -1, "icon_asset_name_": "ZpIco_0059_Jaco_02", "item_disable_flag_": 0, "release_flag_": 1}, {"item_id_": 60, "name_id_": 60, "detail_id_": 60, "num_limit_": -1, "icon_asset_name_": "ZpIco_0060_GokuSS1_03", "item_disable_flag_": 0, "release_flag_": 1}, {"item_id_": 61, "name_id_": 61, "detail_id_": 61, "num_limit_": -1, "icon_asset_name_": "ZpIco_0061_Krillin_03", "item_disable_flag_": 0, "release_flag_": 1}, {"item_id_": 62, "name_id_": 62, "detail_id_": 62, "num_limit_": -1, "icon_asset_name_": "ZpIco_0062_Android17_01", "item_disable_flag_": 0, "release_flag_": 1}, {"item_id_": 63, "name_id_": 63, "detail_id_": 63, "num_limit_": -1, "icon_asset_name_": "ZpIco_0063_Android18_01", "item_disable_flag_": 0, "release_flag_": 1}, {"item_id_": 64, "name_id_": 64, "detail_id_": 64, "num_limit_": -1, "icon_asset_name_": "ZpIco_0064_Cell1st_01", "item_disable_flag_": 0, "release_flag_": 1}, {"item_id_": 65, "name_id_": 65, "detail_id_": 65, "num_limit_": -1, "icon_asset_name_": "ZpIco_0065_KameSennin_01", "item_disable_flag_": 0, "release_flag_": 1}, {"item_id_": 66, "name_id_": 66, "detail_id_": 66, "num_limit_": -1, "icon_asset_name_": "ZpIco_0066_CabbeSS1_01", "item_disable_flag_": 0, "release_flag_": 1}, {"item_id_": 68, "name_id_": 68, "detail_id_": 68, "num_limit_": -1, "icon_asset_name_": "ZpIco_0068_Android18_02", "item_disable_flag_": 0, "release_flag_": 1}, {"item_id_": 69, "name_id_": 69, "detail_id_": 69, "num_limit_": -1, "icon_asset_name_": "ZpIco_0069_Cabbe_01", "item_disable_flag_": 0, "release_flag_": 1}, {"item_id_": 70, "name_id_": 70, "detail_id_": 70, "num_limit_": -1, "icon_asset_name_": "ZpIco_0070_KameSennin_02", "item_disable_flag_": 0, "release_flag_": 1}, {"item_id_": 71, "name_id_": 71, "detail_id_": 71, "num_limit_": -1, "icon_asset_name_": "ZpIco_0071_Android17_02", "item_disable_flag_": 0, "release_flag_": 1}, {"item_id_": 72, "name_id_": 72, "detail_id_": 72, "num_limit_": -1, "icon_asset_name_": "ZpIco_0072_Goku_04", "item_disable_flag_": 0, "release_flag_": 1}, {"item_id_": 73, "name_id_": 73, "detail_id_": 73, "num_limit_": -1, "icon_asset_name_": "ZpIco_0073_Cell1st_02", "item_disable_flag_": 0, "release_flag_": 1}, {"item_id_": 75, "name_id_": 75, "detail_id_": 75, "num_limit_": -1, "icon_asset_name_": "ZpIco_0075_GokuSS1_04", "item_disable_flag_": 0, "release_flag_": 1}, {"item_id_": 76, "name_id_": 76, "detail_id_": 76, "num_limit_": -1, "icon_asset_name_": "ZpIco_0076_GokuTeen_01", "item_disable_flag_": 0, "release_flag_": 1}, {"item_id_": 77, "name_id_": 77, "detail_id_": 77, "num_limit_": -1, "icon_asset_name_": "ZpIco_0077_VegetaGTSS1_01", "item_disable_flag_": 0, "release_flag_": 1}, {"item_id_": 78, "name_id_": 78, "detail_id_": 78, "num_limit_": -1, "icon_asset_name_": "ZpIco_0078_Bardock_01", "item_disable_flag_": 0, "release_flag_": 1}, {"item_id_": 79, "name_id_": 79, "detail_id_": 79, "num_limit_": -1, "icon_asset_name_": "ZpIco_0079_PiccoloKing_01", "item_disable_flag_": 0, "release_flag_": 1}, {"item_id_": 80, "name_id_": 80, "detail_id_": 80, "num_limit_": -1, "icon_asset_name_": "ZpIco_0080_BrolySS1_01", "item_disable_flag_": 0, "release_flag_": 1}, {"item_id_": 81, "name_id_": 81, "detail_id_": 81, "num_limit_": -1, "icon_asset_name_": "ZpIco_0081_Frieza1stPod_01", "item_disable_flag_": 0, "release_flag_": 1}, {"item_id_": 82, "name_id_": 82, "detail_id_": 82, "num_limit_": -1, "icon_asset_name_": "ZpIco_0082_GokuKidGTSS1_01", "item_disable_flag_": 0, "release_flag_": 1}, {"item_id_": 83, "name_id_": 83, "detail_id_": 83, "num_limit_": -1, "icon_asset_name_": "ZpIco_0083_TrunksGT_01", "item_disable_flag_": 0, "release_flag_": 1}, {"item_id_": 84, "name_id_": 84, "detail_id_": 84, "num_limit_": -1, "icon_asset_name_": "ZpIco_0084_PiccoloKing_02", "item_disable_flag_": 0, "release_flag_": 1}, {"item_id_": 85, "name_id_": 85, "detail_id_": 85, "num_limit_": -1, "icon_asset_name_": "ZpIco_0085_Pan_03", "item_disable_flag_": 0, "release_flag_": 1}, {"item_id_": 86, "name_id_": 86, "detail_id_": 86, "num_limit_": -1, "icon_asset_name_": "ZpIco_0086_Frieza1stPod_02", "item_disable_flag_": 0, "release_flag_": 1}, {"item_id_": 87, "name_id_": 87, "detail_id_": 87, "num_limit_": -1, "icon_asset_name_": "ZpIco_0087_Bardock_02", "item_disable_flag_": 0, "release_flag_": 1}, {"item_id_": 90, "name_id_": 90, "detail_id_": 90, "num_limit_": -1, "icon_asset_name_": "ZpIco_0090_Raditz_02", "item_disable_flag_": 0, "release_flag_": 1}, {"item_id_": 91, "name_id_": 91, "detail_id_": 91, "num_limit_": -1, "icon_asset_name_": "ZpIco_0091_Zarbon_91", "item_disable_flag_": 0, "release_flag_": 1}, {"item_id_": 92, "name_id_": 92, "detail_id_": 92, "num_limit_": -1, "icon_asset_name_": "ZpIco_0092_Dodoria_92", "item_disable_flag_": 0, "release_flag_": 1}, {"item_id_": 93, "name_id_": 93, "detail_id_": 93, "num_limit_": -1, "icon_asset_name_": "ZpIco_0093_VegetaSV_01", "item_disable_flag_": 0, "release_flag_": 1}, {"item_id_": 94, "name_id_": 94, "detail_id_": 94, "num_limit_": -1, "icon_asset_name_": "ZpIco_0094_Piccolo_94", "item_disable_flag_": 0, "release_flag_": 1}, {"item_id_": 95, "name_id_": 95, "detail_id_": 95, "num_limit_": -1, "icon_asset_name_": "ZpIco_0095_Android16_95", "item_disable_flag_": 0, "release_flag_": 1}, {"item_id_": 96, "name_id_": 96, "detail_id_": 96, "num_limit_": -1, "icon_asset_name_": "ZpIco_0096_Cell2nd_01", "item_disable_flag_": 0, "release_flag_": 1}, {"item_id_": 97, "name_id_": 97, "detail_id_": 97, "num_limit_": -1, "icon_asset_name_": "ZpIco_0097_Cooler1st_01", "item_disable_flag_": 0, "release_flag_": 1}, {"item_id_": 99, "name_id_": 99, "detail_id_": 99, "num_limit_": -1, "icon_asset_name_": "ZpIco_0099_Thouser_99", "item_disable_flag_": 0, "release_flag_": 1}, {"item_id_": 100, "name_id_": 100, "detail_id_": 100, "num_limit_": -1, "icon_asset_name_": "ZpIco_0100_Cooler1st_02", "item_disable_flag_": 0, "release_flag_": 1}, {"item_id_": 101, "name_id_": 101, "detail_id_": 101, "num_limit_": -1, "icon_asset_name_": "ZpIco_0101_GokuSS1_101", "item_disable_flag_": 0, "release_flag_": 1}, {"item_id_": 102, "name_id_": 102, "detail_id_": 102, "num_limit_": -1, "icon_asset_name_": "ZpIco_0102_TrunksTeen_01", "item_disable_flag_": 0, "release_flag_": 1}, {"item_id_": 103, "name_id_": 103, "detail_id_": 103, "num_limit_": -1, "icon_asset_name_": "ZpIco_0103_GotenTeen_01", "item_disable_flag_": 0, "release_flag_": 1}, {"item_id_": 104, "name_id_": 104, "detail_id_": 104, "num_limit_": -1, "icon_asset_name_": "ZpIco_0104_Cell3rd_104", "item_disable_flag_": 0, "release_flag_": 1}, {"item_id_": 105, "name_id_": 105, "detail_id_": 105, "num_limit_": -1, "icon_asset_name_": "ZpIco_0105_Thouser_105", "item_disable_flag_": 0, "release_flag_": 1}, {"item_id_": 106, "name_id_": 106, "detail_id_": 106, "num_limit_": -1, "icon_asset_name_": "ZpIco_0106_Android16_106", "item_disable_flag_": 0, "release_flag_": 1}, {"item_id_": 107, "name_id_": 107, "detail_id_": 107, "num_limit_": -1, "icon_asset_name_": "ZpIco_0107_Android18_107", "item_disable_flag_": 0, "release_flag_": 1}, {"item_id_": 108, "name_id_": 108, "detail_id_": 108, "num_limit_": -1, "icon_asset_name_": "ZpIco_0108_Cell3rd_01", "item_disable_flag_": 0, "release_flag_": 1}, {"item_id_": 109, "name_id_": 109, "detail_id_": 109, "num_limit_": -1, "icon_asset_name_": "ZpIco_0109_TrunksST_01", "item_disable_flag_": 0, "release_flag_": 1}, {"item_id_": 110, "name_id_": 110, "detail_id_": 110, "num_limit_": -1, "icon_asset_name_": "ZpIco_0110_CellJr_01", "item_disable_flag_": 0, "release_flag_": 1}, {"item_id_": 111, "name_id_": 111, "detail_id_": 111, "num_limit_": -1, "icon_asset_name_": "ZpIco_0111_GohanTeenSS2_01", "item_disable_flag_": 0, "release_flag_": 1}, {"item_id_": 112, "name_id_": 112, "detail_id_": 112, "num_limit_": -1, "icon_asset_name_": "ZpIco_0112_GokuSS3_112", "item_disable_flag_": 0, "release_flag_": 1}, {"item_id_": 113, "name_id_": 113, "detail_id_": 113, "num_limit_": -1, "icon_asset_name_": "ZpIco_0113_Buu1st_113", "item_disable_flag_": 0, "release_flag_": 1}, {"item_id_": 114, "name_id_": 114, "detail_id_": 114, "num_limit_": -1, "icon_asset_name_": "ZpIco_0114_GokuSS1_114", "item_disable_flag_": 0, "release_flag_": 1}, {"item_id_": 115, "name_id_": 115, "detail_id_": 115, "num_limit_": -1, "icon_asset_name_": "ZpIco_0115_Satan_115", "item_disable_flag_": 0, "release_flag_": 1}, {"item_id_": 117, "name_id_": 117, "detail_id_": 117, "num_limit_": -1, "icon_asset_name_": "ZpIco_0117_Buu1st_117", "item_disable_flag_": 0, "release_flag_": 1}, {"item_id_": 118, "name_id_": 118, "detail_id_": 118, "num_limit_": -1, "icon_asset_name_": "ZpIco_0118_GohanTeen_118", "item_disable_flag_": 0, "release_flag_": 1}, {"item_id_": 119, "name_id_": 119, "detail_id_": 119, "num_limit_": -1, "icon_asset_name_": "ZpIco_0119_CellJr_119", "item_disable_flag_": 0, "release_flag_": 1}, {"item_id_": 120, "name_id_": 120, "detail_id_": 120, "num_limit_": -1, "icon_asset_name_": "ZpIco_0120_Turles_120", "item_disable_flag_": 0, "release_flag_": 1}, {"item_id_": 121, "name_id_": 121, "detail_id_": 121, "num_limit_": -1, "icon_asset_name_": "ZpIco_0121_GokuSS1_121", "item_disable_flag_": 0, "release_flag_": 1}, {"item_id_": 122, "name_id_": 122, "detail_id_": 122, "num_limit_": -1, "icon_asset_name_": "ZpIco_0122_Krillin_122", "item_disable_flag_": 0, "release_flag_": 1}, {"item_id_": 123, "name_id_": 123, "detail_id_": 123, "num_limit_": -1, "icon_asset_name_": "ZpIco_0123_GohanFSS1_123", "item_disable_flag_": 0, "release_flag_": 1}, {"item_id_": 124, "name_id_": 124, "detail_id_": 124, "num_limit_": -1, "icon_asset_name_": "ZpIco_0124_TrunksFutureSS2_124", "item_disable_flag_": 0, "release_flag_": 1}, {"item_id_": 125, "name_id_": 125, "detail_id_": 125, "num_limit_": -1, "icon_asset_name_": "ZpIco_0125_GokuK_125", "item_disable_flag_": 0, "release_flag_": 1}, {"item_id_": 126, "name_id_": 126, "detail_id_": 126, "num_limit_": -1, "icon_asset_name_": "ZpIco_0126_GokuBlack_126", "item_disable_flag_": 0, "release_flag_": 1}, {"item_id_": 127, "name_id_": 127, "detail_id_": 127, "num_limit_": -1, "icon_asset_name_": "ZpIco_0127_Zamas_127", "item_disable_flag_": 0, "release_flag_": 1}, {"item_id_": 128, "name_id_": 128, "detail_id_": 128, "num_limit_": -1, "icon_asset_name_": "ZpIco_0128_KaleBSS1_128", "item_disable_flag_": 0, "release_flag_": 1}, {"item_id_": 130, "name_id_": 130, "detail_id_": 130, "num_limit_": -1, "icon_asset_name_": "ZpIco_0130_MaiFuture_130", "item_disable_flag_": 0, "release_flag_": 1}, {"item_id_": 131, "name_id_": 131, "detail_id_": 131, "num_limit_": -1, "icon_asset_name_": "ZpIco_0131_GokuBlack_131", "item_disable_flag_": 0, "release_flag_": 1}, {"item_id_": 133, "name_id_": 133, "detail_id_": 133, "num_limit_": -1, "icon_asset_name_": "ZpIco_0133_VegetaT_133", "item_disable_flag_": 0, "release_flag_": 1}, {"item_id_": 134, "name_id_": 134, "detail_id_": 134, "num_limit_": -1, "icon_asset_name_": "ZpIco_0134_Zamas_134", "item_disable_flag_": 0, "release_flag_": 1}, {"item_id_": 136, "name_id_": 136, "detail_id_": 136, "num_limit_": -1, "icon_asset_name_": "ZpIco_0136_Android17_136", "item_disable_flag_": 0, "release_flag_": 1}, {"item_id_": 137, "name_id_": 137, "detail_id_": 137, "num_limit_": -1, "icon_asset_name_": "ZpIco_0137_Android18_137", "item_disable_flag_": 0, "release_flag_": 1}, {"item_id_": 138, "name_id_": 138, "detail_id_": 138, "num_limit_": -1, "icon_asset_name_": "ZpIco_0138_Vegeta_138", "item_disable_flag_": 0, "release_flag_": 1}, {"item_id_": 139, "name_id_": 139, "detail_id_": 139, "num_limit_": -1, "icon_asset_name_": "ZpIco_0139_Cell2nd_139", "item_disable_flag_": 0, "release_flag_": 1}, {"item_id_": 140, "name_id_": 140, "detail_id_": 140, "num_limit_": -1, "icon_asset_name_": "ZpIco_0140_Vegito_140", "item_disable_flag_": 0, "release_flag_": 1}, {"item_id_": 141, "name_id_": 141, "detail_id_": 141, "num_limit_": -1, "icon_asset_name_": "ZpIco_0141_TrunksTeenSS1_01", "item_disable_flag_": 0, "release_flag_": 1}, {"item_id_": 142, "name_id_": 142, "detail_id_": 142, "num_limit_": -1, "icon_asset_name_": "ZpIco_0142_GotenTeenSS1_01", "item_disable_flag_": 0, "release_flag_": 1}, {"item_id_": 143, "name_id_": 143, "detail_id_": 143, "num_limit_": -1, "icon_asset_name_": "ZpIco_0143_VegetaM_143", "item_disable_flag_": 0, "release_flag_": 1}, {"item_id_": 144, "name_id_": 144, "detail_id_": 144, "num_limit_": -1, "icon_asset_name_": "ZpIco_0144_GotenksSS1_144", "item_disable_flag_": 0, "release_flag_": 1}, {"item_id_": 145, "name_id_": 145, "detail_id_": 145, "num_limit_": -1, "icon_asset_name_": "ZpIco_0145_Dabura_145", "item_disable_flag_": 0, "release_flag_": 1}, {"item_id_": 146, "name_id_": 146, "detail_id_": 146, "num_limit_": -1, "icon_asset_name_": "ZpIco_0146_Dabura_146", "item_disable_flag_": 0, "release_flag_": 1}, {"item_id_": 147, "name_id_": 147, "detail_id_": 147, "num_limit_": -1, "icon_asset_name_": "ZpIco_0147_BrolyB_147", "item_disable_flag_": 0, "release_flag_": 1}, {"item_id_": 148, "name_id_": 148, "detail_id_": 148, "num_limit_": -1, "icon_asset_name_": "ZpIco_0148_GogetaSS1_148", "item_disable_flag_": 0, "release_flag_": 1}, {"item_id_": 149, "name_id_": 149, "detail_id_": 149, "num_limit_": -1, "icon_asset_name_": "ZpIco_0149_JanembaS_149", "item_disable_flag_": 0, "release_flag_": 1}, {"item_id_": 150, "name_id_": 150, "detail_id_": 150, "num_limit_": -1, "icon_asset_name_": "ZpIco_0150_GokuSS2_150", "item_disable_flag_": 0, "release_flag_": 1}, {"item_id_": 151, "name_id_": 151, "detail_id_": 151, "num_limit_": -1, "icon_asset_name_": "ZpIco_0151_BardockSS1_151", "item_disable_flag_": 0, "release_flag_": 1}, {"item_id_": 152, "name_id_": 152, "detail_id_": 152, "num_limit_": -1, "icon_asset_name_": "ZpIco_0152_Chilled_152", "item_disable_flag_": 0, "release_flag_": 1}, {"item_id_": 154, "name_id_": 154, "detail_id_": 154, "num_limit_": -1, "icon_asset_name_": "ZpIco_0154_TrunksSS1_154", "item_disable_flag_": 0, "release_flag_": 1}, {"item_id_": 155, "name_id_": 155, "detail_id_": 155, "num_limit_": -1, "icon_asset_name_": "ZpIco_0155_Pan_155", "item_disable_flag_": 0, "release_flag_": 1}, {"item_id_": 156, "name_id_": 156, "detail_id_": 156, "num_limit_": -1, "icon_asset_name_": "ZpIco_0156_VegetaSS1_156", "item_disable_flag_": 0, "release_flag_": 1}, {"item_id_": 157, "name_id_": 157, "detail_id_": 157, "num_limit_": -1, "icon_asset_name_": "ZpIco_0157_GohanSS1_157", "item_disable_flag_": 0, "release_flag_": 1}, {"item_id_": 158, "name_id_": 158, "detail_id_": 158, "num_limit_": -1, "icon_asset_name_": "ZpIco_0158_Selypa_158", "item_disable_flag_": 0, "release_flag_": 1}, {"item_id_": 159, "name_id_": 159, "detail_id_": 159, "num_limit_": -1, "icon_asset_name_": "ZpIco_0159_Toma_159", "item_disable_flag_": 0, "release_flag_": 1}, {"item_id_": 160, "name_id_": 160, "detail_id_": 160, "num_limit_": -1, "icon_asset_name_": "ZpIco_0160_Goku_160", "item_disable_flag_": 0, "release_flag_": 1}, {"item_id_": 161, "name_id_": 161, "detail_id_": 161, "num_limit_": -1, "icon_asset_name_": "ZpIco_0161_Cabbe_161", "item_disable_flag_": 0, "release_flag_": 1}, {"item_id_": 162, "name_id_": 162, "detail_id_": 162, "num_limit_": -1, "icon_asset_name_": "ZpIco_0162_Nappa_162", "item_disable_flag_": 0, "release_flag_": 1}, {"item_id_": 163, "name_id_": 163, "detail_id_": 163, "num_limit_": -1, "icon_asset_name_": "ZpIco_0163_Nappa_163", "item_disable_flag_": 0, "release_flag_": 1}, {"item_id_": 164, "name_id_": 164, "detail_id_": 164, "num_limit_": -1, "icon_asset_name_": "ZpIco_0164_BrolyBSS1_164", "item_disable_flag_": 0, "release_flag_": 1}, {"item_id_": 165, "name_id_": 165, "detail_id_": 165, "num_limit_": -1, "icon_asset_name_": "ZpIco_0165_GokuSSG_165", "item_disable_flag_": 0, "release_flag_": 1}, {"item_id_": 166, "name_id_": 166, "detail_id_": 166, "num_limit_": -1, "icon_asset_name_": "ZpIco_0166_Beerus_166", "item_disable_flag_": 0, "release_flag_": 1}, {"item_id_": 167, "name_id_": 167, "detail_id_": 167, "num_limit_": -1, "icon_asset_name_": "ZpIco_0167_Bojack_167", "item_disable_flag_": 0, "release_flag_": 1}, {"item_id_": 168, "name_id_": 168, "detail_id_": 168, "num_limit_": -1, "icon_asset_name_": "ZpIco_0168_Cooler2nd_168", "item_disable_flag_": 0, "release_flag_": 1}, {"item_id_": 169, "name_id_": 169, "detail_id_": 169, "num_limit_": -1, "icon_asset_name_": "ZpIco_0169_TrunksTF_169", "item_disable_flag_": 0, "release_flag_": 1}, {"item_id_": 170, "name_id_": 170, "detail_id_": 170, "num_limit_": -1, "icon_asset_name_": "ZpIco_0170_Whis_170", "item_disable_flag_": 0, "release_flag_": 1}, {"item_id_": 171, "name_id_": 171, "detail_id_": 171, "num_limit_": -1, "icon_asset_name_": "ZpIco_0171_GohanF_171", "item_disable_flag_": 0, "release_flag_": 1}, {"item_id_": 172, "name_id_": 172, "detail_id_": 172, "num_limit_": -1, "icon_asset_name_": "ZpIco_0172_CauliflaSS2_172", "item_disable_flag_": 0, "release_flag_": 1}, {"item_id_": 173, "name_id_": 173, "detail_id_": 173, "num_limit_": -1, "icon_asset_name_": "ZpIco_0173_Ribrianne_173", "item_disable_flag_": 0, "release_flag_": 1}, {"item_id_": 174, "name_id_": 174, "detail_id_": 174, "num_limit_": -1, "icon_asset_name_": "ZpIco_0174_Chichi_174", "item_disable_flag_": 0, "release_flag_": 1}, {"item_id_": 175, "name_id_": 175, "detail_id_": 175, "num_limit_": -1, "icon_asset_name_": "ZpIco_0175_Bulma_175", "item_disable_flag_": 0, "release_flag_": 1}, {"item_id_": 176, "name_id_": 176, "detail_id_": 176, "num_limit_": -1, "icon_asset_name_": "ZpIco_0176_Videl_176", "item_disable_flag_": 0, "release_flag_": 1}, {"item_id_": 177, "name_id_": 177, "detail_id_": 177, "num_limit_": -1, "icon_asset_name_": "ZpIco_0177_Lunch_177", "item_disable_flag_": 0, "release_flag_": 1}, {"item_id_": 178, "name_id_": 178, "detail_id_": 178, "num_limit_": -1, "icon_asset_name_": "ZpIco_0178_Caulifla_178", "item_disable_flag_": 0, "release_flag_": 1}, {"item_id_": 179, "name_id_": 179, "detail_id_": 179, "num_limit_": -1, "icon_asset_name_": "ZpIco_0179_Kakunsa_179", "item_disable_flag_": 0, "release_flag_": 1}, {"item_id_": 180, "name_id_": 180, "detail_id_": 180, "num_limit_": -1, "icon_asset_name_": "ZpIco_0180_Rozie_180", "item_disable_flag_": 0, "release_flag_": 1}, {"item_id_": 181, "name_id_": 181, "detail_id_": 181, "num_limit_": -1, "icon_asset_name_": "ZpIco_0181_Chichi_181", "item_disable_flag_": 0, "release_flag_": 1}, {"item_id_": 182, "name_id_": 182, "detail_id_": 182, "num_limit_": -1, "icon_asset_name_": "ZpIco_0182_Videl_182", "item_disable_flag_": 0, "release_flag_": 1}, {"item_id_": 183, "name_id_": 183, "detail_id_": 183, "num_limit_": -1, "icon_asset_name_": "ZpIco_0183_GreatSaiyaman1_183", "item_disable_flag_": 0, "release_flag_": 1}, {"item_id_": 184, "name_id_": 184, "detail_id_": 184, "num_limit_": -1, "icon_asset_name_": "ZpIco_0184_GreatSaiyaman2_184", "item_disable_flag_": 0, "release_flag_": 1}, {"item_id_": 185, "name_id_": 185, "detail_id_": 185, "num_limit_": -1, "icon_asset_name_": "ZpIco_0185_VegetaSSG_185", "item_disable_flag_": 0, "release_flag_": 1}, {"item_id_": 186, "name_id_": 186, "detail_id_": 186, "num_limit_": -1, "icon_asset_name_": "ZpIco_0186_GohanUltimate_186", "item_disable_flag_": 0, "release_flag_": 1}, {"item_id_": 187, "name_id_": 187, "detail_id_": 187, "num_limit_": -1, "icon_asset_name_": "ZpIco_0187_GokuSS3_187", "item_disable_flag_": 0, "release_flag_": 1}, {"item_id_": 188, "name_id_": 188, "detail_id_": 188, "num_limit_": -1, "icon_asset_name_": "ZpIco_0188_VegetaSS2_188", "item_disable_flag_": 0, "release_flag_": 1}, {"item_id_": 189, "name_id_": 189, "detail_id_": 189, "num_limit_": -1, "icon_asset_name_": "ZpIco_0189_Slug_189", "item_disable_flag_": 0, "release_flag_": 1}, {"item_id_": 190, "name_id_": 190, "detail_id_": 190, "num_limit_": -1, "icon_asset_name_": "ZpIco_0190_PerfectCell_190", "item_disable_flag_": 0, "release_flag_": 1}, {"item_id_": 191, "name_id_": 191, "detail_id_": 191, "num_limit_": -1, "icon_asset_name_": "ZpIco_0191_GohanTeenSS2_191", "item_disable_flag_": 0, "release_flag_": 1}, {"item_id_": 192, "name_id_": 192, "detail_id_": 192, "num_limit_": -1, "icon_asset_name_": "ZpIco_0192_Gtn_192", "item_disable_flag_": 0, "release_flag_": 1}, {"item_id_": 193, "name_id_": 193, "detail_id_": 193, "num_limit_": -1, "icon_asset_name_": "ZpIco_0193_Gotenks_193", "item_disable_flag_": 0, "release_flag_": 1}, {"item_id_": 194, "name_id_": 194, "detail_id_": 194, "num_limit_": -1, "icon_asset_name_": "ZpIco_0194_Trunks_194", "item_disable_flag_": 0, "release_flag_": 1}, {"item_id_": 195, "name_id_": 195, "detail_id_": 195, "num_limit_": -1, "icon_asset_name_": "ZpIco_0195_TienShinhan_195", "item_disable_flag_": 0, "release_flag_": 1}, {"item_id_": 196, "name_id_": 196, "detail_id_": 196, "num_limit_": -1, "icon_asset_name_": "ZpIco_0196_Buu2nd_196", "item_disable_flag_": 0, "release_flag_": 1}, {"item_id_": 197, "name_id_": 197, "detail_id_": 197, "num_limit_": -1, "icon_asset_name_": "ZpIco_0197_VegetaSS1_197", "item_disable_flag_": 0, "release_flag_": 1}, {"item_id_": 198, "name_id_": 198, "detail_id_": 198, "num_limit_": -1, "icon_asset_name_": "ZpIco_0198_HyperMegaRilldo_198", "item_disable_flag_": 0, "release_flag_": 1}, {"item_id_": 199, "name_id_": 199, "detail_id_": 199, "num_limit_": -1, "icon_asset_name_": "ZpIco_0199_GotenksSS3_199", "item_disable_flag_": 0, "release_flag_": 1}, {"item_id_": 200, "name_id_": 200, "detail_id_": 200, "num_limit_": -1, "icon_asset_name_": "ZpIco_0200_Buu3rd_200", "item_disable_flag_": 0, "release_flag_": 1}, {"item_id_": 201, "name_id_": 201, "detail_id_": 201, "num_limit_": -1, "icon_asset_name_": "ZpIco_0201_Yamucha_201", "item_disable_flag_": 0, "release_flag_": 1}, {"item_id_": 202, "name_id_": 202, "detail_id_": 202, "num_limit_": -1, "icon_asset_name_": "ZpIco_0202_Slug_202", "item_disable_flag_": 0, "release_flag_": 1}, {"item_id_": 203, "name_id_": 203, "detail_id_": 203, "num_limit_": -1, "icon_asset_name_": "ZpIco_0203_Bulma_203", "item_disable_flag_": 0, "release_flag_": 1}, {"item_id_": 204, "name_id_": 204, "detail_id_": 204, "num_limit_": -1, "icon_asset_name_": "ZpIco_0204_GotenTeenSS1_204", "item_disable_flag_": 0, "release_flag_": 1}, {"item_id_": 205, "name_id_": 205, "detail_id_": 205, "num_limit_": -1, "icon_asset_name_": "ZpIco_0205_GohanSS1_205", "item_disable_flag_": 0, "release_flag_": 1}, {"item_id_": 206, "name_id_": 206, "detail_id_": 206, "num_limit_": -1, "icon_asset_name_": "ZpIco_0206_GokuSS1_206", "item_disable_flag_": 0, "release_flag_": 1}, {"item_id_": 207, "name_id_": 207, "detail_id_": 207, "num_limit_": -1, "icon_asset_name_": "ZpIco_0207_BrolySS1_207", "item_disable_flag_": 0, "release_flag_": 1}, {"item_id_": 208, "name_id_": 208, "detail_id_": 208, "num_limit_": -1, "icon_asset_name_": "ZpIco_0208_MetalCooler_208", "item_disable_flag_": 0, "release_flag_": 1}, {"item_id_": 209, "name_id_": 209, "detail_id_": 209, "num_limit_": -1, "icon_asset_name_": "ZpIco_0209_Zangya_209", "item_disable_flag_": 0, "release_flag_": 1}, {"item_id_": 210, "name_id_": 210, "detail_id_": 210, "num_limit_": -1, "icon_asset_name_": "ZpIco_0210_Videl_210", "item_disable_flag_": 0, "release_flag_": 1}, {"item_id_": 212, "name_id_": 212, "detail_id_": 212, "num_limit_": -1, "icon_asset_name_": "ZpIco_0212_Satan_212", "item_disable_flag_": 0, "release_flag_": 1}, {"item_id_": 213, "name_id_": 213, "detail_id_": 213, "num_limit_": -1, "icon_asset_name_": "ZpIco_0213_Piccolo_213", "item_disable_flag_": 0, "release_flag_": 1}, {"item_id_": 214, "name_id_": 214, "detail_id_": 214, "num_limit_": -1, "icon_asset_name_": "ZpIco_0214_Bojack_214", "item_disable_flag_": 0, "release_flag_": 1}, {"item_id_": 215, "name_id_": 215, "detail_id_": 215, "num_limit_": -1, "icon_asset_name_": "ZpIco_0215_BuuGohan_215", "item_disable_flag_": 0, "release_flag_": 1}, {"item_id_": 216, "name_id_": 216, "detail_id_": 216, "num_limit_": -1, "icon_asset_name_": "ZpIco_0216_GokuSSGSS_216", "item_disable_flag_": 0, "release_flag_": 1}, {"item_id_": 217, "name_id_": 217, "detail_id_": 217, "num_limit_": -1, "icon_asset_name_": "ZpIco_0217_VegetaSSGSS_217", "item_disable_flag_": 0, "release_flag_": 1}, {"item_id_": 218, "name_id_": 218, "detail_id_": 218, "num_limit_": -1, "icon_asset_name_": "ZpIco_0218_GoldenFrieza_218", "item_disable_flag_": 0, "release_flag_": 1}, {"item_id_": 219, "name_id_": 219, "detail_id_": 219, "num_limit_": -1, "icon_asset_name_": "ZpIco_0219_FriezaFP_219", "item_disable_flag_": 0, "release_flag_": 1}, {"item_id_": 220, "name_id_": 220, "detail_id_": 220, "num_limit_": -1, "icon_asset_name_": "ZpIco_0220_Goku_220", "item_disable_flag_": 0, "release_flag_": 1}, {"item_id_": 221, "name_id_": 221, "detail_id_": 221, "num_limit_": -1, "icon_asset_name_": "ZpIco_0221_JanembaS_221", "item_disable_flag_": 0, "release_flag_": 1}, {"item_id_": 222, "name_id_": 222, "detail_id_": 222, "num_limit_": -1, "icon_asset_name_": "ZpIco_0222_Chilled_222", "item_disable_flag_": 0, "release_flag_": 1}, {"item_id_": 223, "name_id_": 223, "detail_id_": 223, "num_limit_": -1, "icon_asset_name_": "ZpIco_0223_Beerus_223", "item_disable_flag_": 0, "release_flag_": 1}, {"item_id_": 224, "name_id_": 224, "detail_id_": 224, "num_limit_": -1, "icon_asset_name_": "ZpIco_0224_VegitoSV_224", "item_disable_flag_": 0, "release_flag_": 1}, {"item_id_": 225, "name_id_": 225, "detail_id_": 225, "num_limit_": -1, "icon_asset_name_": "ZpIco_0225_BuuFinal_225", "item_disable_flag_": 0, "release_flag_": 1}, {"item_id_": 226, "name_id_": 226, "detail_id_": 226, "num_limit_": -1, "icon_asset_name_": "ZpIco_0226_Trunks_226", "item_disable_flag_": 0, "release_flag_": 1}, {"item_id_": 227, "name_id_": 227, "detail_id_": 227, "num_limit_": -1, "icon_asset_name_": "ZpIco_0227_Android13_227", "item_disable_flag_": 0, "release_flag_": 1}, {"item_id_": 228, "name_id_": 228, "detail_id_": 228, "num_limit_": -1, "icon_asset_name_": "ZpIco_0228_Android14_228", "item_disable_flag_": 0, "release_flag_": 1}, {"item_id_": 229, "name_id_": 229, "detail_id_": 229, "num_limit_": -1, "icon_asset_name_": "ZpIco_0229_Android15_229", "item_disable_flag_": 0, "release_flag_": 1}, {"item_id_": 230, "name_id_": 230, "detail_id_": 230, "num_limit_": -1, "icon_asset_name_": "ZpIco_0230_Vados_230", "item_disable_flag_": 0, "release_flag_": 1}, {"item_id_": 231, "name_id_": 231, "detail_id_": 231, "num_limit_": -1, "icon_asset_name_": "ZpIco_0231_Guldo_231", "item_disable_flag_": 0, "release_flag_": 1}, {"item_id_": 232, "name_id_": 232, "detail_id_": 232, "num_limit_": -1, "icon_asset_name_": "ZpIco_0232_Burter_232", "item_disable_flag_": 0, "release_flag_": 1}, {"item_id_": 233, "name_id_": 233, "detail_id_": 233, "num_limit_": -1, "icon_asset_name_": "ZpIco_0233_Recoome_233", "item_disable_flag_": 0, "release_flag_": 1}, {"item_id_": 234, "name_id_": 234, "detail_id_": 234, "num_limit_": -1, "icon_asset_name_": "ZpIco_0234_Jeice_234", "item_disable_flag_": 0, "release_flag_": 1}, {"item_id_": 235, "name_id_": 235, "detail_id_": 235, "num_limit_": -1, "icon_asset_name_": "ZpIco_0235_Ginyu_235", "item_disable_flag_": 0, "release_flag_": 1}, {"item_id_": 236, "name_id_": 236, "detail_id_": 236, "num_limit_": -1, "icon_asset_name_": "ZpIco_0236_GokuSSGSSK_236", "item_disable_flag_": 0, "release_flag_": 1}, {"item_id_": 237, "name_id_": 237, "detail_id_": 237, "num_limit_": -1, "icon_asset_name_": "ZpIco_0237_Hit_237", "item_disable_flag_": 0, "release_flag_": 1}, {"item_id_": 238, "name_id_": 238, "detail_id_": 238, "num_limit_": -1, "icon_asset_name_": "ZpIco_0238_GohanTeenSS1_238", "item_disable_flag_": 0, "release_flag_": 1}, {"item_id_": 240, "name_id_": 240, "detail_id_": 240, "num_limit_": -1, "icon_asset_name_": "ZpIco_0240_GokuKidGT_240", "item_disable_flag_": 0, "release_flag_": 1}, {"item_id_": 241, "name_id_": 241, "detail_id_": 241, "num_limit_": -1, "icon_asset_name_": "ZpIco_0241_Super17_241", "item_disable_flag_": 0, "release_flag_": 1}, {"item_id_": 242, "name_id_": 242, "detail_id_": 242, "num_limit_": -1, "icon_asset_name_": "ZpIco_0242_Android13M_242", "item_disable_flag_": 0, "release_flag_": 1}, {"item_id_": 243, "name_id_": 243, "detail_id_": 243, "num_limit_": -1, "icon_asset_name_": "ZpIco_0243_Goku_243", "item_disable_flag_": 0, "release_flag_": 1}, {"item_id_": 244, "name_id_": 244, "detail_id_": 244, "num_limit_": -1, "icon_asset_name_": "ZpIco_0244_Android18_244", "item_disable_flag_": 0, "release_flag_": 1}, {"item_id_": 245, "name_id_": 245, "detail_id_": 245, "num_limit_": -1, "icon_asset_name_": "ZpIco_0245_Bulma_245", "item_disable_flag_": 0, "release_flag_": 1}, {"item_id_": 246, "name_id_": 246, "detail_id_": 246, "num_limit_": -1, "icon_asset_name_": "ZpIco_0246_GinyuGoku_246", "item_disable_flag_": 0, "release_flag_": 1}, {"item_id_": 247, "name_id_": 247, "detail_id_": 247, "num_limit_": -1, "icon_asset_name_": "ZpIco_0247_GohanKid_247", "item_disable_flag_": 0, "release_flag_": 1}, {"item_id_": 248, "name_id_": 248, "detail_id_": 248, "num_limit_": -1, "icon_asset_name_": "ZpIco_0248_Krillin_248", "item_disable_flag_": 0, "release_flag_": 1}, {"item_id_": 249, "name_id_": 249, "detail_id_": 249, "num_limit_": -1, "icon_asset_name_": "ZpIco_0249_Nail_249", "item_disable_flag_": 0, "release_flag_": 1}, {"item_id_": 250, "name_id_": 250, "detail_id_": 250, "num_limit_": -1, "icon_asset_name_": "ZpIco_0250_Nail_250", "item_disable_flag_": 0, "release_flag_": 1}, {"item_id_": 251, "name_id_": 251, "detail_id_": 251, "num_limit_": -1, "icon_asset_name_": "ZpIco_0251_GokuSS3_251", "item_disable_flag_": 0, "release_flag_": 1}, {"item_id_": 252, "name_id_": 252, "detail_id_": 252, "num_limit_": -1, "icon_asset_name_": "ZpIco_0252_Goku_252", "item_disable_flag_": 0, "release_flag_": 1}, {"item_id_": 253, "name_id_": 253, "detail_id_": 253, "num_limit_": -1, "icon_asset_name_": "ZpIco_0253_PiccoloA_253", "item_disable_flag_": 0, "release_flag_": 1}, {"item_id_": 254, "name_id_": 254, "detail_id_": 254, "num_limit_": -1, "icon_asset_name_": "ZpIco_0254_Champa_254", "item_disable_flag_": 0, "release_flag_": 1}, {"item_id_": 255, "name_id_": 255, "detail_id_": 255, "num_limit_": -1, "icon_asset_name_": "ZpIco_0255_Bardock_255", "item_disable_flag_": 0, "release_flag_": 1}, {"item_id_": 256, "name_id_": 256, "detail_id_": 256, "num_limit_": -1, "icon_asset_name_": "ZpIco_0256_BojackFP_256", "item_disable_flag_": 0, "release_flag_": 1}, {"item_id_": 257, "name_id_": 257, "detail_id_": 257, "num_limit_": -1, "icon_asset_name_": "ZpIco_0257_Vegeta_257", "item_disable_flag_": 0, "release_flag_": 1}, {"item_id_": 258, "name_id_": 258, "detail_id_": 258, "num_limit_": -1, "icon_asset_name_": "ZpIco_0258_GohanFuture_258", "item_disable_flag_": 0, "release_flag_": 1}, {"item_id_": 259, "name_id_": 259, "detail_id_": 259, "num_limit_": -1, "icon_asset_name_": "ZpIco_0259_Raditz_259", "item_disable_flag_": 0, "release_flag_": 1}, {"item_id_": 260, "name_id_": 260, "detail_id_": 260, "num_limit_": -1, "icon_asset_name_": "ZpIco_0260_BuuGohan_260", "item_disable_flag_": 0, "release_flag_": 1}, {"item_id_": 261, "name_id_": 261, "detail_id_": 261, "num_limit_": -1, "icon_asset_name_": "ZpIco_0261_BuuFinal_261", "item_disable_flag_": 0, "release_flag_": 1}, {"item_id_": 262, "name_id_": 262, "detail_id_": 262, "num_limit_": -1, "icon_asset_name_": "ZpIco_0262_BrolySS1_262", "item_disable_flag_": 0, "release_flag_": 1}, {"item_id_": 263, "name_id_": 263, "detail_id_": 263, "num_limit_": -1, "icon_asset_name_": "ZpIco_0263_Android13_263", "item_disable_flag_": 0, "release_flag_": 1}, {"item_id_": 264, "name_id_": 264, "detail_id_": 264, "num_limit_": -1, "icon_asset_name_": "ZpIco_0264_GokuBlackRose_264", "item_disable_flag_": 0, "release_flag_": 1}, {"item_id_": 265, "name_id_": 265, "detail_id_": 265, "num_limit_": -1, "icon_asset_name_": "ZpIco_0265_VegetaSSGSS_265", "item_disable_flag_": 0, "release_flag_": 1}, {"item_id_": 266, "name_id_": 266, "detail_id_": 266, "num_limit_": -1, "icon_asset_name_": "ZpIco_0266_Cooler1st_266", "item_disable_flag_": 0, "release_flag_": 1}, {"item_id_": 268, "name_id_": 268, "detail_id_": 268, "num_limit_": -1, "icon_asset_name_": "ZpIco_0268_Frieza4th_268", "item_disable_flag_": 0, "release_flag_": 1}, {"item_id_": 269, "name_id_": 269, "detail_id_": 269, "num_limit_": -1, "icon_asset_name_": "ZpIco_0269_Shisami_269", "item_disable_flag_": 0, "release_flag_": 1}, {"item_id_": 270, "name_id_": 270, "detail_id_": 270, "num_limit_": -1, "icon_asset_name_": "ZpIco_0270_GokuSS4_270", "item_disable_flag_": 0, "release_flag_": 1}, {"item_id_": 271, "name_id_": 271, "detail_id_": 271, "num_limit_": -1, "icon_asset_name_": "ZpIco_0271_VegetaSS4_271", "item_disable_flag_": 0, "release_flag_": 1}, {"item_id_": 272, "name_id_": 272, "detail_id_": 272, "num_limit_": -1, "icon_asset_name_": "ZpIco_0272_Shenron4_272", "item_disable_flag_": 0, "release_flag_": 1}, {"item_id_": 273, "name_id_": 273, "detail_id_": 273, "num_limit_": -1, "icon_asset_name_": "ZpIco_0273_Shenron1_273", "item_disable_flag_": 0, "release_flag_": 1}, {"item_id_": 275, "name_id_": 275, "detail_id_": 275, "num_limit_": -1, "icon_asset_name_": "ZpIco_0275_Shenron3_275", "item_disable_flag_": 0, "release_flag_": 1}, {"item_id_": 276, "name_id_": 276, "detail_id_": 276, "num_limit_": -1, "icon_asset_name_": "ZpIco_0276_Tapion_276", "item_disable_flag_": 0, "release_flag_": 1}, {"item_id_": 277, "name_id_": 277, "detail_id_": 277, "num_limit_": -1, "icon_asset_name_": "ZpIco_0277_BrolyBN_277", "item_disable_flag_": 0, "release_flag_": 1}, {"item_id_": 278, "name_id_": 278, "detail_id_": 278, "num_limit_": -1, "icon_asset_name_": "ZpIco_0278_Kakarot_278", "item_disable_flag_": 0, "release_flag_": 1}, {"item_id_": 279, "name_id_": 279, "detail_id_": 279, "num_limit_": -1, "icon_asset_name_": "ZpIco_0279_Buu3rd_279", "item_disable_flag_": 0, "release_flag_": 1}, {"item_id_": 280, "name_id_": 280, "detail_id_": 280, "num_limit_": -1, "icon_asset_name_": "ZpIco_0280_GokuKidGT_280", "item_disable_flag_": 0, "release_flag_": 1}, {"item_id_": 281, "name_id_": 281, "detail_id_": 281, "num_limit_": -1, "icon_asset_name_": "ZpIco_0281_TrunksTeen_281", "item_disable_flag_": 0, "release_flag_": 1}, {"item_id_": 282, "name_id_": 282, "detail_id_": 282, "num_limit_": -1, "icon_asset_name_": "ZpIco_0282_Frieza2nd_282", "item_disable_flag_": 0, "release_flag_": 1}, {"item_id_": 283, "name_id_": 283, "detail_id_": 283, "num_limit_": -1, "icon_asset_name_": "ZpIco_0283_TrunksST_283", "item_disable_flag_": 0, "release_flag_": 1}, {"item_id_": 284, "name_id_": 284, "detail_id_": 284, "num_limit_": -1, "icon_asset_name_": "ZpIco_0284_HyperMegaRilldo_284", "item_disable_flag_": 0, "release_flag_": 1}, {"item_id_": 285, "name_id_": 285, "detail_id_": 285, "num_limit_": -1, "icon_asset_name_": "ZpIco_0285_Gtb_285", "item_disable_flag_": 0, "release_flag_": 1}, {"item_id_": 286, "name_id_": 286, "detail_id_": 286, "num_limit_": -1, "icon_asset_name_": "ZpIco_0286_GokuSSG_286", "item_disable_flag_": 0, "release_flag_": 1}, {"item_id_": 287, "name_id_": 287, "detail_id_": 287, "num_limit_": -1, "icon_asset_name_": "ZpIco_0287_VegetaSS1_287", "item_disable_flag_": 0, "release_flag_": 1}, {"item_id_": 288, "name_id_": 288, "detail_id_": 288, "num_limit_": -1, "icon_asset_name_": "ZpIco_0288_GogetaSS1_288", "item_disable_flag_": 0, "release_flag_": 1}, {"item_id_": 289, "name_id_": 289, "detail_id_": 289, "num_limit_": -1, "icon_asset_name_": "ZpIco_0289_JanembaS_289", "item_disable_flag_": 0, "release_flag_": 1}, {"item_id_": 290, "name_id_": 290, "detail_id_": 290, "num_limit_": -1, "icon_asset_name_": "ZpIco_0290_SuperBaby2_290", "item_disable_flag_": 0, "release_flag_": 1}, {"item_id_": 291, "name_id_": 291, "detail_id_": 291, "num_limit_": -1, "icon_asset_name_": "ZpIco_0291_Android14_291", "item_disable_flag_": 0, "release_flag_": 1}, {"item_id_": 292, "name_id_": 292, "detail_id_": 292, "num_limit_": -1, "icon_asset_name_": "ZpIco_0292_Android15_292", "item_disable_flag_": 0, "release_flag_": 1}, {"item_id_": 293, "name_id_": 293, "detail_id_": 293, "num_limit_": -1, "icon_asset_name_": "ZpIco_0293_KeflaSS2_293", "item_disable_flag_": 0, "release_flag_": 1}, {"item_id_": 294, "name_id_": 294, "detail_id_": 294, "num_limit_": -1, "icon_asset_name_": "ZpIco_0294_TrunksSS1_294", "item_disable_flag_": 0, "release_flag_": 1}, {"item_id_": 295, "name_id_": 295, "detail_id_": 295, "num_limit_": -1, "icon_asset_name_": "ZpIco_0295_Cell1st_295", "item_disable_flag_": 0, "release_flag_": 1}, {"item_id_": 296, "name_id_": 296, "detail_id_": 296, "num_limit_": -1, "icon_asset_name_": "ZpIco_0296_VegetaBaby_296", "item_disable_flag_": 0, "release_flag_": 1}, {"item_id_": 297, "name_id_": 297, "detail_id_": 297, "num_limit_": -1, "icon_asset_name_": "ZpIco_0297_Android21_297", "item_disable_flag_": 0, "release_flag_": 1}, {"item_id_": 298, "name_id_": 298, "detail_id_": 298, "num_limit_": -1, "icon_asset_name_": "ZpIco_0298_Android21_298", "item_disable_flag_": 0, "release_flag_": 1}, {"item_id_": 299, "name_id_": 299, "detail_id_": 299, "num_limit_": -1, "icon_asset_name_": "ZpIco_0299_Android21_299", "item_disable_flag_": 0, "release_flag_": 1}, {"item_id_": 300, "name_id_": 300, "detail_id_": 300, "num_limit_": -1, "icon_asset_name_": "ZpIco_0300_Android21_300", "item_disable_flag_": 0, "release_flag_": 1}, {"item_id_": 301, "name_id_": 301, "detail_id_": 301, "num_limit_": -1, "icon_asset_name_": "ZpIco_0301_Basil_301", "item_disable_flag_": 0, "release_flag_": 1}, {"item_id_": 302, "name_id_": 302, "detail_id_": 302, "num_limit_": -1, "icon_asset_name_": "ZpIco_0302_Bergamo_302", "item_disable_flag_": 0, "release_flag_": 1}, {"item_id_": 303, "name_id_": 303, "detail_id_": 303, "num_limit_": -1, "icon_asset_name_": "ZpIco_0303_Lavender_303", "item_disable_flag_": 0, "release_flag_": 1}, {"item_id_": 304, "name_id_": 304, "detail_id_": 304, "num_limit_": -1, "icon_asset_name_": "ZpIco_0304_Frieza1st_304", "item_disable_flag_": 0, "release_flag_": 1}, {"item_id_": 305, "name_id_": 305, "detail_id_": 305, "num_limit_": -1, "icon_asset_name_": "ZpIco_0305_BardockNoBandana_305", "item_disable_flag_": 0, "release_flag_": 1}, {"item_id_": 306, "name_id_": 306, "detail_id_": 306, "num_limit_": -1, "icon_asset_name_": "ZpIco_0306_Vegito_306", "item_disable_flag_": 0, "release_flag_": 1}, {"item_id_": 307, "name_id_": 307, "detail_id_": 307, "num_limit_": -1, "icon_asset_name_": "ZpIco_0307_Pumbukin_307", "item_disable_flag_": 0, "release_flag_": 1}, {"item_id_": 308, "name_id_": 308, "detail_id_": 308, "num_limit_": -1, "icon_asset_name_": "ZpIco_0308_Totapo_308", "item_disable_flag_": 0, "release_flag_": 1}, {"item_id_": 309, "name_id_": 309, "detail_id_": 309, "num_limit_": -1, "icon_asset_name_": "ZpIco_0309_TaoPaiPai_309", "item_disable_flag_": 0, "release_flag_": 1}, {"item_id_": 310, "name_id_": 310, "detail_id_": 310, "num_limit_": -1, "icon_asset_name_": "ZpIco_0310_GokuSSK_310", "item_disable_flag_": 0, "release_flag_": 1}, {"item_id_": 311, "name_id_": 311, "detail_id_": 311, "num_limit_": -1, "icon_asset_name_": "ZpIco_0311_Paikuhan_311", "item_disable_flag_": 0, "release_flag_": 1}, {"item_id_": 312, "name_id_": 312, "detail_id_": 312, "num_limit_": -1, "icon_asset_name_": "ZpIco_0312_Kale_312", "item_disable_flag_": 0, "release_flag_": 1}, {"item_id_": 313, "name_id_": 313, "detail_id_": 313, "num_limit_": -1, "icon_asset_name_": "ZpIco_0313_GotenksSS1_313", "item_disable_flag_": 0, "release_flag_": 1}, {"item_id_": 314, "name_id_": 314, "detail_id_": 314, "num_limit_": -1, "icon_asset_name_": "ZpIco_0314_GokuSSGSS_314", "item_disable_flag_": 0, "release_flag_": 1}, {"item_id_": 315, "name_id_": 315, "detail_id_": 315, "num_limit_": -1, "icon_asset_name_": "ZpIco_0315_VegetaSSGSS_315", "item_disable_flag_": 0, "release_flag_": 1}, {"item_id_": 316, "name_id_": 316, "detail_id_": 316, "num_limit_": -1, "icon_asset_name_": "ZpIco_0316_GokuTeen_316", "item_disable_flag_": 0, "release_flag_": 1}, {"item_id_": 317, "name_id_": 317, "detail_id_": 317, "num_limit_": -1, "icon_asset_name_": "ZpIco_0317_Hit_317", "item_disable_flag_": 0, "release_flag_": 1}, {"item_id_": 318, "name_id_": 318, "detail_id_": 318, "num_limit_": -1, "icon_asset_name_": "ZpIco_0318_VegitoSSGSS_318", "item_disable_flag_": 0, "release_flag_": 1}, {"item_id_": 319, "name_id_": 319, "detail_id_": 319, "num_limit_": -1, "icon_asset_name_": "ZpIco_0319_TrunksFutureSSA_319", "item_disable_flag_": 0, "release_flag_": 1}, {"item_id_": 320, "name_id_": 320, "detail_id_": 320, "num_limit_": -1, "icon_asset_name_": "ZpIco_0320_ZamasM_320", "item_disable_flag_": 0, "release_flag_": 1}, {"item_id_": 321, "name_id_": 321, "detail_id_": 321, "num_limit_": -1, "icon_asset_name_": "ZpIco_0321_ShenronS1_321", "item_disable_flag_": 0, "release_flag_": 1}, {"item_id_": 322, "name_id_": 322, "detail_id_": 322, "num_limit_": -1, "icon_asset_name_": "ZpIco_0322_GokuSS4FP_322", "item_disable_flag_": 0, "release_flag_": 1}, {"item_id_": 323, "name_id_": 323, "detail_id_": 323, "num_limit_": -1, "icon_asset_name_": "ZpIco_0323_Shenron1_323", "item_disable_flag_": 0, "release_flag_": 1}, {"item_id_": 324, "name_id_": 324, "detail_id_": 324, "num_limit_": -1, "icon_asset_name_": "ZpIco_0324_Gtn_324", "item_disable_flag_": 0, "release_flag_": 1}, {"item_id_": 325, "name_id_": 325, "detail_id_": 325, "num_limit_": -1, "icon_asset_name_": "ZpIco_0325_VegetaSV_325", "item_disable_flag_": 0, "release_flag_": 1}, {"item_id_": 326, "name_id_": 326, "detail_id_": 326, "num_limit_": -1, "icon_asset_name_": "ZpIco_0326_GohanDBS_326", "item_disable_flag_": 0, "release_flag_": 1}, {"item_id_": 327, "name_id_": 327, "detail_id_": 327, "num_limit_": -1, "icon_asset_name_": "ZpIco_0327_BuuGotenks_327", "item_disable_flag_": 0, "release_flag_": 1}, {"item_id_": 328, "name_id_": 328, "detail_id_": 328, "num_limit_": -1, "icon_asset_name_": "ZpIco_0328_YoungYamcha_328", "item_disable_flag_": 0, "release_flag_": 1}, {"item_id_": 329, "name_id_": 329, "detail_id_": 329, "num_limit_": -1, "icon_asset_name_": "ZpIco_0329_TienShinhan_329", "item_disable_flag_": 0, "release_flag_": 1}, {"item_id_": 330, "name_id_": 330, "detail_id_": 330, "num_limit_": -1, "icon_asset_name_": "ZpIco_0330_Krillin_330", "item_disable_flag_": 0, "release_flag_": 1}, {"item_id_": 331, "name_id_": 331, "detail_id_": 331, "num_limit_": -1, "icon_asset_name_": "ZpIco_0331_Yamucha_331", "item_disable_flag_": 0, "release_flag_": 1}, {"item_id_": 332, "name_id_": 332, "detail_id_": 332, "num_limit_": -1, "icon_asset_name_": "ZpIco_0332_Bido_332", "item_disable_flag_": 0, "release_flag_": 1}, {"item_id_": 333, "name_id_": 333, "detail_id_": 333, "num_limit_": -1, "icon_asset_name_": "ZpIco_0333_Bujin_333", "item_disable_flag_": 0, "release_flag_": 1}, {"item_id_": 334, "name_id_": 334, "detail_id_": 334, "num_limit_": -1, "icon_asset_name_": "ZpIco_0334_Gokua_334", "item_disable_flag_": 0, "release_flag_": 1}, {"item_id_": 337, "name_id_": 337, "detail_id_": 337, "num_limit_": -1, "icon_asset_name_": "ZpIco_0337_Hit_337", "item_disable_flag_": 0, "release_flag_": 1}, {"item_id_": 338, "name_id_": 338, "detail_id_": 338, "num_limit_": -1, "icon_asset_name_": "ZpIco_0338_Turles_338", "item_disable_flag_": 0, "release_flag_": 1}, {"item_id_": 339, "name_id_": 339, "detail_id_": 339, "num_limit_": -1, "icon_asset_name_": "ZpIco_0339_GokuSS1_339", "item_disable_flag_": 0, "release_flag_": 1}, {"item_id_": 340, "name_id_": 340, "detail_id_": 340, "num_limit_": -1, "icon_asset_name_": "ZpIco_0340_Jiren_340", "item_disable_flag_": 0, "release_flag_": 1}, {"item_id_": 341, "name_id_": 341, "detail_id_": 341, "num_limit_": -1, "icon_asset_name_": "ZpIco_0341_Toppo_341", "item_disable_flag_": 0, "release_flag_": 1}, {"item_id_": 342, "name_id_": 342, "detail_id_": 342, "num_limit_": -1, "icon_asset_name_": "ZpIco_0342_Dyspo_342", "item_disable_flag_": 0, "release_flag_": 1}, {"item_id_": 343, "name_id_": 343, "detail_id_": 343, "num_limit_": -1, "icon_asset_name_": "ZpIco_0343_GotenTeen_343", "item_disable_flag_": 0, "release_flag_": 1}, {"item_id_": 344, "name_id_": 344, "detail_id_": 344, "num_limit_": -1, "icon_asset_name_": "ZpIco_0344_TrunksTeen_344", "item_disable_flag_": 0, "release_flag_": 1}, {"item_id_": 345, "name_id_": 345, "detail_id_": 345, "num_limit_": -1, "icon_asset_name_": "ZpIco_0345_Cell3rd_345", "item_disable_flag_": 0, "release_flag_": 1}, {"item_id_": 346, "name_id_": 346, "detail_id_": 346, "num_limit_": -1, "icon_asset_name_": "ZpIco_0346_Vegeta_346", "item_disable_flag_": 0, "release_flag_": 1}, {"item_id_": 347, "name_id_": 347, "detail_id_": 347, "num_limit_": -1, "icon_asset_name_": "ZpIco_0347_GokuSS2_0347", "item_disable_flag_": 0, "release_flag_": 1}, {"item_id_": 348, "name_id_": 348, "detail_id_": 348, "num_limit_": -1, "icon_asset_name_": "ZpIco_0348_Videl_348", "item_disable_flag_": 0, "release_flag_": 1}, {"item_id_": 349, "name_id_": 349, "detail_id_": 349, "num_limit_": -1, "icon_asset_name_": "ZpIco_0349_GreatSaiyaman1_349", "item_disable_flag_": 0, "release_flag_": 1}, {"item_id_": 350, "name_id_": 350, "detail_id_": 350, "num_limit_": -1, "icon_asset_name_": "ZpIco_0350_GokuBlack_350", "item_disable_flag_": 0, "release_flag_": 1}, {"item_id_": 351, "name_id_": 351, "detail_id_": 351, "num_limit_": -1, "icon_asset_name_": "ZpIco_0351_Ribrianne_351", "item_disable_flag_": 0, "release_flag_": 1}, {"item_id_": 352, "name_id_": 352, "detail_id_": 352, "num_limit_": -1, "icon_asset_name_": "ZpIco_0352_Kakunsa_352", "item_disable_flag_": 0, "release_flag_": 1}, {"item_id_": 353, "name_id_": 353, "detail_id_": 353, "num_limit_": -1, "icon_asset_name_": "ZpIco_0353_Rozie_353", "item_disable_flag_": 0, "release_flag_": 1}, {"item_id_": 354, "name_id_": 354, "detail_id_": 354, "num_limit_": -1, "icon_asset_name_": "ZpIco_0354_GohanKid_354", "item_disable_flag_": 0, "release_flag_": 1}, {"item_id_": 362, "name_id_": 362, "detail_id_": 362, "num_limit_": -1, "icon_asset_name_": "ZpIco_0362_Yurin_362", "item_disable_flag_": 0, "release_flag_": 1}, {"item_id_": 363, "name_id_": 363, "detail_id_": 363, "num_limit_": -1, "icon_asset_name_": "ZpIco_0363_VegetaSS1_363", "item_disable_flag_": 0, "release_flag_": 1}, {"item_id_": 364, "name_id_": 364, "detail_id_": 364, "num_limit_": -1, "icon_asset_name_": "ZpIco_0364_MetalCooler_364", "item_disable_flag_": 0, "release_flag_": 1}, {"item_id_": 365, "name_id_": 365, "detail_id_": 365, "num_limit_": -1, "icon_asset_name_": "ZpIco_0365_BojackFP_365", "item_disable_flag_": 0, "release_flag_": 1}, {"item_id_": 366, "name_id_": 366, "detail_id_": 366, "num_limit_": -1, "icon_asset_name_": "ZpIco_0366_GokuUIS_366", "item_disable_flag_": 0, "release_flag_": 1}, {"item_id_": 367, "name_id_": 367, "detail_id_": 367, "num_limit_": -1, "icon_asset_name_": "ZpIco_0367_Frieza4th_367", "item_disable_flag_": 0, "release_flag_": 1}, {"item_id_": 370, "name_id_": 370, "detail_id_": 370, "num_limit_": -1, "icon_asset_name_": "ZpIco_0370_BrolyBFP_370", "item_disable_flag_": 0, "release_flag_": 1}, {"item_id_": 371, "name_id_": 371, "detail_id_": 371, "num_limit_": -1, "icon_asset_name_": "ZpIco_0371_Frieza4th_371", "item_disable_flag_": 0, "release_flag_": 1}, {"item_id_": 372, "name_id_": 372, "detail_id_": 372, "num_limit_": -1, "icon_asset_name_": "ZpIco_0372_BrolyBN_372", "item_disable_flag_": 0, "release_flag_": 1}, {"item_id_": 373, "name_id_": 373, "detail_id_": 373, "num_limit_": -1, "icon_asset_name_": "ZpIco_0373_Vegeta_373", "item_disable_flag_": 0, "release_flag_": 1}, {"item_id_": 374, "name_id_": 374, "detail_id_": 374, "num_limit_": -1, "icon_asset_name_": "ZpIco_0374_Goku_374", "item_disable_flag_": 0, "release_flag_": 1}, {"item_id_": 375, "name_id_": 375, "detail_id_": 375, "num_limit_": -1, "icon_asset_name_": "ZpIco_0375_GohanFSS1_375", "item_disable_flag_": 0, "release_flag_": 1}, {"item_id_": 376, "name_id_": 376, "detail_id_": 376, "num_limit_": -1, "icon_asset_name_": "ZpIco_0376_KameSennin_376", "item_disable_flag_": 0, "release_flag_": 1}, {"item_id_": 377, "name_id_": 377, "detail_id_": 377, "num_limit_": -1, "icon_asset_name_": "ZpIco_0377_BuuFinal_377", "item_disable_flag_": 0, "release_flag_": 1}, {"item_id_": 378, "name_id_": 378, "detail_id_": 378, "num_limit_": -1, "icon_asset_name_": "ZpIco_0378_Vegeta_378", "item_disable_flag_": 0, "release_flag_": 1}, {"item_id_": 379, "name_id_": 379, "detail_id_": 379, "num_limit_": -1, "icon_asset_name_": "ZpIco_0379_Bulma_379", "item_disable_flag_": 0, "release_flag_": 1}, {"item_id_": 380, "name_id_": 380, "detail_id_": 380, "num_limit_": -1, "icon_asset_name_": "ZpIco_0380_BrolyNSS1_380", "item_disable_flag_": 0, "release_flag_": 1}, {"item_id_": 381, "name_id_": 381, "detail_id_": 381, "num_limit_": -1, "icon_asset_name_": "ZpIco_0381_PiccoloRotor_381", "item_disable_flag_": 0, "release_flag_": 1}, {"item_id_": 382, "name_id_": 382, "detail_id_": 382, "num_limit_": -1, "icon_asset_name_": "ZpIco_0382_TrunksTF_382", "item_disable_flag_": 0, "release_flag_": 1}, {"item_id_": 383, "name_id_": 383, "detail_id_": 383, "num_limit_": -1, "icon_asset_name_": "ZpIco_0383_GokuBlackRose_383", "item_disable_flag_": 0, "release_flag_": 1}, {"item_id_": 384, "name_id_": 384, "detail_id_": 384, "num_limit_": -1, "icon_asset_name_": "ZpIco_0384_TrunksFuture_384", "item_disable_flag_": 0, "release_flag_": 1}, {"item_id_": 385, "name_id_": 385, "detail_id_": 385, "num_limit_": -1, "icon_asset_name_": "ZpIco_0385_GokuSS1_385", "item_disable_flag_": 0, "release_flag_": 1}, {"item_id_": 386, "name_id_": 386, "detail_id_": 386, "num_limit_": -1, "icon_asset_name_": "ZpIco_0386_GokuSSGSS_386", "item_disable_flag_": 0, "release_flag_": 1}, {"item_id_": 387, "name_id_": 387, "detail_id_": 387, "num_limit_": -1, "icon_asset_name_": "ZpIco_0387_GokuBlack_387", "item_disable_flag_": 0, "release_flag_": 1}, {"item_id_": 388, "name_id_": 388, "detail_id_": 388, "num_limit_": -1, "icon_asset_name_": "ZpIco_0388_GokuSS4_388", "item_disable_flag_": 0, "release_flag_": 1}, {"item_id_": 389, "name_id_": 389, "detail_id_": 389, "num_limit_": -1, "icon_asset_name_": "ZpIco_0389_Android18_389", "item_disable_flag_": 0, "release_flag_": 1}, {"item_id_": 390, "name_id_": 390, "detail_id_": 390, "num_limit_": -1, "icon_asset_name_": "ZpIco_0390_Android17_390", "item_disable_flag_": 0, "release_flag_": 1}, {"item_id_": 391, "name_id_": 391, "detail_id_": 391, "num_limit_": -1, "icon_asset_name_": "ZpIco_0391_VegetaBaby_391", "item_disable_flag_": 0, "release_flag_": 1}, {"item_id_": 392, "name_id_": 392, "detail_id_": 392, "num_limit_": -1, "icon_asset_name_": "ZpIco_0392_GogetaSS4_392", "item_disable_flag_": 0, "release_flag_": 1}, {"item_id_": 393, "name_id_": 393, "detail_id_": 393, "num_limit_": -1, "icon_asset_name_": "ZpIco_0393_Super17_393", "item_disable_flag_": 0, "release_flag_": 1}, {"item_id_": 394, "name_id_": 394, "detail_id_": 394, "num_limit_": -1, "icon_asset_name_": "ZpIco_0394_SuperBaby2_394", "item_disable_flag_": 0, "release_flag_": 1}, {"item_id_": 395, "name_id_": 395, "detail_id_": 395, "num_limit_": -1, "icon_asset_name_": "ZpIco_0395_ZamasMD_395", "item_disable_flag_": 0, "release_flag_": 1}, {"item_id_": 396, "name_id_": 396, "detail_id_": 396, "num_limit_": -1, "icon_asset_name_": "ZpIco_0396_VegitoSSGSS_396", "item_disable_flag_": 0, "release_flag_": 1}, {"item_id_": 397, "name_id_": 397, "detail_id_": 397, "num_limit_": -1, "icon_asset_name_": "ZpIco_0397_KeflaSS2_397", "item_disable_flag_": 0, "release_flag_": 1}, {"item_id_": 398, "name_id_": 398, "detail_id_": 398, "num_limit_": -1, "icon_asset_name_": "ZpIco_0398_GotenksSS3_398", "item_disable_flag_": 0, "release_flag_": 1}, {"item_id_": 399, "name_id_": 399, "detail_id_": 399, "num_limit_": -1, "icon_asset_name_": "ZpIco_0399_GokuBlackRose_399", "item_disable_flag_": 0, "release_flag_": 1}, {"item_id_": 400, "name_id_": 400, "detail_id_": 400, "num_limit_": -1, "icon_asset_name_": "ZpIco_0400_Vegeta_400", "item_disable_flag_": 0, "release_flag_": 1}, {"item_id_": 401, "name_id_": 401, "detail_id_": 401, "num_limit_": -1, "icon_asset_name_": "ZpIco_0401_Goku_401", "item_disable_flag_": 0, "release_flag_": 1}, {"item_id_": 402, "name_id_": 402, "detail_id_": 402, "num_limit_": -1, "icon_asset_name_": "ZpIco_0402_GokuSS1_402", "item_disable_flag_": 0, "release_flag_": 1}, {"item_id_": 403, "name_id_": 403, "detail_id_": 403, "num_limit_": -1, "icon_asset_name_": "ZpIco_0403_GokuSS2_403", "item_disable_flag_": 0, "release_flag_": 1}, {"item_id_": 404, "name_id_": 404, "detail_id_": 404, "num_limit_": -1, "icon_asset_name_": "ZpIco_0404_GokuSS3_404", "item_disable_flag_": 0, "release_flag_": 1}, {"item_id_": 405, "name_id_": 405, "detail_id_": 405, "num_limit_": -1, "icon_asset_name_": "ZpIco_0405_GokuSSG_405", "item_disable_flag_": 0, "release_flag_": 1}, {"item_id_": 406, "name_id_": 406, "detail_id_": 406, "num_limit_": -1, "icon_asset_name_": "ZpIco_0406_GokuSSGSS_406", "item_disable_flag_": 0, "release_flag_": 1}, {"item_id_": 409, "name_id_": 409, "detail_id_": 409, "num_limit_": -1, "icon_asset_name_": "ZpIco_0409_GohanTeenSS1_409", "item_disable_flag_": 0, "release_flag_": 1}, {"item_id_": 410, "name_id_": 410, "detail_id_": 410, "num_limit_": -1, "icon_asset_name_": "ZpIco_0410_Zangya_410", "item_disable_flag_": 0, "release_flag_": 1}, {"item_id_": 411, "name_id_": 411, "detail_id_": 411, "num_limit_": -1, "icon_asset_name_": "ZpIco_0411_Bojack_411", "item_disable_flag_": 0, "release_flag_": 1}, {"item_id_": 412, "name_id_": 412, "detail_id_": 412, "num_limit_": -1, "icon_asset_name_": "ZpIco_0412_TrunksSS1_412", "item_disable_flag_": 0, "release_flag_": 1}, {"item_id_": 414, "name_id_": 414, "detail_id_": 414, "num_limit_": -1, "icon_asset_name_": "ZpIco_0414_FriezaFP_414", "item_disable_flag_": 0, "release_flag_": 1}, {"item_id_": 415, "name_id_": 415, "detail_id_": 415, "num_limit_": -1, "icon_asset_name_": "ZpIco_0415_Appule_415", "item_disable_flag_": 0, "release_flag_": 1}, {"item_id_": 416, "name_id_": 416, "detail_id_": 416, "num_limit_": -1, "icon_asset_name_": "ZpIco_0416_Ramon_416", "item_disable_flag_": 0, "release_flag_": 1}, {"item_id_": 417, "name_id_": 417, "detail_id_": 417, "num_limit_": -1, "icon_asset_name_": "ZpIco_0417_Orlen_417", "item_disable_flag_": 0, "release_flag_": 1}, {"item_id_": 418, "name_id_": 418, "detail_id_": 418, "num_limit_": -1, "icon_asset_name_": "ZpIco_0418_Nabana_418", "item_disable_flag_": 0, "release_flag_": 1}, {"item_id_": 419, "name_id_": 419, "detail_id_": 419, "num_limit_": -1, "icon_asset_name_": "ZpIco_0419_Roberry_419", "item_disable_flag_": 0, "release_flag_": 1}, {"item_id_": 420, "name_id_": 420, "detail_id_": 420, "num_limit_": -1, "icon_asset_name_": "ZpIco_0420_Raspberry_420", "item_disable_flag_": 0, "release_flag_": 1}, {"item_id_": 421, "name_id_": 421, "detail_id_": 421, "num_limit_": -1, "icon_asset_name_": "ZpIco_0421_Navel_421", "item_disable_flag_": 0, "release_flag_": 1}, {"item_id_": 422, "name_id_": 422, "detail_id_": 422, "num_limit_": -1, "icon_asset_name_": "ZpIco_0422_Monrei_422", "item_disable_flag_": 0, "release_flag_": 1}, {"item_id_": 423, "name_id_": 423, "detail_id_": 423, "num_limit_": -1, "icon_asset_name_": "ZpIco_0423_Guprei_423", "item_disable_flag_": 0, "release_flag_": 1}, {"item_id_": 424, "name_id_": 424, "detail_id_": 424, "num_limit_": -1, "icon_asset_name_": "ZpIco_0424_GokuKidGTSS3_424", "item_disable_flag_": 0, "release_flag_": 1}, {"item_id_": 425, "name_id_": 425, "detail_id_": 425, "num_limit_": -1, "icon_asset_name_": "ZpIco_0425_SuperUub_425", "item_disable_flag_": 0, "release_flag_": 1}, {"item_id_": 426, "name_id_": 426, "detail_id_": 426, "num_limit_": -1, "icon_asset_name_": "ZpIco_0426_GokuSS1_426", "item_disable_flag_": 0, "release_flag_": 1}, {"item_id_": 427, "name_id_": 427, "detail_id_": 427, "num_limit_": -1, "icon_asset_name_": "ZpIco_0427_BrolySS1_427", "item_disable_flag_": 0, "release_flag_": 1}, {"item_id_": 428, "name_id_": 428, "detail_id_": 428, "num_limit_": -1, "icon_asset_name_": "ZpIco_0428_VegetaSSGSSEvo_428", "item_disable_flag_": 0, "release_flag_": 1}, {"item_id_": 429, "name_id_": 429, "detail_id_": 429, "num_limit_": -1, "icon_asset_name_": "ZpIco_0429_Jiren_429", "item_disable_flag_": 0, "release_flag_": 1}, {"item_id_": 430, "name_id_": 430, "detail_id_": 430, "num_limit_": -1, "icon_asset_name_": "ZpIco_0430_ToppoGod_430", "item_disable_flag_": 0, "release_flag_": 1}, {"item_id_": 431, "name_id_": 431, "detail_id_": 431, "num_limit_": -1, "icon_asset_name_": "ZpIco_0431_CauliflaSS2_431", "item_disable_flag_": 0, "release_flag_": 1}, {"item_id_": 432, "name_id_": 432, "detail_id_": 432, "num_limit_": -1, "icon_asset_name_": "ZpIco_0432_PerfectCell_432", "item_disable_flag_": 0, "release_flag_": 1}, {"item_id_": 433, "name_id_": 433, "detail_id_": 433, "num_limit_": -1, "icon_asset_name_": "ZpIco_0433_VegetaT_433", "item_disable_flag_": 0, "release_flag_": 1}, {"item_id_": 434, "name_id_": 434, "detail_id_": 434, "num_limit_": -1, "icon_asset_name_": "ZpIco_0434_Yajirobe_434", "item_disable_flag_": 0, "release_flag_": 1}, {"item_id_": 435, "name_id_": 435, "detail_id_": 435, "num_limit_": -1, "icon_asset_name_": "ZpIco_0435_Saibaiman_435", "item_disable_flag_": 0, "release_flag_": 1}, {"item_id_": 436, "name_id_": 436, "detail_id_": 436, "num_limit_": -1, "icon_asset_name_": "ZpIco_0436_Kaiwareman_436", "item_disable_flag_": 0, "release_flag_": 1}, {"item_id_": 437, "name_id_": 437, "detail_id_": 437, "num_limit_": -1, "icon_asset_name_": "ZpIco_0437_Kyukonman_437", "item_disable_flag_": 0, "release_flag_": 1}, {"item_id_": 438, "name_id_": 438, "detail_id_": 438, "num_limit_": -1, "icon_asset_name_": "ZpIco_0438_Tennenman_438", "item_disable_flag_": 0, "release_flag_": 1}, {"item_id_": 439, "name_id_": 439, "detail_id_": 439, "num_limit_": -1, "icon_asset_name_": "ZpIco_0439_Jinkoman_439", "item_disable_flag_": 0, "release_flag_": 1}, {"item_id_": 440, "name_id_": 440, "detail_id_": 440, "num_limit_": -1, "icon_asset_name_": "ZpIco_0440_Copyman_440", "item_disable_flag_": 0, "release_flag_": 1}, {"item_id_": 441, "name_id_": 441, "detail_id_": 441, "num_limit_": -1, "icon_asset_name_": "ZpIco_0441_GohanKid_441", "item_disable_flag_": 0, "release_flag_": 1}, {"item_id_": 442, "name_id_": 442, "detail_id_": 442, "num_limit_": -1, "icon_asset_name_": "ZpIco_0442_GohanTeenSS2_442", "item_disable_flag_": 0, "release_flag_": 1}, {"item_id_": 443, "name_id_": 443, "detail_id_": 443, "num_limit_": -1, "icon_asset_name_": "ZpIco_0443_ShenronS1_443", "item_disable_flag_": 0, "release_flag_": 1}, {"item_id_": 444, "name_id_": 444, "detail_id_": 444, "num_limit_": -1, "icon_asset_name_": "ZpIco_0444_GokuSS1_444", "item_disable_flag_": 0, "release_flag_": 1}, {"item_id_": 445, "name_id_": 445, "detail_id_": 445, "num_limit_": -1, "icon_asset_name_": "ZpIco_0445_PiccoloHL_445", "item_disable_flag_": 0, "release_flag_": 1}, {"item_id_": 447, "name_id_": 447, "detail_id_": 447, "num_limit_": -1, "icon_asset_name_": "ZpIco_0447_GokuBlackRose_447", "item_disable_flag_": 0, "release_flag_": 1}, {"item_id_": 448, "name_id_": 448, "detail_id_": 448, "num_limit_": -1, "icon_asset_name_": "ZpIco_0448_GokuSSGSS_448", "item_disable_flag_": 0, "release_flag_": 1}, {"item_id_": 449, "name_id_": 449, "detail_id_": 449, "num_limit_": -1, "icon_asset_name_": "ZpIco_0449_BrolyB_449", "item_disable_flag_": 0, "release_flag_": 1}, {"item_id_": 450, "name_id_": 450, "detail_id_": 450, "num_limit_": -1, "icon_asset_name_": "ZpIco_0450_Frieza4th_450", "item_disable_flag_": 0, "release_flag_": 1}, {"item_id_": 451, "name_id_": 451, "detail_id_": 451, "num_limit_": -1, "icon_asset_name_": "ZpIco_0451_TrunksFutureSS1_451", "item_disable_flag_": 0, "release_flag_": 1}, {"item_id_": 452, "name_id_": 452, "detail_id_": 452, "num_limit_": -1, "icon_asset_name_": "ZpIco_0452_Zamas_452", "item_disable_flag_": 0, "release_flag_": 1}, {"item_id_": 453, "name_id_": 453, "detail_id_": 453, "num_limit_": -1, "icon_asset_name_": "ZpIco_0453_MaiFuture_453", "item_disable_flag_": 0, "release_flag_": 1}, {"item_id_": 454, "name_id_": 454, "detail_id_": 454, "num_limit_": -1, "icon_asset_name_": "ZpIco_0454_GogetaSS1_454", "item_disable_flag_": 0, "release_flag_": 1}, {"item_id_": 455, "name_id_": 455, "detail_id_": 455, "num_limit_": -1, "icon_asset_name_": "ZpIco_0455_Frieza1stPod_455", "item_disable_flag_": 0, "release_flag_": 1}, {"item_id_": 456, "name_id_": 456, "detail_id_": 456, "num_limit_": -1, "icon_asset_name_": "ZpIco_0456_Bardock_456", "item_disable_flag_": 0, "release_flag_": 1}, {"item_id_": 457, "name_id_": 457, "detail_id_": 457, "num_limit_": -1, "icon_asset_name_": "ZpIco_0457_Toma_457", "item_disable_flag_": 0, "release_flag_": 1}, {"item_id_": 458, "name_id_": 458, "detail_id_": 458, "num_limit_": -1, "icon_asset_name_": "ZpIco_0458_Selypa_458", "item_disable_flag_": 0, "release_flag_": 1}, {"item_id_": 459, "name_id_": 459, "detail_id_": 459, "num_limit_": -1, "icon_asset_name_": "ZpIco_0459_GokuKAIOU_459", "item_disable_flag_": 0, "release_flag_": 1}, {"item_id_": 460, "name_id_": 460, "detail_id_": 460, "num_limit_": -1, "icon_asset_name_": "ZpIco_0460_Frieza4th_460", "item_disable_flag_": 0, "release_flag_": 1}, {"item_id_": 461, "name_id_": 461, "detail_id_": 461, "num_limit_": -1, "icon_asset_name_": "ZpIco_0461_Android18_461", "item_disable_flag_": 0, "release_flag_": 1}, {"item_id_": 462, "name_id_": 462, "detail_id_": 462, "num_limit_": -1, "icon_asset_name_": "ZpIco_0462_JirenFP_462", "item_disable_flag_": 0, "release_flag_": 1}, {"item_id_": 463, "name_id_": 463, "detail_id_": 463, "num_limit_": -1, "icon_asset_name_": "ZpIco_0463_Beerus_463", "item_disable_flag_": 0, "release_flag_": 1}, {"item_id_": 464, "name_id_": 464, "detail_id_": 464, "num_limit_": -1, "icon_asset_name_": "ZpIco_0464_Toppo_464", "item_disable_flag_": 0, "release_flag_": 1}, {"item_id_": 465, "name_id_": 465, "detail_id_": 465, "num_limit_": -1, "icon_asset_name_": "ZpIco_0465_Dyspo_465", "item_disable_flag_": 0, "release_flag_": 1}, {"item_id_": 466, "name_id_": 466, "detail_id_": 466, "num_limit_": -1, "icon_asset_name_": "ZpIco_0466_GokuSSGSS_466", "item_disable_flag_": 0, "release_flag_": 1}, {"item_id_": 467, "name_id_": 467, "detail_id_": 467, "num_limit_": -1, "icon_asset_name_": "ZpIco_0467_VegetaSSGSS_467", "item_disable_flag_": 0, "release_flag_": 1}, {"item_id_": 468, "name_id_": 468, "detail_id_": 468, "num_limit_": -1, "icon_asset_name_": "ZpIco_0468_GokuSSGSSKAIOU_468", "item_disable_flag_": 0, "release_flag_": 1}, {"item_id_": 469, "name_id_": 469, "detail_id_": 469, "num_limit_": -1, "icon_asset_name_": "ZpIco_0469_FriezaGold_469", "item_disable_flag_": 0, "release_flag_": 1}, {"item_id_": 470, "name_id_": 470, "detail_id_": 470, "num_limit_": -1, "icon_asset_name_": "ZpIco_0470_Whis_470", "item_disable_flag_": 0, "release_flag_": 1}, {"item_id_": 471, "name_id_": 471, "detail_id_": 471, "num_limit_": -1, "icon_asset_name_": "ZpIco_0471_TrunksSS1_471", "item_disable_flag_": 0, "release_flag_": 1}, {"item_id_": 472, "name_id_": 472, "detail_id_": 472, "num_limit_": -1, "icon_asset_name_": "ZpIco_0472_Android17_472", "item_disable_flag_": 0, "release_flag_": 1}, {"item_id_": 473, "name_id_": 473, "detail_id_": 473, "num_limit_": -1, "icon_asset_name_": "ZpIco_0473_GohanF_473", "item_disable_flag_": 0, "release_flag_": 1}, {"item_id_": 474, "name_id_": 474, "detail_id_": 474, "num_limit_": -1, "icon_asset_name_": "ZpIco_0474_GogetaSS1_474", "item_disable_flag_": 0, "release_flag_": 1}, {"item_id_": 475, "name_id_": 475, "detail_id_": 475, "num_limit_": -1, "icon_asset_name_": "ZpIco_0475_Gamma1_475", "item_disable_flag_": 0, "release_flag_": 1}, {"item_id_": 476, "name_id_": 476, "detail_id_": 476, "num_limit_": -1, "icon_asset_name_": "ZpIco_0476_Gamma2_476", "item_disable_flag_": 0, "release_flag_": 1}, {"item_id_": 477, "name_id_": 477, "detail_id_": 477, "num_limit_": -1, "icon_asset_name_": "ZpIco_0477_GokuUI_477", "item_disable_flag_": 0, "release_flag_": 1}, {"item_id_": 478, "name_id_": 478, "detail_id_": 478, "num_limit_": -1, "icon_asset_name_": "ZpIco_0478_VegetaSS1_478", "item_disable_flag_": 0, "release_flag_": 1}, {"item_id_": 479, "name_id_": 479, "detail_id_": 479, "num_limit_": -1, "icon_asset_name_": "ZpIco_0479_Goku_479", "item_disable_flag_": 0, "release_flag_": 1}, {"item_id_": 480, "name_id_": 480, "detail_id_": 480, "num_limit_": -1, "icon_asset_name_": "ZpIco_0480_Krillin_480", "item_disable_flag_": 0, "release_flag_": 1}, {"item_id_": 481, "name_id_": 481, "detail_id_": 481, "num_limit_": -1, "icon_asset_name_": "ZpIco_0481_TienShinhan_481", "item_disable_flag_": 0, "release_flag_": 1}, {"item_id_": 482, "name_id_": 482, "detail_id_": 482, "num_limit_": -1, "icon_asset_name_": "ZpIco_0482_GokuSS3_482", "item_disable_flag_": 0, "release_flag_": 1}, {"item_id_": 483, "name_id_": 483, "detail_id_": 483, "num_limit_": -1, "icon_asset_name_": "ZpIco_0483_Tapion_483", "item_disable_flag_": 0, "release_flag_": 1}, {"item_id_": 484, "name_id_": 484, "detail_id_": 484, "num_limit_": -1, "icon_asset_name_": "ZpIco_0484_Turles_484", "item_disable_flag_": 0, "release_flag_": 1}, {"item_id_": 485, "name_id_": 485, "detail_id_": 485, "num_limit_": -1, "icon_asset_name_": "ZpIco_0485_Cooler2nd_485", "item_disable_flag_": 0, "release_flag_": 1}, {"item_id_": 486, "name_id_": 486, "detail_id_": 486, "num_limit_": -1, "icon_asset_name_": "ZpIco_0486_VegetaM_486", "item_disable_flag_": 0, "release_flag_": 1}, {"item_id_": 487, "name_id_": 487, "detail_id_": 487, "num_limit_": -1, "icon_asset_name_": "ZpIco_0487_VegitoSV_487", "item_disable_flag_": 0, "release_flag_": 1}, {"item_id_": 488, "name_id_": 488, "detail_id_": 488, "num_limit_": -1, "icon_asset_name_": "ZpIco_0488_BuuGohan_488", "item_disable_flag_": 0, "release_flag_": 1}, {"item_id_": 489, "name_id_": 489, "detail_id_": 489, "num_limit_": -1, "icon_asset_name_": "ZpIco_0489_TienShinhan_489", "item_disable_flag_": 0, "release_flag_": 1}, {"item_id_": 490, "name_id_": 490, "detail_id_": 490, "num_limit_": -1, "icon_asset_name_": "ZpIco_0490_Cell3rd_490", "item_disable_flag_": 0, "release_flag_": 1}, {"item_id_": 491, "name_id_": 491, "detail_id_": 491, "num_limit_": -1, "icon_asset_name_": "ZpIco_0491_GohanSHB_491", "item_disable_flag_": 0, "release_flag_": 1}, {"item_id_": 492, "name_id_": 492, "detail_id_": 492, "num_limit_": -1, "icon_asset_name_": "ZpIco_0492_PiccoloSHAP_492", "item_disable_flag_": 0, "release_flag_": 1}, {"item_id_": 493, "name_id_": 493, "detail_id_": 493, "num_limit_": -1, "icon_asset_name_": "ZpIco_0493_MetalCooler_493", "item_disable_flag_": 0, "release_flag_": 1}, {"item_id_": 494, "name_id_": 494, "detail_id_": 494, "num_limit_": -1, "icon_asset_name_": "ZpIco_0494_Cooler2nd_494", "item_disable_flag_": 0, "release_flag_": 1}, {"item_id_": 495, "name_id_": 495, "detail_id_": 495, "num_limit_": -1, "icon_asset_name_": "ZpIco_0495_BrolySS1_495", "item_disable_flag_": 0, "release_flag_": 1}, {"item_id_": 496, "name_id_": 496, "detail_id_": 496, "num_limit_": -1, "icon_asset_name_": "ZpIco_0496_Thouser_496", "item_disable_flag_": 0, "release_flag_": 1}, {"item_id_": 497, "name_id_": 497, "detail_id_": 497, "num_limit_": -1, "icon_asset_name_": "ZpIco_0497_TrunksSS1_497", "item_disable_flag_": 0, "release_flag_": 1}, {"item_id_": 498, "name_id_": 498, "detail_id_": 498, "num_limit_": -1, "icon_asset_name_": "ZpIco_0498_FriezaMecha_498", "item_disable_flag_": 0, "release_flag_": 1}, {"item_id_": 499, "name_id_": 499, "detail_id_": 499, "num_limit_": -1, "icon_asset_name_": "ZpIco_0499_GokuBlack_499", "item_disable_flag_": 0, "release_flag_": 1}, {"item_id_": 500, "name_id_": 500, "detail_id_": 500, "num_limit_": -1, "icon_asset_name_": "ZpIco_0500_PanSH_500", "item_disable_flag_": 0, "release_flag_": 1}, {"item_id_": 501, "name_id_": 501, "detail_id_": 501, "num_limit_": -1, "icon_asset_name_": "ZpIco_0501_GokuSS4_501", "item_disable_flag_": 0, "release_flag_": 1}, {"item_id_": 502, "name_id_": 502, "detail_id_": 502, "num_limit_": -1, "icon_asset_name_": "ZpIco_0502_Android17_502", "item_disable_flag_": 0, "release_flag_": 1}, {"item_id_": 503, "name_id_": 503, "detail_id_": 503, "num_limit_": -1, "icon_asset_name_": "ZpIco_0503_Buu3rd_503", "item_disable_flag_": 0, "release_flag_": 1}, {"item_id_": 507, "name_id_": 507, "detail_id_": 507, "num_limit_": -1, "icon_asset_name_": "ZpIco_0507_Super17_507", "item_disable_flag_": 0, "release_flag_": 1}, {"item_id_": 508, "name_id_": 508, "detail_id_": 508, "num_limit_": -1, "icon_asset_name_": "ZpIco_0508_GogetaSSGSS_508", "item_disable_flag_": 0, "release_flag_": 1}, {"item_id_": 509, "name_id_": 509, "detail_id_": 509, "num_limit_": -1, "icon_asset_name_": "ZpIco_0509_Android18_509", "item_disable_flag_": 0, "release_flag_": 1}, {"item_id_": 510, "name_id_": 510, "detail_id_": 510, "num_limit_": -1, "icon_asset_name_": "ZpIco_0510_Android17_510", "item_disable_flag_": 0, "release_flag_": 1}, {"item_id_": 511, "name_id_": 511, "detail_id_": 511, "num_limit_": -1, "icon_asset_name_": "ZpIco_0511_Hit_511", "item_disable_flag_": 0, "release_flag_": 1}, {"item_id_": 514, "name_id_": 514, "detail_id_": 514, "num_limit_": -1, "icon_asset_name_": "ZpIco_0514_TrunksFutureSS2_514", "item_disable_flag_": 0, "release_flag_": 1}, {"item_id_": 515, "name_id_": 515, "detail_id_": 515, "num_limit_": -1, "icon_asset_name_": "ZpIco_0515_Zamas_515", "item_disable_flag_": 0, "release_flag_": 1}, {"item_id_": 516, "name_id_": 516, "detail_id_": 516, "num_limit_": -1, "icon_asset_name_": "ZpIco_0516_ZamasM_516", "item_disable_flag_": 0, "release_flag_": 1}, {"item_id_": 517, "name_id_": 517, "detail_id_": 517, "num_limit_": -1, "icon_asset_name_": "ZpIco_0517_GokuSSGSS_517", "item_disable_flag_": 0, "release_flag_": 1}, {"item_id_": 518, "name_id_": 518, "detail_id_": 518, "num_limit_": -1, "icon_asset_name_": "ZpIco_0518_VegetaSSGSS_518", "item_disable_flag_": 0, "release_flag_": 1}, {"item_id_": 519, "name_id_": 519, "detail_id_": 519, "num_limit_": -1, "icon_asset_name_": "ZpIco_0519_BrolyBSS1MAX_519", "item_disable_flag_": 0, "release_flag_": 1}, {"item_id_": 520, "name_id_": 520, "detail_id_": 520, "num_limit_": -1, "icon_asset_name_": "ZpIco_0520_ShenronS1_520", "item_disable_flag_": 0, "release_flag_": 1}, {"item_id_": 521, "name_id_": 521, "detail_id_": 521, "num_limit_": -1, "icon_asset_name_": "ZpIco_0521_SuperUub_521", "item_disable_flag_": 0, "release_flag_": 1}, {"item_id_": 522, "name_id_": 522, "detail_id_": 522, "num_limit_": -1, "icon_asset_name_": "ZpIco_0522_GokuKidGTSS1_522", "item_disable_flag_": 0, "release_flag_": 1}, {"item_id_": 524, "name_id_": 524, "detail_id_": 524, "num_limit_": -1, "icon_asset_name_": "ZpIco_0524_Zach_524", "item_disable_flag_": 0, "release_flag_": 1}, {"item_id_": 525, "name_id_": 525, "detail_id_": 525, "num_limit_": -1, "icon_asset_name_": "ZpIco_0525_Nameless_525", "item_disable_flag_": 0, "release_flag_": 1}, {"item_id_": 526, "name_id_": 526, "detail_id_": 526, "num_limit_": -1, "icon_asset_name_": "ZpIco_0526_KeflaSS2_526", "item_disable_flag_": 0, "release_flag_": 1}, {"item_id_": 527, "name_id_": 527, "detail_id_": 527, "num_limit_": -1, "icon_asset_name_": "ZpIco_0527_GokuSSGSS_527", "item_disable_flag_": 0, "release_flag_": 1}, {"item_id_": 528, "name_id_": 528, "detail_id_": 528, "num_limit_": -1, "icon_asset_name_": "ZpIco_0528_KameSenninSP_528", "item_disable_flag_": 0, "release_flag_": 1}, {"item_id_": 529, "name_id_": 529, "detail_id_": 529, "num_limit_": -1, "icon_asset_name_": "ZpIco_0529_Bergamo_529", "item_disable_flag_": 0, "release_flag_": 1}, {"item_id_": 530, "name_id_": 530, "detail_id_": 530, "num_limit_": -1, "icon_asset_name_": "ZpIco_0530_KaleBSS1_530", "item_disable_flag_": 0, "release_flag_": 1}, {"item_id_": 531, "name_id_": 531, "detail_id_": 531, "num_limit_": -1, "icon_asset_name_": "ZpIco_0531_TrunksFutureSS2_531", "item_disable_flag_": 0, "release_flag_": 1}, {"item_id_": 532, "name_id_": 532, "detail_id_": 532, "num_limit_": -1, "icon_asset_name_": "ZpIco_0532_GokuBlackRose_532", "item_disable_flag_": 0, "release_flag_": 1}, {"item_id_": 533, "name_id_": 533, "detail_id_": 533, "num_limit_": -1, "icon_asset_name_": "ZpIco_0533_TrunksFutureSS1_533", "item_disable_flag_": 0, "release_flag_": 1}, {"item_id_": 534, "name_id_": 534, "detail_id_": 534, "num_limit_": -1, "icon_asset_name_": "ZpIco_0534_Cell2nd_534", "item_disable_flag_": 0, "release_flag_": 1}, {"item_id_": 535, "name_id_": 535, "detail_id_": 535, "num_limit_": -1, "icon_asset_name_": "ZpIco_0535_Puipui_535", "item_disable_flag_": 0, "release_flag_": 1}, {"item_id_": 536, "name_id_": 536, "detail_id_": 536, "num_limit_": -1, "icon_asset_name_": "ZpIco_0536_GokuSS3_536", "item_disable_flag_": 0, "release_flag_": 1}, {"item_id_": 538, "name_id_": 538, "detail_id_": 538, "num_limit_": -1, "icon_asset_name_": "ZpIco_0538_BuuFinal_538", "item_disable_flag_": 0, "release_flag_": 1}, {"item_id_": 539, "name_id_": 539, "detail_id_": 539, "num_limit_": -1, "icon_asset_name_": "ZpIco_0539_Goku_539", "item_disable_flag_": 0, "release_flag_": 1}, {"item_id_": 540, "name_id_": 540, "detail_id_": 540, "num_limit_": -1, "icon_asset_name_": "ZpIco_0540_Jiren_540", "item_disable_flag_": 0, "release_flag_": 1}, {"item_id_": 541, "name_id_": 541, "detail_id_": 541, "num_limit_": -1, "icon_asset_name_": "ZpIco_0541_Kahseral_541", "item_disable_flag_": 0, "release_flag_": 1}, {"item_id_": 542, "name_id_": 542, "detail_id_": 542, "num_limit_": -1, "icon_asset_name_": "ZpIco_0542_Caway_542", "item_disable_flag_": 0, "release_flag_": 1}, {"item_id_": 543, "name_id_": 543, "detail_id_": 543, "num_limit_": -1, "icon_asset_name_": "ZpIco_0543_Champa_543", "item_disable_flag_": 0, "release_flag_": 1}, {"item_id_": 544, "name_id_": 544, "detail_id_": 544, "num_limit_": -1, "icon_asset_name_": "ZpIco_0544_Vados_544", "item_disable_flag_": 0, "release_flag_": 1}, {"item_id_": 545, "name_id_": 545, "detail_id_": 545, "num_limit_": -1, "icon_asset_name_": "ZpIco_0545_GohanUltimate_545", "item_disable_flag_": 0, "release_flag_": 1}, {"item_id_": 546, "name_id_": 546, "detail_id_": 546, "num_limit_": -1, "icon_asset_name_": "ZpIco_0546_VegetaSSGSS_546", "item_disable_flag_": 0, "release_flag_": 1}, {"item_id_": 547, "name_id_": 547, "detail_id_": 547, "num_limit_": -1, "icon_asset_name_": "ZpIco_0547_Cooler2nd_547", "item_disable_flag_": 0, "release_flag_": 1}, {"item_id_": 548, "name_id_": 548, "detail_id_": 548, "num_limit_": -1, "icon_asset_name_": "ZpIco_0548_Android13_548", "item_disable_flag_": 0, "release_flag_": 1}, {"item_id_": 549, "name_id_": 549, "detail_id_": 549, "num_limit_": -1, "icon_asset_name_": "ZpIco_0549_Gamma1_549", "item_disable_flag_": 0, "release_flag_": 1}, {"item_id_": 550, "name_id_": 550, "detail_id_": 550, "num_limit_": -1, "icon_asset_name_": "ZpIco_0550_Magenta_550", "item_disable_flag_": 0, "release_flag_": 1}, {"item_id_": 551, "name_id_": 551, "detail_id_": 551, "num_limit_": -1, "icon_asset_name_": "ZpIco_0551_PiccoloSHAP_551", "item_disable_flag_": 0, "release_flag_": 1}, {"item_id_": 552, "name_id_": 552, "detail_id_": 552, "num_limit_": -1, "icon_asset_name_": "ZpIco_0552_GohanSH_552", "item_disable_flag_": 0, "release_flag_": 1}, {"item_id_": 553, "name_id_": 553, "detail_id_": 553, "num_limit_": -1, "icon_asset_name_": "ZpIco_0553_GokuBlack_553", "item_disable_flag_": 0, "release_flag_": 1}, {"item_id_": 554, "name_id_": 554, "detail_id_": 554, "num_limit_": -1, "icon_asset_name_": "ZpIco_0554_VegitoSSGSS_554", "item_disable_flag_": 0, "release_flag_": 1}, {"item_id_": 9000, "name_id_": 9000, "detail_id_": 9000, "num_limit_": -1, "icon_asset_name_": "ZpIco_9000_Shallot_01", "item_disable_flag_": 0, "release_flag_": 1}]