[{"item_id_": 0, "name_id_": 0, "detail_id_": 0, "num_limit_": 200, "value_": 1, "icon_asset_name_": "Cmn_icnTicketEnergy1", "item_disable_flag_": 0, "show_flag_": 1, "release_flag_": 1}, {"item_id_": 1, "name_id_": 0, "detail_id_": 1, "num_limit_": 200, "value_": 2, "icon_asset_name_": "Cmn_icnTicketEnergy2", "item_disable_flag_": 0, "show_flag_": 1, "release_flag_": 1}, {"item_id_": 2, "name_id_": 0, "detail_id_": 2, "num_limit_": 200, "value_": 3, "icon_asset_name_": "Cmn_icnTicketEnergy3", "item_disable_flag_": 0, "show_flag_": 1, "release_flag_": 1}, {"item_id_": 4, "name_id_": 0, "detail_id_": 4, "num_limit_": 200, "value_": 5, "icon_asset_name_": "Cmn_icnTicketEnergy5", "item_disable_flag_": 0, "show_flag_": 1, "release_flag_": 1}, {"item_id_": 9, "name_id_": 0, "detail_id_": 9, "num_limit_": 200, "value_": 10, "icon_asset_name_": "Cmn_icnTicketEnergy10", "item_disable_flag_": 0, "show_flag_": 1, "release_flag_": 1}]