[{"item_id_": 0, "name_id_": 0, "detail_id_": 0, "num_limit_": 1, "message_content_id_": 0, "icon_asset_name_": "Cmn_icnMessage", "item_disable_flag_": 0, "release_flag_": 1}, {"item_id_": 1, "name_id_": 1, "detail_id_": 0, "num_limit_": 1, "message_content_id_": 1, "icon_asset_name_": "Cmn_icnMessage", "item_disable_flag_": 0, "release_flag_": 1}, {"item_id_": 2, "name_id_": 2, "detail_id_": 0, "num_limit_": 1, "message_content_id_": 2, "icon_asset_name_": "Cmn_icnMessage", "item_disable_flag_": 0, "release_flag_": 1}, {"item_id_": 3, "name_id_": 3, "detail_id_": 1, "num_limit_": 1, "message_content_id_": 3, "icon_asset_name_": "Cmn_icnMessage", "item_disable_flag_": 0, "release_flag_": 1}, {"item_id_": 4, "name_id_": 4, "detail_id_": 0, "num_limit_": 1, "message_content_id_": 4, "icon_asset_name_": "Cmn_icnMessage", "item_disable_flag_": 0, "release_flag_": 1}, {"item_id_": 5, "name_id_": 5, "detail_id_": 0, "num_limit_": 1, "message_content_id_": 5, "icon_asset_name_": "Cmn_icnMessage", "item_disable_flag_": 0, "release_flag_": 1}, {"item_id_": 6, "name_id_": 6, "detail_id_": 0, "num_limit_": 1, "message_content_id_": 6, "icon_asset_name_": "Cmn_icnMessage", "item_disable_flag_": 0, "release_flag_": 1}, {"item_id_": 7, "name_id_": 7, "detail_id_": 1, "num_limit_": 1, "message_content_id_": 7, "icon_asset_name_": "Cmn_icnMessage", "item_disable_flag_": 0, "release_flag_": 1}, {"item_id_": 8, "name_id_": 8, "detail_id_": 0, "num_limit_": 1, "message_content_id_": 8, "icon_asset_name_": "Cmn_icnMessage", "item_disable_flag_": 0, "release_flag_": 1}, {"item_id_": 9, "name_id_": 9, "detail_id_": 0, "num_limit_": 1, "message_content_id_": 9, "icon_asset_name_": "Cmn_icnMessage", "item_disable_flag_": 0, "release_flag_": 1}, {"item_id_": 10, "name_id_": 10, "detail_id_": 1, "num_limit_": 1, "message_content_id_": 10, "icon_asset_name_": "Cmn_icnMessage", "item_disable_flag_": 0, "release_flag_": 1}, {"item_id_": 11, "name_id_": 11, "detail_id_": 1, "num_limit_": 1, "message_content_id_": 11, "icon_asset_name_": "Cmn_icnMessage", "item_disable_flag_": 0, "release_flag_": 1}, {"item_id_": 12, "name_id_": 12, "detail_id_": 0, "num_limit_": 1, "message_content_id_": 12, "icon_asset_name_": "Cmn_icnMessage", "item_disable_flag_": 0, "release_flag_": 1}, {"item_id_": 13, "name_id_": 13, "detail_id_": 0, "num_limit_": 1, "message_content_id_": 13, "icon_asset_name_": "Cmn_icnMessage", "item_disable_flag_": 0, "release_flag_": 1}, {"item_id_": 14, "name_id_": 14, "detail_id_": 1, "num_limit_": 1, "message_content_id_": 14, "icon_asset_name_": "Cmn_icnMessage", "item_disable_flag_": 0, "release_flag_": 1}, {"item_id_": 15, "name_id_": 15, "detail_id_": 1, "num_limit_": 1, "message_content_id_": 15, "icon_asset_name_": "Cmn_icnMessage", "item_disable_flag_": 0, "release_flag_": 1}, {"item_id_": 16, "name_id_": 16, "detail_id_": 0, "num_limit_": 1, "message_content_id_": 16, "icon_asset_name_": "Cmn_icnMessage", "item_disable_flag_": 0, "release_flag_": 1}, {"item_id_": 18, "name_id_": 18, "detail_id_": 0, "num_limit_": 1, "message_content_id_": 18, "icon_asset_name_": "Cmn_icnMessage", "item_disable_flag_": 0, "release_flag_": 1}, {"item_id_": 22, "name_id_": 22, "detail_id_": 0, "num_limit_": 1, "message_content_id_": 22, "icon_asset_name_": "Cmn_icnMessage", "item_disable_flag_": 0, "release_flag_": 1}, {"item_id_": 24, "name_id_": 24, "detail_id_": 0, "num_limit_": 1, "message_content_id_": 24, "icon_asset_name_": "Cmn_icnMessage", "item_disable_flag_": 0, "release_flag_": 1}, {"item_id_": 25, "name_id_": 25, "detail_id_": 0, "num_limit_": 1, "message_content_id_": 25, "icon_asset_name_": "Cmn_icnMessage", "item_disable_flag_": 0, "release_flag_": 1}, {"item_id_": 27, "name_id_": 27, "detail_id_": 0, "num_limit_": 1, "message_content_id_": 27, "icon_asset_name_": "Cmn_icnMessage", "item_disable_flag_": 0, "release_flag_": 1}, {"item_id_": 29, "name_id_": 29, "detail_id_": 1, "num_limit_": 1, "message_content_id_": 29, "icon_asset_name_": "Cmn_icnMessage", "item_disable_flag_": 0, "release_flag_": 1}, {"item_id_": 30, "name_id_": 30, "detail_id_": 1, "num_limit_": 1, "message_content_id_": 30, "icon_asset_name_": "Cmn_icnMessage", "item_disable_flag_": 0, "release_flag_": 1}, {"item_id_": 31, "name_id_": 31, "detail_id_": 0, "num_limit_": 1, "message_content_id_": 31, "icon_asset_name_": "Cmn_icnMessage", "item_disable_flag_": 0, "release_flag_": 1}, {"item_id_": 32, "name_id_": 32, "detail_id_": 0, "num_limit_": 1, "message_content_id_": 32, "icon_asset_name_": "Cmn_icnMessage", "item_disable_flag_": 0, "release_flag_": 1}, {"item_id_": 33, "name_id_": 33, "detail_id_": 0, "num_limit_": 1, "message_content_id_": 33, "icon_asset_name_": "Cmn_icnMessage", "item_disable_flag_": 0, "release_flag_": 1}, {"item_id_": 34, "name_id_": 34, "detail_id_": 0, "num_limit_": 1, "message_content_id_": 34, "icon_asset_name_": "Cmn_icnMessage", "item_disable_flag_": 0, "release_flag_": 1}, {"item_id_": 35, "name_id_": 35, "detail_id_": 1, "num_limit_": 1, "message_content_id_": 35, "icon_asset_name_": "Cmn_icnMessage", "item_disable_flag_": 0, "release_flag_": 1}, {"item_id_": 37, "name_id_": 37, "detail_id_": 1, "num_limit_": 1, "message_content_id_": 37, "icon_asset_name_": "Cmn_icnMessage", "item_disable_flag_": 0, "release_flag_": 1}, {"item_id_": 38, "name_id_": 38, "detail_id_": 0, "num_limit_": 1, "message_content_id_": 38, "icon_asset_name_": "Cmn_icnMessage", "item_disable_flag_": 0, "release_flag_": 1}, {"item_id_": 43, "name_id_": 43, "detail_id_": 0, "num_limit_": 1, "message_content_id_": 43, "icon_asset_name_": "Cmn_icnMessage", "item_disable_flag_": 0, "release_flag_": 1}, {"item_id_": 44, "name_id_": 44, "detail_id_": 0, "num_limit_": 1, "message_content_id_": 44, "icon_asset_name_": "Cmn_icnMessage", "item_disable_flag_": 0, "release_flag_": 1}, {"item_id_": 45, "name_id_": 45, "detail_id_": 0, "num_limit_": 1, "message_content_id_": 45, "icon_asset_name_": "Cmn_icnMessage", "item_disable_flag_": 0, "release_flag_": 1}, {"item_id_": 46, "name_id_": 46, "detail_id_": 0, "num_limit_": 1, "message_content_id_": 46, "icon_asset_name_": "Cmn_icnMessage", "item_disable_flag_": 0, "release_flag_": 1}, {"item_id_": 47, "name_id_": 47, "detail_id_": 0, "num_limit_": 1, "message_content_id_": 47, "icon_asset_name_": "Cmn_icnMessage", "item_disable_flag_": 0, "release_flag_": 1}, {"item_id_": 48, "name_id_": 48, "detail_id_": 0, "num_limit_": 1, "message_content_id_": 48, "icon_asset_name_": "Cmn_icnMessage", "item_disable_flag_": 0, "release_flag_": 1}, {"item_id_": 49, "name_id_": 49, "detail_id_": 0, "num_limit_": 1, "message_content_id_": 49, "icon_asset_name_": "Cmn_icnMessage", "item_disable_flag_": 0, "release_flag_": 1}, {"item_id_": 50, "name_id_": 50, "detail_id_": 0, "num_limit_": 1, "message_content_id_": 50, "icon_asset_name_": "Cmn_icnMessage", "item_disable_flag_": 0, "release_flag_": 1}, {"item_id_": 51, "name_id_": 51, "detail_id_": 0, "num_limit_": 1, "message_content_id_": 51, "icon_asset_name_": "Cmn_icnMessage", "item_disable_flag_": 0, "release_flag_": 1}, {"item_id_": 52, "name_id_": 52, "detail_id_": 0, "num_limit_": 1, "message_content_id_": 52, "icon_asset_name_": "Cmn_icnMessage", "item_disable_flag_": 0, "release_flag_": 1}, {"item_id_": 54, "name_id_": 54, "detail_id_": 0, "num_limit_": 1, "message_content_id_": 54, "icon_asset_name_": "Cmn_icnMessage", "item_disable_flag_": 0, "release_flag_": 1}, {"item_id_": 56, "name_id_": 56, "detail_id_": 0, "num_limit_": 1, "message_content_id_": 56, "icon_asset_name_": "Cmn_icnMessage", "item_disable_flag_": 0, "release_flag_": 1}, {"item_id_": 59, "name_id_": 59, "detail_id_": 0, "num_limit_": 1, "message_content_id_": 59, "icon_asset_name_": "Cmn_icnMessage", "item_disable_flag_": 0, "release_flag_": 1}, {"item_id_": 61, "name_id_": 61, "detail_id_": 0, "num_limit_": 1, "message_content_id_": 61, "icon_asset_name_": "Cmn_icnMessage", "item_disable_flag_": 0, "release_flag_": 1}, {"item_id_": 63, "name_id_": 63, "detail_id_": 0, "num_limit_": 1, "message_content_id_": 63, "icon_asset_name_": "Cmn_icnMessage", "item_disable_flag_": 0, "release_flag_": 1}, {"item_id_": 64, "name_id_": 64, "detail_id_": 1, "num_limit_": 1, "message_content_id_": 64, "icon_asset_name_": "Cmn_icnMessage", "item_disable_flag_": 0, "release_flag_": 1}, {"item_id_": 66, "name_id_": 66, "detail_id_": 0, "num_limit_": 1, "message_content_id_": 66, "icon_asset_name_": "Cmn_icnMessage", "item_disable_flag_": 0, "release_flag_": 1}, {"item_id_": 67, "name_id_": 67, "detail_id_": 0, "num_limit_": 1, "message_content_id_": 67, "icon_asset_name_": "Cmn_icnMessage", "item_disable_flag_": 0, "release_flag_": 1}, {"item_id_": 68, "name_id_": 68, "detail_id_": 0, "num_limit_": 1, "message_content_id_": 68, "icon_asset_name_": "Cmn_icnMessage", "item_disable_flag_": 0, "release_flag_": 1}, {"item_id_": 69, "name_id_": 69, "detail_id_": 0, "num_limit_": 1, "message_content_id_": 69, "icon_asset_name_": "Cmn_icnMessage", "item_disable_flag_": 0, "release_flag_": 1}, {"item_id_": 70, "name_id_": 70, "detail_id_": 0, "num_limit_": 1, "message_content_id_": 70, "icon_asset_name_": "Cmn_icnMessage", "item_disable_flag_": 0, "release_flag_": 1}, {"item_id_": 71, "name_id_": 71, "detail_id_": 0, "num_limit_": 1, "message_content_id_": 71, "icon_asset_name_": "Cmn_icnMessage", "item_disable_flag_": 0, "release_flag_": 1}, {"item_id_": 72, "name_id_": 72, "detail_id_": 0, "num_limit_": 1, "message_content_id_": 72, "icon_asset_name_": "Cmn_icnMessage", "item_disable_flag_": 0, "release_flag_": 1}, {"item_id_": 73, "name_id_": 73, "detail_id_": 0, "num_limit_": 1, "message_content_id_": 73, "icon_asset_name_": "Cmn_icnMessage", "item_disable_flag_": 0, "release_flag_": 1}, {"item_id_": 74, "name_id_": 74, "detail_id_": 0, "num_limit_": 1, "message_content_id_": 74, "icon_asset_name_": "Cmn_icnMessage", "item_disable_flag_": 0, "release_flag_": 1}, {"item_id_": 75, "name_id_": 75, "detail_id_": 0, "num_limit_": 1, "message_content_id_": 75, "icon_asset_name_": "Cmn_icnMessage", "item_disable_flag_": 0, "release_flag_": 1}, {"item_id_": 76, "name_id_": 76, "detail_id_": 0, "num_limit_": 1, "message_content_id_": 76, "icon_asset_name_": "Cmn_icnMessage", "item_disable_flag_": 0, "release_flag_": 1}, {"item_id_": 79, "name_id_": 79, "detail_id_": 0, "num_limit_": 1, "message_content_id_": 79, "icon_asset_name_": "Cmn_icnMessage", "item_disable_flag_": 0, "release_flag_": 1}, {"item_id_": 80, "name_id_": 80, "detail_id_": 0, "num_limit_": 1, "message_content_id_": 80, "icon_asset_name_": "Cmn_icnMessage", "item_disable_flag_": 0, "release_flag_": 1}, {"item_id_": 83, "name_id_": 83, "detail_id_": 0, "num_limit_": 1, "message_content_id_": 83, "icon_asset_name_": "Cmn_icnMessage", "item_disable_flag_": 0, "release_flag_": 1}, {"item_id_": 85, "name_id_": 85, "detail_id_": 0, "num_limit_": 1, "message_content_id_": 85, "icon_asset_name_": "Cmn_icnMessage", "item_disable_flag_": 0, "release_flag_": 1}, {"item_id_": 86, "name_id_": 86, "detail_id_": 0, "num_limit_": 1, "message_content_id_": 86, "icon_asset_name_": "Cmn_icnMessage", "item_disable_flag_": 0, "release_flag_": 1}, {"item_id_": 88, "name_id_": 88, "detail_id_": 1, "num_limit_": 1, "message_content_id_": 88, "icon_asset_name_": "Cmn_icnMessage", "item_disable_flag_": 0, "release_flag_": 1}, {"item_id_": 91, "name_id_": 91, "detail_id_": 0, "num_limit_": 1, "message_content_id_": 91, "icon_asset_name_": "Cmn_icnMessage", "item_disable_flag_": 0, "release_flag_": 1}, {"item_id_": 96, "name_id_": 96, "detail_id_": 0, "num_limit_": 1, "message_content_id_": 96, "icon_asset_name_": "Cmn_icnMessage", "item_disable_flag_": 0, "release_flag_": 1}, {"item_id_": 98, "name_id_": 98, "detail_id_": 0, "num_limit_": 1, "message_content_id_": 98, "icon_asset_name_": "Cmn_icnMessage", "item_disable_flag_": 0, "release_flag_": 1}, {"item_id_": 100, "name_id_": 100, "detail_id_": 0, "num_limit_": 1, "message_content_id_": 100, "icon_asset_name_": "Cmn_icnMessage", "item_disable_flag_": 0, "release_flag_": 1}, {"item_id_": 101, "name_id_": 101, "detail_id_": 0, "num_limit_": 1, "message_content_id_": 101, "icon_asset_name_": "Cmn_icnMessage", "item_disable_flag_": 0, "release_flag_": 1}, {"item_id_": 102, "name_id_": 102, "detail_id_": 0, "num_limit_": 1, "message_content_id_": 102, "icon_asset_name_": "Cmn_icnMessage", "item_disable_flag_": 0, "release_flag_": 1}, {"item_id_": 103, "name_id_": 103, "detail_id_": 0, "num_limit_": 1, "message_content_id_": 103, "icon_asset_name_": "Cmn_icnMessage", "item_disable_flag_": 0, "release_flag_": 1}, {"item_id_": 104, "name_id_": 104, "detail_id_": 0, "num_limit_": 1, "message_content_id_": 104, "icon_asset_name_": "Cmn_icnMessage", "item_disable_flag_": 0, "release_flag_": 1}, {"item_id_": 105, "name_id_": 105, "detail_id_": 0, "num_limit_": 1, "message_content_id_": 105, "icon_asset_name_": "Cmn_icnMessage", "item_disable_flag_": 0, "release_flag_": 1}, {"item_id_": 107, "name_id_": 107, "detail_id_": 0, "num_limit_": 1, "message_content_id_": 107, "icon_asset_name_": "Cmn_icnMessage", "item_disable_flag_": 0, "release_flag_": 1}, {"item_id_": 108, "name_id_": 108, "detail_id_": 0, "num_limit_": 1, "message_content_id_": 108, "icon_asset_name_": "Cmn_icnMessage", "item_disable_flag_": 0, "release_flag_": 1}, {"item_id_": 109, "name_id_": 109, "detail_id_": 0, "num_limit_": 1, "message_content_id_": 109, "icon_asset_name_": "Cmn_icnMessage", "item_disable_flag_": 0, "release_flag_": 1}, {"item_id_": 110, "name_id_": 110, "detail_id_": 0, "num_limit_": 1, "message_content_id_": 110, "icon_asset_name_": "Cmn_icnMessage", "item_disable_flag_": 0, "release_flag_": 1}, {"item_id_": 111, "name_id_": 111, "detail_id_": 0, "num_limit_": 1, "message_content_id_": 111, "icon_asset_name_": "Cmn_icnMessage", "item_disable_flag_": 0, "release_flag_": 1}, {"item_id_": 112, "name_id_": 112, "detail_id_": 0, "num_limit_": 1, "message_content_id_": 112, "icon_asset_name_": "Cmn_icnMessage", "item_disable_flag_": 0, "release_flag_": 1}, {"item_id_": 113, "name_id_": 113, "detail_id_": 0, "num_limit_": 1, "message_content_id_": 113, "icon_asset_name_": "Cmn_icnMessage", "item_disable_flag_": 0, "release_flag_": 1}, {"item_id_": 114, "name_id_": 114, "detail_id_": 0, "num_limit_": 1, "message_content_id_": 114, "icon_asset_name_": "Cmn_icnMessage", "item_disable_flag_": 0, "release_flag_": 1}, {"item_id_": 115, "name_id_": 115, "detail_id_": 0, "num_limit_": 1, "message_content_id_": 115, "icon_asset_name_": "Cmn_icnMessage", "item_disable_flag_": 0, "release_flag_": 1}, {"item_id_": 118, "name_id_": 118, "detail_id_": 0, "num_limit_": 1, "message_content_id_": 118, "icon_asset_name_": "Cmn_icnMessage", "item_disable_flag_": 0, "release_flag_": 1}, {"item_id_": 120, "name_id_": 120, "detail_id_": 0, "num_limit_": 1, "message_content_id_": 120, "icon_asset_name_": "Cmn_icnMessage", "item_disable_flag_": 0, "release_flag_": 1}, {"item_id_": 121, "name_id_": 121, "detail_id_": 0, "num_limit_": 1, "message_content_id_": 121, "icon_asset_name_": "Cmn_icnMessage", "item_disable_flag_": 0, "release_flag_": 1}, {"item_id_": 122, "name_id_": 122, "detail_id_": 0, "num_limit_": 1, "message_content_id_": 122, "icon_asset_name_": "Cmn_icnMessage", "item_disable_flag_": 0, "release_flag_": 1}, {"item_id_": 124, "name_id_": 124, "detail_id_": 0, "num_limit_": 1, "message_content_id_": 124, "icon_asset_name_": "Cmn_icnMessage", "item_disable_flag_": 0, "release_flag_": 1}, {"item_id_": 127, "name_id_": 127, "detail_id_": 0, "num_limit_": 1, "message_content_id_": 127, "icon_asset_name_": "Cmn_icnMessage", "item_disable_flag_": 0, "release_flag_": 1}, {"item_id_": 128, "name_id_": 128, "detail_id_": 0, "num_limit_": 1, "message_content_id_": 128, "icon_asset_name_": "Cmn_icnMessage", "item_disable_flag_": 0, "release_flag_": 1}, {"item_id_": 129, "name_id_": 129, "detail_id_": 0, "num_limit_": 1, "message_content_id_": 129, "icon_asset_name_": "Cmn_icnMessage", "item_disable_flag_": 0, "release_flag_": 1}, {"item_id_": 131, "name_id_": 131, "detail_id_": 0, "num_limit_": 1, "message_content_id_": 131, "icon_asset_name_": "Cmn_icnMessage", "item_disable_flag_": 0, "release_flag_": 1}, {"item_id_": 132, "name_id_": 132, "detail_id_": 0, "num_limit_": 1, "message_content_id_": 132, "icon_asset_name_": "Cmn_icnMessage", "item_disable_flag_": 0, "release_flag_": 1}, {"item_id_": 136, "name_id_": 136, "detail_id_": 0, "num_limit_": 1, "message_content_id_": 136, "icon_asset_name_": "Cmn_icnMessage", "item_disable_flag_": 0, "release_flag_": 1}, {"item_id_": 137, "name_id_": 137, "detail_id_": 0, "num_limit_": 1, "message_content_id_": 137, "icon_asset_name_": "Cmn_icnMessage", "item_disable_flag_": 0, "release_flag_": 1}, {"item_id_": 139, "name_id_": 139, "detail_id_": 0, "num_limit_": 1, "message_content_id_": 139, "icon_asset_name_": "Cmn_icnMessage", "item_disable_flag_": 0, "release_flag_": 1}, {"item_id_": 140, "name_id_": 140, "detail_id_": 0, "num_limit_": 1, "message_content_id_": 140, "icon_asset_name_": "Cmn_icnMessage", "item_disable_flag_": 0, "release_flag_": 1}, {"item_id_": 141, "name_id_": 141, "detail_id_": 0, "num_limit_": 1, "message_content_id_": 141, "icon_asset_name_": "Cmn_icnMessage", "item_disable_flag_": 0, "release_flag_": 1}, {"item_id_": 146, "name_id_": 146, "detail_id_": 0, "num_limit_": 1, "message_content_id_": 146, "icon_asset_name_": "Cmn_icnMessage", "item_disable_flag_": 0, "release_flag_": 1}, {"item_id_": 148, "name_id_": 148, "detail_id_": 0, "num_limit_": 1, "message_content_id_": 148, "icon_asset_name_": "Cmn_icnMessage", "item_disable_flag_": 0, "release_flag_": 1}, {"item_id_": 149, "name_id_": 149, "detail_id_": 0, "num_limit_": 1, "message_content_id_": 149, "icon_asset_name_": "Cmn_icnMessage", "item_disable_flag_": 0, "release_flag_": 1}, {"item_id_": 156, "name_id_": 156, "detail_id_": 0, "num_limit_": 1, "message_content_id_": 156, "icon_asset_name_": "Cmn_icnMessage", "item_disable_flag_": 0, "release_flag_": 1}, {"item_id_": 160, "name_id_": 160, "detail_id_": 0, "num_limit_": 1, "message_content_id_": 160, "icon_asset_name_": "Cmn_icnMessage", "item_disable_flag_": 0, "release_flag_": 1}, {"item_id_": 161, "name_id_": 161, "detail_id_": 0, "num_limit_": 1, "message_content_id_": 161, "icon_asset_name_": "Cmn_icnMessage", "item_disable_flag_": 0, "release_flag_": 1}, {"item_id_": 163, "name_id_": 163, "detail_id_": 0, "num_limit_": 1, "message_content_id_": 163, "icon_asset_name_": "Cmn_icnMessage", "item_disable_flag_": 0, "release_flag_": 1}, {"item_id_": 164, "name_id_": 164, "detail_id_": 0, "num_limit_": 1, "message_content_id_": 164, "icon_asset_name_": "Cmn_icnMessage", "item_disable_flag_": 0, "release_flag_": 1}, {"item_id_": 169, "name_id_": 169, "detail_id_": 0, "num_limit_": 1, "message_content_id_": 169, "icon_asset_name_": "Cmn_icnMessage", "item_disable_flag_": 0, "release_flag_": 1}, {"item_id_": 170, "name_id_": 170, "detail_id_": 0, "num_limit_": 1, "message_content_id_": 170, "icon_asset_name_": "Cmn_icnMessage", "item_disable_flag_": 0, "release_flag_": 1}, {"item_id_": 173, "name_id_": 173, "detail_id_": 0, "num_limit_": 1, "message_content_id_": 173, "icon_asset_name_": "Cmn_icnMessage", "item_disable_flag_": 0, "release_flag_": 1}, {"item_id_": 174, "name_id_": 174, "detail_id_": 0, "num_limit_": 1, "message_content_id_": 174, "icon_asset_name_": "Cmn_icnMessage", "item_disable_flag_": 0, "release_flag_": 1}, {"item_id_": 175, "name_id_": 175, "detail_id_": 0, "num_limit_": 1, "message_content_id_": 175, "icon_asset_name_": "Cmn_icnMessage", "item_disable_flag_": 0, "release_flag_": 1}, {"item_id_": 176, "name_id_": 176, "detail_id_": 0, "num_limit_": 1, "message_content_id_": 176, "icon_asset_name_": "Cmn_icnMessage", "item_disable_flag_": 0, "release_flag_": 1}, {"item_id_": 178, "name_id_": 178, "detail_id_": 0, "num_limit_": 1, "message_content_id_": 178, "icon_asset_name_": "Cmn_icnMessage", "item_disable_flag_": 0, "release_flag_": 1}, {"item_id_": 179, "name_id_": 179, "detail_id_": 0, "num_limit_": 1, "message_content_id_": 179, "icon_asset_name_": "Cmn_icnMessage", "item_disable_flag_": 0, "release_flag_": 1}, {"item_id_": 181, "name_id_": 181, "detail_id_": 0, "num_limit_": 1, "message_content_id_": 181, "icon_asset_name_": "Cmn_icnMessage", "item_disable_flag_": 0, "release_flag_": 1}, {"item_id_": 185, "name_id_": 185, "detail_id_": 0, "num_limit_": 1, "message_content_id_": 185, "icon_asset_name_": "Cmn_icnMessage", "item_disable_flag_": 0, "release_flag_": 1}, {"item_id_": 186, "name_id_": 186, "detail_id_": 0, "num_limit_": 1, "message_content_id_": 186, "icon_asset_name_": "Cmn_icnMessage", "item_disable_flag_": 0, "release_flag_": 1}, {"item_id_": 187, "name_id_": 187, "detail_id_": 0, "num_limit_": 1, "message_content_id_": 187, "icon_asset_name_": "Cmn_icnMessage", "item_disable_flag_": 0, "release_flag_": 1}, {"item_id_": 188, "name_id_": 188, "detail_id_": 0, "num_limit_": 1, "message_content_id_": 188, "icon_asset_name_": "Cmn_icnMessage", "item_disable_flag_": 0, "release_flag_": 1}, {"item_id_": 189, "name_id_": 189, "detail_id_": 0, "num_limit_": 1, "message_content_id_": 189, "icon_asset_name_": "Cmn_icnMessage", "item_disable_flag_": 0, "release_flag_": 1}, {"item_id_": 190, "name_id_": 190, "detail_id_": 0, "num_limit_": 1, "message_content_id_": 190, "icon_asset_name_": "Cmn_icnMessage", "item_disable_flag_": 0, "release_flag_": 1}, {"item_id_": 191, "name_id_": 191, "detail_id_": 0, "num_limit_": 1, "message_content_id_": 191, "icon_asset_name_": "Cmn_icnMessage", "item_disable_flag_": 0, "release_flag_": 1}, {"item_id_": 192, "name_id_": 192, "detail_id_": 0, "num_limit_": 1, "message_content_id_": 192, "icon_asset_name_": "Cmn_icnMessage", "item_disable_flag_": 0, "release_flag_": 1}, {"item_id_": 193, "name_id_": 193, "detail_id_": 0, "num_limit_": 1, "message_content_id_": 193, "icon_asset_name_": "Cmn_icnMessage", "item_disable_flag_": 0, "release_flag_": 1}, {"item_id_": 194, "name_id_": 194, "detail_id_": 0, "num_limit_": 1, "message_content_id_": 194, "icon_asset_name_": "Cmn_icnMessage", "item_disable_flag_": 0, "release_flag_": 1}, {"item_id_": 195, "name_id_": 195, "detail_id_": 0, "num_limit_": 1, "message_content_id_": 195, "icon_asset_name_": "Cmn_icnMessage", "item_disable_flag_": 0, "release_flag_": 1}, {"item_id_": 196, "name_id_": 196, "detail_id_": 0, "num_limit_": 1, "message_content_id_": 196, "icon_asset_name_": "Cmn_icnMessage", "item_disable_flag_": 0, "release_flag_": 1}, {"item_id_": 199, "name_id_": 199, "detail_id_": 0, "num_limit_": 1, "message_content_id_": 199, "icon_asset_name_": "Cmn_icnMessage", "item_disable_flag_": 0, "release_flag_": 1}, {"item_id_": 203, "name_id_": 203, "detail_id_": 0, "num_limit_": 1, "message_content_id_": 203, "icon_asset_name_": "Cmn_icnMessage", "item_disable_flag_": 0, "release_flag_": 1}, {"item_id_": 204, "name_id_": 204, "detail_id_": 0, "num_limit_": 1, "message_content_id_": 204, "icon_asset_name_": "Cmn_icnMessage", "item_disable_flag_": 0, "release_flag_": 1}, {"item_id_": 205, "name_id_": 205, "detail_id_": 0, "num_limit_": 1, "message_content_id_": 205, "icon_asset_name_": "Cmn_icnMessage", "item_disable_flag_": 0, "release_flag_": 1}, {"item_id_": 207, "name_id_": 207, "detail_id_": 0, "num_limit_": 1, "message_content_id_": 207, "icon_asset_name_": "Cmn_icnMessage", "item_disable_flag_": 0, "release_flag_": 1}, {"item_id_": 208, "name_id_": 208, "detail_id_": 0, "num_limit_": 1, "message_content_id_": 208, "icon_asset_name_": "Cmn_icnMessage", "item_disable_flag_": 0, "release_flag_": 1}, {"item_id_": 209, "name_id_": 209, "detail_id_": 0, "num_limit_": 1, "message_content_id_": 209, "icon_asset_name_": "Cmn_icnMessage", "item_disable_flag_": 0, "release_flag_": 1}, {"item_id_": 210, "name_id_": 210, "detail_id_": 0, "num_limit_": 1, "message_content_id_": 210, "icon_asset_name_": "Cmn_icnMessage", "item_disable_flag_": 0, "release_flag_": 1}, {"item_id_": 211, "name_id_": 211, "detail_id_": 0, "num_limit_": 1, "message_content_id_": 211, "icon_asset_name_": "Cmn_icnMessage", "item_disable_flag_": 0, "release_flag_": 1}, {"item_id_": 214, "name_id_": 214, "detail_id_": 0, "num_limit_": 1, "message_content_id_": 214, "icon_asset_name_": "Cmn_icnMessage", "item_disable_flag_": 0, "release_flag_": 1}, {"item_id_": 218, "name_id_": 218, "detail_id_": 0, "num_limit_": 1, "message_content_id_": 218, "icon_asset_name_": "Cmn_icnMessage", "item_disable_flag_": 0, "release_flag_": 1}, {"item_id_": 219, "name_id_": 219, "detail_id_": 0, "num_limit_": 1, "message_content_id_": 219, "icon_asset_name_": "Cmn_icnMessage", "item_disable_flag_": 0, "release_flag_": 1}, {"item_id_": 224, "name_id_": 224, "detail_id_": 0, "num_limit_": 1, "message_content_id_": 224, "icon_asset_name_": "Cmn_icnMessage", "item_disable_flag_": 0, "release_flag_": 1}, {"item_id_": 226, "name_id_": 226, "detail_id_": 0, "num_limit_": 1, "message_content_id_": 226, "icon_asset_name_": "Cmn_icnMessage", "item_disable_flag_": 0, "release_flag_": 1}, {"item_id_": 227, "name_id_": 227, "detail_id_": 0, "num_limit_": 1, "message_content_id_": 227, "icon_asset_name_": "Cmn_icnMessage", "item_disable_flag_": 0, "release_flag_": 1}, {"item_id_": 231, "name_id_": 231, "detail_id_": 0, "num_limit_": 1, "message_content_id_": 231, "icon_asset_name_": "Cmn_icnMessage", "item_disable_flag_": 0, "release_flag_": 1}, {"item_id_": 234, "name_id_": 234, "detail_id_": 0, "num_limit_": 1, "message_content_id_": 234, "icon_asset_name_": "Cmn_icnMessage", "item_disable_flag_": 0, "release_flag_": 1}, {"item_id_": 244, "name_id_": 244, "detail_id_": 0, "num_limit_": 1, "message_content_id_": 244, "icon_asset_name_": "Cmn_icnMessage", "item_disable_flag_": 0, "release_flag_": 1}, {"item_id_": 245, "name_id_": 245, "detail_id_": 0, "num_limit_": 1, "message_content_id_": 245, "icon_asset_name_": "Cmn_icnMessage", "item_disable_flag_": 0, "release_flag_": 1}, {"item_id_": 247, "name_id_": 247, "detail_id_": 0, "num_limit_": 1, "message_content_id_": 247, "icon_asset_name_": "Cmn_icnMessage", "item_disable_flag_": 0, "release_flag_": 1}, {"item_id_": 248, "name_id_": 248, "detail_id_": 0, "num_limit_": 1, "message_content_id_": 248, "icon_asset_name_": "Cmn_icnMessage", "item_disable_flag_": 0, "release_flag_": 1}, {"item_id_": 249, "name_id_": 249, "detail_id_": 0, "num_limit_": 1, "message_content_id_": 249, "icon_asset_name_": "Cmn_icnMessage", "item_disable_flag_": 0, "release_flag_": 1}, {"item_id_": 255, "name_id_": 255, "detail_id_": 0, "num_limit_": 1, "message_content_id_": 255, "icon_asset_name_": "Cmn_icnMessage", "item_disable_flag_": 0, "release_flag_": 1}, {"item_id_": 256, "name_id_": 256, "detail_id_": 0, "num_limit_": 1, "message_content_id_": 256, "icon_asset_name_": "Cmn_icnMessage", "item_disable_flag_": 0, "release_flag_": 1}, {"item_id_": 257, "name_id_": 257, "detail_id_": 0, "num_limit_": 1, "message_content_id_": 257, "icon_asset_name_": "Cmn_icnMessage", "item_disable_flag_": 0, "release_flag_": 1}, {"item_id_": 258, "name_id_": 258, "detail_id_": 0, "num_limit_": 1, "message_content_id_": 258, "icon_asset_name_": "Cmn_icnMessage", "item_disable_flag_": 0, "release_flag_": 1}, {"item_id_": 259, "name_id_": 259, "detail_id_": 0, "num_limit_": 1, "message_content_id_": 259, "icon_asset_name_": "Cmn_icnMessage", "item_disable_flag_": 0, "release_flag_": 1}, {"item_id_": 260, "name_id_": 260, "detail_id_": 0, "num_limit_": 1, "message_content_id_": 260, "icon_asset_name_": "Cmn_icnMessage", "item_disable_flag_": 0, "release_flag_": 1}, {"item_id_": 261, "name_id_": 261, "detail_id_": 0, "num_limit_": 1, "message_content_id_": 261, "icon_asset_name_": "Cmn_icnMessage", "item_disable_flag_": 0, "release_flag_": 1}, {"item_id_": 262, "name_id_": 262, "detail_id_": 0, "num_limit_": 1, "message_content_id_": 262, "icon_asset_name_": "Cmn_icnMessage", "item_disable_flag_": 0, "release_flag_": 1}, {"item_id_": 263, "name_id_": 263, "detail_id_": 0, "num_limit_": 1, "message_content_id_": 263, "icon_asset_name_": "Cmn_icnMessage", "item_disable_flag_": 0, "release_flag_": 1}, {"item_id_": 264, "name_id_": 264, "detail_id_": 0, "num_limit_": 1, "message_content_id_": 264, "icon_asset_name_": "Cmn_icnMessage", "item_disable_flag_": 0, "release_flag_": 1}, {"item_id_": 265, "name_id_": 265, "detail_id_": 0, "num_limit_": 1, "message_content_id_": 265, "icon_asset_name_": "Cmn_icnMessage", "item_disable_flag_": 0, "release_flag_": 1}, {"item_id_": 273, "name_id_": 273, "detail_id_": 0, "num_limit_": 1, "message_content_id_": 273, "icon_asset_name_": "Cmn_icnMessage", "item_disable_flag_": 0, "release_flag_": 1}, {"item_id_": 274, "name_id_": 274, "detail_id_": 0, "num_limit_": 1, "message_content_id_": 274, "icon_asset_name_": "Cmn_icnMessage", "item_disable_flag_": 0, "release_flag_": 1}, {"item_id_": 275, "name_id_": 275, "detail_id_": 0, "num_limit_": 1, "message_content_id_": 275, "icon_asset_name_": "Cmn_icnMessage", "item_disable_flag_": 0, "release_flag_": 1}, {"item_id_": 277, "name_id_": 277, "detail_id_": 0, "num_limit_": 1, "message_content_id_": 277, "icon_asset_name_": "Cmn_icnMessage", "item_disable_flag_": 0, "release_flag_": 1}, {"item_id_": 279, "name_id_": 279, "detail_id_": 0, "num_limit_": 1, "message_content_id_": 279, "icon_asset_name_": "Cmn_icnMessage", "item_disable_flag_": 0, "release_flag_": 1}, {"item_id_": 283, "name_id_": 283, "detail_id_": 0, "num_limit_": 1, "message_content_id_": 283, "icon_asset_name_": "Cmn_icnMessage", "item_disable_flag_": 0, "release_flag_": 1}, {"item_id_": 284, "name_id_": 284, "detail_id_": 0, "num_limit_": 1, "message_content_id_": 284, "icon_asset_name_": "Cmn_icnMessage", "item_disable_flag_": 0, "release_flag_": 1}, {"item_id_": 285, "name_id_": 285, "detail_id_": 0, "num_limit_": 1, "message_content_id_": 285, "icon_asset_name_": "Cmn_icnMessage", "item_disable_flag_": 0, "release_flag_": 1}, {"item_id_": 286, "name_id_": 286, "detail_id_": 0, "num_limit_": 1, "message_content_id_": 286, "icon_asset_name_": "Cmn_icnMessage", "item_disable_flag_": 0, "release_flag_": 1}, {"item_id_": 287, "name_id_": 287, "detail_id_": 0, "num_limit_": 1, "message_content_id_": 287, "icon_asset_name_": "Cmn_icnMessage", "item_disable_flag_": 0, "release_flag_": 1}, {"item_id_": 288, "name_id_": 288, "detail_id_": 0, "num_limit_": 1, "message_content_id_": 288, "icon_asset_name_": "Cmn_icnMessage", "item_disable_flag_": 0, "release_flag_": 1}, {"item_id_": 289, "name_id_": 289, "detail_id_": 0, "num_limit_": 1, "message_content_id_": 289, "icon_asset_name_": "Cmn_icnMessage", "item_disable_flag_": 0, "release_flag_": 1}, {"item_id_": 290, "name_id_": 290, "detail_id_": 0, "num_limit_": 1, "message_content_id_": 290, "icon_asset_name_": "Cmn_icnMessage", "item_disable_flag_": 0, "release_flag_": 1}, {"item_id_": 291, "name_id_": 291, "detail_id_": 0, "num_limit_": 1, "message_content_id_": 291, "icon_asset_name_": "Cmn_icnMessage", "item_disable_flag_": 0, "release_flag_": 1}, {"item_id_": 292, "name_id_": 292, "detail_id_": 0, "num_limit_": 1, "message_content_id_": 292, "icon_asset_name_": "Cmn_icnMessage", "item_disable_flag_": 0, "release_flag_": 1}, {"item_id_": 293, "name_id_": 293, "detail_id_": 1, "num_limit_": 1, "message_content_id_": 293, "icon_asset_name_": "Cmn_icnMessage", "item_disable_flag_": 0, "release_flag_": 1}, {"item_id_": 294, "name_id_": 294, "detail_id_": 0, "num_limit_": 1, "message_content_id_": 294, "icon_asset_name_": "Cmn_icnMessage", "item_disable_flag_": 0, "release_flag_": 1}, {"item_id_": 296, "name_id_": 296, "detail_id_": 0, "num_limit_": 1, "message_content_id_": 296, "icon_asset_name_": "Cmn_icnMessage", "item_disable_flag_": 0, "release_flag_": 1}, {"item_id_": 298, "name_id_": 298, "detail_id_": 0, "num_limit_": 1, "message_content_id_": 298, "icon_asset_name_": "Cmn_icnMessage", "item_disable_flag_": 0, "release_flag_": 1}, {"item_id_": 300, "name_id_": 300, "detail_id_": 0, "num_limit_": 1, "message_content_id_": 300, "icon_asset_name_": "Cmn_icnMessage", "item_disable_flag_": 0, "release_flag_": 1}, {"item_id_": 301, "name_id_": 301, "detail_id_": 0, "num_limit_": 1, "message_content_id_": 301, "icon_asset_name_": "Cmn_icnMessage", "item_disable_flag_": 0, "release_flag_": 1}, {"item_id_": 302, "name_id_": 302, "detail_id_": 0, "num_limit_": 1, "message_content_id_": 302, "icon_asset_name_": "Cmn_icnMessage", "item_disable_flag_": 0, "release_flag_": 1}, {"item_id_": 306, "name_id_": 306, "detail_id_": 0, "num_limit_": 1, "message_content_id_": 306, "icon_asset_name_": "Cmn_icnMessage", "item_disable_flag_": 0, "release_flag_": 1}, {"item_id_": 308, "name_id_": 308, "detail_id_": 0, "num_limit_": 1, "message_content_id_": 308, "icon_asset_name_": "Cmn_icnMessage", "item_disable_flag_": 0, "release_flag_": 1}, {"item_id_": 310, "name_id_": 310, "detail_id_": 0, "num_limit_": 1, "message_content_id_": 310, "icon_asset_name_": "Cmn_icnMessage", "item_disable_flag_": 0, "release_flag_": 1}, {"item_id_": 311, "name_id_": 311, "detail_id_": 0, "num_limit_": 1, "message_content_id_": 311, "icon_asset_name_": "Cmn_icnMessage", "item_disable_flag_": 0, "release_flag_": 1}, {"item_id_": 312, "name_id_": 312, "detail_id_": 0, "num_limit_": 1, "message_content_id_": 312, "icon_asset_name_": "Cmn_icnMessage", "item_disable_flag_": 0, "release_flag_": 1}, {"item_id_": 314, "name_id_": 314, "detail_id_": 0, "num_limit_": 1, "message_content_id_": 314, "icon_asset_name_": "Cmn_icnMessage", "item_disable_flag_": 0, "release_flag_": 1}, {"item_id_": 315, "name_id_": 315, "detail_id_": 0, "num_limit_": 1, "message_content_id_": 315, "icon_asset_name_": "Cmn_icnMessage", "item_disable_flag_": 0, "release_flag_": 1}, {"item_id_": 318, "name_id_": 318, "detail_id_": 0, "num_limit_": 1, "message_content_id_": 318, "icon_asset_name_": "Cmn_icnMessage", "item_disable_flag_": 0, "release_flag_": 1}, {"item_id_": 321, "name_id_": 321, "detail_id_": 0, "num_limit_": 1, "message_content_id_": 321, "icon_asset_name_": "Cmn_icnMessage", "item_disable_flag_": 0, "release_flag_": 1}, {"item_id_": 322, "name_id_": 322, "detail_id_": 0, "num_limit_": 1, "message_content_id_": 322, "icon_asset_name_": "Cmn_icnMessage", "item_disable_flag_": 0, "release_flag_": 1}, {"item_id_": 323, "name_id_": 323, "detail_id_": 0, "num_limit_": 1, "message_content_id_": 323, "icon_asset_name_": "Cmn_icnMessage", "item_disable_flag_": 0, "release_flag_": 1}, {"item_id_": 324, "name_id_": 324, "detail_id_": 0, "num_limit_": 1, "message_content_id_": 324, "icon_asset_name_": "Cmn_icnMessage", "item_disable_flag_": 0, "release_flag_": 1}, {"item_id_": 325, "name_id_": 325, "detail_id_": 0, "num_limit_": 1, "message_content_id_": 325, "icon_asset_name_": "Cmn_icnMessage", "item_disable_flag_": 0, "release_flag_": 1}, {"item_id_": 326, "name_id_": 326, "detail_id_": 0, "num_limit_": 1, "message_content_id_": 326, "icon_asset_name_": "Cmn_icnMessage", "item_disable_flag_": 0, "release_flag_": 1}, {"item_id_": 327, "name_id_": 327, "detail_id_": 0, "num_limit_": 1, "message_content_id_": 327, "icon_asset_name_": "Cmn_icnMessage", "item_disable_flag_": 0, "release_flag_": 1}, {"item_id_": 331, "name_id_": 331, "detail_id_": 0, "num_limit_": 1, "message_content_id_": 331, "icon_asset_name_": "Cmn_icnMessage", "item_disable_flag_": 0, "release_flag_": 1}, {"item_id_": 332, "name_id_": 332, "detail_id_": 0, "num_limit_": 1, "message_content_id_": 332, "icon_asset_name_": "Cmn_icnMessage", "item_disable_flag_": 0, "release_flag_": 1}, {"item_id_": 333, "name_id_": 333, "detail_id_": 0, "num_limit_": 1, "message_content_id_": 333, "icon_asset_name_": "Cmn_icnMessage", "item_disable_flag_": 0, "release_flag_": 1}, {"item_id_": 334, "name_id_": 334, "detail_id_": 0, "num_limit_": 1, "message_content_id_": 334, "icon_asset_name_": "Cmn_icnMessage", "item_disable_flag_": 0, "release_flag_": 1}, {"item_id_": 335, "name_id_": 335, "detail_id_": 0, "num_limit_": 1, "message_content_id_": 335, "icon_asset_name_": "Cmn_icnMessage", "item_disable_flag_": 0, "release_flag_": 1}, {"item_id_": 336, "name_id_": 336, "detail_id_": 0, "num_limit_": 1, "message_content_id_": 336, "icon_asset_name_": "Cmn_icnMessage", "item_disable_flag_": 0, "release_flag_": 1}, {"item_id_": 337, "name_id_": 337, "detail_id_": 0, "num_limit_": 1, "message_content_id_": 337, "icon_asset_name_": "Cmn_icnMessage", "item_disable_flag_": 0, "release_flag_": 1}, {"item_id_": 338, "name_id_": 338, "detail_id_": 0, "num_limit_": 1, "message_content_id_": 338, "icon_asset_name_": "Cmn_icnMessage", "item_disable_flag_": 0, "release_flag_": 1}, {"item_id_": 339, "name_id_": 339, "detail_id_": 0, "num_limit_": 1, "message_content_id_": 339, "icon_asset_name_": "Cmn_icnMessage", "item_disable_flag_": 0, "release_flag_": 1}, {"item_id_": 340, "name_id_": 340, "detail_id_": 0, "num_limit_": 1, "message_content_id_": 340, "icon_asset_name_": "Cmn_icnMessage", "item_disable_flag_": 0, "release_flag_": 1}, {"item_id_": 341, "name_id_": 341, "detail_id_": 0, "num_limit_": 1, "message_content_id_": 341, "icon_asset_name_": "Cmn_icnMessage", "item_disable_flag_": 0, "release_flag_": 1}, {"item_id_": 343, "name_id_": 343, "detail_id_": 0, "num_limit_": 1, "message_content_id_": 343, "icon_asset_name_": "Cmn_icnMessage", "item_disable_flag_": 0, "release_flag_": 1}, {"item_id_": 344, "name_id_": 344, "detail_id_": 0, "num_limit_": 1, "message_content_id_": 344, "icon_asset_name_": "Cmn_icnMessage", "item_disable_flag_": 0, "release_flag_": 1}, {"item_id_": 345, "name_id_": 345, "detail_id_": 0, "num_limit_": 1, "message_content_id_": 345, "icon_asset_name_": "Cmn_icnMessage", "item_disable_flag_": 0, "release_flag_": 1}, {"item_id_": 346, "name_id_": 346, "detail_id_": 0, "num_limit_": 1, "message_content_id_": 346, "icon_asset_name_": "Cmn_icnMessage", "item_disable_flag_": 0, "release_flag_": 1}, {"item_id_": 347, "name_id_": 347, "detail_id_": 0, "num_limit_": 1, "message_content_id_": 347, "icon_asset_name_": "Cmn_icnMessage", "item_disable_flag_": 0, "release_flag_": 1}, {"item_id_": 348, "name_id_": 348, "detail_id_": 0, "num_limit_": 1, "message_content_id_": 348, "icon_asset_name_": "Cmn_icnMessage", "item_disable_flag_": 0, "release_flag_": 1}, {"item_id_": 353, "name_id_": 353, "detail_id_": 1, "num_limit_": 1, "message_content_id_": 353, "icon_asset_name_": "Cmn_icnMessage", "item_disable_flag_": 0, "release_flag_": 1}, {"item_id_": 354, "name_id_": 354, "detail_id_": 1, "num_limit_": 1, "message_content_id_": 354, "icon_asset_name_": "Cmn_icnMessage", "item_disable_flag_": 0, "release_flag_": 1}, {"item_id_": 355, "name_id_": 355, "detail_id_": 1, "num_limit_": 1, "message_content_id_": 355, "icon_asset_name_": "Cmn_icnMessage", "item_disable_flag_": 0, "release_flag_": 1}, {"item_id_": 356, "name_id_": 356, "detail_id_": 0, "num_limit_": 1, "message_content_id_": 356, "icon_asset_name_": "Cmn_icnMessage", "item_disable_flag_": 0, "release_flag_": 1}, {"item_id_": 357, "name_id_": 357, "detail_id_": 0, "num_limit_": 1, "message_content_id_": 357, "icon_asset_name_": "Cmn_icnMessage", "item_disable_flag_": 0, "release_flag_": 1}, {"item_id_": 358, "name_id_": 358, "detail_id_": 0, "num_limit_": 1, "message_content_id_": 358, "icon_asset_name_": "Cmn_icnMessage", "item_disable_flag_": 0, "release_flag_": 1}, {"item_id_": 359, "name_id_": 359, "detail_id_": 0, "num_limit_": 1, "message_content_id_": 359, "icon_asset_name_": "Cmn_icnMessage", "item_disable_flag_": 0, "release_flag_": 1}, {"item_id_": 360, "name_id_": 360, "detail_id_": 0, "num_limit_": 1, "message_content_id_": 360, "icon_asset_name_": "Cmn_icnMessage", "item_disable_flag_": 0, "release_flag_": 1}, {"item_id_": 363, "name_id_": 363, "detail_id_": 0, "num_limit_": 1, "message_content_id_": 363, "icon_asset_name_": "Cmn_icnMessage", "item_disable_flag_": 0, "release_flag_": 1}, {"item_id_": 364, "name_id_": 364, "detail_id_": 0, "num_limit_": 1, "message_content_id_": 364, "icon_asset_name_": "Cmn_icnMessage", "item_disable_flag_": 0, "release_flag_": 1}, {"item_id_": 366, "name_id_": 366, "detail_id_": 0, "num_limit_": 1, "message_content_id_": 366, "icon_asset_name_": "Cmn_icnMessage", "item_disable_flag_": 0, "release_flag_": 1}, {"item_id_": 369, "name_id_": 369, "detail_id_": 0, "num_limit_": 1, "message_content_id_": 369, "icon_asset_name_": "Cmn_icnMessage", "item_disable_flag_": 0, "release_flag_": 1}, {"item_id_": 371, "name_id_": 371, "detail_id_": 0, "num_limit_": 1, "message_content_id_": 371, "icon_asset_name_": "Cmn_icnMessage", "item_disable_flag_": 0, "release_flag_": 1}, {"item_id_": 373, "name_id_": 373, "detail_id_": 0, "num_limit_": 1, "message_content_id_": 373, "icon_asset_name_": "Cmn_icnMessage", "item_disable_flag_": 0, "release_flag_": 1}, {"item_id_": 374, "name_id_": 374, "detail_id_": 0, "num_limit_": 1, "message_content_id_": 374, "icon_asset_name_": "Cmn_icnMessage", "item_disable_flag_": 0, "release_flag_": 1}, {"item_id_": 375, "name_id_": 375, "detail_id_": 0, "num_limit_": 1, "message_content_id_": 375, "icon_asset_name_": "Cmn_icnMessage", "item_disable_flag_": 0, "release_flag_": 1}, {"item_id_": 376, "name_id_": 376, "detail_id_": 0, "num_limit_": 1, "message_content_id_": 376, "icon_asset_name_": "Cmn_icnMessage", "item_disable_flag_": 0, "release_flag_": 1}, {"item_id_": 377, "name_id_": 377, "detail_id_": 0, "num_limit_": 1, "message_content_id_": 377, "icon_asset_name_": "Cmn_icnMessage", "item_disable_flag_": 0, "release_flag_": 1}, {"item_id_": 378, "name_id_": 378, "detail_id_": 0, "num_limit_": 1, "message_content_id_": 378, "icon_asset_name_": "Cmn_icnMessage", "item_disable_flag_": 0, "release_flag_": 1}, {"item_id_": 379, "name_id_": 379, "detail_id_": 0, "num_limit_": 1, "message_content_id_": 379, "icon_asset_name_": "Cmn_icnMessage", "item_disable_flag_": 0, "release_flag_": 1}, {"item_id_": 380, "name_id_": 380, "detail_id_": 0, "num_limit_": 1, "message_content_id_": 380, "icon_asset_name_": "Cmn_icnMessage", "item_disable_flag_": 0, "release_flag_": 1}]