[{"item_id_": 2, "name_id_": 2, "detail_id_": 2, "num_limit_": 999, "icon_asset_name_": "Cmn_icnTicketGasha3", "item_disable_flag_": 0, "show_flag_": 0, "begin_date_": "2018/7/25  15:00:00", "end_date_": "2018/8/6  15:00:00", "release_flag_": 1}, {"item_id_": 3, "name_id_": 3, "detail_id_": 3, "num_limit_": 999, "icon_asset_name_": "Cmn_icnTicketGasha4", "item_disable_flag_": 0, "show_flag_": 0, "begin_date_": "2018/7/4  17:00:00", "end_date_": "2018/7/25  11:00:00", "release_flag_": 1}, {"item_id_": 4, "name_id_": 4, "detail_id_": 4, "num_limit_": 999, "icon_asset_name_": "Cmn_icnTicketGasha5", "item_disable_flag_": 0, "show_flag_": 0, "begin_date_": "2018/8/3  15:00:00", "end_date_": "2018/8/20  15:00:00", "release_flag_": 1}, {"item_id_": 5, "name_id_": 5, "detail_id_": 5, "num_limit_": 999, "icon_asset_name_": "Cmn_icnTicketGasha6", "item_disable_flag_": 0, "show_flag_": 1, "begin_date_": "2018/8/3  15:00:00", "end_date_": "2023/2/22  15:00:00", "release_flag_": 1}, {"item_id_": 6, "name_id_": 6, "detail_id_": 6, "num_limit_": 999, "icon_asset_name_": "Cmn_icnTicketGasha7", "item_disable_flag_": 0, "show_flag_": 1, "begin_date_": "2018/9/7  15:00:00", "end_date_": "2030/1/1  0:00:00", "release_flag_": 1}, {"item_id_": 7, "name_id_": 7, "detail_id_": 7, "num_limit_": 999, "icon_asset_name_": "Cmn_icnTicketGasha8", "item_disable_flag_": 0, "show_flag_": 0, "begin_date_": "2018/8/29  15:00:00", "end_date_": "2018/9/18  15:00:00", "release_flag_": 1}, {"item_id_": 8, "name_id_": 8, "detail_id_": 8, "num_limit_": 999, "icon_asset_name_": "Cmn_icnTicketGasha10", "item_disable_flag_": 0, "show_flag_": 1, "begin_date_": "2018/9/19  12:00:00", "end_date_": "2030/1/1  0:00:00", "release_flag_": 1}, {"item_id_": 9, "name_id_": 9, "detail_id_": 9, "num_limit_": 999, "icon_asset_name_": "Cmn_icnTicketGasha11", "item_disable_flag_": 0, "show_flag_": 0, "begin_date_": "2018/9/28  15:00:00", "end_date_": "2018/11/5  15:00:00", "release_flag_": 1}, {"item_id_": 10, "name_id_": 10, "detail_id_": 10, "num_limit_": 999, "icon_asset_name_": "Cmn_icnTicketGasha12", "item_disable_flag_": 0, "show_flag_": 0, "begin_date_": "2018/10/10  12:00:00", "end_date_": "2018/10/30  15:00:00", "release_flag_": 1}, {"item_id_": 11, "name_id_": 11, "detail_id_": 11, "num_limit_": 999, "icon_asset_name_": "Cmn_icnTicketGasha13", "item_disable_flag_": 0, "show_flag_": 1, "begin_date_": "2020/9/5  15:00:00", "end_date_": "2030/1/1  0:00:00", "release_flag_": 1}, {"item_id_": 12, "name_id_": 12, "detail_id_": 12, "num_limit_": 999, "icon_asset_name_": "Cmn_icnTicketGasha14", "item_disable_flag_": 0, "show_flag_": 0, "begin_date_": "2018/10/31  14:00:00", "end_date_": "2018/12/3  15:00:00", "release_flag_": 1}, {"item_id_": 13, "name_id_": 13, "detail_id_": 13, "num_limit_": 999, "icon_asset_name_": "Cmn_icnTicketGasha15", "item_disable_flag_": 0, "show_flag_": 0, "begin_date_": "2018/11/23  15:00:00", "end_date_": "2018/12/10  15:00:00", "release_flag_": 1}, {"item_id_": 14, "name_id_": 14, "detail_id_": 14, "num_limit_": 999, "icon_asset_name_": "Cmn_icnTicketGasha16", "item_disable_flag_": 0, "show_flag_": 0, "begin_date_": "2018/11/30  14:00:00", "end_date_": "2019/1/11  15:00:00", "release_flag_": 1}, {"item_id_": 15, "name_id_": 15, "detail_id_": 15, "num_limit_": 999, "icon_asset_name_": "Cmn_icnTicketGasha17", "item_disable_flag_": 0, "show_flag_": 0, "begin_date_": "2018/12/26  12:00:00", "end_date_": "2019/1/14  15:00:00", "release_flag_": 1}, {"item_id_": 16, "name_id_": 16, "detail_id_": 16, "num_limit_": 999, "icon_asset_name_": "Cmn_icnTicketGasha18", "item_disable_flag_": 0, "show_flag_": 0, "begin_date_": "2019/1/1  0:00:00", "end_date_": "2019/1/31  15:00:00", "release_flag_": 1}, {"item_id_": 17, "name_id_": 17, "detail_id_": 17, "num_limit_": 999, "icon_asset_name_": "Cmn_icnTicketGasha19", "item_disable_flag_": 0, "show_flag_": 0, "begin_date_": "2019/1/9  12:00:00", "end_date_": "2019/2/12  15:00:00", "release_flag_": 1}, {"item_id_": 18, "name_id_": 18, "detail_id_": 18, "num_limit_": 999, "icon_asset_name_": "Cmn_icnTicketGasha20", "item_disable_flag_": 0, "show_flag_": 1, "begin_date_": "2019/1/16  13:00:00", "end_date_": "2030/1/1  0:00:00", "release_flag_": 1}, {"item_id_": 19, "name_id_": 19, "detail_id_": 19, "num_limit_": 999, "icon_asset_name_": "Cmn_icnTicketGasha21", "item_disable_flag_": 0, "show_flag_": 1, "begin_date_": "2019/1/16  13:00:00", "end_date_": "2030/1/1  0:00:00", "release_flag_": 1}, {"item_id_": 21, "name_id_": 21, "detail_id_": 21, "num_limit_": 999, "icon_asset_name_": "Cmn_icnTicketGasha22", "item_disable_flag_": 0, "show_flag_": 0, "begin_date_": "2019/1/31  12:00:00", "end_date_": "2019/3/5  15:00:00", "release_flag_": 1}, {"item_id_": 22, "name_id_": 22, "detail_id_": 22, "num_limit_": 999, "icon_asset_name_": "Cmn_icnTicketGasha23", "item_disable_flag_": 0, "show_flag_": 0, "begin_date_": "2019/2/28  12:00:00", "end_date_": "2019/4/8  15:00:00", "release_flag_": 1}, {"item_id_": 23, "name_id_": 23, "detail_id_": 23, "num_limit_": 999, "icon_asset_name_": "Cmn_icnTicketGasha24", "item_disable_flag_": 0, "show_flag_": 0, "begin_date_": "2019/3/13  12:00:00", "end_date_": "2019/4/30  15:00:00", "release_flag_": 1}, {"item_id_": 24, "name_id_": 24, "detail_id_": 24, "num_limit_": 999, "icon_asset_name_": "Cmn_icnTicketGasha25", "item_disable_flag_": 0, "show_flag_": 0, "begin_date_": "2019/3/13  12:00:00", "end_date_": "2019/4/10  11:00:00", "release_flag_": 1}, {"item_id_": 25, "name_id_": 25, "detail_id_": 25, "num_limit_": 999, "icon_asset_name_": "Cmn_icnTicketGasha26", "item_disable_flag_": 0, "show_flag_": 0, "begin_date_": "2019/4/1  15:00:00", "end_date_": "2019/4/2  15:00:00", "release_flag_": 1}, {"item_id_": 26, "name_id_": 26, "detail_id_": 26, "num_limit_": 999, "icon_asset_name_": "Cmn_icnTicketGasha27", "item_disable_flag_": 0, "show_flag_": 0, "begin_date_": "2019/4/3  12:00:00", "end_date_": "2019/5/7  15:00:00", "release_flag_": 1}, {"item_id_": 27, "name_id_": 27, "detail_id_": 27, "num_limit_": 999, "icon_asset_name_": "Cmn_icnTicketGasha28", "item_disable_flag_": 0, "show_flag_": 0, "begin_date_": "2019/4/3  12:00:00", "end_date_": "2019/5/7  15:00:00", "release_flag_": 1}, {"item_id_": 28, "name_id_": 28, "detail_id_": 6, "num_limit_": 999, "icon_asset_name_": "Cmn_icnTicketGasha29", "item_disable_flag_": 0, "show_flag_": 1, "begin_date_": "2019/4/10  15:00:00", "end_date_": "2030/1/1  0:00:00", "release_flag_": 1}, {"item_id_": 29, "name_id_": 29, "detail_id_": 6, "num_limit_": 999, "icon_asset_name_": "Cmn_icnTicketGasha30", "item_disable_flag_": 0, "show_flag_": 0, "begin_date_": "2019/4/30  12:00:00", "end_date_": "2019/5/28  15:00:00", "release_flag_": 1}, {"item_id_": 30, "name_id_": 30, "detail_id_": 6, "num_limit_": 999, "icon_asset_name_": "Cmn_icnTicketGasha31", "item_disable_flag_": 0, "show_flag_": 0, "begin_date_": "2019/4/30  12:00:00", "end_date_": "2019/5/20  15:00:00", "release_flag_": 1}, {"item_id_": 31, "name_id_": 31, "detail_id_": 6, "num_limit_": 999, "icon_asset_name_": "Cmn_icnTicketGasha32", "item_disable_flag_": 0, "show_flag_": 0, "begin_date_": "2019/5/9  12:00:00", "end_date_": "2019/5/30  15:00:00", "release_flag_": 1}, {"item_id_": 32, "name_id_": 32, "detail_id_": 6, "num_limit_": 999, "icon_asset_name_": "Cmn_icnTicketGasha33", "item_disable_flag_": 0, "show_flag_": 0, "begin_date_": "2019/5/24  15:00:00", "end_date_": "2019/6/7  15:00:00", "release_flag_": 1}, {"item_id_": 33, "name_id_": 33, "detail_id_": 33, "num_limit_": 999, "icon_asset_name_": "Cmn_icnTicketGasha34", "item_disable_flag_": 0, "show_flag_": 0, "begin_date_": "2019/5/31  12:00:00", "end_date_": "2019/7/15  15:00:00", "release_flag_": 1}, {"item_id_": 34, "name_id_": 34, "detail_id_": 6, "num_limit_": 999, "icon_asset_name_": "Cmn_icnTicketGasha35", "item_disable_flag_": 0, "show_flag_": 0, "begin_date_": "2019/6/3  12:00:00", "end_date_": "2019/7/9  15:00:00", "release_flag_": 1}, {"item_id_": 35, "name_id_": 35, "detail_id_": 6, "num_limit_": 999, "icon_asset_name_": "Cmn_icnTicketGasha36", "item_disable_flag_": 0, "show_flag_": 0, "begin_date_": "2019/6/3  12:00:00", "end_date_": "2019/7/9  15:00:00", "release_flag_": 1}, {"item_id_": 36, "name_id_": 36, "detail_id_": 6, "num_limit_": 999, "icon_asset_name_": "Cmn_icnTicketGasha37", "item_disable_flag_": 0, "show_flag_": 0, "begin_date_": "2019/7/3  12:00:00", "end_date_": "2019/7/31  15:00:00", "release_flag_": 1}, {"item_id_": 37, "name_id_": 37, "detail_id_": 6, "num_limit_": 999, "icon_asset_name_": "Cmn_icnTicketGasha38", "item_disable_flag_": 0, "show_flag_": 0, "begin_date_": "2019/7/3  12:00:00", "end_date_": "2019/7/24  15:00:00", "release_flag_": 1}, {"item_id_": 38, "name_id_": 38, "detail_id_": 6, "num_limit_": 999, "icon_asset_name_": "Cmn_icnTicketGasha39", "item_disable_flag_": 0, "show_flag_": 0, "begin_date_": "2019/7/17  10:00:00", "end_date_": "2019/8/9  15:00:00", "release_flag_": 1}, {"item_id_": 39, "name_id_": 39, "detail_id_": 6, "num_limit_": 999, "icon_asset_name_": "Cmn_icnTicketGasha40", "item_disable_flag_": 0, "show_flag_": 0, "begin_date_": "2019/7/17  10:00:00", "end_date_": "2019/8/9  15:00:00", "release_flag_": 1}, {"item_id_": 40, "name_id_": 40, "detail_id_": 6, "num_limit_": 999, "icon_asset_name_": "Cmn_icnTicketGasha41", "item_disable_flag_": 0, "show_flag_": 0, "begin_date_": "2019/7/31  12:00:00", "end_date_": "2019/9/11  15:00:00", "release_flag_": 1}, {"item_id_": 41, "name_id_": 41, "detail_id_": 6, "num_limit_": 999, "icon_asset_name_": "Cmn_icnTicketGasha42", "item_disable_flag_": 0, "show_flag_": 0, "begin_date_": "2019/7/31  12:00:00", "end_date_": "2019/8/21  15:00:00", "release_flag_": 1}, {"item_id_": 42, "name_id_": 42, "detail_id_": 6, "num_limit_": 999, "icon_asset_name_": "Cmn_icnTicketGasha43", "item_disable_flag_": 0, "show_flag_": 0, "begin_date_": "2019/8/7  15:00:00", "end_date_": "2019/9/9  15:00:00", "release_flag_": 1}, {"item_id_": 43, "name_id_": 43, "detail_id_": 6, "num_limit_": 999, "icon_asset_name_": "Cmn_icnTicketGasha44", "item_disable_flag_": 0, "show_flag_": 0, "begin_date_": "2019/8/7  15:00:00", "end_date_": "2019/9/3  15:00:00", "release_flag_": 1}, {"item_id_": 44, "name_id_": 44, "detail_id_": 6, "num_limit_": 999, "icon_asset_name_": "Cmn_icnTicketGasha45", "item_disable_flag_": 0, "show_flag_": 0, "begin_date_": "2019/9/1  15:00:00", "end_date_": "2019/10/13  15:00:00", "release_flag_": 1}, {"item_id_": 45, "name_id_": 45, "detail_id_": 6, "num_limit_": 999, "icon_asset_name_": "Cmn_icnTicketGasha46", "item_disable_flag_": 0, "show_flag_": 0, "begin_date_": "2019/9/1  15:00:00", "end_date_": "2019/9/21  15:00:00", "release_flag_": 1}, {"item_id_": 46, "name_id_": 46, "detail_id_": 6, "num_limit_": 20, "icon_asset_name_": "Cmn_icnTicketGasha47", "item_disable_flag_": 0, "show_flag_": 1, "begin_date_": "2019/9/11  12:00:00", "end_date_": "2021/2/28  15:00:00", "release_flag_": 1}, {"item_id_": 47, "name_id_": 47, "detail_id_": 6, "num_limit_": 999, "icon_asset_name_": "Cmn_icnTicketGasha48", "item_disable_flag_": 0, "show_flag_": 0, "begin_date_": "2019/9/11  12:00:00", "end_date_": "2019/10/13  15:00:00", "release_flag_": 1}, {"item_id_": 48, "name_id_": 48, "detail_id_": 6, "num_limit_": 999, "icon_asset_name_": "Cmn_icnTicketGasha49", "item_disable_flag_": 0, "show_flag_": 0, "begin_date_": "2019/9/11  12:00:00", "end_date_": "2019/10/13  15:00:00", "release_flag_": 1}, {"item_id_": 49, "name_id_": 49, "detail_id_": 6, "num_limit_": 999, "icon_asset_name_": "Cmn_icnTicketGasha50", "item_disable_flag_": 0, "show_flag_": 0, "begin_date_": "2019/9/18  12:00:00", "end_date_": "2019/9/30  15:00:00", "release_flag_": 1}, {"item_id_": 50, "name_id_": 50, "detail_id_": 6, "num_limit_": 999, "icon_asset_name_": "Cmn_icnTicketGasha51", "item_disable_flag_": 0, "show_flag_": 0, "begin_date_": "2019/9/18  12:00:00", "end_date_": "2019/9/30  15:00:00", "release_flag_": 1}, {"item_id_": 51, "name_id_": 51, "detail_id_": 6, "num_limit_": 999, "icon_asset_name_": "Cmn_icnTicketGasha52", "item_disable_flag_": 0, "show_flag_": 0, "begin_date_": "2019/10/2  12:00:00", "end_date_": "2019/11/4  15:00:00", "release_flag_": 1}, {"item_id_": 52, "name_id_": 52, "detail_id_": 6, "num_limit_": 999, "icon_asset_name_": "Cmn_icnTicketGasha53", "item_disable_flag_": 0, "show_flag_": 0, "begin_date_": "2019/10/2  12:00:00", "end_date_": "2019/10/22  15:00:00", "release_flag_": 1}, {"item_id_": 53, "name_id_": 53, "detail_id_": 6, "num_limit_": 999, "icon_asset_name_": "Cmn_icnTicketGasha54", "item_disable_flag_": 0, "show_flag_": 1, "begin_date_": "2019/10/9  12:00:00", "end_date_": "2030/1/1  0:00:00", "release_flag_": 1}, {"item_id_": 54, "name_id_": 54, "detail_id_": 6, "num_limit_": 999, "icon_asset_name_": "Cmn_icnTicketGasha55", "item_disable_flag_": 0, "show_flag_": 1, "begin_date_": "2019/10/9  12:00:00", "end_date_": "2030/1/1  0:00:00", "release_flag_": 1}, {"item_id_": 55, "name_id_": 55, "detail_id_": 6, "num_limit_": 999, "icon_asset_name_": "Cmn_icnTicketGasha56", "item_disable_flag_": 0, "show_flag_": 1, "begin_date_": "2019/10/9  12:00:00", "end_date_": "2030/1/1  0:00:00", "release_flag_": 1}, {"item_id_": 56, "name_id_": 56, "detail_id_": 6, "num_limit_": 999, "icon_asset_name_": "Cmn_icnTicketGasha57", "item_disable_flag_": 0, "show_flag_": 1, "begin_date_": "2019/10/9  12:00:00", "end_date_": "2019/11/4  15:00:00", "release_flag_": 1}, {"item_id_": 57, "name_id_": 57, "detail_id_": 6, "num_limit_": 999, "icon_asset_name_": "Cmn_icnTicketGasha58", "item_disable_flag_": 0, "show_flag_": 0, "begin_date_": "2019/10/23  12:00:00", "end_date_": "2019/11/27  15:00:00", "release_flag_": 1}, {"item_id_": 58, "name_id_": 58, "detail_id_": 6, "num_limit_": 999, "icon_asset_name_": "Cmn_icnTicketGasha59", "item_disable_flag_": 0, "show_flag_": 0, "begin_date_": "2019/11/6  12:00:00", "end_date_": "2019/11/28  15:00:00", "release_flag_": 1}, {"item_id_": 59, "name_id_": 59, "detail_id_": 6, "num_limit_": 999, "icon_asset_name_": "Cmn_icnTicketGasha60", "item_disable_flag_": 0, "show_flag_": 0, "begin_date_": "2019/11/6  12:00:00", "end_date_": "2019/11/18  15:00:00", "release_flag_": 1}, {"item_id_": 61, "name_id_": 61, "detail_id_": 6, "num_limit_": 999, "icon_asset_name_": "Cmn_icnTicketGasha61", "item_disable_flag_": 0, "show_flag_": 0, "begin_date_": "2019/11/13  12:00:00", "end_date_": "2019/12/1  15:00:00", "release_flag_": 1}, {"item_id_": 62, "name_id_": 62, "detail_id_": 6, "num_limit_": 999, "icon_asset_name_": "Cmn_icnTicketGasha62", "item_disable_flag_": 0, "show_flag_": 0, "begin_date_": "2019/11/13  12:00:00", "end_date_": "2019/12/1  15:00:00", "release_flag_": 1}, {"item_id_": 63, "name_id_": 63, "detail_id_": 6, "num_limit_": 999, "icon_asset_name_": "Cmn_icnTicketGasha63", "item_disable_flag_": 0, "show_flag_": 0, "begin_date_": "2019/11/27  12:00:00", "end_date_": "2019/12/16  15:00:00", "release_flag_": 1}, {"item_id_": 65, "name_id_": 65, "detail_id_": 6, "num_limit_": 99999, "icon_asset_name_": "Cmn_icnTicketGasha65", "item_disable_flag_": 0, "show_flag_": 0, "begin_date_": "2019/12/4  12:00:00", "end_date_": "2020/1/20  15:00:00", "release_flag_": 1}, {"item_id_": 66, "name_id_": 66, "detail_id_": 6, "num_limit_": 999, "icon_asset_name_": "Cmn_icnTicketGasha66", "item_disable_flag_": 0, "show_flag_": 0, "begin_date_": "2019/12/4  12:00:00", "end_date_": "2020/1/20  15:00:00", "release_flag_": 1}, {"item_id_": 67, "name_id_": 67, "detail_id_": 6, "num_limit_": 999, "icon_asset_name_": "Cmn_icnTicketGasha67", "item_disable_flag_": 0, "show_flag_": 0, "begin_date_": "2019/12/4  12:00:00", "end_date_": "2020/1/20  15:00:00", "release_flag_": 1}, {"item_id_": 68, "name_id_": 68, "detail_id_": 6, "num_limit_": 999, "icon_asset_name_": "Cmn_icnTicketGasha68", "item_disable_flag_": 0, "show_flag_": 0, "begin_date_": "2019/12/4  12:00:00", "end_date_": "2019/12/30  15:00:00", "release_flag_": 1}, {"item_id_": 69, "name_id_": 69, "detail_id_": 6, "num_limit_": 999, "icon_asset_name_": "Cmn_icnTicketGasha69", "item_disable_flag_": 0, "show_flag_": 0, "begin_date_": "2019/12/4  12:00:00", "end_date_": "2019/12/21  15:00:00", "release_flag_": 1}, {"item_id_": 70, "name_id_": 70, "detail_id_": 6, "num_limit_": 999, "icon_asset_name_": "Cmn_icnTicketGasha70", "item_disable_flag_": 0, "show_flag_": 0, "begin_date_": "2019/12/18  12:00:00", "end_date_": "2020/1/5  15:00:00", "release_flag_": 1}, {"item_id_": 71, "name_id_": 71, "detail_id_": 6, "num_limit_": 999, "icon_asset_name_": "Cmn_icnTicketGasha71", "item_disable_flag_": 0, "show_flag_": 0, "begin_date_": "2019/12/18  12:00:00", "end_date_": "2020/1/5  15:00:00", "release_flag_": 1}, {"item_id_": 72, "name_id_": 72, "detail_id_": 6, "num_limit_": 999, "icon_asset_name_": "Cmn_icnTicketGasha72", "item_disable_flag_": 0, "show_flag_": 0, "begin_date_": "2019/12/21  15:00:00", "end_date_": "2020/1/24  15:00:00", "release_flag_": 1}, {"item_id_": 73, "name_id_": 73, "detail_id_": 6, "num_limit_": 999, "icon_asset_name_": "Cmn_icnTicketGasha73", "item_disable_flag_": 0, "show_flag_": 0, "begin_date_": "2019/12/21  15:00:00", "end_date_": "2020/1/25  15:00:00", "release_flag_": 1}, {"item_id_": 74, "name_id_": 74, "detail_id_": 6, "num_limit_": 999, "icon_asset_name_": "Cmn_icnTicketGasha74", "item_disable_flag_": 0, "show_flag_": 0, "begin_date_": "2019/12/21  15:00:00", "end_date_": "2020/1/24  15:00:00", "release_flag_": 1}, {"item_id_": 75, "name_id_": 75, "detail_id_": 6, "num_limit_": 999, "icon_asset_name_": "Cmn_icnTicketGasha75", "item_disable_flag_": 0, "show_flag_": 0, "begin_date_": "2019/12/21  15:00:00", "end_date_": "2020/1/25  15:00:00", "release_flag_": 1}, {"item_id_": 76, "name_id_": 76, "detail_id_": 6, "num_limit_": 999, "icon_asset_name_": "Cmn_icnTicketGasha76", "item_disable_flag_": 0, "show_flag_": 0, "begin_date_": "2020/1/1  0:00:00", "end_date_": "2020/1/31  15:00:00", "release_flag_": 1}, {"item_id_": 77, "name_id_": 77, "detail_id_": 6, "num_limit_": 999, "icon_asset_name_": "Cmn_icnTicketGasha77", "item_disable_flag_": 0, "show_flag_": 0, "begin_date_": "2020/1/1  0:00:00", "end_date_": "2020/1/31  15:00:00", "release_flag_": 1}, {"item_id_": 78, "name_id_": 78, "detail_id_": 6, "num_limit_": 999, "icon_asset_name_": "Cmn_icnTicketGasha78", "item_disable_flag_": 0, "show_flag_": 0, "begin_date_": "2020/1/1  0:00:00", "end_date_": "2020/1/31  15:00:00", "release_flag_": 1}, {"item_id_": 79, "name_id_": 56, "detail_id_": 6, "num_limit_": 999, "icon_asset_name_": "Cmn_icnTicketGasha57", "item_disable_flag_": 0, "show_flag_": 1, "begin_date_": "2020/1/8  15:00:00", "end_date_": "2020/1/18  15:00:00", "release_flag_": 1}, {"item_id_": 80, "name_id_": 80, "detail_id_": 6, "num_limit_": 999, "icon_asset_name_": "Cmn_icnTicketGasha24", "item_disable_flag_": 0, "show_flag_": 1, "begin_date_": "2020/1/11  15:00:00", "end_date_": "2020/1/28  15:00:00", "release_flag_": 1}, {"item_id_": 81, "name_id_": 81, "detail_id_": 6, "num_limit_": 999, "icon_asset_name_": "Cmn_icnTicketGasha81", "item_disable_flag_": 0, "show_flag_": 0, "begin_date_": "2020/2/14  13:00:00", "end_date_": "2020/2/23  15:00:00", "release_flag_": 1}, {"item_id_": 82, "name_id_": 82, "detail_id_": 6, "num_limit_": 999, "icon_asset_name_": "Cmn_icnTicketGasha82", "item_disable_flag_": 0, "show_flag_": 0, "begin_date_": "2020/2/14  13:00:00", "end_date_": "2020/2/23  15:00:00", "release_flag_": 1}, {"item_id_": 83, "name_id_": 83, "detail_id_": 6, "num_limit_": 999, "icon_asset_name_": "Cmn_icnTicketGasha83", "item_disable_flag_": 0, "show_flag_": 0, "begin_date_": "2020/1/15  15:00:00", "end_date_": "2020/2/4  15:00:00", "release_flag_": 1}, {"item_id_": 84, "name_id_": 84, "detail_id_": 6, "num_limit_": 999, "icon_asset_name_": "Cmn_icnTicketGasha84", "item_disable_flag_": 0, "show_flag_": 0, "begin_date_": "2020/2/14  13:00:00", "end_date_": "2020/2/21  15:00:00", "release_flag_": 1}, {"item_id_": 85, "name_id_": 85, "detail_id_": 6, "num_limit_": 999, "icon_asset_name_": "Cmn_icnTicketGasha85", "item_disable_flag_": 0, "show_flag_": 0, "begin_date_": "2020/2/14  13:00:00", "end_date_": "2020/2/21  15:00:00", "release_flag_": 1}, {"item_id_": 86, "name_id_": 86, "detail_id_": 6, "num_limit_": 999, "icon_asset_name_": "Cmn_icnTicketGasha86", "item_disable_flag_": 0, "show_flag_": 0, "begin_date_": "2020/2/14  13:00:00", "end_date_": "2020/2/21  15:00:00", "release_flag_": 1}, {"item_id_": 87, "name_id_": 87, "detail_id_": 6, "num_limit_": 999, "icon_asset_name_": "Cmn_icnTicketGasha87", "item_disable_flag_": 0, "show_flag_": 0, "begin_date_": "2020/1/29  12:00:00", "end_date_": "2020/2/29  15:00:00", "release_flag_": 1}, {"item_id_": 88, "name_id_": 88, "detail_id_": 6, "num_limit_": 999, "icon_asset_name_": "Cmn_icnTicketGasha88", "item_disable_flag_": 0, "show_flag_": 0, "begin_date_": "2020/3/4  12:00:00", "end_date_": "2020/3/7  15:00:00", "release_flag_": 1}, {"item_id_": 89, "name_id_": 89, "detail_id_": 6, "num_limit_": 999, "icon_asset_name_": "Cmn_icnTicketGasha89", "item_disable_flag_": 0, "show_flag_": 0, "begin_date_": "2020/2/12  12:00:00", "end_date_": "2020/3/5  15:00:00", "release_flag_": 1}, {"item_id_": 90, "name_id_": 90, "detail_id_": 6, "num_limit_": 999, "icon_asset_name_": "Cmn_icnTicketGasha90", "item_disable_flag_": 0, "show_flag_": 0, "begin_date_": "2020/2/19  12:00:00", "end_date_": "2020/3/10  15:00:00", "release_flag_": 1}, {"item_id_": 91, "name_id_": 91, "detail_id_": 6, "num_limit_": 999, "icon_asset_name_": "Cmn_icnTicketGasha91", "item_disable_flag_": 0, "show_flag_": 0, "begin_date_": "2020/2/19  12:00:00", "end_date_": "2020/3/10  15:00:00", "release_flag_": 1}, {"item_id_": 92, "name_id_": 92, "detail_id_": 6, "num_limit_": 999, "icon_asset_name_": "Cmn_icnTicketGasha92", "item_disable_flag_": 0, "show_flag_": 0, "begin_date_": "2020/2/26  12:00:00", "end_date_": "2020/3/22  15:00:00", "release_flag_": 1}, {"item_id_": 93, "name_id_": 93, "detail_id_": 6, "num_limit_": 999, "icon_asset_name_": "Cmn_icnTicketGasha93", "item_disable_flag_": 0, "show_flag_": 0, "begin_date_": "2020/2/26  12:00:00", "end_date_": "2020/3/22  15:00:00", "release_flag_": 1}, {"item_id_": 94, "name_id_": 94, "detail_id_": 6, "num_limit_": 999, "icon_asset_name_": "Cmn_icnTicketGasha94", "item_disable_flag_": 0, "show_flag_": 0, "begin_date_": "2020/2/26  12:00:00", "end_date_": "2020/3/13  15:00:00", "release_flag_": 1}, {"item_id_": 95, "name_id_": 95, "detail_id_": 6, "num_limit_": 999, "icon_asset_name_": "Cmn_icnTicketGasha95", "item_disable_flag_": 0, "show_flag_": 0, "begin_date_": "2020/3/4  12:00:00", "end_date_": "2020/4/6  15:00:00", "release_flag_": 1}, {"item_id_": 96, "name_id_": 96, "detail_id_": 6, "num_limit_": 999, "icon_asset_name_": "Cmn_icnTicketGasha96", "item_disable_flag_": 0, "show_flag_": 0, "begin_date_": "2020/3/4  12:00:00", "end_date_": "2020/4/6  15:00:00", "release_flag_": 1}, {"item_id_": 97, "name_id_": 97, "detail_id_": 6, "num_limit_": 999, "icon_asset_name_": "Cmn_icnTicketGasha97", "item_disable_flag_": 0, "show_flag_": 0, "begin_date_": "2020/3/4  12:00:00", "end_date_": "2020/4/19  15:00:00", "release_flag_": 1}, {"item_id_": 98, "name_id_": 70, "detail_id_": 6, "num_limit_": 999, "icon_asset_name_": "Cmn_icnTicketGasha70", "item_disable_flag_": 0, "show_flag_": 0, "begin_date_": "2020/3/18  12:00:00", "end_date_": "2020/4/6  15:00:00", "release_flag_": 1}, {"item_id_": 99, "name_id_": 71, "detail_id_": 6, "num_limit_": 999, "icon_asset_name_": "Cmn_icnTicketGasha71", "item_disable_flag_": 0, "show_flag_": 0, "begin_date_": "2020/3/18  12:00:00", "end_date_": "2020/4/6  15:00:00", "release_flag_": 1}, {"item_id_": 100, "name_id_": 100, "detail_id_": 6, "num_limit_": 999, "icon_asset_name_": "Cmn_icnTicketGasha100", "item_disable_flag_": 0, "show_flag_": 0, "begin_date_": "2020/3/25  12:00:00", "end_date_": "2020/4/10  15:00:00", "release_flag_": 1}, {"item_id_": 101, "name_id_": 101, "detail_id_": 6, "num_limit_": 999, "icon_asset_name_": "Cmn_icnTicketGasha101", "item_disable_flag_": 0, "show_flag_": 0, "begin_date_": "2020/4/8  12:00:00", "end_date_": "2020/5/3  15:00:00", "release_flag_": 1}, {"item_id_": 102, "name_id_": 102, "detail_id_": 6, "num_limit_": 999, "icon_asset_name_": "Cmn_icnTicketGasha102", "item_disable_flag_": 0, "show_flag_": 0, "begin_date_": "2020/4/8  12:00:00", "end_date_": "2020/5/3  15:00:00", "release_flag_": 1}, {"item_id_": 103, "name_id_": 103, "detail_id_": 6, "num_limit_": 999, "icon_asset_name_": "Cmn_icnTicketGasha103", "item_disable_flag_": 0, "show_flag_": 0, "begin_date_": "2020/4/8  12:00:00", "end_date_": "2020/4/26  15:00:00", "release_flag_": 1}, {"item_id_": 104, "name_id_": 61, "detail_id_": 6, "num_limit_": 999, "icon_asset_name_": "Cmn_icnTicketGasha61", "item_disable_flag_": 0, "show_flag_": 0, "begin_date_": "2020/4/15  12:00:00", "end_date_": "2020/5/3  15:00:00", "release_flag_": 1}, {"item_id_": 105, "name_id_": 62, "detail_id_": 6, "num_limit_": 999, "icon_asset_name_": "Cmn_icnTicketGasha62", "item_disable_flag_": 0, "show_flag_": 0, "begin_date_": "2020/4/15  12:00:00", "end_date_": "2020/5/3  15:00:00", "release_flag_": 1}, {"item_id_": 106, "name_id_": 106, "detail_id_": 6, "num_limit_": 999, "icon_asset_name_": "Cmn_icnTicketGasha106", "item_disable_flag_": 0, "show_flag_": 1, "begin_date_": "2020/4/22  12:00:00", "end_date_": "2020/5/24  15:00:00", "release_flag_": 1}, {"item_id_": 107, "name_id_": 107, "detail_id_": 6, "num_limit_": 999, "icon_asset_name_": "Cmn_icnTicketGasha107", "item_disable_flag_": 0, "show_flag_": 1, "begin_date_": "2020/4/22  12:00:00", "end_date_": "2020/5/26  15:00:00", "release_flag_": 1}, {"item_id_": 108, "name_id_": 80, "detail_id_": 6, "num_limit_": 999, "icon_asset_name_": "Cmn_icnTicketGasha24", "item_disable_flag_": 0, "show_flag_": 1, "begin_date_": "2020/5/9  15:00:00", "end_date_": "2020/5/30  15:00:00", "release_flag_": 1}, {"item_id_": 109, "name_id_": 56, "detail_id_": 6, "num_limit_": 999, "icon_asset_name_": "Cmn_icnTicketGasha57", "item_disable_flag_": 0, "show_flag_": 1, "begin_date_": "2020/5/13  12:00:00", "end_date_": "2020/6/1  15:00:00", "release_flag_": 1}, {"item_id_": 110, "name_id_": 110, "detail_id_": 6, "num_limit_": 999, "icon_asset_name_": "Cmn_icnTicketGasha110", "item_disable_flag_": 0, "show_flag_": 1, "begin_date_": "2020/5/27  12:00:00", "end_date_": "2030/1/1  0:00:00", "release_flag_": 1}, {"item_id_": 111, "name_id_": 111, "detail_id_": 6, "num_limit_": 999, "icon_asset_name_": "Cmn_icnTicketGasha111", "item_disable_flag_": 0, "show_flag_": 1, "begin_date_": "2020/5/31  12:00:00", "end_date_": "2020/7/19  15:00:00", "release_flag_": 1}, {"item_id_": 112, "name_id_": 112, "detail_id_": 6, "num_limit_": 999, "icon_asset_name_": "Cmn_icnTicketGasha112", "item_disable_flag_": 0, "show_flag_": 1, "begin_date_": "2020/5/31  12:00:00", "end_date_": "2020/7/5  15:00:00", "release_flag_": 1}, {"item_id_": 113, "name_id_": 113, "detail_id_": 6, "num_limit_": 999, "icon_asset_name_": "Cmn_icnTicketGasha113", "item_disable_flag_": 0, "show_flag_": 1, "begin_date_": "2020/5/31  12:00:00", "end_date_": "2020/7/22  15:00:00", "release_flag_": 1}, {"item_id_": 114, "name_id_": 114, "detail_id_": 6, "num_limit_": 999, "icon_asset_name_": "Cmn_icnTicketGasha114", "item_disable_flag_": 0, "show_flag_": 1, "begin_date_": "2020/5/31  12:00:00", "end_date_": "2020/7/5  15:00:00", "release_flag_": 1}, {"item_id_": 115, "name_id_": 115, "detail_id_": 6, "num_limit_": 999, "icon_asset_name_": "Cmn_icnTicketGasha115", "item_disable_flag_": 0, "show_flag_": 1, "begin_date_": "2020/5/31  12:00:00", "end_date_": "2020/7/22  15:00:00", "release_flag_": 1}, {"item_id_": 116, "name_id_": 116, "detail_id_": 6, "num_limit_": 999, "icon_asset_name_": "Cmn_icnTicketGasha116", "item_disable_flag_": 0, "show_flag_": 1, "begin_date_": "2020/6/24  12:00:00", "end_date_": "2020/7/15  15:00:00", "release_flag_": 1}, {"item_id_": 117, "name_id_": 117, "detail_id_": 6, "num_limit_": 999, "icon_asset_name_": "Cmn_icnTicketGasha117", "item_disable_flag_": 0, "show_flag_": 1, "begin_date_": "2020/7/15  12:00:00", "end_date_": "2020/8/2  15:00:00", "release_flag_": 1}, {"item_id_": 118, "name_id_": 118, "detail_id_": 6, "num_limit_": 999, "icon_asset_name_": "Cmn_icnTicketGasha118", "item_disable_flag_": 0, "show_flag_": 1, "begin_date_": "2020/7/15  12:00:00", "end_date_": "2030/1/1  0:00:00", "release_flag_": 1}, {"item_id_": 119, "name_id_": 119, "detail_id_": 6, "num_limit_": 999, "icon_asset_name_": "Cmn_icnTicketGasha119", "item_disable_flag_": 0, "show_flag_": 1, "begin_date_": "2020/7/15  12:00:00", "end_date_": "2030/1/1  0:00:00", "release_flag_": 1}, {"item_id_": 120, "name_id_": 120, "detail_id_": 6, "num_limit_": 999, "icon_asset_name_": "Cmn_icnTicketGasha120", "item_disable_flag_": 0, "show_flag_": 1, "begin_date_": "2020/7/29  12:00:00", "end_date_": "2020/8/23  15:00:00", "release_flag_": 1}, {"item_id_": 121, "name_id_": 121, "detail_id_": 6, "num_limit_": 999, "icon_asset_name_": "Cmn_icnTicketGasha121", "item_disable_flag_": 0, "show_flag_": 1, "begin_date_": "2020/8/10  15:00:00", "end_date_": "2020/8/30  15:00:00", "release_flag_": 1}, {"item_id_": 122, "name_id_": 122, "detail_id_": 6, "num_limit_": 999, "icon_asset_name_": "Cmn_icnTicketGasha122", "item_disable_flag_": 0, "show_flag_": 1, "begin_date_": "2020/8/12  15:00:00", "end_date_": "2020/9/6  15:00:00", "release_flag_": 1}, {"item_id_": 123, "name_id_": 123, "detail_id_": 6, "num_limit_": 999, "icon_asset_name_": "Cmn_icnTicketGasha123", "item_disable_flag_": 0, "show_flag_": 1, "begin_date_": "2020/8/12  15:00:00", "end_date_": "2020/9/6  15:00:00", "release_flag_": 1}, {"item_id_": 124, "name_id_": 124, "detail_id_": 6, "num_limit_": 999, "icon_asset_name_": "Cmn_icnTicketGasha124", "item_disable_flag_": 0, "show_flag_": 1, "begin_date_": "2020/8/26  12:00:00", "end_date_": "2020/9/20  15:00:00", "release_flag_": 1}, {"item_id_": 125, "name_id_": 125, "detail_id_": 6, "num_limit_": 999, "icon_asset_name_": "Cmn_icnTicketGasha125", "item_disable_flag_": 0, "show_flag_": 1, "begin_date_": "2020/8/26  12:00:00", "end_date_": "2020/10/5  15:00:00", "release_flag_": 1}, {"item_id_": 126, "name_id_": 126, "detail_id_": 6, "num_limit_": 1, "icon_asset_name_": "Cmn_icnTicketGasha126", "item_disable_flag_": 0, "show_flag_": 1, "begin_date_": "2020/9/5  15:00:00", "end_date_": "2021/10/30  15:00:00", "release_flag_": 1}, {"item_id_": 127, "name_id_": 127, "detail_id_": 6, "num_limit_": 999, "icon_asset_name_": "Cmn_icnTicketGasha127", "item_disable_flag_": 0, "show_flag_": 1, "begin_date_": "2020/9/16  12:00:00", "end_date_": "2020/10/11  15:00:00", "release_flag_": 1}, {"item_id_": 128, "name_id_": 128, "detail_id_": 6, "num_limit_": 999, "icon_asset_name_": "Cmn_icnTicketGasha128", "item_disable_flag_": 0, "show_flag_": 1, "begin_date_": "2020/9/30  12:00:00", "end_date_": "2020/10/25  15:00:00", "release_flag_": 1}, {"item_id_": 129, "name_id_": 129, "detail_id_": 6, "num_limit_": 999, "icon_asset_name_": "Cmn_icnTicketGasha129", "item_disable_flag_": 0, "show_flag_": 1, "begin_date_": "2020/9/30  12:00:00", "end_date_": "2020/10/30  15:00:00", "release_flag_": 1}, {"item_id_": 130, "name_id_": 130, "detail_id_": 6, "num_limit_": 999, "icon_asset_name_": "Cmn_icnTicketGasha130", "item_disable_flag_": 0, "show_flag_": 1, "begin_date_": "2020/10/14  12:00:00", "end_date_": "2020/11/15  15:00:00", "release_flag_": 1}, {"item_id_": 132, "name_id_": 132, "detail_id_": 6, "num_limit_": 999, "icon_asset_name_": "Cmn_icnTicketGasha132", "item_disable_flag_": 0, "show_flag_": 1, "begin_date_": "2020/10/30  15:00:00", "end_date_": "2021/5/5  15:00:00", "release_flag_": 1}, {"item_id_": 134, "name_id_": 134, "detail_id_": 6, "num_limit_": 999, "icon_asset_name_": "Cmn_icnTicketGasha134", "item_disable_flag_": 0, "show_flag_": 1, "begin_date_": "2020/10/28  12:00:00", "end_date_": "2020/11/29  15:00:00", "release_flag_": 1}, {"item_id_": 135, "name_id_": 135, "detail_id_": 6, "num_limit_": 999, "icon_asset_name_": "Cmn_icnTicketGasha135", "item_disable_flag_": 0, "show_flag_": 1, "begin_date_": "2020/10/28  12:00:00", "end_date_": "2020/12/4  15:00:00", "release_flag_": 1}, {"item_id_": 136, "name_id_": 136, "detail_id_": 6, "num_limit_": 999, "icon_asset_name_": "Cmn_icnTicketGasha136", "item_disable_flag_": 0, "show_flag_": 1, "begin_date_": "2020/11/11  12:00:00", "end_date_": "2020/12/13  15:00:00", "release_flag_": 1}, {"item_id_": 137, "name_id_": 137, "detail_id_": 6, "num_limit_": 99999, "icon_asset_name_": "Cmn_icnTicketGasha137", "item_disable_flag_": 0, "show_flag_": 1, "begin_date_": "2020/11/27  12:00:00", "end_date_": "2021/1/12  15:00:00", "release_flag_": 1}, {"item_id_": 138, "name_id_": 138, "detail_id_": 6, "num_limit_": 999, "icon_asset_name_": "Cmn_icnTicketGasha138", "item_disable_flag_": 0, "show_flag_": 1, "begin_date_": "2020/11/27  12:00:00", "end_date_": "2021/2/5  15:00:00", "release_flag_": 1}, {"item_id_": 139, "name_id_": 139, "detail_id_": 6, "num_limit_": 999, "icon_asset_name_": "Cmn_icnTicketGasha139", "item_disable_flag_": 0, "show_flag_": 1, "begin_date_": "2020/11/27  12:00:00", "end_date_": "2021/1/19  15:00:00", "release_flag_": 1}, {"item_id_": 140, "name_id_": 140, "detail_id_": 6, "num_limit_": 999, "icon_asset_name_": "Cmn_icnTicketGasha140", "item_disable_flag_": 0, "show_flag_": 1, "begin_date_": "2020/12/23  12:00:00", "end_date_": "2021/1/24  15:00:00", "release_flag_": 1}, {"item_id_": 141, "name_id_": 141, "detail_id_": 6, "num_limit_": 999, "icon_asset_name_": "Cmn_icnTicketGasha141", "item_disable_flag_": 0, "show_flag_": 1, "begin_date_": "2020/12/23  12:00:00", "end_date_": "2021/1/30  15:00:00", "release_flag_": 1}, {"item_id_": 142, "name_id_": 142, "detail_id_": 6, "num_limit_": 999, "icon_asset_name_": "Cmn_icnTicketGasha142", "item_disable_flag_": 0, "show_flag_": 1, "begin_date_": "2020/12/23  12:00:00", "end_date_": "2021/1/24  15:00:00", "release_flag_": 1}, {"item_id_": 143, "name_id_": 143, "detail_id_": 6, "num_limit_": 999, "icon_asset_name_": "Cmn_icnTicketGasha143", "item_disable_flag_": 0, "show_flag_": 1, "begin_date_": "2020/12/23  12:00:00", "end_date_": "2021/1/30  15:00:00", "release_flag_": 1}, {"item_id_": 144, "name_id_": 144, "detail_id_": 6, "num_limit_": 999, "icon_asset_name_": "Cmn_icnTicketGasha144", "item_disable_flag_": 0, "show_flag_": 1, "begin_date_": "2021/1/1  0:00:00", "end_date_": "2021/1/10  15:00:00", "release_flag_": 1}, {"item_id_": 145, "name_id_": 145, "detail_id_": 6, "num_limit_": 999, "icon_asset_name_": "Cmn_icnTicketGasha145", "item_disable_flag_": 0, "show_flag_": 1, "begin_date_": "2021/1/20  12:00:00", "end_date_": "2021/2/8  15:00:00", "release_flag_": 1}, {"item_id_": 146, "name_id_": 146, "detail_id_": 6, "num_limit_": 999, "icon_asset_name_": "Cmn_icnTicketGasha146", "item_disable_flag_": 0, "show_flag_": 1, "begin_date_": "2021/1/20  12:00:00", "end_date_": "2021/2/23  15:00:00", "release_flag_": 1}, {"item_id_": 147, "name_id_": 147, "detail_id_": 6, "num_limit_": 999, "icon_asset_name_": "Cmn_icnTicketGasha147", "item_disable_flag_": 0, "show_flag_": 1, "begin_date_": "2021/1/31  15:00:00", "end_date_": "2021/3/4  15:00:00", "release_flag_": 1}, {"item_id_": 148, "name_id_": 148, "detail_id_": 6, "num_limit_": 999, "icon_asset_name_": "Cmn_icnTicketGasha148", "item_disable_flag_": 0, "show_flag_": 1, "begin_date_": "2021/2/17  12:00:00", "end_date_": "2021/3/7  15:00:00", "release_flag_": 1}, {"item_id_": 149, "name_id_": 149, "detail_id_": 149, "num_limit_": 999, "icon_asset_name_": "Cmn_icnTicketGasha149", "item_disable_flag_": 0, "show_flag_": 1, "begin_date_": "2021/1/31  15:00:00", "end_date_": "2021/3/27  15:00:00", "release_flag_": 1}, {"item_id_": 150, "name_id_": 150, "detail_id_": 6, "num_limit_": 999, "icon_asset_name_": "Cmn_icnTicketGasha150", "item_disable_flag_": 0, "show_flag_": 1, "begin_date_": "2021/2/10  12:00:00", "end_date_": "2030/1/1  0:00:00", "release_flag_": 1}, {"item_id_": 151, "name_id_": 151, "detail_id_": 6, "num_limit_": 999, "icon_asset_name_": "Cmn_icnTicketGasha151", "item_disable_flag_": 0, "show_flag_": 1, "begin_date_": "2021/2/24  12:00:00", "end_date_": "2021/4/13  15:00:00", "release_flag_": 1}, {"item_id_": 152, "name_id_": 152, "detail_id_": 6, "num_limit_": 20, "icon_asset_name_": "Cmn_icnTicketGasha152", "item_disable_flag_": 0, "show_flag_": 1, "begin_date_": "2021/2/24  12:00:00", "end_date_": "2030/1/1  0:00:00", "release_flag_": 1}, {"item_id_": 153, "name_id_": 153, "detail_id_": 6, "num_limit_": 999, "icon_asset_name_": "Cmn_icnTicketGasha153", "item_disable_flag_": 0, "show_flag_": 1, "begin_date_": "2021/2/28  15:00:00", "end_date_": "2021/4/1  15:00:00", "release_flag_": 1}, {"item_id_": 154, "name_id_": 154, "detail_id_": 154, "num_limit_": 999, "icon_asset_name_": "Cmn_icnTicketGasha154", "item_disable_flag_": 0, "show_flag_": 1, "begin_date_": "2021/2/28  15:00:00", "end_date_": "2021/4/24  15:00:00", "release_flag_": 1}, {"item_id_": 155, "name_id_": 155, "detail_id_": 6, "num_limit_": 999, "icon_asset_name_": "Cmn_icnTicketGasha155", "item_disable_flag_": 0, "show_flag_": 1, "begin_date_": "2021/3/17  12:00:00", "end_date_": "2021/4/4  15:00:00", "release_flag_": 1}, {"item_id_": 156, "name_id_": 156, "detail_id_": 6, "num_limit_": 999, "icon_asset_name_": "Cmn_icnTicketGasha156", "item_disable_flag_": 0, "show_flag_": 1, "begin_date_": "2021/3/31  15:00:00", "end_date_": "2021/5/3  15:00:00", "release_flag_": 1}, {"item_id_": 157, "name_id_": 157, "detail_id_": 6, "num_limit_": 999, "icon_asset_name_": "Cmn_icnTicketGasha157", "item_disable_flag_": 0, "show_flag_": 1, "begin_date_": "2021/4/14  12:00:00", "end_date_": "2021/5/28  15:00:00", "release_flag_": 1}, {"item_id_": 158, "name_id_": 158, "detail_id_": 158, "num_limit_": 999, "icon_asset_name_": "Cmn_icnTicketGasha158", "item_disable_flag_": 0, "show_flag_": 1, "begin_date_": "2021/3/31  15:00:00", "end_date_": "2021/5/28  15:00:00", "release_flag_": 1}, {"item_id_": 159, "name_id_": 159, "detail_id_": 6, "num_limit_": 999, "icon_asset_name_": "Cmn_icnTicketGasha159", "item_disable_flag_": 0, "show_flag_": 1, "begin_date_": "2021/4/30  15:00:00", "end_date_": "2021/6/1  15:00:00", "release_flag_": 1}, {"item_id_": 160, "name_id_": 160, "detail_id_": 6, "num_limit_": 999, "icon_asset_name_": "Cmn_icnTicketGasha160", "item_disable_flag_": 0, "show_flag_": 1, "begin_date_": "2021/4/28  12:00:00", "end_date_": "2021/11/3  15:00:00", "release_flag_": 1}, {"item_id_": 161, "name_id_": 161, "detail_id_": 6, "num_limit_": 999, "icon_asset_name_": "Cmn_icnTicketGasha161", "item_disable_flag_": 0, "show_flag_": 1, "begin_date_": "2021/5/30  12:00:00", "end_date_": "2021/7/19  15:00:00", "release_flag_": 1}, {"item_id_": 162, "name_id_": 162, "detail_id_": 6, "num_limit_": 999, "icon_asset_name_": "Cmn_icnTicketGasha162", "item_disable_flag_": 0, "show_flag_": 1, "begin_date_": "2021/5/30  12:00:00", "end_date_": "2021/7/19  15:00:00", "release_flag_": 1}, {"item_id_": 163, "name_id_": 163, "detail_id_": 6, "num_limit_": 999, "icon_asset_name_": "Cmn_icnTicketGasha163", "item_disable_flag_": 0, "show_flag_": 1, "begin_date_": "2021/5/30  12:00:00", "end_date_": "2021/7/19  15:00:00", "release_flag_": 1}, {"item_id_": 164, "name_id_": 164, "detail_id_": 6, "num_limit_": 999, "icon_asset_name_": "Cmn_icnTicketGasha164", "item_disable_flag_": 0, "show_flag_": 1, "begin_date_": "2021/5/30  12:00:00", "end_date_": "2021/7/19  15:00:00", "release_flag_": 1}, {"item_id_": 165, "name_id_": 165, "detail_id_": 6, "num_limit_": 999, "icon_asset_name_": "Cmn_icnTicketGasha165", "item_disable_flag_": 0, "show_flag_": 1, "begin_date_": "2021/5/30  12:00:00", "end_date_": "2021/7/22  15:00:00", "release_flag_": 1}, {"item_id_": 166, "name_id_": 166, "detail_id_": 6, "num_limit_": 999, "icon_asset_name_": "Cmn_icnTicketGasha166", "item_disable_flag_": 0, "show_flag_": 1, "begin_date_": "2021/6/25  15:00:00", "end_date_": "2021/8/8  15:00:00", "release_flag_": 1}, {"item_id_": 167, "name_id_": 167, "detail_id_": 6, "num_limit_": 999, "icon_asset_name_": "Cmn_icnTicketGasha167", "item_disable_flag_": 0, "show_flag_": 1, "begin_date_": "2021/6/25  15:00:00", "end_date_": "2021/8/8  15:00:00", "release_flag_": 1}, {"item_id_": 168, "name_id_": 168, "detail_id_": 6, "num_limit_": 999, "icon_asset_name_": "Cmn_icnTicketGasha168", "item_disable_flag_": 0, "show_flag_": 1, "begin_date_": "2021/7/14  12:00:00", "end_date_": "2021/7/28  15:00:00", "release_flag_": 1}, {"item_id_": 169, "name_id_": 169, "detail_id_": 6, "num_limit_": 999, "icon_asset_name_": "Cmn_icnTicketGasha169", "item_disable_flag_": 0, "show_flag_": 1, "begin_date_": "2021/7/14  12:00:00", "end_date_": "2021/8/31  15:00:00", "release_flag_": 1}, {"item_id_": 170, "name_id_": 170, "detail_id_": 6, "num_limit_": 999, "icon_asset_name_": "Cmn_icnTicketGasha170", "item_disable_flag_": 0, "show_flag_": 1, "begin_date_": "2021/7/21  12:00:00", "end_date_": "2021/7/31  15:00:00", "release_flag_": 1}, {"item_id_": 171, "name_id_": 171, "detail_id_": 6, "num_limit_": 999, "icon_asset_name_": "Cmn_icnTicketGasha171", "item_disable_flag_": 0, "show_flag_": 1, "begin_date_": "2021/7/31  15:00:00", "end_date_": "2021/9/1  15:00:00", "release_flag_": 1}, {"item_id_": 172, "name_id_": 172, "detail_id_": 172, "num_limit_": 999, "icon_asset_name_": "Cmn_icnTicketGasha172", "item_disable_flag_": 0, "show_flag_": 1, "begin_date_": "2021/7/31  15:00:00", "end_date_": "2021/9/29  15:00:00", "release_flag_": 1}, {"item_id_": 173, "name_id_": 173, "detail_id_": 6, "num_limit_": 999, "icon_asset_name_": "Cmn_icnTicketGasha173", "item_disable_flag_": 0, "show_flag_": 1, "begin_date_": "2021/8/18  12:00:00", "end_date_": "2021/9/29  15:00:00", "release_flag_": 1}, {"item_id_": 174, "name_id_": 174, "detail_id_": 6, "num_limit_": 999, "icon_asset_name_": "Cmn_icnTicketGasha174", "item_disable_flag_": 0, "show_flag_": 1, "begin_date_": "2021/9/1  12:00:00", "end_date_": "2021/10/2  15:00:00", "release_flag_": 1}, {"item_id_": 175, "name_id_": 175, "detail_id_": 175, "num_limit_": 999, "icon_asset_name_": "Cmn_icnTicketGasha175", "item_disable_flag_": 0, "show_flag_": 1, "begin_date_": "2021/9/1  15:00:00", "end_date_": "2021/11/3  15:00:00", "release_flag_": 1}, {"item_id_": 176, "name_id_": 176, "detail_id_": 6, "num_limit_": 999, "icon_asset_name_": "Cmn_icnTicketGasha176", "item_disable_flag_": 0, "show_flag_": 1, "begin_date_": "2021/9/15  12:00:00", "end_date_": "2021/11/3  15:00:00", "release_flag_": 1}, {"item_id_": 177, "name_id_": 177, "detail_id_": 6, "num_limit_": 999, "icon_asset_name_": "Cmn_icnTicketGasha177", "item_disable_flag_": 0, "show_flag_": 1, "begin_date_": "2021/9/30  15:00:00", "end_date_": "2021/11/1  15:00:00", "release_flag_": 1}, {"item_id_": 178, "name_id_": 178, "detail_id_": 6, "num_limit_": 999, "icon_asset_name_": "Cmn_icnTicketGasha178", "item_disable_flag_": 0, "show_flag_": 1, "begin_date_": "2021/10/13  12:00:00", "end_date_": "2021/12/1  15:00:00", "release_flag_": 1}, {"item_id_": 179, "name_id_": 179, "detail_id_": 6, "num_limit_": 999, "icon_asset_name_": "Cmn_icnTicketGasha179", "item_disable_flag_": 0, "show_flag_": 1, "begin_date_": "2021/10/13  12:00:00", "end_date_": "2021/12/1  15:00:00", "release_flag_": 1}, {"item_id_": 180, "name_id_": 180, "detail_id_": 6, "num_limit_": 1, "icon_asset_name_": "Cmn_icnTicketGasha180", "item_disable_flag_": 0, "show_flag_": 1, "begin_date_": "2021/10/20  12:00:00", "end_date_": "2022/5/4  15:00:00", "release_flag_": 1}, {"item_id_": 181, "name_id_": 181, "detail_id_": 6, "num_limit_": 999, "icon_asset_name_": "Cmn_icnTicketGasha181", "item_disable_flag_": 0, "show_flag_": 1, "begin_date_": "2021/10/31  15:00:00", "end_date_": "2021/12/2  15:00:00", "release_flag_": 1}, {"item_id_": 183, "name_id_": 183, "detail_id_": 6, "num_limit_": 999, "icon_asset_name_": "Cmn_icnTicketGasha183", "item_disable_flag_": 0, "show_flag_": 1, "begin_date_": "2021/11/24  12:00:00", "end_date_": "2022/1/26  15:00:00", "release_flag_": 1}, {"item_id_": 185, "name_id_": 185, "detail_id_": 6, "num_limit_": 999, "icon_asset_name_": "Cmn_icnTicketGasha185", "item_disable_flag_": 0, "show_flag_": 1, "begin_date_": "2021/11/24  12:00:00", "end_date_": "2022/1/26  15:00:00", "release_flag_": 1}, {"item_id_": 186, "name_id_": 186, "detail_id_": 6, "num_limit_": 99999, "icon_asset_name_": "Cmn_icnTicketGasha186", "item_disable_flag_": 0, "show_flag_": 1, "begin_date_": "2021/11/24  12:00:00", "end_date_": "2022/1/18  15:00:00", "release_flag_": 1}, {"item_id_": 187, "name_id_": 187, "detail_id_": 6, "num_limit_": 999, "icon_asset_name_": "Cmn_icnTicketGasha187", "item_disable_flag_": 0, "show_flag_": 1, "begin_date_": "2022/1/1  0:00:00", "end_date_": "2022/1/10  15:00:00", "release_flag_": 1}, {"item_id_": 188, "name_id_": 188, "detail_id_": 6, "num_limit_": 999, "icon_asset_name_": "Cmn_icnTicketGasha188", "item_disable_flag_": 0, "show_flag_": 1, "begin_date_": "2022/1/1  0:00:00", "end_date_": "2022/1/10  15:00:00", "release_flag_": 1}, {"item_id_": 189, "name_id_": 189, "detail_id_": 6, "num_limit_": 999, "icon_asset_name_": "Cmn_icnTicketGasha189", "item_disable_flag_": 0, "show_flag_": 1, "begin_date_": "2022/1/19  12:00:00", "end_date_": "2022/2/9  15:00:00", "release_flag_": 1}, {"item_id_": 190, "name_id_": 190, "detail_id_": 6, "num_limit_": 999, "icon_asset_name_": "Cmn_icnTicketGasha190", "item_disable_flag_": 0, "show_flag_": 1, "begin_date_": "2022/1/19  12:00:00", "end_date_": "2022/2/9  15:00:00", "release_flag_": 1}, {"item_id_": 192, "name_id_": 192, "detail_id_": 6, "num_limit_": 999, "icon_asset_name_": "Cmn_icnTicketGasha192", "item_disable_flag_": 0, "show_flag_": 1, "begin_date_": "2022/2/2  12:00:00", "end_date_": "2022/3/3  15:00:00", "release_flag_": 1}, {"item_id_": 193, "name_id_": 193, "detail_id_": 6, "num_limit_": 999, "icon_asset_name_": "Cmn_icnTicketGasha193", "item_disable_flag_": 0, "show_flag_": 1, "begin_date_": "2022/1/31  15:00:00", "end_date_": "2022/3/17  15:00:00", "release_flag_": 1}, {"item_id_": 194, "name_id_": 194, "detail_id_": 6, "num_limit_": 999, "icon_asset_name_": "Cmn_icnTicketGasha194", "item_disable_flag_": 0, "show_flag_": 1, "begin_date_": "2022/2/23  12:00:00", "end_date_": "2022/3/16  15:00:00", "release_flag_": 1}, {"item_id_": 195, "name_id_": 195, "detail_id_": 6, "num_limit_": 999, "icon_asset_name_": "Cmn_icnTicketGasha195", "item_disable_flag_": 0, "show_flag_": 1, "begin_date_": "2022/2/23  12:00:00", "end_date_": "2022/3/16  15:00:00", "release_flag_": 1}, {"item_id_": 197, "name_id_": 197, "detail_id_": 6, "num_limit_": 999, "icon_asset_name_": "Cmn_icnTicketGasha197", "item_disable_flag_": 0, "show_flag_": 1, "begin_date_": "2022/3/9  15:00:00", "end_date_": "2022/4/13  15:00:00", "release_flag_": 1}, {"item_id_": 198, "name_id_": 198, "detail_id_": 6, "num_limit_": 999, "icon_asset_name_": "Cmn_icnTicketGasha198", "item_disable_flag_": 0, "show_flag_": 1, "begin_date_": "2022/3/31  15:00:00", "end_date_": "2022/5/15  15:00:00", "release_flag_": 1}, {"item_id_": 200, "name_id_": 200, "detail_id_": 6, "num_limit_": 999, "icon_asset_name_": "Cmn_icnTicketGasha200", "item_disable_flag_": 0, "show_flag_": 1, "begin_date_": "2022/4/20  12:00:00", "end_date_": "2022/5/18  15:00:00", "release_flag_": 1}, {"item_id_": 201, "name_id_": 201, "detail_id_": 6, "num_limit_": 999, "icon_asset_name_": "Cmn_icnTicketGasha201", "item_disable_flag_": 0, "show_flag_": 1, "begin_date_": "2022/5/11  15:00:00", "end_date_": "2022/6/6  15:00:00", "release_flag_": 1}, {"item_id_": 202, "name_id_": 202, "detail_id_": 6, "num_limit_": 1, "icon_asset_name_": "Cmn_icnTicketGasha202", "item_disable_flag_": 0, "show_flag_": 1, "begin_date_": "2022/4/27  12:00:00", "end_date_": "2022/11/2  15:00:00", "release_flag_": 1}, {"item_id_": 203, "name_id_": 203, "detail_id_": 6, "num_limit_": 10, "icon_asset_name_": "Cmn_icnTicketGasha203", "item_disable_flag_": 0, "show_flag_": 1, "begin_date_": "2022/4/27  12:00:00", "end_date_": "2022/6/14  15:00:00", "release_flag_": 1}, {"item_id_": 204, "name_id_": 80, "detail_id_": 6, "num_limit_": 99, "icon_asset_name_": "Cmn_icnTicketGasha24", "item_disable_flag_": 0, "show_flag_": 1, "begin_date_": "2022/5/9  12:00:00", "end_date_": "2022/5/18  15:00:00", "release_flag_": 1}, {"item_id_": 205, "name_id_": 205, "detail_id_": 6, "num_limit_": 999, "icon_asset_name_": "Cmn_icnTicketGasha205", "item_disable_flag_": 0, "show_flag_": 1, "begin_date_": "2022/5/18  12:00:00", "end_date_": "2030/1/1  0:00:00", "release_flag_": 1}, {"item_id_": 206, "name_id_": 206, "detail_id_": 6, "num_limit_": 999, "icon_asset_name_": "Cmn_icnTicketGasha206", "item_disable_flag_": 0, "show_flag_": 1, "begin_date_": "2022/5/28  12:00:00", "end_date_": "2022/8/3  15:00:00", "release_flag_": 1}, {"item_id_": 207, "name_id_": 207, "detail_id_": 6, "num_limit_": 999, "icon_asset_name_": "Cmn_icnTicketGasha207", "item_disable_flag_": 0, "show_flag_": 1, "begin_date_": "2022/5/28  12:00:00", "end_date_": "2022/6/22  15:00:00", "release_flag_": 1}, {"item_id_": 208, "name_id_": 208, "detail_id_": 6, "num_limit_": 999, "icon_asset_name_": "Cmn_icnTicketGasha208", "item_disable_flag_": 0, "show_flag_": 1, "begin_date_": "2022/6/15  12:00:00", "end_date_": "2022/7/28  15:00:00", "release_flag_": 1}, {"item_id_": 209, "name_id_": 209, "detail_id_": 6, "num_limit_": 99, "icon_asset_name_": "Cmn_icnTicketGasha209", "item_disable_flag_": 0, "show_flag_": 1, "begin_date_": "2022/5/28  12:00:00", "end_date_": "2022/8/3  15:00:00", "release_flag_": 1}, {"item_id_": 210, "name_id_": 210, "detail_id_": 6, "num_limit_": 999, "icon_asset_name_": "Cmn_icnTicketGasha210", "item_disable_flag_": 0, "show_flag_": 1, "begin_date_": "2022/5/28  12:00:00", "end_date_": "2022/8/7  15:00:00", "release_flag_": 1}, {"item_id_": 211, "name_id_": 211, "detail_id_": 6, "num_limit_": 999, "icon_asset_name_": "Cmn_icnTicketGasha211", "item_disable_flag_": 0, "show_flag_": 1, "begin_date_": "2022/5/28  12:00:00", "end_date_": "2022/7/27  15:00:00", "release_flag_": 1}, {"item_id_": 212, "name_id_": 212, "detail_id_": 6, "num_limit_": 999, "icon_asset_name_": "Cmn_icnTicketGasha212", "item_disable_flag_": 0, "show_flag_": 1, "begin_date_": "2022/5/28  12:00:00", "end_date_": "2022/7/27  15:00:00", "release_flag_": 1}, {"item_id_": 213, "name_id_": 213, "detail_id_": 6, "num_limit_": 99, "icon_asset_name_": "Cmn_icnTicketGasha213", "item_disable_flag_": 0, "show_flag_": 1, "begin_date_": "2022/6/22  15:00:00", "end_date_": "2022/7/19  15:00:00", "release_flag_": 1}, {"item_id_": 214, "name_id_": 214, "detail_id_": 6, "num_limit_": 999, "icon_asset_name_": "Cmn_icnTicketGasha214", "item_disable_flag_": 0, "show_flag_": 1, "begin_date_": "2022/6/22  12:00:00", "end_date_": "2022/7/13  15:00:00", "release_flag_": 1}, {"item_id_": 215, "name_id_": 215, "detail_id_": 6, "num_limit_": 999, "icon_asset_name_": "Cmn_icnTicketGasha215", "item_disable_flag_": 0, "show_flag_": 1, "begin_date_": "2022/7/6  12:00:00", "end_date_": "2022/7/28  15:00:00", "release_flag_": 1}, {"item_id_": 216, "name_id_": 216, "detail_id_": 6, "num_limit_": 999, "icon_asset_name_": "Cmn_icnTicketGasha216", "item_disable_flag_": 0, "show_flag_": 1, "begin_date_": "2022/6/22  12:00:00", "end_date_": "2022/7/30  15:00:00", "release_flag_": 1}, {"item_id_": 217, "name_id_": 217, "detail_id_": 6, "num_limit_": 999, "icon_asset_name_": "Cmn_icnTicketGasha217", "item_disable_flag_": 0, "show_flag_": 1, "begin_date_": "2022/7/27  12:00:00", "end_date_": "2022/9/14  15:00:00", "release_flag_": 1}, {"item_id_": 218, "name_id_": 218, "detail_id_": 6, "num_limit_": 999, "icon_asset_name_": "Cmn_icnTicketGasha218", "item_disable_flag_": 0, "show_flag_": 1, "begin_date_": "2022/7/27  12:00:00", "end_date_": "2022/8/10  15:00:00", "release_flag_": 1}, {"item_id_": 219, "name_id_": 219, "detail_id_": 6, "num_limit_": 999, "icon_asset_name_": "Cmn_icnTicketGasha219", "item_disable_flag_": 0, "show_flag_": 1, "begin_date_": "2022/7/31  15:00:00", "end_date_": "2022/9/14  15:00:00", "release_flag_": 1}, {"item_id_": 220, "name_id_": 220, "detail_id_": 6, "num_limit_": 10, "icon_asset_name_": "Cmn_icnTicketGasha220", "item_disable_flag_": 0, "show_flag_": 1, "begin_date_": "2022/8/19  15:00:00", "end_date_": "2022/9/14  15:00:00", "release_flag_": 1}, {"item_id_": 221, "name_id_": 221, "detail_id_": 6, "num_limit_": 999, "icon_asset_name_": "Cmn_icnTicketGasha221", "item_disable_flag_": 0, "show_flag_": 1, "begin_date_": "2022/8/17  12:00:00", "end_date_": "2022/9/14  15:00:00", "release_flag_": 1}, {"item_id_": 222, "name_id_": 222, "detail_id_": 6, "num_limit_": 999, "icon_asset_name_": "Cmn_icnTicketGasha222", "item_disable_flag_": 0, "show_flag_": 1, "begin_date_": "2022/9/7  12:00:00", "end_date_": "2022/9/28  15:00:00", "release_flag_": 1}, {"item_id_": 223, "name_id_": 223, "detail_id_": 6, "num_limit_": 999, "icon_asset_name_": "Cmn_icnTicketGasha223", "item_disable_flag_": 0, "show_flag_": 1, "begin_date_": "2022/8/31  12:00:00", "end_date_": "2022/10/26  15:00:00", "release_flag_": 1}, {"item_id_": 224, "name_id_": 224, "detail_id_": 6, "num_limit_": 999, "icon_asset_name_": "Cmn_icnTicketGasha224", "item_disable_flag_": 0, "show_flag_": 1, "begin_date_": "2022/9/14  12:00:00", "end_date_": "2022/10/12  15:00:00", "release_flag_": 1}, {"item_id_": 225, "name_id_": 225, "detail_id_": 6, "num_limit_": 999, "icon_asset_name_": "Cmn_icnTicketGasha225", "item_disable_flag_": 0, "show_flag_": 1, "begin_date_": "2022/10/5  12:00:00", "end_date_": "2022/10/28  15:00:00", "release_flag_": 1}, {"item_id_": 227, "name_id_": 227, "detail_id_": 6, "num_limit_": 999, "icon_asset_name_": "Cmn_icnTicketGasha227", "item_disable_flag_": 0, "show_flag_": 1, "begin_date_": "2022/9/21  12:00:00", "end_date_": "2022/10/26  15:00:00", "release_flag_": 1}, {"item_id_": 228, "name_id_": 228, "detail_id_": 6, "num_limit_": 999, "icon_asset_name_": "Cmn_icnTicketGasha228", "item_disable_flag_": 0, "show_flag_": 1, "begin_date_": "2022/10/19  12:00:00", "end_date_": "2022/11/9  15:00:00", "release_flag_": 1}, {"item_id_": 229, "name_id_": 229, "detail_id_": 6, "num_limit_": 999, "icon_asset_name_": "Cmn_icnTicketGasha229", "item_disable_flag_": 0, "show_flag_": 1, "begin_date_": "2022/11/2  12:00:00", "end_date_": "2022/12/14  15:00:00", "release_flag_": 1}, {"item_id_": 230, "name_id_": 230, "detail_id_": 6, "num_limit_": 999, "icon_asset_name_": "Cmn_icnTicketGasha230", "item_disable_flag_": 0, "show_flag_": 1, "begin_date_": "2022/10/19  12:00:00", "end_date_": "2022/12/2  15:00:00", "release_flag_": 1}, {"item_id_": 231, "name_id_": 231, "detail_id_": 6, "num_limit_": 999, "icon_asset_name_": "Cmn_icnTicketGasha231", "item_disable_flag_": 0, "show_flag_": 1, "begin_date_": "2022/10/19  12:00:00", "end_date_": "2022/12/2  15:00:00", "release_flag_": 1}, {"item_id_": 232, "name_id_": 232, "detail_id_": 6, "num_limit_": 1, "icon_asset_name_": "Cmn_icnTicketGasha232", "item_disable_flag_": 0, "show_flag_": 1, "begin_date_": "2022/10/26  12:00:00", "end_date_": "2030/1/1  0:00:00", "release_flag_": 1}, {"item_id_": 233, "name_id_": 233, "detail_id_": 6, "num_limit_": 1, "icon_asset_name_": "Cmn_icnTicketGasha233", "item_disable_flag_": 0, "show_flag_": 0, "begin_date_": "2022/11/16  12:00:00", "end_date_": "2030/1/1  0:00:00", "release_flag_": 1}, {"item_id_": 234, "name_id_": 234, "detail_id_": 6, "num_limit_": 999, "icon_asset_name_": "Cmn_icnTicketGasha210", "item_disable_flag_": 0, "show_flag_": 1, "begin_date_": "2022/11/25  12:00:00", "end_date_": "2023/1/25  15:00:00", "release_flag_": 1}, {"item_id_": 235, "name_id_": 235, "detail_id_": 6, "num_limit_": 999, "icon_asset_name_": "Cmn_icnTicketGasha235", "item_disable_flag_": 0, "show_flag_": 1, "begin_date_": "2022/11/25  12:00:00", "end_date_": "2023/1/25  15:00:00", "release_flag_": 1}, {"item_id_": 236, "name_id_": 236, "detail_id_": 6, "num_limit_": 999, "icon_asset_name_": "Cmn_icnTicketGasha236", "item_disable_flag_": 0, "show_flag_": 1, "begin_date_": "2022/11/25  12:00:00", "end_date_": "2023/2/1  15:00:00", "release_flag_": 1}, {"item_id_": 237, "name_id_": 237, "detail_id_": 6, "num_limit_": 999, "icon_asset_name_": "Cmn_icnTicketGasha237", "item_disable_flag_": 0, "show_flag_": 1, "begin_date_": "2022/11/25  12:00:00", "end_date_": "2023/1/26  15:00:00", "release_flag_": 1}, {"item_id_": 238, "name_id_": 238, "detail_id_": 6, "num_limit_": 999, "icon_asset_name_": "Cmn_icnTicketGasha238", "item_disable_flag_": 0, "show_flag_": 1, "begin_date_": "2022/12/14  12:00:00", "end_date_": "2023/1/26  15:00:00", "release_flag_": 1}, {"item_id_": 239, "name_id_": 239, "detail_id_": 6, "num_limit_": 999, "icon_asset_name_": "Cmn_icnTicketGasha239", "item_disable_flag_": 0, "show_flag_": 1, "begin_date_": "2023/1/1  0:00:00", "end_date_": "2023/1/10  15:00:00", "release_flag_": 1}, {"item_id_": 240, "name_id_": 240, "detail_id_": 6, "num_limit_": 999, "icon_asset_name_": "Cmn_icnTicketGasha240", "item_disable_flag_": 0, "show_flag_": 1, "begin_date_": "2023/1/1  0:00:00", "end_date_": "2023/1/10  15:00:00", "release_flag_": 1}, {"item_id_": 241, "name_id_": 241, "detail_id_": 6, "num_limit_": 999, "icon_asset_name_": "Cmn_icnTicketGasha241", "item_disable_flag_": 0, "show_flag_": 1, "begin_date_": "2023/1/18  12:00:00", "end_date_": "2023/2/15  15:00:00", "release_flag_": 1}, {"item_id_": 242, "name_id_": 242, "detail_id_": 6, "num_limit_": 999, "icon_asset_name_": "Cmn_icnTicketGasha242", "item_disable_flag_": 0, "show_flag_": 1, "begin_date_": "2023/2/8  12:00:00", "end_date_": "2023/3/2  15:00:00", "release_flag_": 1}, {"item_id_": 243, "name_id_": 243, "detail_id_": 6, "num_limit_": 999, "icon_asset_name_": "Cmn_icnTicketGasha243", "item_disable_flag_": 0, "show_flag_": 1, "begin_date_": "2023/2/15  12:00:00", "end_date_": "2023/3/15  15:00:00", "release_flag_": 1}, {"item_id_": 244, "name_id_": 244, "detail_id_": 6, "num_limit_": 999, "icon_asset_name_": "Cmn_icnTicketGasha244", "item_disable_flag_": 0, "show_flag_": 1, "begin_date_": "2023/3/8  12:00:00", "end_date_": "2023/3/30  15:00:00", "release_flag_": 1}, {"item_id_": 245, "name_id_": 245, "detail_id_": 6, "num_limit_": 999, "icon_asset_name_": "Cmn_icnTicketGasha245", "item_disable_flag_": 0, "show_flag_": 1, "begin_date_": "2023/2/22  12:00:00", "end_date_": "2023/3/15  15:00:00", "release_flag_": 1}, {"item_id_": 246, "name_id_": 246, "detail_id_": 6, "num_limit_": 999, "icon_asset_name_": "Cmn_icnTicketGasha246", "item_disable_flag_": 0, "show_flag_": 1, "begin_date_": "2023/2/22  12:00:00", "end_date_": "2030/1/1  0:00:00", "release_flag_": 1}, {"item_id_": 247, "name_id_": 247, "detail_id_": 6, "num_limit_": 999, "icon_asset_name_": "Cmn_icnTicketGasha247", "item_disable_flag_": 0, "show_flag_": 1, "begin_date_": "2023/3/15  12:00:00", "end_date_": "2023/4/13  15:00:00", "release_flag_": 1}, {"item_id_": 248, "name_id_": 248, "detail_id_": 6, "num_limit_": 999, "icon_asset_name_": "Cmn_icnTicketGasha248", "item_disable_flag_": 0, "show_flag_": 1, "begin_date_": "2023/4/12  12:00:00", "end_date_": "2023/5/16  15:00:00", "release_flag_": 1}, {"item_id_": 249, "name_id_": 249, "detail_id_": 6, "num_limit_": 999, "icon_asset_name_": "Cmn_icnTicketGasha249", "item_disable_flag_": 0, "show_flag_": 1, "begin_date_": "2023/5/9  12:00:00", "end_date_": "2023/6/1  15:00:00", "release_flag_": 1}, {"item_id_": 250, "name_id_": 80, "detail_id_": 6, "num_limit_": 99, "icon_asset_name_": "Cmn_icnTicketGasha24", "item_disable_flag_": 0, "show_flag_": 1, "begin_date_": "2023/5/9  12:00:00", "end_date_": "2023/5/21  15:00:00", "release_flag_": 1}, {"item_id_": 251, "name_id_": 251, "detail_id_": 6, "num_limit_": 999, "icon_asset_name_": "Cmn_icnTicketGasha251", "item_disable_flag_": 0, "show_flag_": 1, "begin_date_": "2023/5/10  15:00:00", "end_date_": "2023/7/27  15:00:00", "release_flag_": 1}, {"item_id_": 252, "name_id_": 252, "detail_id_": 6, "num_limit_": 999, "icon_asset_name_": "Cmn_icnTicketGasha252", "item_disable_flag_": 0, "show_flag_": 1, "begin_date_": "2023/5/27  12:00:00", "end_date_": "2023/7/27  15:00:00", "release_flag_": 1}, {"item_id_": 253, "name_id_": 253, "detail_id_": 6, "num_limit_": 999, "icon_asset_name_": "Cmn_icnTicketGasha253", "item_disable_flag_": 0, "show_flag_": 1, "begin_date_": "2023/5/27  12:00:00", "end_date_": "2023/7/27  15:00:00", "release_flag_": 1}, {"item_id_": 254, "name_id_": 254, "detail_id_": 6, "num_limit_": 999, "icon_asset_name_": "Cmn_icnTicketGasha210", "item_disable_flag_": 0, "show_flag_": 1, "begin_date_": "2023/5/27  12:00:00", "end_date_": "2023/8/7  15:00:00", "release_flag_": 1}, {"item_id_": 255, "name_id_": 255, "detail_id_": 6, "num_limit_": 999, "icon_asset_name_": "Cmn_icnTicketGasha255", "item_disable_flag_": 0, "show_flag_": 1, "begin_date_": "2023/5/27  12:00:00", "end_date_": "2023/8/7  15:00:00", "release_flag_": 1}, {"item_id_": 256, "name_id_": 256, "detail_id_": 6, "num_limit_": 999, "icon_asset_name_": "Cmn_icnTicketGasha256", "item_disable_flag_": 0, "show_flag_": 1, "begin_date_": "2023/5/27  12:00:00", "end_date_": "2023/8/7  15:00:00", "release_flag_": 1}, {"item_id_": 257, "name_id_": 257, "detail_id_": 6, "num_limit_": 999, "icon_asset_name_": "Cmn_icnTicketGasha257", "item_disable_flag_": 0, "show_flag_": 1, "begin_date_": "2023/6/21  12:00:00", "end_date_": "2023/8/10  15:00:00", "release_flag_": 1}, {"item_id_": 258, "name_id_": 258, "detail_id_": 6, "num_limit_": 999, "icon_asset_name_": "Cmn_icnTicketGasha258", "item_disable_flag_": 0, "show_flag_": 1, "begin_date_": "2023/6/21  12:00:00", "end_date_": "2023/8/10  15:00:00", "release_flag_": 1}, {"item_id_": 259, "name_id_": 259, "detail_id_": 6, "num_limit_": 999, "icon_asset_name_": "Cmn_icnTicketGasha259", "item_disable_flag_": 0, "show_flag_": 1, "begin_date_": "2023/6/21  12:00:00", "end_date_": "2023/8/10  15:00:00", "release_flag_": 1}, {"item_id_": 260, "name_id_": 260, "detail_id_": 6, "num_limit_": 999, "icon_asset_name_": "Cmn_icnTicketGasha260", "item_disable_flag_": 0, "show_flag_": 1, "begin_date_": "2023/6/21  12:00:00", "end_date_": "2023/8/10  15:00:00", "release_flag_": 1}, {"item_id_": 261, "name_id_": 212, "detail_id_": 6, "num_limit_": 999, "icon_asset_name_": "Cmn_icnTicketGasha212", "item_disable_flag_": 0, "show_flag_": 1, "begin_date_": "2023/6/27  15:00:00", "end_date_": "2023/7/23  15:00:00", "release_flag_": 1}, {"item_id_": 1001, "name_id_": 1001, "detail_id_": 6, "num_limit_": 999, "icon_asset_name_": "Cmn_icnTicketGasha64", "item_disable_flag_": 0, "show_flag_": 1, "begin_date_": "2019/11/27  12:00:00", "end_date_": "2020/5/31  15:00:00", "release_flag_": 1}, {"item_id_": 1002, "name_id_": 1002, "detail_id_": 6, "num_limit_": 999, "icon_asset_name_": "Cmn_icnTicketGasha64", "item_disable_flag_": 0, "show_flag_": 1, "begin_date_": "2019/11/27  12:00:00", "end_date_": "2020/5/31  15:00:00", "release_flag_": 1}, {"item_id_": 1003, "name_id_": 1003, "detail_id_": 6, "num_limit_": 999, "icon_asset_name_": "Cmn_icnTicketGasha64", "item_disable_flag_": 0, "show_flag_": 1, "begin_date_": "2019/11/27  12:00:00", "end_date_": "2020/5/31  15:00:00", "release_flag_": 1}, {"item_id_": 1004, "name_id_": 1004, "detail_id_": 6, "num_limit_": 999, "icon_asset_name_": "Cmn_icnTicketGasha64", "item_disable_flag_": 0, "show_flag_": 1, "begin_date_": "2019/11/27  12:00:00", "end_date_": "2020/5/31  15:00:00", "release_flag_": 1}, {"item_id_": 1005, "name_id_": 1005, "detail_id_": 6, "num_limit_": 999, "icon_asset_name_": "Cmn_icnTicketGasha64", "item_disable_flag_": 0, "show_flag_": 1, "begin_date_": "2020/3/4  12:00:00", "end_date_": "2020/5/31  15:00:00", "release_flag_": 1}, {"item_id_": 2001, "name_id_": 2001, "detail_id_": 6, "num_limit_": 99999, "icon_asset_name_": "Cmn_icnTicketGasha2001", "item_disable_flag_": 0, "show_flag_": 1, "begin_date_": "2020/11/18  12:00:00", "end_date_": "2021/11/10  15:00:00", "release_flag_": 1}, {"item_id_": 2002, "name_id_": 2002, "detail_id_": 6, "num_limit_": 99999, "icon_asset_name_": "Cmn_icnTicketGasha2002", "item_disable_flag_": 0, "show_flag_": 1, "begin_date_": "2021/5/19  12:00:00", "end_date_": "2021/11/10  15:00:00", "release_flag_": 1}, {"item_id_": 2003, "name_id_": 2003, "detail_id_": 6, "num_limit_": 99999, "icon_asset_name_": "Cmn_icnTicketGasha2003", "item_disable_flag_": 0, "show_flag_": 1, "begin_date_": "2021/6/30  12:00:00", "end_date_": "2022/1/12  15:00:00", "release_flag_": 1}, {"item_id_": 3001, "name_id_": 3001, "detail_id_": 3001, "num_limit_": 9999, "icon_asset_name_": "Cmn_icnTicketGasha3001", "item_disable_flag_": 0, "show_flag_": 0, "begin_date_": "2021/5/30  12:00:00", "end_date_": "2021/7/15  15:00:00", "release_flag_": 1}, {"item_id_": 3002, "name_id_": 3001, "detail_id_": 3001, "num_limit_": 9999, "icon_asset_name_": "Cmn_icnTicketGasha3001", "item_disable_flag_": 0, "show_flag_": 0, "begin_date_": "2021/7/21  12:00:00", "end_date_": "2021/8/5  15:00:00", "release_flag_": 1}, {"item_id_": 3003, "name_id_": 3001, "detail_id_": 3001, "num_limit_": 9999, "icon_asset_name_": "Cmn_icnTicketGasha3001", "item_disable_flag_": 0, "show_flag_": 0, "begin_date_": "2021/8/25  12:00:00", "end_date_": "2021/9/13  15:00:00", "release_flag_": 1}, {"item_id_": 3004, "name_id_": 3001, "detail_id_": 3001, "num_limit_": 9999, "icon_asset_name_": "Cmn_icnTicketGasha3001", "item_disable_flag_": 0, "show_flag_": 0, "begin_date_": "2021/9/22  12:00:00", "end_date_": "2021/9/29  15:00:00", "release_flag_": 1}, {"item_id_": 3005, "name_id_": 3001, "detail_id_": 3001, "num_limit_": 9999, "icon_asset_name_": "Cmn_icnTicketGasha3001", "item_disable_flag_": 0, "show_flag_": 0, "begin_date_": "2021/10/6  12:00:00", "end_date_": "2021/10/22  15:00:00", "release_flag_": 1}, {"item_id_": 3006, "name_id_": 3001, "detail_id_": 3001, "num_limit_": 9999, "icon_asset_name_": "Cmn_icnTicketGasha3001", "item_disable_flag_": 0, "show_flag_": 0, "begin_date_": "2021/11/24  12:00:00", "end_date_": "2022/1/19  11:00:00", "release_flag_": 1}, {"item_id_": 3007, "name_id_": 3001, "detail_id_": 3001, "num_limit_": 9999, "icon_asset_name_": "Cmn_icnTicketGasha3001", "item_disable_flag_": 0, "show_flag_": 0, "begin_date_": "2022/2/16  15:00:00", "end_date_": "2022/3/7  15:00:00", "release_flag_": 1}, {"item_id_": 3008, "name_id_": 3001, "detail_id_": 3001, "num_limit_": 9999, "icon_asset_name_": "Cmn_icnTicketGasha3001", "item_disable_flag_": 0, "show_flag_": 0, "begin_date_": "2022/3/14  15:00:00", "end_date_": "2022/3/28  15:00:00", "release_flag_": 1}, {"item_id_": 3009, "name_id_": 3001, "detail_id_": 3001, "num_limit_": 9999, "icon_asset_name_": "Cmn_icnTicketGasha3001", "item_disable_flag_": 0, "show_flag_": 0, "begin_date_": "2022/4/22  15:00:00", "end_date_": "2022/5/13  15:00:00", "release_flag_": 1}, {"item_id_": 3010, "name_id_": 3001, "detail_id_": 3001, "num_limit_": 9999, "icon_asset_name_": "Cmn_icnTicketGasha3001", "item_disable_flag_": 0, "show_flag_": 0, "begin_date_": "2022/5/28  15:00:00", "end_date_": "2022/6/22  15:00:00", "release_flag_": 1}, {"item_id_": 3011, "name_id_": 3001, "detail_id_": 3001, "num_limit_": 9999, "icon_asset_name_": "Cmn_icnTicketGasha3001", "item_disable_flag_": 0, "show_flag_": 0, "begin_date_": "2022/6/22  15:00:00", "end_date_": "2022/7/13  15:00:00", "release_flag_": 1}, {"item_id_": 3012, "name_id_": 3001, "detail_id_": 3001, "num_limit_": 9999, "icon_asset_name_": "Cmn_icnTicketGasha3001", "item_disable_flag_": 0, "show_flag_": 0, "begin_date_": "2022/7/13  15:00:00", "end_date_": "2022/7/27  15:00:00", "release_flag_": 1}]