[{"item_id_": 0, "name_id_": 1, "detail_id_": 0, "num_limit_": 0, "value_": 1, "icon_asset_name_": "Cmn_icnTankEnergy1"}, {"item_id_": 1, "name_id_": 2, "detail_id_": 1, "num_limit_": 0, "value_": 2, "icon_asset_name_": "Cmn_icnTankEnergy2"}, {"item_id_": 2, "name_id_": 3, "detail_id_": 2, "num_limit_": 0, "value_": 3, "icon_asset_name_": "Cmn_icnTankEnergy3"}, {"item_id_": 4, "name_id_": 5, "detail_id_": 4, "num_limit_": 0, "value_": 5, "icon_asset_name_": "Cmn_icnTankEnergy5"}, {"item_id_": 9, "name_id_": 10, "detail_id_": 9, "num_limit_": 0, "value_": 10, "icon_asset_name_": "Cmn_icnTankEnergy10"}, {"item_id_": 30, "name_id_": 30, "detail_id_": 30, "num_limit_": 0, "value_": 30, "icon_asset_name_": "Cmn_icnTankEnergy30"}, {"item_id_": 50, "name_id_": 50, "detail_id_": 50, "num_limit_": 0, "value_": 50, "icon_asset_name_": "Cmn_icnTankEnergy50"}, {"item_id_": 100, "name_id_": 100, "detail_id_": 100, "num_limit_": 0, "value_": 100, "icon_asset_name_": "Cmn_icnTankEnergy100"}]