[{"item_id_": 10, "name_id_": 10, "detail_id_": 1, "num_limit_": 1, "icon_asset_name_": "Cmn_icnCharacterBg", "item_get_type_": 0, "item_disable_flag_": 0, "release_flag_": 1, "item_category_id_": 42}, {"item_id_": 11, "name_id_": 11, "detail_id_": 1, "num_limit_": 1, "icon_asset_name_": "Cmn_icnCharacterBg", "item_get_type_": 0, "item_disable_flag_": 0, "release_flag_": 1, "item_category_id_": 42}, {"item_id_": 20, "name_id_": 20, "detail_id_": 1, "num_limit_": 1, "icon_asset_name_": "Cmn_icnCharacterBg", "item_get_type_": 0, "item_disable_flag_": 0, "release_flag_": 1, "item_category_id_": 42}, {"item_id_": 21, "name_id_": 21, "detail_id_": 1, "num_limit_": 1, "icon_asset_name_": "Cmn_icnCharacterBg", "item_get_type_": 0, "item_disable_flag_": 0, "release_flag_": 1, "item_category_id_": 42}, {"item_id_": 30, "name_id_": 30, "detail_id_": 1, "num_limit_": 1, "icon_asset_name_": "Cmn_icnCharacterBg", "item_get_type_": 0, "item_disable_flag_": 0, "release_flag_": 1, "item_category_id_": 42}, {"item_id_": 40, "name_id_": 40, "detail_id_": 1, "num_limit_": 1, "icon_asset_name_": "Cmn_icnCharacterBg", "item_get_type_": 0, "item_disable_flag_": 0, "release_flag_": 1, "item_category_id_": 42}, {"item_id_": 50, "name_id_": 50, "detail_id_": 1, "num_limit_": 1, "icon_asset_name_": "Cmn_icnCharacterBg", "item_get_type_": 0, "item_disable_flag_": 0, "release_flag_": 1, "item_category_id_": 42}, {"item_id_": 60, "name_id_": 60, "detail_id_": 1, "num_limit_": 1, "icon_asset_name_": "Cmn_icnCharacterBg", "item_get_type_": 0, "item_disable_flag_": 0, "release_flag_": 1, "item_category_id_": 42}, {"item_id_": 70, "name_id_": 70, "detail_id_": 1, "num_limit_": 1, "icon_asset_name_": "Cmn_icnCharacterBg", "item_get_type_": 0, "item_disable_flag_": 0, "release_flag_": 1, "item_category_id_": 42}, {"item_id_": 80, "name_id_": 80, "detail_id_": 1, "num_limit_": 1, "icon_asset_name_": "Cmn_icnCharacterBg", "item_get_type_": 0, "item_disable_flag_": 0, "release_flag_": 1, "item_category_id_": 42}, {"item_id_": 90, "name_id_": 90, "detail_id_": 1, "num_limit_": 1, "icon_asset_name_": "Cmn_icnCharacterBg", "item_get_type_": 0, "item_disable_flag_": 0, "release_flag_": 1, "item_category_id_": 42}, {"item_id_": 100, "name_id_": 100, "detail_id_": 1, "num_limit_": 1, "icon_asset_name_": "Cmn_icnCharacterBg", "item_get_type_": 0, "item_disable_flag_": 0, "release_flag_": 1, "item_category_id_": 42}, {"item_id_": 110, "name_id_": 110, "detail_id_": 1, "num_limit_": 1, "icon_asset_name_": "Cmn_icnCharacterBg", "item_get_type_": 0, "item_disable_flag_": 0, "release_flag_": 1, "item_category_id_": 42}, {"item_id_": 120, "name_id_": 120, "detail_id_": 1, "num_limit_": 1, "icon_asset_name_": "Cmn_icnCharacterBg", "item_get_type_": 0, "item_disable_flag_": 0, "release_flag_": 1, "item_category_id_": 42}, {"item_id_": 130, "name_id_": 130, "detail_id_": 1, "num_limit_": 1, "icon_asset_name_": "Cmn_icnCharacterBg", "item_get_type_": 0, "item_disable_flag_": 0, "release_flag_": 1, "item_category_id_": 42}, {"item_id_": 140, "name_id_": 140, "detail_id_": 1, "num_limit_": 1, "icon_asset_name_": "Cmn_icnCharacterBg", "item_get_type_": 0, "item_disable_flag_": 0, "release_flag_": 1, "item_category_id_": 42}, {"item_id_": 150, "name_id_": 150, "detail_id_": 1, "num_limit_": 1, "icon_asset_name_": "Cmn_icnCharacterBg", "item_get_type_": 0, "item_disable_flag_": 0, "release_flag_": 1, "item_category_id_": 42}, {"item_id_": 160, "name_id_": 160, "detail_id_": 1, "num_limit_": 1, "icon_asset_name_": "Cmn_icnCharacterBg", "item_get_type_": 0, "item_disable_flag_": 0, "release_flag_": 1, "item_category_id_": 42}, {"item_id_": 170, "name_id_": 170, "detail_id_": 1, "num_limit_": 1, "icon_asset_name_": "Cmn_icnCharacterBg", "item_get_type_": 0, "item_disable_flag_": 0, "release_flag_": 1, "item_category_id_": 42}, {"item_id_": 180, "name_id_": 180, "detail_id_": 1, "num_limit_": 1, "icon_asset_name_": "Cmn_icnCharacterBg", "item_get_type_": 0, "item_disable_flag_": 0, "release_flag_": 1, "item_category_id_": 42}, {"item_id_": 1001, "name_id_": 1001, "detail_id_": 1, "num_limit_": 1, "icon_asset_name_": "Cmn_icnProfileFrame", "item_get_type_": 0, "item_disable_flag_": 0, "release_flag_": 1, "item_category_id_": 43}, {"item_id_": 1002, "name_id_": 1002, "detail_id_": 1, "num_limit_": 1, "icon_asset_name_": "Cmn_icnProfileFrame", "item_get_type_": 0, "item_disable_flag_": 0, "release_flag_": 1, "item_category_id_": 43}, {"item_id_": 1003, "name_id_": 1003, "detail_id_": 1, "num_limit_": 1, "icon_asset_name_": "Cmn_icnProfileFrame", "item_get_type_": 0, "item_disable_flag_": 0, "release_flag_": 1, "item_category_id_": 43}, {"item_id_": 1004, "name_id_": 1004, "detail_id_": 1, "num_limit_": 1, "icon_asset_name_": "Cmn_icnProfileFrame", "item_get_type_": 0, "item_disable_flag_": 0, "release_flag_": 1, "item_category_id_": 43}, {"item_id_": 1005, "name_id_": 1005, "detail_id_": 1, "num_limit_": 1, "icon_asset_name_": "Cmn_icnProfileFrame", "item_get_type_": 0, "item_disable_flag_": 0, "release_flag_": 1, "item_category_id_": 43}, {"item_id_": 1006, "name_id_": 1006, "detail_id_": 1, "num_limit_": 1, "icon_asset_name_": "Cmn_icnProfileFrame", "item_get_type_": 0, "item_disable_flag_": 0, "release_flag_": 1, "item_category_id_": 43}, {"item_id_": 1007, "name_id_": 1007, "detail_id_": 1, "num_limit_": 1, "icon_asset_name_": "Cmn_icnProfileFrame", "item_get_type_": 0, "item_disable_flag_": 0, "release_flag_": 1, "item_category_id_": 43}, {"item_id_": 1008, "name_id_": 1008, "detail_id_": 1, "num_limit_": 1, "icon_asset_name_": "Cmn_icnProfileFrame", "item_get_type_": 0, "item_disable_flag_": 0, "release_flag_": 1, "item_category_id_": 43}, {"item_id_": 1009, "name_id_": 1009, "detail_id_": 1, "num_limit_": 1, "icon_asset_name_": "Cmn_icnProfileFrame", "item_get_type_": 0, "item_disable_flag_": 0, "release_flag_": 1, "item_category_id_": 43}, {"item_id_": 1010, "name_id_": 1010, "detail_id_": 1, "num_limit_": 1, "icon_asset_name_": "Cmn_icnProfileFrame", "item_get_type_": 0, "item_disable_flag_": 0, "release_flag_": 1, "item_category_id_": 43}, {"item_id_": 1011, "name_id_": 1011, "detail_id_": 1, "num_limit_": 1, "icon_asset_name_": "Cmn_icnProfileFrame", "item_get_type_": 0, "item_disable_flag_": 0, "release_flag_": 1, "item_category_id_": 43}, {"item_id_": 1019, "name_id_": 1019, "detail_id_": 1019, "num_limit_": 1, "icon_asset_name_": "Cmn_icnProfileFrame", "item_get_type_": 0, "item_disable_flag_": 0, "release_flag_": 1, "item_category_id_": 43}, {"item_id_": 100001, "name_id_": 100001, "detail_id_": 1, "num_limit_": 1, "icon_asset_name_": "Cmn_icnProfileBg", "item_get_type_": 0, "item_disable_flag_": 0, "release_flag_": 1, "item_category_id_": 44}, {"item_id_": 100002, "name_id_": 100002, "detail_id_": 1, "num_limit_": 1, "icon_asset_name_": "Cmn_icnProfileBg", "item_get_type_": 0, "item_disable_flag_": 0, "release_flag_": 1, "item_category_id_": 44}, {"item_id_": 100003, "name_id_": 100003, "detail_id_": 1, "num_limit_": 1, "icon_asset_name_": "Cmn_icnProfileBg", "item_get_type_": 0, "item_disable_flag_": 0, "release_flag_": 1, "item_category_id_": 44}, {"item_id_": 100004, "name_id_": 100004, "detail_id_": 1, "num_limit_": 1, "icon_asset_name_": "Cmn_icnProfileBg", "item_get_type_": 0, "item_disable_flag_": 0, "release_flag_": 1, "item_category_id_": 44}, {"item_id_": 100005, "name_id_": 100005, "detail_id_": 1, "num_limit_": 1, "icon_asset_name_": "Cmn_icnProfileBg", "item_get_type_": 0, "item_disable_flag_": 0, "release_flag_": 1, "item_category_id_": 44}, {"item_id_": 100006, "name_id_": 100006, "detail_id_": 1, "num_limit_": 1, "icon_asset_name_": "Cmn_icnProfileBg", "item_get_type_": 0, "item_disable_flag_": 0, "release_flag_": 1, "item_category_id_": 44}, {"item_id_": 100007, "name_id_": 100007, "detail_id_": 1, "num_limit_": 1, "icon_asset_name_": "Cmn_icnProfileBg", "item_get_type_": 0, "item_disable_flag_": 0, "release_flag_": 1, "item_category_id_": 44}, {"item_id_": 100008, "name_id_": 100008, "detail_id_": 1, "num_limit_": 1, "icon_asset_name_": "Cmn_icnProfileBg", "item_get_type_": 0, "item_disable_flag_": 0, "release_flag_": 1, "item_category_id_": 44}, {"item_id_": 100009, "name_id_": 100009, "detail_id_": 1, "num_limit_": 1, "icon_asset_name_": "Cmn_icnProfileBg", "item_get_type_": 0, "item_disable_flag_": 0, "release_flag_": 1, "item_category_id_": 44}, {"item_id_": 100010, "name_id_": 100010, "detail_id_": 1, "num_limit_": 1, "icon_asset_name_": "Cmn_icnProfileBg", "item_get_type_": 0, "item_disable_flag_": 0, "release_flag_": 1, "item_category_id_": 44}, {"item_id_": 100011, "name_id_": 100011, "detail_id_": 1, "num_limit_": 1, "icon_asset_name_": "Cmn_icnProfileBg", "item_get_type_": 0, "item_disable_flag_": 0, "release_flag_": 1, "item_category_id_": 44}, {"item_id_": 100019, "name_id_": 100019, "detail_id_": 100019, "num_limit_": 1, "icon_asset_name_": "Cmn_icnProfileBg", "item_get_type_": 0, "item_disable_flag_": 0, "release_flag_": 1, "item_category_id_": 44}]