[{"item_id_": 0, "name_id_": 0, "detail_id_": 0, "num_limit_": 999, "icon_asset_name_": "Cmn_icoTicketOpen", "item_disable_flag_": 0, "release_flag_": 1}, {"item_id_": 1, "name_id_": 1, "detail_id_": 1, "num_limit_": 999, "icon_asset_name_": "Cmn_icnEquipPlus1", "item_disable_flag_": 0, "release_flag_": 1}, {"item_id_": 2, "name_id_": 2, "detail_id_": 2, "num_limit_": 30, "icon_asset_name_": "Cmn_icnPresetPlus", "item_disable_flag_": 0, "release_flag_": 1}, {"item_id_": 3, "name_id_": 3, "detail_id_": 3, "num_limit_": 999, "icon_asset_name_": "Cmn_icnRemove", "item_disable_flag_": 0, "release_flag_": 1}, {"item_id_": 4, "name_id_": 4, "detail_id_": 4, "num_limit_": 1, "icon_asset_name_": "Cmn_icoGuildTicket", "item_disable_flag_": 0, "release_flag_": 1}, {"item_id_": 5, "name_id_": 5, "detail_id_": 5, "num_limit_": 1000, "icon_asset_name_": "Cmn_icoTicketZOpen", "item_disable_flag_": 0, "release_flag_": 1}, {"item_id_": 7, "name_id_": 7, "detail_id_": 7, "num_limit_": 0, "icon_asset_name_": "Cmn_icnRatingPoint", "item_disable_flag_": 0, "release_flag_": 1}, {"item_id_": 8, "name_id_": 8, "detail_id_": 8, "num_limit_": 10, "icon_asset_name_": "Cmn_icnPvPRecoveryItem_00_", "item_disable_flag_": 0, "release_flag_": 1}, {"item_id_": 9, "name_id_": 9, "detail_id_": 9, "num_limit_": 100, "icon_asset_name_": "Cmn_icnTicketTimeBoostL", "item_disable_flag_": 0, "release_flag_": 1}, {"item_id_": 10, "name_id_": 10, "detail_id_": 10, "num_limit_": 0, "icon_asset_name_": "Cmn_icnOrPoint", "item_disable_flag_": 0, "release_flag_": 1}, {"item_id_": 1000, "name_id_": 1000, "detail_id_": 1000, "num_limit_": 1, "icon_asset_name_": "Cmn_ArtsCardSreeve", "item_disable_flag_": 0, "release_flag_": 1}, {"item_id_": 1001, "name_id_": 1001, "detail_id_": 1001, "num_limit_": 1, "icon_asset_name_": "Cmn_ArtsCardSreeve", "item_disable_flag_": 0, "release_flag_": 1}, {"item_id_": 1002, "name_id_": 1002, "detail_id_": 1002, "num_limit_": 1, "icon_asset_name_": "Cmn_ArtsCardSreeve", "item_disable_flag_": 0, "release_flag_": 1}, {"item_id_": 1003, "name_id_": 1003, "detail_id_": 1003, "num_limit_": 1, "icon_asset_name_": "Cmn_ArtsCardSreeve", "item_disable_flag_": 0, "release_flag_": 1}, {"item_id_": 1004, "name_id_": 1004, "detail_id_": 1004, "num_limit_": 1, "icon_asset_name_": "Cmn_ArtsCardSreeve", "item_disable_flag_": 0, "release_flag_": 1}, {"item_id_": 1005, "name_id_": 1005, "detail_id_": 1005, "num_limit_": 1, "icon_asset_name_": "Cmn_ArtsCardSreeve", "item_disable_flag_": 0, "release_flag_": 1}, {"item_id_": 1006, "name_id_": 1006, "detail_id_": 1006, "num_limit_": 1, "icon_asset_name_": "Cmn_ArtsCardSreeve", "item_disable_flag_": 0, "release_flag_": 1}, {"item_id_": 2007, "name_id_": 1007, "detail_id_": 1007, "num_limit_": 1, "icon_asset_name_": "Cmn_ArtsCardSreeve", "item_disable_flag_": 0, "release_flag_": 1}, {"item_id_": 2008, "name_id_": 1008, "detail_id_": 1008, "num_limit_": 1, "icon_asset_name_": "Cmn_ArtsCardSreeve", "item_disable_flag_": 0, "release_flag_": 1}, {"item_id_": 2009, "name_id_": 1009, "detail_id_": 1009, "num_limit_": 1, "icon_asset_name_": "Cmn_ArtsCardSreeve", "item_disable_flag_": 0, "release_flag_": 1}, {"item_id_": 2010, "name_id_": 1010, "detail_id_": 1010, "num_limit_": 1, "icon_asset_name_": "Cmn_ArtsCardSreeve", "item_disable_flag_": 0, "release_flag_": 1}, {"item_id_": 2011, "name_id_": 1011, "detail_id_": 1011, "num_limit_": 1, "icon_asset_name_": "Cmn_ArtsCardSreeve", "item_disable_flag_": 0, "release_flag_": 1}, {"item_id_": 2012, "name_id_": 1012, "detail_id_": 1012, "num_limit_": 1, "icon_asset_name_": "Cmn_ArtsCardSreeve", "item_disable_flag_": 0, "release_flag_": 1}, {"item_id_": 2013, "name_id_": 2013, "detail_id_": 2013, "num_limit_": 1, "icon_asset_name_": "Cmn_ArtsCardSreeve", "item_disable_flag_": 0, "release_flag_": 1}, {"item_id_": 3014, "name_id_": 2014, "detail_id_": 2014, "num_limit_": 1, "icon_asset_name_": "Cmn_ArtsCardSreeve", "item_disable_flag_": 0, "release_flag_": 1}, {"item_id_": 3015, "name_id_": 2015, "detail_id_": 2015, "num_limit_": 1, "icon_asset_name_": "Cmn_ArtsCardSreeve", "item_disable_flag_": 0, "release_flag_": 1}, {"item_id_": 3016, "name_id_": 2016, "detail_id_": 2016, "num_limit_": 1, "icon_asset_name_": "Cmn_ArtsCardSreeve", "item_disable_flag_": 0, "release_flag_": 1}, {"item_id_": 3017, "name_id_": 2017, "detail_id_": 2017, "num_limit_": 1, "icon_asset_name_": "Cmn_ArtsCardSreeve", "item_disable_flag_": 0, "release_flag_": 1}, {"item_id_": 3018, "name_id_": 2018, "detail_id_": 2018, "num_limit_": 1, "icon_asset_name_": "Cmn_ArtsCardSreeve", "item_disable_flag_": 0, "release_flag_": 1}, {"item_id_": 3019, "name_id_": 2019, "detail_id_": 2019, "num_limit_": 1, "icon_asset_name_": "Cmn_ArtsCardSreeve", "item_disable_flag_": 0, "release_flag_": 1}, {"item_id_": 3020, "name_id_": 2020, "detail_id_": 2020, "num_limit_": 1, "icon_asset_name_": "Cmn_ArtsCardSreeve", "item_disable_flag_": 0, "release_flag_": 1}, {"item_id_": 3021, "name_id_": 2021, "detail_id_": 2021, "num_limit_": 1, "icon_asset_name_": "Cmn_ArtsCardSreeve", "item_disable_flag_": 0, "release_flag_": 1}, {"item_id_": 3022, "name_id_": 2022, "detail_id_": 2022, "num_limit_": 1, "icon_asset_name_": "Cmn_ArtsCardSreeve", "item_disable_flag_": 0, "release_flag_": 1}, {"item_id_": 3023, "name_id_": 3023, "detail_id_": 3023, "num_limit_": 1, "icon_asset_name_": "Cmn_ArtsCardSreeve", "item_disable_flag_": 0, "release_flag_": 1}, {"item_id_": 3024, "name_id_": 3024, "detail_id_": 3024, "num_limit_": 1, "icon_asset_name_": "Cmn_ArtsCardSreeve", "item_disable_flag_": 0, "release_flag_": 1}, {"item_id_": 3025, "name_id_": 3025, "detail_id_": 3025, "num_limit_": 1, "icon_asset_name_": "Cmn_ArtsCardSreeve", "item_disable_flag_": 0, "release_flag_": 1}, {"item_id_": 3026, "name_id_": 3026, "detail_id_": 3026, "num_limit_": 1, "icon_asset_name_": "Cmn_ArtsCardSreeve", "item_disable_flag_": 0, "release_flag_": 1}, {"item_id_": 3027, "name_id_": 3027, "detail_id_": 3027, "num_limit_": 1, "icon_asset_name_": "Cmn_ArtsCardSreeve", "item_disable_flag_": 0, "release_flag_": 1}, {"item_id_": 3028, "name_id_": 3028, "detail_id_": 3028, "num_limit_": 1, "icon_asset_name_": "Cmn_ArtsCardSreeve", "item_disable_flag_": 0, "release_flag_": 1}, {"item_id_": 3029, "name_id_": 3029, "detail_id_": 3029, "num_limit_": 1, "icon_asset_name_": "Cmn_ArtsCardSreeve", "item_disable_flag_": 0, "release_flag_": 1}, {"item_id_": 3030, "name_id_": 3030, "detail_id_": 3030, "num_limit_": 1, "icon_asset_name_": "Cmn_ArtsCardSreeve", "item_disable_flag_": 0, "release_flag_": 1}, {"item_id_": 3031, "name_id_": 3031, "detail_id_": 3031, "num_limit_": 1, "icon_asset_name_": "Cmn_ArtsCardSreeve", "item_disable_flag_": 0, "release_flag_": 1}, {"item_id_": 3032, "name_id_": 3032, "detail_id_": 3032, "num_limit_": 1, "icon_asset_name_": "Cmn_ArtsCardSreeve", "item_disable_flag_": 0, "release_flag_": 1}, {"item_id_": 3033, "name_id_": 3033, "detail_id_": 3033, "num_limit_": 1, "icon_asset_name_": "Cmn_ArtsCardSreeve", "item_disable_flag_": 0, "release_flag_": 1}, {"item_id_": 3034, "name_id_": 3034, "detail_id_": 3034, "num_limit_": 1, "icon_asset_name_": "Cmn_ArtsCardSreeve", "item_disable_flag_": 0, "release_flag_": 1}, {"item_id_": 3035, "name_id_": 3035, "detail_id_": 3035, "num_limit_": 1, "icon_asset_name_": "Cmn_ArtsCardSreeve", "item_disable_flag_": 0, "release_flag_": 1}, {"item_id_": 3036, "name_id_": 3036, "detail_id_": 3036, "num_limit_": 1, "icon_asset_name_": "Cmn_ArtsCardSreeve", "item_disable_flag_": 0, "release_flag_": 1}, {"item_id_": 3037, "name_id_": 3037, "detail_id_": 3037, "num_limit_": 1, "icon_asset_name_": "Cmn_ArtsCardSreeve", "item_disable_flag_": 0, "release_flag_": 1}, {"item_id_": 3038, "name_id_": 3038, "detail_id_": 3038, "num_limit_": 1, "icon_asset_name_": "Cmn_ArtsCardSreeve", "item_disable_flag_": 0, "release_flag_": 1}, {"item_id_": 3039, "name_id_": 3039, "detail_id_": 3039, "num_limit_": 1, "icon_asset_name_": "Cmn_ArtsCardSreeve", "item_disable_flag_": 0, "release_flag_": 1}, {"item_id_": 3040, "name_id_": 3040, "detail_id_": 3040, "num_limit_": 1, "icon_asset_name_": "Cmn_ArtsCardSreeve", "item_disable_flag_": 0, "release_flag_": 1}, {"item_id_": 3041, "name_id_": 3041, "detail_id_": 3041, "num_limit_": 1, "icon_asset_name_": "Cmn_ArtsCardSreeve", "item_disable_flag_": 0, "release_flag_": 1}, {"item_id_": 3042, "name_id_": 3042, "detail_id_": 3042, "num_limit_": 1, "icon_asset_name_": "Cmn_ArtsCardSreeve", "item_disable_flag_": 0, "release_flag_": 1}, {"item_id_": 3043, "name_id_": 3043, "detail_id_": 3043, "num_limit_": 1, "icon_asset_name_": "Cmn_ArtsCardSreeve", "item_disable_flag_": 0, "release_flag_": 1}, {"item_id_": 3044, "name_id_": 3044, "detail_id_": 3044, "num_limit_": 1, "icon_asset_name_": "Cmn_ArtsCardSreeve", "item_disable_flag_": 0, "release_flag_": 1}, {"item_id_": 3045, "name_id_": 3045, "detail_id_": 3045, "num_limit_": 1, "icon_asset_name_": "Cmn_ArtsCardSreeve", "item_disable_flag_": 0, "release_flag_": 1}, {"item_id_": 3046, "name_id_": 3046, "detail_id_": 3046, "num_limit_": 1, "icon_asset_name_": "Cmn_ArtsCardSreeve", "item_disable_flag_": 0, "release_flag_": 1}, {"item_id_": 3047, "name_id_": 3047, "detail_id_": 3047, "num_limit_": 1, "icon_asset_name_": "Cmn_ArtsCardSreeve", "item_disable_flag_": 0, "release_flag_": 1}, {"item_id_": 3048, "name_id_": 3048, "detail_id_": 3048, "num_limit_": 1, "icon_asset_name_": "Cmn_ArtsCardSreeve", "item_disable_flag_": 0, "release_flag_": 1}, {"item_id_": 3049, "name_id_": 3049, "detail_id_": 3049, "num_limit_": 1, "icon_asset_name_": "Cmn_ArtsCardSreeve", "item_disable_flag_": 0, "release_flag_": 1}, {"item_id_": 3050, "name_id_": 3050, "detail_id_": 3050, "num_limit_": 1, "icon_asset_name_": "Cmn_ArtsCardSreeve", "item_disable_flag_": 0, "release_flag_": 1}, {"item_id_": 1000000, "name_id_": 1000000, "detail_id_": 1000000, "num_limit_": 1, "icon_asset_name_": "Cmn_icnBattleColorChange", "item_disable_flag_": 0, "release_flag_": 1}, {"item_id_": 1000001, "name_id_": 1000001, "detail_id_": 1000001, "num_limit_": 1, "icon_asset_name_": "Cmn_icnBattleColorChange", "item_disable_flag_": 0, "release_flag_": 1}, {"item_id_": 1000002, "name_id_": 1000002, "detail_id_": 1000002, "num_limit_": 1, "icon_asset_name_": "Cmn_icnBattleColorChange", "item_disable_flag_": 0, "release_flag_": 1}, {"item_id_": 1000003, "name_id_": 1000003, "detail_id_": 1000003, "num_limit_": 1, "icon_asset_name_": "Cmn_icnBattleColorChange", "item_disable_flag_": 0, "release_flag_": 1}, {"item_id_": 1000004, "name_id_": 1000004, "detail_id_": 1000004, "num_limit_": 1, "icon_asset_name_": "Cmn_icnBattleColorChange", "item_disable_flag_": 0, "release_flag_": 1}, {"item_id_": 1000005, "name_id_": 1000005, "detail_id_": 1000005, "num_limit_": 1, "icon_asset_name_": "Cmn_icnBattleColorChange", "item_disable_flag_": 0, "release_flag_": 1}, {"item_id_": 1000006, "name_id_": 1000006, "detail_id_": 1000006, "num_limit_": 1, "icon_asset_name_": "Cmn_icnBattleColorChange", "item_disable_flag_": 0, "release_flag_": 1}, {"item_id_": 1000007, "name_id_": 1000007, "detail_id_": 1000007, "num_limit_": 1, "icon_asset_name_": "Cmn_icnBattleColorChange", "item_disable_flag_": 0, "release_flag_": 1}, {"item_id_": 1000008, "name_id_": 1000008, "detail_id_": 1000008, "num_limit_": 1, "icon_asset_name_": "Cmn_icnBattleColorChange", "item_disable_flag_": 0, "release_flag_": 1}, {"item_id_": 1000009, "name_id_": 1000009, "detail_id_": 1000009, "num_limit_": 1, "icon_asset_name_": "Cmn_icnBattleColorChange", "item_disable_flag_": 0, "release_flag_": 1}, {"item_id_": 1000010, "name_id_": 1000010, "detail_id_": 1000010, "num_limit_": 1, "icon_asset_name_": "Cmn_icnBattleColorChange", "item_disable_flag_": 0, "release_flag_": 1}, {"item_id_": 1000011, "name_id_": 1000011, "detail_id_": 1000011, "num_limit_": 1, "icon_asset_name_": "Cmn_icnBattleColorChange", "item_disable_flag_": 0, "release_flag_": 1}, {"item_id_": 1000012, "name_id_": 1000012, "detail_id_": 1000012, "num_limit_": 1, "icon_asset_name_": "Cmn_icnBattleColorChange", "item_disable_flag_": 0, "release_flag_": 1}, {"item_id_": 1000013, "name_id_": 1000013, "detail_id_": 1000013, "num_limit_": 1, "icon_asset_name_": "Cmn_icnBattleColorChange", "item_disable_flag_": 0, "release_flag_": 1}, {"item_id_": 1000014, "name_id_": 1000014, "detail_id_": 1000014, "num_limit_": 1, "icon_asset_name_": "Cmn_icnBattleColorChange", "item_disable_flag_": 0, "release_flag_": 1}, {"item_id_": 1000015, "name_id_": 1000015, "detail_id_": 1000015, "num_limit_": 1, "icon_asset_name_": "Cmn_icnBattleColorChange", "item_disable_flag_": 0, "release_flag_": 1}, {"item_id_": 1000016, "name_id_": 1000016, "detail_id_": 1000016, "num_limit_": 1, "icon_asset_name_": "Cmn_icnBattleColorChange", "item_disable_flag_": 0, "release_flag_": 1}, {"item_id_": 1000017, "name_id_": 1000017, "detail_id_": 1000017, "num_limit_": 1, "icon_asset_name_": "Cmn_icnBattleColorChange", "item_disable_flag_": 0, "release_flag_": 1}, {"item_id_": 1000018, "name_id_": 1000018, "detail_id_": 1000018, "num_limit_": 1, "icon_asset_name_": "Cmn_icnBattleColorChange", "item_disable_flag_": 0, "release_flag_": 1}, {"item_id_": 1000019, "name_id_": 1000019, "detail_id_": 1000019, "num_limit_": 1, "icon_asset_name_": "Cmn_icnBattleColorChange", "item_disable_flag_": 0, "release_flag_": 1}, {"item_id_": 1000020, "name_id_": 1000020, "detail_id_": 1000020, "num_limit_": 1, "icon_asset_name_": "Cmn_icnBattleColorChange", "item_disable_flag_": 0, "release_flag_": 1}, {"item_id_": 1000021, "name_id_": 1000021, "detail_id_": 1000021, "num_limit_": 1, "icon_asset_name_": "Cmn_icnBattleColorChange", "item_disable_flag_": 0, "release_flag_": 1}, {"item_id_": 1000022, "name_id_": 1000022, "detail_id_": 1000022, "num_limit_": 1, "icon_asset_name_": "Cmn_icnBattleColorChange", "item_disable_flag_": 0, "release_flag_": 1}, {"item_id_": 1000023, "name_id_": 1000023, "detail_id_": 1000023, "num_limit_": 1, "icon_asset_name_": "Cmn_icnBattleColorChange", "item_disable_flag_": 0, "release_flag_": 1}, {"item_id_": 1000024, "name_id_": 1000024, "detail_id_": 1000024, "num_limit_": 1, "icon_asset_name_": "Cmn_icnBattleColorChange", "item_disable_flag_": 0, "release_flag_": 1}, {"item_id_": 1000025, "name_id_": 1000025, "detail_id_": 1000025, "num_limit_": 1, "icon_asset_name_": "Cmn_icnBattleColorChange", "item_disable_flag_": 0, "release_flag_": 1}, {"item_id_": 1000026, "name_id_": 1000026, "detail_id_": 1000026, "num_limit_": 1, "icon_asset_name_": "Cmn_icnBattleColorChange", "item_disable_flag_": 0, "release_flag_": 1}, {"item_id_": 1000027, "name_id_": 1000027, "detail_id_": 1000027, "num_limit_": 1, "icon_asset_name_": "Cmn_icnBattleColorChange", "item_disable_flag_": 0, "release_flag_": 1}, {"item_id_": 1000028, "name_id_": 1000028, "detail_id_": 1000028, "num_limit_": 1, "icon_asset_name_": "Cmn_icnBattleColorChange", "item_disable_flag_": 0, "release_flag_": 1}, {"item_id_": 1000029, "name_id_": 1000029, "detail_id_": 1000029, "num_limit_": 1, "icon_asset_name_": "Cmn_icnBattleColorChange", "item_disable_flag_": 0, "release_flag_": 1}, {"item_id_": 1000030, "name_id_": 1000030, "detail_id_": 1000030, "num_limit_": 1, "icon_asset_name_": "Cmn_icnBattleColorChange", "item_disable_flag_": 0, "release_flag_": 1}, {"item_id_": 1000031, "name_id_": 1000031, "detail_id_": 1000031, "num_limit_": 1, "icon_asset_name_": "Cmn_icnBattleColorChange", "item_disable_flag_": 0, "release_flag_": 1}, {"item_id_": 1000032, "name_id_": 1000032, "detail_id_": 1000032, "num_limit_": 1, "icon_asset_name_": "Cmn_icnBattleColorChange", "item_disable_flag_": 0, "release_flag_": 1}, {"item_id_": 1000033, "name_id_": 1000033, "detail_id_": 1000033, "num_limit_": 1, "icon_asset_name_": "Cmn_icnBattleColorChange", "item_disable_flag_": 0, "release_flag_": 1}, {"item_id_": 1000034, "name_id_": 1000034, "detail_id_": 1000034, "num_limit_": 1, "icon_asset_name_": "Cmn_icnBattleColorChange", "item_disable_flag_": 0, "release_flag_": 1}, {"item_id_": 1000035, "name_id_": 1000035, "detail_id_": 1000035, "num_limit_": 1, "icon_asset_name_": "Cmn_icnBattleColorChange", "item_disable_flag_": 0, "release_flag_": 1}, {"item_id_": 1000036, "name_id_": 1000036, "detail_id_": 1000036, "num_limit_": 1, "icon_asset_name_": "Cmn_icnBattleColorChange", "item_disable_flag_": 0, "release_flag_": 1}, {"item_id_": 1000037, "name_id_": 1000037, "detail_id_": 1000037, "num_limit_": 1, "icon_asset_name_": "Cmn_icnBattleColorChange", "item_disable_flag_": 0, "release_flag_": 1}, {"item_id_": 1000038, "name_id_": 1000038, "detail_id_": 1000038, "num_limit_": 1, "icon_asset_name_": "Cmn_icnBattleColorChange", "item_disable_flag_": 0, "release_flag_": 1}, {"item_id_": 1000039, "name_id_": 1000039, "detail_id_": 1000039, "num_limit_": 1, "icon_asset_name_": "Cmn_icnBattleColorChange", "item_disable_flag_": 0, "release_flag_": 1}, {"item_id_": 1000040, "name_id_": 1000040, "detail_id_": 1000040, "num_limit_": 1, "icon_asset_name_": "Cmn_icnBattleColorChange", "item_disable_flag_": 0, "release_flag_": 1}, {"item_id_": 1000041, "name_id_": 1000041, "detail_id_": 1000041, "num_limit_": 1, "icon_asset_name_": "Cmn_icnBattleColorChange", "item_disable_flag_": 0, "release_flag_": 1}, {"item_id_": 1000042, "name_id_": 1000042, "detail_id_": 1000042, "num_limit_": 1, "icon_asset_name_": "Cmn_icnBattleColorChange", "item_disable_flag_": 0, "release_flag_": 1}, {"item_id_": 1000043, "name_id_": 1000043, "detail_id_": 1000043, "num_limit_": 1, "icon_asset_name_": "Cmn_icnBattleColorChange", "item_disable_flag_": 0, "release_flag_": 1}, {"item_id_": 1000044, "name_id_": 1000044, "detail_id_": 1000044, "num_limit_": 1, "icon_asset_name_": "Cmn_icnBattleColorChange", "item_disable_flag_": 0, "release_flag_": 1}, {"item_id_": 1000045, "name_id_": 1000045, "detail_id_": 1000045, "num_limit_": 1, "icon_asset_name_": "Cmn_icnBattleColorChange", "item_disable_flag_": 0, "release_flag_": 1}, {"item_id_": 1000046, "name_id_": 1000046, "detail_id_": 1000046, "num_limit_": 1, "icon_asset_name_": "Cmn_icnBattleColorChange", "item_disable_flag_": 0, "release_flag_": 1}, {"item_id_": 1000047, "name_id_": 1000047, "detail_id_": 1000047, "num_limit_": 1, "icon_asset_name_": "Cmn_icnBattleColorChange", "item_disable_flag_": 0, "release_flag_": 1}, {"item_id_": 1000048, "name_id_": 1000048, "detail_id_": 1000048, "num_limit_": 1, "icon_asset_name_": "Cmn_icnBattleColorChange", "item_disable_flag_": 0, "release_flag_": 1}, {"item_id_": 1000049, "name_id_": 1000049, "detail_id_": 1000049, "num_limit_": 1, "icon_asset_name_": "Cmn_icnBattleColorChange", "item_disable_flag_": 0, "release_flag_": 1}, {"item_id_": 1000050, "name_id_": 1000050, "detail_id_": 1000050, "num_limit_": 1, "icon_asset_name_": "Cmn_icnBattleColorChange", "item_disable_flag_": 0, "release_flag_": 1}, {"item_id_": 1000051, "name_id_": 1000051, "detail_id_": 1000051, "num_limit_": 1, "icon_asset_name_": "Cmn_icnBattleColorChange", "item_disable_flag_": 0, "release_flag_": 1}, {"item_id_": 1000052, "name_id_": 1000052, "detail_id_": 1000052, "num_limit_": 1, "icon_asset_name_": "Cmn_icnBattleColorChange", "item_disable_flag_": 0, "release_flag_": 1}, {"item_id_": 1000053, "name_id_": 1000053, "detail_id_": 1000053, "num_limit_": 1, "icon_asset_name_": "Cmn_icnBattleColorChange", "item_disable_flag_": 0, "release_flag_": 1}, {"item_id_": 1000054, "name_id_": 1000054, "detail_id_": 1000054, "num_limit_": 1, "icon_asset_name_": "Cmn_icnBattleColorChange", "item_disable_flag_": 0, "release_flag_": 1}, {"item_id_": 1000055, "name_id_": 1000055, "detail_id_": 1000055, "num_limit_": 1, "icon_asset_name_": "Cmn_icnBattleColorChange", "item_disable_flag_": 0, "release_flag_": 1}, {"item_id_": 1000056, "name_id_": 1000056, "detail_id_": 1000056, "num_limit_": 1, "icon_asset_name_": "Cmn_icnBattleColorChange", "item_disable_flag_": 0, "release_flag_": 1}, {"item_id_": 1000057, "name_id_": 1000057, "detail_id_": 1000057, "num_limit_": 1, "icon_asset_name_": "Cmn_icnBattleColorChange", "item_disable_flag_": 0, "release_flag_": 1}, {"item_id_": 1000058, "name_id_": 1000058, "detail_id_": 1000058, "num_limit_": 1, "icon_asset_name_": "Cmn_icnBattleColorChange", "item_disable_flag_": 0, "release_flag_": 1}, {"item_id_": 1000059, "name_id_": 1000059, "detail_id_": 1000059, "num_limit_": 1, "icon_asset_name_": "Cmn_icnBattleColorChange", "item_disable_flag_": 0, "release_flag_": 1}, {"item_id_": 1000060, "name_id_": 1000060, "detail_id_": 1000060, "num_limit_": 1, "icon_asset_name_": "Cmn_icnBattleColorChange", "item_disable_flag_": 0, "release_flag_": 1}, {"item_id_": 1000061, "name_id_": 1000061, "detail_id_": 1000061, "num_limit_": 1, "icon_asset_name_": "Cmn_icnBattleColorChange", "item_disable_flag_": 0, "release_flag_": 1}, {"item_id_": 1000062, "name_id_": 1000062, "detail_id_": 1000062, "num_limit_": 1, "icon_asset_name_": "Cmn_icnBattleColorChange", "item_disable_flag_": 0, "release_flag_": 1}, {"item_id_": 1000063, "name_id_": 1000063, "detail_id_": 1000063, "num_limit_": 1, "icon_asset_name_": "Cmn_icnBattleColorChange", "item_disable_flag_": 0, "release_flag_": 1}, {"item_id_": 1000064, "name_id_": 1000064, "detail_id_": 1000064, "num_limit_": 1, "icon_asset_name_": "Cmn_icnBattleColorChange", "item_disable_flag_": 0, "release_flag_": 1}, {"item_id_": 1000065, "name_id_": 1000065, "detail_id_": 1000065, "num_limit_": 1, "icon_asset_name_": "Cmn_icnBattleColorChange", "item_disable_flag_": 0, "release_flag_": 1}, {"item_id_": 1000066, "name_id_": 1000066, "detail_id_": 1000066, "num_limit_": 1, "icon_asset_name_": "Cmn_icnBattleColorChange", "item_disable_flag_": 0, "release_flag_": 1}, {"item_id_": 1000068, "name_id_": 1000068, "detail_id_": 1000068, "num_limit_": 1, "icon_asset_name_": "Cmn_icnBattleColorChange", "item_disable_flag_": 0, "release_flag_": 1}, {"item_id_": 1000069, "name_id_": 1000069, "detail_id_": 1000069, "num_limit_": 1, "icon_asset_name_": "Cmn_icnBattleColorChange", "item_disable_flag_": 0, "release_flag_": 1}, {"item_id_": 1000070, "name_id_": 1000070, "detail_id_": 1000070, "num_limit_": 1, "icon_asset_name_": "Cmn_icnBattleColorChange", "item_disable_flag_": 0, "release_flag_": 1}, {"item_id_": 1000071, "name_id_": 1000071, "detail_id_": 1000071, "num_limit_": 1, "icon_asset_name_": "Cmn_icnBattleColorChange", "item_disable_flag_": 0, "release_flag_": 1}, {"item_id_": 1000072, "name_id_": 1000072, "detail_id_": 1000072, "num_limit_": 1, "icon_asset_name_": "Cmn_icnBattleColorChange", "item_disable_flag_": 0, "release_flag_": 1}, {"item_id_": 1000073, "name_id_": 1000073, "detail_id_": 1000073, "num_limit_": 1, "icon_asset_name_": "Cmn_icnBattleColorChange", "item_disable_flag_": 0, "release_flag_": 1}, {"item_id_": 1000075, "name_id_": 1000075, "detail_id_": 1000075, "num_limit_": 1, "icon_asset_name_": "Cmn_icnBattleColorChange", "item_disable_flag_": 0, "release_flag_": 1}, {"item_id_": 1000076, "name_id_": 1000076, "detail_id_": 1000076, "num_limit_": 1, "icon_asset_name_": "Cmn_icnBattleColorChange", "item_disable_flag_": 0, "release_flag_": 1}, {"item_id_": 1000077, "name_id_": 1000077, "detail_id_": 1000077, "num_limit_": 1, "icon_asset_name_": "Cmn_icnBattleColorChange", "item_disable_flag_": 0, "release_flag_": 1}, {"item_id_": 1000078, "name_id_": 1000078, "detail_id_": 1000078, "num_limit_": 1, "icon_asset_name_": "Cmn_icnBattleColorChange", "item_disable_flag_": 0, "release_flag_": 1}, {"item_id_": 1000079, "name_id_": 1000079, "detail_id_": 1000079, "num_limit_": 1, "icon_asset_name_": "Cmn_icnBattleColorChange", "item_disable_flag_": 0, "release_flag_": 1}, {"item_id_": 1000080, "name_id_": 1000080, "detail_id_": 1000080, "num_limit_": 1, "icon_asset_name_": "Cmn_icnBattleColorChange", "item_disable_flag_": 0, "release_flag_": 1}, {"item_id_": 1000081, "name_id_": 1000081, "detail_id_": 1000081, "num_limit_": 1, "icon_asset_name_": "Cmn_icnBattleColorChange", "item_disable_flag_": 0, "release_flag_": 1}, {"item_id_": 1000082, "name_id_": 1000082, "detail_id_": 1000082, "num_limit_": 1, "icon_asset_name_": "Cmn_icnBattleColorChange", "item_disable_flag_": 0, "release_flag_": 1}, {"item_id_": 1000083, "name_id_": 1000083, "detail_id_": 1000083, "num_limit_": 1, "icon_asset_name_": "Cmn_icnBattleColorChange", "item_disable_flag_": 0, "release_flag_": 1}, {"item_id_": 1000084, "name_id_": 1000084, "detail_id_": 1000084, "num_limit_": 1, "icon_asset_name_": "Cmn_icnBattleColorChange", "item_disable_flag_": 0, "release_flag_": 1}, {"item_id_": 1000085, "name_id_": 1000085, "detail_id_": 1000085, "num_limit_": 1, "icon_asset_name_": "Cmn_icnBattleColorChange", "item_disable_flag_": 0, "release_flag_": 1}, {"item_id_": 1000086, "name_id_": 1000086, "detail_id_": 1000086, "num_limit_": 1, "icon_asset_name_": "Cmn_icnBattleColorChange", "item_disable_flag_": 0, "release_flag_": 1}, {"item_id_": 1000087, "name_id_": 1000087, "detail_id_": 1000087, "num_limit_": 1, "icon_asset_name_": "Cmn_icnBattleColorChange", "item_disable_flag_": 0, "release_flag_": 1}, {"item_id_": 1000090, "name_id_": 1000090, "detail_id_": 1000090, "num_limit_": 1, "icon_asset_name_": "Cmn_icnBattleColorChange", "item_disable_flag_": 0, "release_flag_": 1}, {"item_id_": 1000091, "name_id_": 1000091, "detail_id_": 1000091, "num_limit_": 1, "icon_asset_name_": "Cmn_icnBattleColorChange", "item_disable_flag_": 0, "release_flag_": 1}, {"item_id_": 1000092, "name_id_": 1000092, "detail_id_": 1000092, "num_limit_": 1, "icon_asset_name_": "Cmn_icnBattleColorChange", "item_disable_flag_": 0, "release_flag_": 1}, {"item_id_": 1000093, "name_id_": 1000093, "detail_id_": 1000093, "num_limit_": 1, "icon_asset_name_": "Cmn_icnBattleColorChange", "item_disable_flag_": 0, "release_flag_": 1}, {"item_id_": 1000094, "name_id_": 1000094, "detail_id_": 1000094, "num_limit_": 1, "icon_asset_name_": "Cmn_icnBattleColorChange", "item_disable_flag_": 0, "release_flag_": 1}, {"item_id_": 1000095, "name_id_": 1000095, "detail_id_": 1000095, "num_limit_": 1, "icon_asset_name_": "Cmn_icnBattleColorChange", "item_disable_flag_": 0, "release_flag_": 1}, {"item_id_": 1000096, "name_id_": 1000096, "detail_id_": 1000096, "num_limit_": 1, "icon_asset_name_": "Cmn_icnBattleColorChange", "item_disable_flag_": 0, "release_flag_": 1}, {"item_id_": 1000097, "name_id_": 1000097, "detail_id_": 1000097, "num_limit_": 1, "icon_asset_name_": "Cmn_icnBattleColorChange", "item_disable_flag_": 0, "release_flag_": 1}, {"item_id_": 1000099, "name_id_": 1000099, "detail_id_": 1000099, "num_limit_": 1, "icon_asset_name_": "Cmn_icnBattleColorChange", "item_disable_flag_": 0, "release_flag_": 1}, {"item_id_": 1000100, "name_id_": 1000100, "detail_id_": 1000100, "num_limit_": 1, "icon_asset_name_": "Cmn_icnBattleColorChange", "item_disable_flag_": 0, "release_flag_": 1}, {"item_id_": 1000101, "name_id_": 1000101, "detail_id_": 1000101, "num_limit_": 1, "icon_asset_name_": "Cmn_icnBattleColorChange", "item_disable_flag_": 0, "release_flag_": 1}, {"item_id_": 1000102, "name_id_": 1000102, "detail_id_": 1000102, "num_limit_": 1, "icon_asset_name_": "Cmn_icnBattleColorChange", "item_disable_flag_": 0, "release_flag_": 1}, {"item_id_": 1000103, "name_id_": 1000103, "detail_id_": 1000103, "num_limit_": 1, "icon_asset_name_": "Cmn_icnBattleColorChange", "item_disable_flag_": 0, "release_flag_": 1}, {"item_id_": 1000104, "name_id_": 1000104, "detail_id_": 1000104, "num_limit_": 1, "icon_asset_name_": "Cmn_icnBattleColorChange", "item_disable_flag_": 0, "release_flag_": 1}, {"item_id_": 1000105, "name_id_": 1000105, "detail_id_": 1000105, "num_limit_": 1, "icon_asset_name_": "Cmn_icnBattleColorChange", "item_disable_flag_": 0, "release_flag_": 1}, {"item_id_": 1000106, "name_id_": 1000106, "detail_id_": 1000106, "num_limit_": 1, "icon_asset_name_": "Cmn_icnBattleColorChange", "item_disable_flag_": 0, "release_flag_": 1}, {"item_id_": 1000107, "name_id_": 1000107, "detail_id_": 1000107, "num_limit_": 1, "icon_asset_name_": "Cmn_icnBattleColorChange", "item_disable_flag_": 0, "release_flag_": 1}, {"item_id_": 1000108, "name_id_": 1000108, "detail_id_": 1000108, "num_limit_": 1, "icon_asset_name_": "Cmn_icnBattleColorChange", "item_disable_flag_": 0, "release_flag_": 1}, {"item_id_": 1000109, "name_id_": 1000109, "detail_id_": 1000109, "num_limit_": 1, "icon_asset_name_": "Cmn_icnBattleColorChange", "item_disable_flag_": 0, "release_flag_": 1}, {"item_id_": 1000110, "name_id_": 1000110, "detail_id_": 1000110, "num_limit_": 1, "icon_asset_name_": "Cmn_icnBattleColorChange", "item_disable_flag_": 0, "release_flag_": 1}, {"item_id_": 1000111, "name_id_": 1000111, "detail_id_": 1000111, "num_limit_": 1, "icon_asset_name_": "Cmn_icnBattleColorChange", "item_disable_flag_": 0, "release_flag_": 1}, {"item_id_": 1000112, "name_id_": 1000112, "detail_id_": 1000112, "num_limit_": 1, "icon_asset_name_": "Cmn_icnBattleColorChange", "item_disable_flag_": 0, "release_flag_": 1}, {"item_id_": 1000113, "name_id_": 1000113, "detail_id_": 1000113, "num_limit_": 1, "icon_asset_name_": "Cmn_icnBattleColorChange", "item_disable_flag_": 0, "release_flag_": 1}, {"item_id_": 1000114, "name_id_": 1000114, "detail_id_": 1000114, "num_limit_": 1, "icon_asset_name_": "Cmn_icnBattleColorChange", "item_disable_flag_": 0, "release_flag_": 1}, {"item_id_": 1000115, "name_id_": 1000115, "detail_id_": 1000115, "num_limit_": 1, "icon_asset_name_": "Cmn_icnBattleColorChange", "item_disable_flag_": 0, "release_flag_": 1}, {"item_id_": 1000117, "name_id_": 1000117, "detail_id_": 1000117, "num_limit_": 1, "icon_asset_name_": "Cmn_icnBattleColorChange", "item_disable_flag_": 0, "release_flag_": 1}, {"item_id_": 1000118, "name_id_": 1000118, "detail_id_": 1000118, "num_limit_": 1, "icon_asset_name_": "Cmn_icnBattleColorChange", "item_disable_flag_": 0, "release_flag_": 1}, {"item_id_": 1000119, "name_id_": 1000119, "detail_id_": 1000119, "num_limit_": 1, "icon_asset_name_": "Cmn_icnBattleColorChange", "item_disable_flag_": 0, "release_flag_": 1}, {"item_id_": 1000120, "name_id_": 1000120, "detail_id_": 1000120, "num_limit_": 1, "icon_asset_name_": "Cmn_icnBattleColorChange", "item_disable_flag_": 0, "release_flag_": 1}, {"item_id_": 1000121, "name_id_": 1000121, "detail_id_": 1000121, "num_limit_": 1, "icon_asset_name_": "Cmn_icnBattleColorChange", "item_disable_flag_": 0, "release_flag_": 1}, {"item_id_": 1000122, "name_id_": 1000122, "detail_id_": 1000122, "num_limit_": 1, "icon_asset_name_": "Cmn_icnBattleColorChange", "item_disable_flag_": 0, "release_flag_": 1}, {"item_id_": 1000123, "name_id_": 1000123, "detail_id_": 1000123, "num_limit_": 1, "icon_asset_name_": "Cmn_icnBattleColorChange", "item_disable_flag_": 0, "release_flag_": 1}, {"item_id_": 1000124, "name_id_": 1000124, "detail_id_": 1000124, "num_limit_": 1, "icon_asset_name_": "Cmn_icnBattleColorChange", "item_disable_flag_": 0, "release_flag_": 1}, {"item_id_": 1000125, "name_id_": 1000125, "detail_id_": 1000125, "num_limit_": 1, "icon_asset_name_": "Cmn_icnBattleColorChange", "item_disable_flag_": 0, "release_flag_": 1}, {"item_id_": 1000126, "name_id_": 1000126, "detail_id_": 1000126, "num_limit_": 1, "icon_asset_name_": "Cmn_icnBattleColorChange", "item_disable_flag_": 0, "release_flag_": 1}, {"item_id_": 1000127, "name_id_": 1000127, "detail_id_": 1000127, "num_limit_": 1, "icon_asset_name_": "Cmn_icnBattleColorChange", "item_disable_flag_": 0, "release_flag_": 1}, {"item_id_": 1000128, "name_id_": 1000128, "detail_id_": 1000128, "num_limit_": 1, "icon_asset_name_": "Cmn_icnBattleColorChange", "item_disable_flag_": 0, "release_flag_": 1}, {"item_id_": 1000130, "name_id_": 1000130, "detail_id_": 1000130, "num_limit_": 1, "icon_asset_name_": "Cmn_icnBattleColorChange", "item_disable_flag_": 0, "release_flag_": 1}, {"item_id_": 1000131, "name_id_": 1000131, "detail_id_": 1000131, "num_limit_": 1, "icon_asset_name_": "Cmn_icnBattleColorChange", "item_disable_flag_": 0, "release_flag_": 1}, {"item_id_": 1000133, "name_id_": 1000133, "detail_id_": 1000133, "num_limit_": 1, "icon_asset_name_": "Cmn_icnBattleColorChange", "item_disable_flag_": 0, "release_flag_": 1}, {"item_id_": 1000134, "name_id_": 1000134, "detail_id_": 1000134, "num_limit_": 1, "icon_asset_name_": "Cmn_icnBattleColorChange", "item_disable_flag_": 0, "release_flag_": 1}, {"item_id_": 1000136, "name_id_": 1000136, "detail_id_": 1000136, "num_limit_": 1, "icon_asset_name_": "Cmn_icnBattleColorChange", "item_disable_flag_": 0, "release_flag_": 1}, {"item_id_": 1000137, "name_id_": 1000137, "detail_id_": 1000137, "num_limit_": 1, "icon_asset_name_": "Cmn_icnBattleColorChange", "item_disable_flag_": 0, "release_flag_": 1}, {"item_id_": 1000138, "name_id_": 1000138, "detail_id_": 1000138, "num_limit_": 1, "icon_asset_name_": "Cmn_icnBattleColorChange", "item_disable_flag_": 0, "release_flag_": 1}, {"item_id_": 1000139, "name_id_": 1000139, "detail_id_": 1000139, "num_limit_": 1, "icon_asset_name_": "Cmn_icnBattleColorChange", "item_disable_flag_": 0, "release_flag_": 1}, {"item_id_": 1000140, "name_id_": 1000140, "detail_id_": 1000140, "num_limit_": 1, "icon_asset_name_": "Cmn_icnBattleColorChange", "item_disable_flag_": 0, "release_flag_": 1}, {"item_id_": 1000141, "name_id_": 1000141, "detail_id_": 1000141, "num_limit_": 1, "icon_asset_name_": "Cmn_icnBattleColorChange", "item_disable_flag_": 0, "release_flag_": 1}, {"item_id_": 1000142, "name_id_": 1000142, "detail_id_": 1000142, "num_limit_": 1, "icon_asset_name_": "Cmn_icnBattleColorChange", "item_disable_flag_": 0, "release_flag_": 1}, {"item_id_": 1000143, "name_id_": 1000143, "detail_id_": 1000143, "num_limit_": 1, "icon_asset_name_": "Cmn_icnBattleColorChange", "item_disable_flag_": 0, "release_flag_": 1}, {"item_id_": 1000144, "name_id_": 1000144, "detail_id_": 1000144, "num_limit_": 1, "icon_asset_name_": "Cmn_icnBattleColorChange", "item_disable_flag_": 0, "release_flag_": 1}, {"item_id_": 1000145, "name_id_": 1000145, "detail_id_": 1000145, "num_limit_": 1, "icon_asset_name_": "Cmn_icnBattleColorChange", "item_disable_flag_": 0, "release_flag_": 1}, {"item_id_": 1000146, "name_id_": 1000146, "detail_id_": 1000146, "num_limit_": 1, "icon_asset_name_": "Cmn_icnBattleColorChange", "item_disable_flag_": 0, "release_flag_": 1}, {"item_id_": 1000147, "name_id_": 1000147, "detail_id_": 1000147, "num_limit_": 1, "icon_asset_name_": "Cmn_icnBattleColorChange", "item_disable_flag_": 0, "release_flag_": 1}, {"item_id_": 1000148, "name_id_": 1000148, "detail_id_": 1000148, "num_limit_": 1, "icon_asset_name_": "Cmn_icnBattleColorChange", "item_disable_flag_": 0, "release_flag_": 1}, {"item_id_": 1000149, "name_id_": 1000149, "detail_id_": 1000149, "num_limit_": 1, "icon_asset_name_": "Cmn_icnBattleColorChange", "item_disable_flag_": 0, "release_flag_": 1}, {"item_id_": 1000150, "name_id_": 1000150, "detail_id_": 1000150, "num_limit_": 1, "icon_asset_name_": "Cmn_icnBattleColorChange", "item_disable_flag_": 0, "release_flag_": 1}, {"item_id_": 1000151, "name_id_": 1000151, "detail_id_": 1000151, "num_limit_": 1, "icon_asset_name_": "Cmn_icnBattleColorChange", "item_disable_flag_": 0, "release_flag_": 1}, {"item_id_": 1000152, "name_id_": 1000152, "detail_id_": 1000152, "num_limit_": 1, "icon_asset_name_": "Cmn_icnBattleColorChange", "item_disable_flag_": 0, "release_flag_": 1}, {"item_id_": 1000154, "name_id_": 1000154, "detail_id_": 1000154, "num_limit_": 1, "icon_asset_name_": "Cmn_icnBattleColorChange", "item_disable_flag_": 0, "release_flag_": 1}, {"item_id_": 1000155, "name_id_": 1000155, "detail_id_": 1000155, "num_limit_": 1, "icon_asset_name_": "Cmn_icnBattleColorChange", "item_disable_flag_": 0, "release_flag_": 1}, {"item_id_": 1000156, "name_id_": 1000156, "detail_id_": 1000156, "num_limit_": 1, "icon_asset_name_": "Cmn_icnBattleColorChange", "item_disable_flag_": 0, "release_flag_": 1}, {"item_id_": 1000157, "name_id_": 1000157, "detail_id_": 1000157, "num_limit_": 1, "icon_asset_name_": "Cmn_icnBattleColorChange", "item_disable_flag_": 0, "release_flag_": 1}, {"item_id_": 1000158, "name_id_": 1000158, "detail_id_": 1000158, "num_limit_": 1, "icon_asset_name_": "Cmn_icnBattleColorChange", "item_disable_flag_": 0, "release_flag_": 1}, {"item_id_": 1000159, "name_id_": 1000159, "detail_id_": 1000159, "num_limit_": 1, "icon_asset_name_": "Cmn_icnBattleColorChange", "item_disable_flag_": 0, "release_flag_": 1}, {"item_id_": 1000160, "name_id_": 1000160, "detail_id_": 1000160, "num_limit_": 1, "icon_asset_name_": "Cmn_icnBattleColorChange", "item_disable_flag_": 0, "release_flag_": 1}, {"item_id_": 1000161, "name_id_": 1000161, "detail_id_": 1000161, "num_limit_": 1, "icon_asset_name_": "Cmn_icnBattleColorChange", "item_disable_flag_": 0, "release_flag_": 1}, {"item_id_": 1000162, "name_id_": 1000162, "detail_id_": 1000162, "num_limit_": 1, "icon_asset_name_": "Cmn_icnBattleColorChange", "item_disable_flag_": 0, "release_flag_": 1}, {"item_id_": 1000163, "name_id_": 1000163, "detail_id_": 1000163, "num_limit_": 1, "icon_asset_name_": "Cmn_icnBattleColorChange", "item_disable_flag_": 0, "release_flag_": 1}, {"item_id_": 1000164, "name_id_": 1000164, "detail_id_": 1000164, "num_limit_": 1, "icon_asset_name_": "Cmn_icnBattleColorChange", "item_disable_flag_": 0, "release_flag_": 1}, {"item_id_": 1000165, "name_id_": 1000165, "detail_id_": 1000165, "num_limit_": 1, "icon_asset_name_": "Cmn_icnBattleColorChange", "item_disable_flag_": 0, "release_flag_": 1}, {"item_id_": 1000166, "name_id_": 1000166, "detail_id_": 1000166, "num_limit_": 1, "icon_asset_name_": "Cmn_icnBattleColorChange", "item_disable_flag_": 0, "release_flag_": 1}, {"item_id_": 1000167, "name_id_": 1000167, "detail_id_": 1000167, "num_limit_": 1, "icon_asset_name_": "Cmn_icnBattleColorChange", "item_disable_flag_": 0, "release_flag_": 1}, {"item_id_": 1000168, "name_id_": 1000168, "detail_id_": 1000168, "num_limit_": 1, "icon_asset_name_": "Cmn_icnBattleColorChange", "item_disable_flag_": 0, "release_flag_": 1}, {"item_id_": 1000169, "name_id_": 1000169, "detail_id_": 1000169, "num_limit_": 1, "icon_asset_name_": "Cmn_icnBattleColorChange", "item_disable_flag_": 0, "release_flag_": 1}, {"item_id_": 1000170, "name_id_": 1000170, "detail_id_": 1000170, "num_limit_": 1, "icon_asset_name_": "Cmn_icnBattleColorChange", "item_disable_flag_": 0, "release_flag_": 1}, {"item_id_": 1000171, "name_id_": 1000171, "detail_id_": 1000171, "num_limit_": 1, "icon_asset_name_": "Cmn_icnBattleColorChange", "item_disable_flag_": 0, "release_flag_": 1}, {"item_id_": 1000172, "name_id_": 1000172, "detail_id_": 1000172, "num_limit_": 1, "icon_asset_name_": "Cmn_icnBattleColorChange", "item_disable_flag_": 0, "release_flag_": 1}, {"item_id_": 1000173, "name_id_": 1000173, "detail_id_": 1000173, "num_limit_": 1, "icon_asset_name_": "Cmn_icnBattleColorChange", "item_disable_flag_": 0, "release_flag_": 1}, {"item_id_": 1000174, "name_id_": 1000174, "detail_id_": 1000174, "num_limit_": 1, "icon_asset_name_": "Cmn_icnBattleColorChange", "item_disable_flag_": 0, "release_flag_": 1}, {"item_id_": 1000175, "name_id_": 1000175, "detail_id_": 1000175, "num_limit_": 1, "icon_asset_name_": "Cmn_icnBattleColorChange", "item_disable_flag_": 0, "release_flag_": 1}, {"item_id_": 1000176, "name_id_": 1000176, "detail_id_": 1000176, "num_limit_": 1, "icon_asset_name_": "Cmn_icnBattleColorChange", "item_disable_flag_": 0, "release_flag_": 1}, {"item_id_": 1000177, "name_id_": 1000177, "detail_id_": 1000177, "num_limit_": 1, "icon_asset_name_": "Cmn_icnBattleColorChange", "item_disable_flag_": 0, "release_flag_": 1}, {"item_id_": 1000178, "name_id_": 1000178, "detail_id_": 1000178, "num_limit_": 1, "icon_asset_name_": "Cmn_icnBattleColorChange", "item_disable_flag_": 0, "release_flag_": 1}, {"item_id_": 1000179, "name_id_": 1000179, "detail_id_": 1000179, "num_limit_": 1, "icon_asset_name_": "Cmn_icnBattleColorChange", "item_disable_flag_": 0, "release_flag_": 1}, {"item_id_": 1000180, "name_id_": 1000180, "detail_id_": 1000180, "num_limit_": 1, "icon_asset_name_": "Cmn_icnBattleColorChange", "item_disable_flag_": 0, "release_flag_": 1}, {"item_id_": 1000181, "name_id_": 1000181, "detail_id_": 1000181, "num_limit_": 1, "icon_asset_name_": "Cmn_icnBattleColorChange", "item_disable_flag_": 0, "release_flag_": 1}, {"item_id_": 1000182, "name_id_": 1000182, "detail_id_": 1000182, "num_limit_": 1, "icon_asset_name_": "Cmn_icnBattleColorChange", "item_disable_flag_": 0, "release_flag_": 1}, {"item_id_": 1000183, "name_id_": 1000183, "detail_id_": 1000183, "num_limit_": 1, "icon_asset_name_": "Cmn_icnBattleColorChange", "item_disable_flag_": 0, "release_flag_": 1}, {"item_id_": 1000184, "name_id_": 1000184, "detail_id_": 1000184, "num_limit_": 1, "icon_asset_name_": "Cmn_icnBattleColorChange", "item_disable_flag_": 0, "release_flag_": 1}, {"item_id_": 1000185, "name_id_": 1000185, "detail_id_": 1000185, "num_limit_": 1, "icon_asset_name_": "Cmn_icnBattleColorChange", "item_disable_flag_": 0, "release_flag_": 1}, {"item_id_": 1000186, "name_id_": 1000186, "detail_id_": 1000186, "num_limit_": 1, "icon_asset_name_": "Cmn_icnBattleColorChange", "item_disable_flag_": 0, "release_flag_": 1}, {"item_id_": 1000187, "name_id_": 1000187, "detail_id_": 1000187, "num_limit_": 1, "icon_asset_name_": "Cmn_icnBattleColorChange", "item_disable_flag_": 0, "release_flag_": 1}, {"item_id_": 1000188, "name_id_": 1000188, "detail_id_": 1000188, "num_limit_": 1, "icon_asset_name_": "Cmn_icnBattleColorChange", "item_disable_flag_": 0, "release_flag_": 1}, {"item_id_": 1000189, "name_id_": 1000189, "detail_id_": 1000189, "num_limit_": 1, "icon_asset_name_": "Cmn_icnBattleColorChange", "item_disable_flag_": 0, "release_flag_": 1}, {"item_id_": 1000190, "name_id_": 1000190, "detail_id_": 1000190, "num_limit_": 1, "icon_asset_name_": "Cmn_icnBattleColorChange", "item_disable_flag_": 0, "release_flag_": 1}, {"item_id_": 1000191, "name_id_": 1000191, "detail_id_": 1000191, "num_limit_": 1, "icon_asset_name_": "Cmn_icnBattleColorChange", "item_disable_flag_": 0, "release_flag_": 1}, {"item_id_": 1000192, "name_id_": 1000192, "detail_id_": 1000192, "num_limit_": 1, "icon_asset_name_": "Cmn_icnBattleColorChange", "item_disable_flag_": 0, "release_flag_": 1}, {"item_id_": 1000193, "name_id_": 1000193, "detail_id_": 1000193, "num_limit_": 1, "icon_asset_name_": "Cmn_icnBattleColorChange", "item_disable_flag_": 0, "release_flag_": 1}, {"item_id_": 1000194, "name_id_": 1000194, "detail_id_": 1000194, "num_limit_": 1, "icon_asset_name_": "Cmn_icnBattleColorChange", "item_disable_flag_": 0, "release_flag_": 1}, {"item_id_": 1000195, "name_id_": 1000195, "detail_id_": 1000195, "num_limit_": 1, "icon_asset_name_": "Cmn_icnBattleColorChange", "item_disable_flag_": 0, "release_flag_": 1}, {"item_id_": 1000196, "name_id_": 1000196, "detail_id_": 1000196, "num_limit_": 1, "icon_asset_name_": "Cmn_icnBattleColorChange", "item_disable_flag_": 0, "release_flag_": 1}, {"item_id_": 1000197, "name_id_": 1000197, "detail_id_": 1000197, "num_limit_": 1, "icon_asset_name_": "Cmn_icnBattleColorChange", "item_disable_flag_": 0, "release_flag_": 1}, {"item_id_": 1000198, "name_id_": 1000198, "detail_id_": 1000198, "num_limit_": 1, "icon_asset_name_": "Cmn_icnBattleColorChange", "item_disable_flag_": 0, "release_flag_": 1}, {"item_id_": 1000199, "name_id_": 1000199, "detail_id_": 1000199, "num_limit_": 1, "icon_asset_name_": "Cmn_icnBattleColorChange", "item_disable_flag_": 0, "release_flag_": 1}, {"item_id_": 1000200, "name_id_": 1000200, "detail_id_": 1000200, "num_limit_": 1, "icon_asset_name_": "Cmn_icnBattleColorChange", "item_disable_flag_": 0, "release_flag_": 1}, {"item_id_": 1000201, "name_id_": 1000201, "detail_id_": 1000201, "num_limit_": 1, "icon_asset_name_": "Cmn_icnBattleColorChange", "item_disable_flag_": 0, "release_flag_": 1}, {"item_id_": 1000202, "name_id_": 1000202, "detail_id_": 1000202, "num_limit_": 1, "icon_asset_name_": "Cmn_icnBattleColorChange", "item_disable_flag_": 0, "release_flag_": 1}, {"item_id_": 1000203, "name_id_": 1000203, "detail_id_": 1000203, "num_limit_": 1, "icon_asset_name_": "Cmn_icnBattleColorChange", "item_disable_flag_": 0, "release_flag_": 1}, {"item_id_": 1000204, "name_id_": 1000204, "detail_id_": 1000204, "num_limit_": 1, "icon_asset_name_": "Cmn_icnBattleColorChange", "item_disable_flag_": 0, "release_flag_": 1}, {"item_id_": 1000205, "name_id_": 1000205, "detail_id_": 1000205, "num_limit_": 1, "icon_asset_name_": "Cmn_icnBattleColorChange", "item_disable_flag_": 0, "release_flag_": 1}, {"item_id_": 1000206, "name_id_": 1000206, "detail_id_": 1000206, "num_limit_": 1, "icon_asset_name_": "Cmn_icnBattleColorChange", "item_disable_flag_": 0, "release_flag_": 1}, {"item_id_": 1000207, "name_id_": 1000207, "detail_id_": 1000207, "num_limit_": 1, "icon_asset_name_": "Cmn_icnBattleColorChange", "item_disable_flag_": 0, "release_flag_": 1}, {"item_id_": 1000208, "name_id_": 1000208, "detail_id_": 1000208, "num_limit_": 1, "icon_asset_name_": "Cmn_icnBattleColorChange", "item_disable_flag_": 0, "release_flag_": 1}, {"item_id_": 1000209, "name_id_": 1000209, "detail_id_": 1000209, "num_limit_": 1, "icon_asset_name_": "Cmn_icnBattleColorChange", "item_disable_flag_": 0, "release_flag_": 1}, {"item_id_": 1000210, "name_id_": 1000210, "detail_id_": 1000210, "num_limit_": 1, "icon_asset_name_": "Cmn_icnBattleColorChange", "item_disable_flag_": 0, "release_flag_": 1}, {"item_id_": 1000212, "name_id_": 1000212, "detail_id_": 1000212, "num_limit_": 1, "icon_asset_name_": "Cmn_icnBattleColorChange", "item_disable_flag_": 0, "release_flag_": 1}, {"item_id_": 1000213, "name_id_": 1000213, "detail_id_": 1000213, "num_limit_": 1, "icon_asset_name_": "Cmn_icnBattleColorChange", "item_disable_flag_": 0, "release_flag_": 1}, {"item_id_": 1000214, "name_id_": 1000214, "detail_id_": 1000214, "num_limit_": 1, "icon_asset_name_": "Cmn_icnBattleColorChange", "item_disable_flag_": 0, "release_flag_": 1}, {"item_id_": 1000215, "name_id_": 1000215, "detail_id_": 1000215, "num_limit_": 1, "icon_asset_name_": "Cmn_icnBattleColorChange", "item_disable_flag_": 0, "release_flag_": 1}, {"item_id_": 1000216, "name_id_": 1000216, "detail_id_": 1000216, "num_limit_": 1, "icon_asset_name_": "Cmn_icnBattleColorChange", "item_disable_flag_": 0, "release_flag_": 1}, {"item_id_": 1000217, "name_id_": 1000217, "detail_id_": 1000217, "num_limit_": 1, "icon_asset_name_": "Cmn_icnBattleColorChange", "item_disable_flag_": 0, "release_flag_": 1}, {"item_id_": 1000218, "name_id_": 1000218, "detail_id_": 1000218, "num_limit_": 1, "icon_asset_name_": "Cmn_icnBattleColorChange", "item_disable_flag_": 0, "release_flag_": 1}, {"item_id_": 1000219, "name_id_": 1000219, "detail_id_": 1000219, "num_limit_": 1, "icon_asset_name_": "Cmn_icnBattleColorChange", "item_disable_flag_": 0, "release_flag_": 1}, {"item_id_": 1000220, "name_id_": 1000220, "detail_id_": 1000220, "num_limit_": 1, "icon_asset_name_": "Cmn_icnBattleColorChange", "item_disable_flag_": 0, "release_flag_": 1}, {"item_id_": 1000221, "name_id_": 1000221, "detail_id_": 1000221, "num_limit_": 1, "icon_asset_name_": "Cmn_icnBattleColorChange", "item_disable_flag_": 0, "release_flag_": 1}, {"item_id_": 1000222, "name_id_": 1000222, "detail_id_": 1000222, "num_limit_": 1, "icon_asset_name_": "Cmn_icnBattleColorChange", "item_disable_flag_": 0, "release_flag_": 1}, {"item_id_": 1000223, "name_id_": 1000223, "detail_id_": 1000223, "num_limit_": 1, "icon_asset_name_": "Cmn_icnBattleColorChange", "item_disable_flag_": 0, "release_flag_": 1}, {"item_id_": 1000224, "name_id_": 1000224, "detail_id_": 1000224, "num_limit_": 1, "icon_asset_name_": "Cmn_icnBattleColorChange", "item_disable_flag_": 0, "release_flag_": 1}, {"item_id_": 1000225, "name_id_": 1000225, "detail_id_": 1000225, "num_limit_": 1, "icon_asset_name_": "Cmn_icnBattleColorChange", "item_disable_flag_": 0, "release_flag_": 1}, {"item_id_": 1000226, "name_id_": 1000226, "detail_id_": 1000226, "num_limit_": 1, "icon_asset_name_": "Cmn_icnBattleColorChange", "item_disable_flag_": 0, "release_flag_": 1}, {"item_id_": 1000227, "name_id_": 1000227, "detail_id_": 1000227, "num_limit_": 1, "icon_asset_name_": "Cmn_icnBattleColorChange", "item_disable_flag_": 0, "release_flag_": 1}, {"item_id_": 1000228, "name_id_": 1000228, "detail_id_": 1000228, "num_limit_": 1, "icon_asset_name_": "Cmn_icnBattleColorChange", "item_disable_flag_": 0, "release_flag_": 1}, {"item_id_": 1000229, "name_id_": 1000229, "detail_id_": 1000229, "num_limit_": 1, "icon_asset_name_": "Cmn_icnBattleColorChange", "item_disable_flag_": 0, "release_flag_": 1}, {"item_id_": 1000230, "name_id_": 1000230, "detail_id_": 1000230, "num_limit_": 1, "icon_asset_name_": "Cmn_icnBattleColorChange", "item_disable_flag_": 0, "release_flag_": 1}, {"item_id_": 1000231, "name_id_": 1000231, "detail_id_": 1000231, "num_limit_": 1, "icon_asset_name_": "Cmn_icnBattleColorChange", "item_disable_flag_": 0, "release_flag_": 1}, {"item_id_": 1000232, "name_id_": 1000232, "detail_id_": 1000232, "num_limit_": 1, "icon_asset_name_": "Cmn_icnBattleColorChange", "item_disable_flag_": 0, "release_flag_": 1}, {"item_id_": 1000233, "name_id_": 1000233, "detail_id_": 1000233, "num_limit_": 1, "icon_asset_name_": "Cmn_icnBattleColorChange", "item_disable_flag_": 0, "release_flag_": 1}, {"item_id_": 1000234, "name_id_": 1000234, "detail_id_": 1000234, "num_limit_": 1, "icon_asset_name_": "Cmn_icnBattleColorChange", "item_disable_flag_": 0, "release_flag_": 1}, {"item_id_": 1000235, "name_id_": 1000235, "detail_id_": 1000235, "num_limit_": 1, "icon_asset_name_": "Cmn_icnBattleColorChange", "item_disable_flag_": 0, "release_flag_": 1}, {"item_id_": 1000236, "name_id_": 1000236, "detail_id_": 1000236, "num_limit_": 1, "icon_asset_name_": "Cmn_icnBattleColorChange", "item_disable_flag_": 0, "release_flag_": 1}, {"item_id_": 1000237, "name_id_": 1000237, "detail_id_": 1000237, "num_limit_": 1, "icon_asset_name_": "Cmn_icnBattleColorChange", "item_disable_flag_": 0, "release_flag_": 1}, {"item_id_": 1000238, "name_id_": 1000238, "detail_id_": 1000238, "num_limit_": 1, "icon_asset_name_": "Cmn_icnBattleColorChange", "item_disable_flag_": 0, "release_flag_": 1}, {"item_id_": 1000240, "name_id_": 1000240, "detail_id_": 1000240, "num_limit_": 1, "icon_asset_name_": "Cmn_icnBattleColorChange", "item_disable_flag_": 0, "release_flag_": 1}, {"item_id_": 1000241, "name_id_": 1000241, "detail_id_": 1000241, "num_limit_": 1, "icon_asset_name_": "Cmn_icnBattleColorChange", "item_disable_flag_": 0, "release_flag_": 1}, {"item_id_": 1000242, "name_id_": 1000242, "detail_id_": 1000242, "num_limit_": 1, "icon_asset_name_": "Cmn_icnBattleColorChange", "item_disable_flag_": 0, "release_flag_": 1}, {"item_id_": 1000243, "name_id_": 1000243, "detail_id_": 1000243, "num_limit_": 1, "icon_asset_name_": "Cmn_icnBattleColorChange", "item_disable_flag_": 0, "release_flag_": 1}, {"item_id_": 1000244, "name_id_": 1000244, "detail_id_": 1000244, "num_limit_": 1, "icon_asset_name_": "Cmn_icnBattleColorChange", "item_disable_flag_": 0, "release_flag_": 1}, {"item_id_": 1000245, "name_id_": 1000245, "detail_id_": 1000245, "num_limit_": 1, "icon_asset_name_": "Cmn_icnBattleColorChange", "item_disable_flag_": 0, "release_flag_": 1}, {"item_id_": 1000246, "name_id_": 1000246, "detail_id_": 1000246, "num_limit_": 1, "icon_asset_name_": "Cmn_icnBattleColorChange", "item_disable_flag_": 0, "release_flag_": 1}, {"item_id_": 1000247, "name_id_": 1000247, "detail_id_": 1000247, "num_limit_": 1, "icon_asset_name_": "Cmn_icnBattleColorChange", "item_disable_flag_": 0, "release_flag_": 1}, {"item_id_": 1000248, "name_id_": 1000248, "detail_id_": 1000248, "num_limit_": 1, "icon_asset_name_": "Cmn_icnBattleColorChange", "item_disable_flag_": 0, "release_flag_": 1}, {"item_id_": 1000249, "name_id_": 1000249, "detail_id_": 1000249, "num_limit_": 1, "icon_asset_name_": "Cmn_icnBattleColorChange", "item_disable_flag_": 0, "release_flag_": 1}, {"item_id_": 1000250, "name_id_": 1000250, "detail_id_": 1000250, "num_limit_": 1, "icon_asset_name_": "Cmn_icnBattleColorChange", "item_disable_flag_": 0, "release_flag_": 1}, {"item_id_": 1000251, "name_id_": 1000251, "detail_id_": 1000251, "num_limit_": 1, "icon_asset_name_": "Cmn_icnBattleColorChange", "item_disable_flag_": 0, "release_flag_": 1}, {"item_id_": 1000252, "name_id_": 1000252, "detail_id_": 1000252, "num_limit_": 1, "icon_asset_name_": "Cmn_icnBattleColorChange", "item_disable_flag_": 0, "release_flag_": 1}, {"item_id_": 1000253, "name_id_": 1000253, "detail_id_": 1000253, "num_limit_": 1, "icon_asset_name_": "Cmn_icnBattleColorChange", "item_disable_flag_": 0, "release_flag_": 1}, {"item_id_": 1000254, "name_id_": 1000254, "detail_id_": 1000254, "num_limit_": 1, "icon_asset_name_": "Cmn_icnBattleColorChange", "item_disable_flag_": 0, "release_flag_": 1}, {"item_id_": 1000255, "name_id_": 1000255, "detail_id_": 1000255, "num_limit_": 1, "icon_asset_name_": "Cmn_icnBattleColorChange", "item_disable_flag_": 0, "release_flag_": 1}, {"item_id_": 1000256, "name_id_": 1000256, "detail_id_": 1000256, "num_limit_": 1, "icon_asset_name_": "Cmn_icnBattleColorChange", "item_disable_flag_": 0, "release_flag_": 1}, {"item_id_": 1000257, "name_id_": 1000257, "detail_id_": 1000257, "num_limit_": 1, "icon_asset_name_": "Cmn_icnBattleColorChange", "item_disable_flag_": 0, "release_flag_": 1}, {"item_id_": 1000258, "name_id_": 1000258, "detail_id_": 1000258, "num_limit_": 1, "icon_asset_name_": "Cmn_icnBattleColorChange", "item_disable_flag_": 0, "release_flag_": 1}, {"item_id_": 1000259, "name_id_": 1000259, "detail_id_": 1000259, "num_limit_": 1, "icon_asset_name_": "Cmn_icnBattleColorChange", "item_disable_flag_": 0, "release_flag_": 1}, {"item_id_": 1000260, "name_id_": 1000260, "detail_id_": 1000260, "num_limit_": 1, "icon_asset_name_": "Cmn_icnBattleColorChange", "item_disable_flag_": 0, "release_flag_": 1}, {"item_id_": 1000261, "name_id_": 1000261, "detail_id_": 1000261, "num_limit_": 1, "icon_asset_name_": "Cmn_icnBattleColorChange", "item_disable_flag_": 0, "release_flag_": 1}, {"item_id_": 1000262, "name_id_": 1000262, "detail_id_": 1000262, "num_limit_": 1, "icon_asset_name_": "Cmn_icnBattleColorChange", "item_disable_flag_": 0, "release_flag_": 1}, {"item_id_": 1000263, "name_id_": 1000263, "detail_id_": 1000263, "num_limit_": 1, "icon_asset_name_": "Cmn_icnBattleColorChange", "item_disable_flag_": 0, "release_flag_": 1}, {"item_id_": 1000264, "name_id_": 1000264, "detail_id_": 1000264, "num_limit_": 1, "icon_asset_name_": "Cmn_icnBattleColorChange", "item_disable_flag_": 0, "release_flag_": 1}, {"item_id_": 1000265, "name_id_": 1000265, "detail_id_": 1000265, "num_limit_": 1, "icon_asset_name_": "Cmn_icnBattleColorChange", "item_disable_flag_": 0, "release_flag_": 1}, {"item_id_": 1000266, "name_id_": 1000266, "detail_id_": 1000266, "num_limit_": 1, "icon_asset_name_": "Cmn_icnBattleColorChange", "item_disable_flag_": 0, "release_flag_": 1}, {"item_id_": 1000268, "name_id_": 1000268, "detail_id_": 1000268, "num_limit_": 1, "icon_asset_name_": "Cmn_icnBattleColorChange", "item_disable_flag_": 0, "release_flag_": 1}, {"item_id_": 1000269, "name_id_": 1000269, "detail_id_": 1000269, "num_limit_": 1, "icon_asset_name_": "Cmn_icnBattleColorChange", "item_disable_flag_": 0, "release_flag_": 1}, {"item_id_": 1000270, "name_id_": 1000270, "detail_id_": 1000270, "num_limit_": 1, "icon_asset_name_": "Cmn_icnBattleColorChange", "item_disable_flag_": 0, "release_flag_": 1}, {"item_id_": 1000271, "name_id_": 1000271, "detail_id_": 1000271, "num_limit_": 1, "icon_asset_name_": "Cmn_icnBattleColorChange", "item_disable_flag_": 0, "release_flag_": 1}, {"item_id_": 1000272, "name_id_": 1000272, "detail_id_": 1000272, "num_limit_": 1, "icon_asset_name_": "Cmn_icnBattleColorChange", "item_disable_flag_": 0, "release_flag_": 1}, {"item_id_": 1000273, "name_id_": 1000273, "detail_id_": 1000273, "num_limit_": 1, "icon_asset_name_": "Cmn_icnBattleColorChange", "item_disable_flag_": 0, "release_flag_": 1}, {"item_id_": 1000275, "name_id_": 1000275, "detail_id_": 1000275, "num_limit_": 1, "icon_asset_name_": "Cmn_icnBattleColorChange", "item_disable_flag_": 0, "release_flag_": 1}, {"item_id_": 1000276, "name_id_": 1000276, "detail_id_": 1000276, "num_limit_": 1, "icon_asset_name_": "Cmn_icnBattleColorChange", "item_disable_flag_": 0, "release_flag_": 1}, {"item_id_": 1000277, "name_id_": 1000277, "detail_id_": 1000277, "num_limit_": 1, "icon_asset_name_": "Cmn_icnBattleColorChange", "item_disable_flag_": 0, "release_flag_": 1}, {"item_id_": 1000278, "name_id_": 1000278, "detail_id_": 1000278, "num_limit_": 1, "icon_asset_name_": "Cmn_icnBattleColorChange", "item_disable_flag_": 0, "release_flag_": 1}, {"item_id_": 1000279, "name_id_": 1000279, "detail_id_": 1000279, "num_limit_": 1, "icon_asset_name_": "Cmn_icnBattleColorChange", "item_disable_flag_": 0, "release_flag_": 1}, {"item_id_": 1000280, "name_id_": 1000280, "detail_id_": 1000280, "num_limit_": 1, "icon_asset_name_": "Cmn_icnBattleColorChange", "item_disable_flag_": 0, "release_flag_": 1}, {"item_id_": 1000281, "name_id_": 1000281, "detail_id_": 1000281, "num_limit_": 1, "icon_asset_name_": "Cmn_icnBattleColorChange", "item_disable_flag_": 0, "release_flag_": 1}, {"item_id_": 1000282, "name_id_": 1000282, "detail_id_": 1000282, "num_limit_": 1, "icon_asset_name_": "Cmn_icnBattleColorChange", "item_disable_flag_": 0, "release_flag_": 1}, {"item_id_": 1000283, "name_id_": 1000283, "detail_id_": 1000283, "num_limit_": 1, "icon_asset_name_": "Cmn_icnBattleColorChange", "item_disable_flag_": 0, "release_flag_": 1}, {"item_id_": 1000284, "name_id_": 1000284, "detail_id_": 1000284, "num_limit_": 1, "icon_asset_name_": "Cmn_icnBattleColorChange", "item_disable_flag_": 0, "release_flag_": 1}, {"item_id_": 1000285, "name_id_": 1000285, "detail_id_": 1000285, "num_limit_": 1, "icon_asset_name_": "Cmn_icnBattleColorChange", "item_disable_flag_": 0, "release_flag_": 1}, {"item_id_": 1000286, "name_id_": 1000286, "detail_id_": 1000286, "num_limit_": 1, "icon_asset_name_": "Cmn_icnBattleColorChange", "item_disable_flag_": 0, "release_flag_": 1}, {"item_id_": 1000287, "name_id_": 1000287, "detail_id_": 1000287, "num_limit_": 1, "icon_asset_name_": "Cmn_icnBattleColorChange", "item_disable_flag_": 0, "release_flag_": 1}, {"item_id_": 1000288, "name_id_": 1000288, "detail_id_": 1000288, "num_limit_": 1, "icon_asset_name_": "Cmn_icnBattleColorChange", "item_disable_flag_": 0, "release_flag_": 1}, {"item_id_": 1000289, "name_id_": 1000289, "detail_id_": 1000289, "num_limit_": 1, "icon_asset_name_": "Cmn_icnBattleColorChange", "item_disable_flag_": 0, "release_flag_": 1}, {"item_id_": 1000290, "name_id_": 1000290, "detail_id_": 1000290, "num_limit_": 1, "icon_asset_name_": "Cmn_icnBattleColorChange", "item_disable_flag_": 0, "release_flag_": 1}, {"item_id_": 1000291, "name_id_": 1000291, "detail_id_": 1000291, "num_limit_": 1, "icon_asset_name_": "Cmn_icnBattleColorChange", "item_disable_flag_": 0, "release_flag_": 1}, {"item_id_": 1000292, "name_id_": 1000292, "detail_id_": 1000292, "num_limit_": 1, "icon_asset_name_": "Cmn_icnBattleColorChange", "item_disable_flag_": 0, "release_flag_": 1}, {"item_id_": 1000293, "name_id_": 1000293, "detail_id_": 1000293, "num_limit_": 1, "icon_asset_name_": "Cmn_icnBattleColorChange", "item_disable_flag_": 0, "release_flag_": 1}, {"item_id_": 1000294, "name_id_": 1000294, "detail_id_": 1000294, "num_limit_": 1, "icon_asset_name_": "Cmn_icnBattleColorChange", "item_disable_flag_": 0, "release_flag_": 1}, {"item_id_": 1000295, "name_id_": 1000295, "detail_id_": 1000295, "num_limit_": 1, "icon_asset_name_": "Cmn_icnBattleColorChange", "item_disable_flag_": 0, "release_flag_": 1}, {"item_id_": 1000296, "name_id_": 1000296, "detail_id_": 1000296, "num_limit_": 1, "icon_asset_name_": "Cmn_icnBattleColorChange", "item_disable_flag_": 0, "release_flag_": 1}, {"item_id_": 1000297, "name_id_": 1000297, "detail_id_": 1000297, "num_limit_": 1, "icon_asset_name_": "Cmn_icnBattleColorChange", "item_disable_flag_": 0, "release_flag_": 1}, {"item_id_": 1000298, "name_id_": 1000298, "detail_id_": 1000298, "num_limit_": 1, "icon_asset_name_": "Cmn_icnBattleColorChange", "item_disable_flag_": 0, "release_flag_": 1}, {"item_id_": 1000299, "name_id_": 1000299, "detail_id_": 1000299, "num_limit_": 1, "icon_asset_name_": "Cmn_icnBattleColorChange", "item_disable_flag_": 0, "release_flag_": 1}, {"item_id_": 1000300, "name_id_": 1000300, "detail_id_": 1000300, "num_limit_": 1, "icon_asset_name_": "Cmn_icnBattleColorChange", "item_disable_flag_": 0, "release_flag_": 1}, {"item_id_": 1000301, "name_id_": 1000301, "detail_id_": 1000301, "num_limit_": 1, "icon_asset_name_": "Cmn_icnBattleColorChange", "item_disable_flag_": 0, "release_flag_": 1}, {"item_id_": 1000302, "name_id_": 1000302, "detail_id_": 1000302, "num_limit_": 1, "icon_asset_name_": "Cmn_icnBattleColorChange", "item_disable_flag_": 0, "release_flag_": 1}, {"item_id_": 1000303, "name_id_": 1000303, "detail_id_": 1000303, "num_limit_": 1, "icon_asset_name_": "Cmn_icnBattleColorChange", "item_disable_flag_": 0, "release_flag_": 1}, {"item_id_": 1000304, "name_id_": 1000304, "detail_id_": 1000304, "num_limit_": 1, "icon_asset_name_": "Cmn_icnBattleColorChange", "item_disable_flag_": 0, "release_flag_": 1}, {"item_id_": 1000305, "name_id_": 1000305, "detail_id_": 1000305, "num_limit_": 1, "icon_asset_name_": "Cmn_icnBattleColorChange", "item_disable_flag_": 0, "release_flag_": 1}, {"item_id_": 1000306, "name_id_": 1000306, "detail_id_": 1000306, "num_limit_": 1, "icon_asset_name_": "Cmn_icnBattleColorChange", "item_disable_flag_": 0, "release_flag_": 1}, {"item_id_": 1000307, "name_id_": 1000307, "detail_id_": 1000307, "num_limit_": 1, "icon_asset_name_": "Cmn_icnBattleColorChange", "item_disable_flag_": 0, "release_flag_": 1}, {"item_id_": 1000308, "name_id_": 1000308, "detail_id_": 1000308, "num_limit_": 1, "icon_asset_name_": "Cmn_icnBattleColorChange", "item_disable_flag_": 0, "release_flag_": 1}, {"item_id_": 1000309, "name_id_": 1000309, "detail_id_": 1000309, "num_limit_": 1, "icon_asset_name_": "Cmn_icnBattleColorChange", "item_disable_flag_": 0, "release_flag_": 1}, {"item_id_": 1000310, "name_id_": 1000310, "detail_id_": 1000310, "num_limit_": 1, "icon_asset_name_": "Cmn_icnBattleColorChange", "item_disable_flag_": 0, "release_flag_": 1}, {"item_id_": 1000311, "name_id_": 1000311, "detail_id_": 1000311, "num_limit_": 1, "icon_asset_name_": "Cmn_icnBattleColorChange", "item_disable_flag_": 0, "release_flag_": 1}, {"item_id_": 1000312, "name_id_": 1000312, "detail_id_": 1000312, "num_limit_": 1, "icon_asset_name_": "Cmn_icnBattleColorChange", "item_disable_flag_": 0, "release_flag_": 1}, {"item_id_": 1000313, "name_id_": 1000313, "detail_id_": 1000313, "num_limit_": 1, "icon_asset_name_": "Cmn_icnBattleColorChange", "item_disable_flag_": 0, "release_flag_": 1}, {"item_id_": 1000314, "name_id_": 1000314, "detail_id_": 1000314, "num_limit_": 1, "icon_asset_name_": "Cmn_icnBattleColorChange", "item_disable_flag_": 0, "release_flag_": 1}, {"item_id_": 1000315, "name_id_": 1000315, "detail_id_": 1000315, "num_limit_": 1, "icon_asset_name_": "Cmn_icnBattleColorChange", "item_disable_flag_": 0, "release_flag_": 1}, {"item_id_": 1000316, "name_id_": 1000316, "detail_id_": 1000316, "num_limit_": 1, "icon_asset_name_": "Cmn_icnBattleColorChange", "item_disable_flag_": 0, "release_flag_": 1}, {"item_id_": 1000317, "name_id_": 1000317, "detail_id_": 1000317, "num_limit_": 1, "icon_asset_name_": "Cmn_icnBattleColorChange", "item_disable_flag_": 0, "release_flag_": 1}, {"item_id_": 1000318, "name_id_": 1000318, "detail_id_": 1000318, "num_limit_": 1, "icon_asset_name_": "Cmn_icnBattleColorChange", "item_disable_flag_": 0, "release_flag_": 1}, {"item_id_": 1000319, "name_id_": 1000319, "detail_id_": 1000319, "num_limit_": 1, "icon_asset_name_": "Cmn_icnBattleColorChange", "item_disable_flag_": 0, "release_flag_": 1}, {"item_id_": 1000320, "name_id_": 1000320, "detail_id_": 1000320, "num_limit_": 1, "icon_asset_name_": "Cmn_icnBattleColorChange", "item_disable_flag_": 0, "release_flag_": 1}, {"item_id_": 1000321, "name_id_": 1000321, "detail_id_": 1000321, "num_limit_": 1, "icon_asset_name_": "Cmn_icnBattleColorChange", "item_disable_flag_": 0, "release_flag_": 1}, {"item_id_": 1000322, "name_id_": 1000322, "detail_id_": 1000322, "num_limit_": 1, "icon_asset_name_": "Cmn_icnBattleColorChange", "item_disable_flag_": 0, "release_flag_": 1}, {"item_id_": 1000323, "name_id_": 1000323, "detail_id_": 1000323, "num_limit_": 1, "icon_asset_name_": "Cmn_icnBattleColorChange", "item_disable_flag_": 0, "release_flag_": 1}, {"item_id_": 1000324, "name_id_": 1000324, "detail_id_": 1000324, "num_limit_": 1, "icon_asset_name_": "Cmn_icnBattleColorChange", "item_disable_flag_": 0, "release_flag_": 1}, {"item_id_": 1000325, "name_id_": 1000325, "detail_id_": 1000325, "num_limit_": 1, "icon_asset_name_": "Cmn_icnBattleColorChange", "item_disable_flag_": 0, "release_flag_": 1}, {"item_id_": 1000326, "name_id_": 1000326, "detail_id_": 1000326, "num_limit_": 1, "icon_asset_name_": "Cmn_icnBattleColorChange", "item_disable_flag_": 0, "release_flag_": 1}, {"item_id_": 1000327, "name_id_": 1000327, "detail_id_": 1000327, "num_limit_": 1, "icon_asset_name_": "Cmn_icnBattleColorChange", "item_disable_flag_": 0, "release_flag_": 1}, {"item_id_": 1000328, "name_id_": 1000328, "detail_id_": 1000328, "num_limit_": 1, "icon_asset_name_": "Cmn_icnBattleColorChange", "item_disable_flag_": 0, "release_flag_": 1}, {"item_id_": 1000329, "name_id_": 1000329, "detail_id_": 1000329, "num_limit_": 1, "icon_asset_name_": "Cmn_icnBattleColorChange", "item_disable_flag_": 0, "release_flag_": 1}, {"item_id_": 1000330, "name_id_": 1000330, "detail_id_": 1000330, "num_limit_": 1, "icon_asset_name_": "Cmn_icnBattleColorChange", "item_disable_flag_": 0, "release_flag_": 1}, {"item_id_": 1000331, "name_id_": 1000331, "detail_id_": 1000331, "num_limit_": 1, "icon_asset_name_": "Cmn_icnBattleColorChange", "item_disable_flag_": 0, "release_flag_": 1}, {"item_id_": 1000332, "name_id_": 1000332, "detail_id_": 1000332, "num_limit_": 1, "icon_asset_name_": "Cmn_icnBattleColorChange", "item_disable_flag_": 0, "release_flag_": 1}, {"item_id_": 1000333, "name_id_": 1000333, "detail_id_": 1000333, "num_limit_": 1, "icon_asset_name_": "Cmn_icnBattleColorChange", "item_disable_flag_": 0, "release_flag_": 1}, {"item_id_": 1000334, "name_id_": 1000334, "detail_id_": 1000334, "num_limit_": 1, "icon_asset_name_": "Cmn_icnBattleColorChange", "item_disable_flag_": 0, "release_flag_": 1}, {"item_id_": 1000337, "name_id_": 1000337, "detail_id_": 1000337, "num_limit_": 1, "icon_asset_name_": "Cmn_icnBattleColorChange", "item_disable_flag_": 0, "release_flag_": 1}, {"item_id_": 1000338, "name_id_": 1000338, "detail_id_": 1000338, "num_limit_": 1, "icon_asset_name_": "Cmn_icnBattleColorChange", "item_disable_flag_": 0, "release_flag_": 1}, {"item_id_": 1000339, "name_id_": 1000339, "detail_id_": 1000339, "num_limit_": 1, "icon_asset_name_": "Cmn_icnBattleColorChange", "item_disable_flag_": 0, "release_flag_": 1}, {"item_id_": 1000340, "name_id_": 1000340, "detail_id_": 1000340, "num_limit_": 1, "icon_asset_name_": "Cmn_icnBattleColorChange", "item_disable_flag_": 0, "release_flag_": 1}, {"item_id_": 1000341, "name_id_": 1000341, "detail_id_": 1000341, "num_limit_": 1, "icon_asset_name_": "Cmn_icnBattleColorChange", "item_disable_flag_": 0, "release_flag_": 1}, {"item_id_": 1000342, "name_id_": 1000342, "detail_id_": 1000342, "num_limit_": 1, "icon_asset_name_": "Cmn_icnBattleColorChange", "item_disable_flag_": 0, "release_flag_": 1}, {"item_id_": 1000343, "name_id_": 1000343, "detail_id_": 1000343, "num_limit_": 1, "icon_asset_name_": "Cmn_icnBattleColorChange", "item_disable_flag_": 0, "release_flag_": 1}, {"item_id_": 1000344, "name_id_": 1000344, "detail_id_": 1000344, "num_limit_": 1, "icon_asset_name_": "Cmn_icnBattleColorChange", "item_disable_flag_": 0, "release_flag_": 1}, {"item_id_": 1000345, "name_id_": 1000345, "detail_id_": 1000345, "num_limit_": 1, "icon_asset_name_": "Cmn_icnBattleColorChange", "item_disable_flag_": 0, "release_flag_": 1}, {"item_id_": 1000346, "name_id_": 1000346, "detail_id_": 1000346, "num_limit_": 1, "icon_asset_name_": "Cmn_icnBattleColorChange", "item_disable_flag_": 0, "release_flag_": 1}, {"item_id_": 1000347, "name_id_": 1000347, "detail_id_": 1000347, "num_limit_": 1, "icon_asset_name_": "Cmn_icnBattleColorChange", "item_disable_flag_": 0, "release_flag_": 1}, {"item_id_": 1000348, "name_id_": 1000348, "detail_id_": 1000348, "num_limit_": 1, "icon_asset_name_": "Cmn_icnBattleColorChange", "item_disable_flag_": 0, "release_flag_": 1}, {"item_id_": 1000349, "name_id_": 1000349, "detail_id_": 1000349, "num_limit_": 1, "icon_asset_name_": "Cmn_icnBattleColorChange", "item_disable_flag_": 0, "release_flag_": 1}, {"item_id_": 1000350, "name_id_": 1000350, "detail_id_": 1000350, "num_limit_": 1, "icon_asset_name_": "Cmn_icnBattleColorChange", "item_disable_flag_": 0, "release_flag_": 1}, {"item_id_": 1000351, "name_id_": 1000351, "detail_id_": 1000351, "num_limit_": 1, "icon_asset_name_": "Cmn_icnBattleColorChange", "item_disable_flag_": 0, "release_flag_": 1}, {"item_id_": 1000352, "name_id_": 1000352, "detail_id_": 1000352, "num_limit_": 1, "icon_asset_name_": "Cmn_icnBattleColorChange", "item_disable_flag_": 0, "release_flag_": 1}, {"item_id_": 1000353, "name_id_": 1000353, "detail_id_": 1000353, "num_limit_": 1, "icon_asset_name_": "Cmn_icnBattleColorChange", "item_disable_flag_": 0, "release_flag_": 1}, {"item_id_": 1000354, "name_id_": 1000354, "detail_id_": 1000354, "num_limit_": 1, "icon_asset_name_": "Cmn_icnBattleColorChange", "item_disable_flag_": 0, "release_flag_": 1}, {"item_id_": 1000362, "name_id_": 1000362, "detail_id_": 1000362, "num_limit_": 1, "icon_asset_name_": "Cmn_icnBattleColorChange", "item_disable_flag_": 0, "release_flag_": 1}, {"item_id_": 1000363, "name_id_": 1000363, "detail_id_": 1000363, "num_limit_": 1, "icon_asset_name_": "Cmn_icnBattleColorChange", "item_disable_flag_": 0, "release_flag_": 1}, {"item_id_": 1000364, "name_id_": 1000364, "detail_id_": 1000364, "num_limit_": 1, "icon_asset_name_": "Cmn_icnBattleColorChange", "item_disable_flag_": 0, "release_flag_": 1}, {"item_id_": 1000365, "name_id_": 1000365, "detail_id_": 1000365, "num_limit_": 1, "icon_asset_name_": "Cmn_icnBattleColorChange", "item_disable_flag_": 0, "release_flag_": 1}, {"item_id_": 1000366, "name_id_": 1000366, "detail_id_": 1000366, "num_limit_": 1, "icon_asset_name_": "Cmn_icnBattleColorChange", "item_disable_flag_": 0, "release_flag_": 1}, {"item_id_": 1000367, "name_id_": 1000367, "detail_id_": 1000367, "num_limit_": 1, "icon_asset_name_": "Cmn_icnBattleColorChange", "item_disable_flag_": 0, "release_flag_": 1}, {"item_id_": 1000370, "name_id_": 1000370, "detail_id_": 1000370, "num_limit_": 1, "icon_asset_name_": "Cmn_icnBattleColorChange", "item_disable_flag_": 0, "release_flag_": 1}, {"item_id_": 1000371, "name_id_": 1000371, "detail_id_": 1000371, "num_limit_": 1, "icon_asset_name_": "Cmn_icnBattleColorChange", "item_disable_flag_": 0, "release_flag_": 1}, {"item_id_": 1000372, "name_id_": 1000372, "detail_id_": 1000372, "num_limit_": 1, "icon_asset_name_": "Cmn_icnBattleColorChange", "item_disable_flag_": 0, "release_flag_": 1}, {"item_id_": 1000373, "name_id_": 1000373, "detail_id_": 1000373, "num_limit_": 1, "icon_asset_name_": "Cmn_icnBattleColorChange", "item_disable_flag_": 0, "release_flag_": 1}, {"item_id_": 1000374, "name_id_": 1000374, "detail_id_": 1000374, "num_limit_": 1, "icon_asset_name_": "Cmn_icnBattleColorChange", "item_disable_flag_": 0, "release_flag_": 1}, {"item_id_": 1000375, "name_id_": 1000375, "detail_id_": 1000375, "num_limit_": 1, "icon_asset_name_": "Cmn_icnBattleColorChange", "item_disable_flag_": 0, "release_flag_": 1}, {"item_id_": 1000376, "name_id_": 1000376, "detail_id_": 1000376, "num_limit_": 1, "icon_asset_name_": "Cmn_icnBattleColorChange", "item_disable_flag_": 0, "release_flag_": 1}, {"item_id_": 1000377, "name_id_": 1000377, "detail_id_": 1000377, "num_limit_": 1, "icon_asset_name_": "Cmn_icnBattleColorChange", "item_disable_flag_": 0, "release_flag_": 1}, {"item_id_": 1000378, "name_id_": 1000378, "detail_id_": 1000378, "num_limit_": 1, "icon_asset_name_": "Cmn_icnBattleColorChange", "item_disable_flag_": 0, "release_flag_": 1}, {"item_id_": 1000379, "name_id_": 1000379, "detail_id_": 1000379, "num_limit_": 1, "icon_asset_name_": "Cmn_icnBattleColorChange", "item_disable_flag_": 0, "release_flag_": 1}, {"item_id_": 1000380, "name_id_": 1000380, "detail_id_": 1000380, "num_limit_": 1, "icon_asset_name_": "Cmn_icnBattleColorChange", "item_disable_flag_": 0, "release_flag_": 1}, {"item_id_": 1000381, "name_id_": 1000381, "detail_id_": 1000381, "num_limit_": 1, "icon_asset_name_": "Cmn_icnBattleColorChange", "item_disable_flag_": 0, "release_flag_": 1}, {"item_id_": 1000382, "name_id_": 1000382, "detail_id_": 1000382, "num_limit_": 1, "icon_asset_name_": "Cmn_icnBattleColorChange", "item_disable_flag_": 0, "release_flag_": 1}, {"item_id_": 1000383, "name_id_": 1000383, "detail_id_": 1000383, "num_limit_": 1, "icon_asset_name_": "Cmn_icnBattleColorChange", "item_disable_flag_": 0, "release_flag_": 1}, {"item_id_": 1000384, "name_id_": 1000384, "detail_id_": 1000384, "num_limit_": 1, "icon_asset_name_": "Cmn_icnBattleColorChange", "item_disable_flag_": 0, "release_flag_": 1}, {"item_id_": 1000385, "name_id_": 1000385, "detail_id_": 1000385, "num_limit_": 1, "icon_asset_name_": "Cmn_icnBattleColorChange", "item_disable_flag_": 0, "release_flag_": 1}, {"item_id_": 1000386, "name_id_": 1000386, "detail_id_": 1000386, "num_limit_": 1, "icon_asset_name_": "Cmn_icnBattleColorChange", "item_disable_flag_": 0, "release_flag_": 1}, {"item_id_": 1000387, "name_id_": 1000387, "detail_id_": 1000387, "num_limit_": 1, "icon_asset_name_": "Cmn_icnBattleColorChange", "item_disable_flag_": 0, "release_flag_": 1}, {"item_id_": 1000388, "name_id_": 1000388, "detail_id_": 1000388, "num_limit_": 1, "icon_asset_name_": "Cmn_icnBattleColorChange", "item_disable_flag_": 0, "release_flag_": 1}, {"item_id_": 1000389, "name_id_": 1000389, "detail_id_": 1000389, "num_limit_": 1, "icon_asset_name_": "Cmn_icnBattleColorChange", "item_disable_flag_": 0, "release_flag_": 1}, {"item_id_": 1000390, "name_id_": 1000390, "detail_id_": 1000390, "num_limit_": 1, "icon_asset_name_": "Cmn_icnBattleColorChange", "item_disable_flag_": 0, "release_flag_": 1}, {"item_id_": 1000391, "name_id_": 1000391, "detail_id_": 1000391, "num_limit_": 1, "icon_asset_name_": "Cmn_icnBattleColorChange", "item_disable_flag_": 0, "release_flag_": 1}, {"item_id_": 1000392, "name_id_": 1000392, "detail_id_": 1000392, "num_limit_": 1, "icon_asset_name_": "Cmn_icnBattleColorChange", "item_disable_flag_": 0, "release_flag_": 1}, {"item_id_": 1000393, "name_id_": 1000393, "detail_id_": 1000393, "num_limit_": 1, "icon_asset_name_": "Cmn_icnBattleColorChange", "item_disable_flag_": 0, "release_flag_": 1}, {"item_id_": 1000394, "name_id_": 1000394, "detail_id_": 1000394, "num_limit_": 1, "icon_asset_name_": "Cmn_icnBattleColorChange", "item_disable_flag_": 0, "release_flag_": 1}, {"item_id_": 1000395, "name_id_": 1000395, "detail_id_": 1000395, "num_limit_": 1, "icon_asset_name_": "Cmn_icnBattleColorChange", "item_disable_flag_": 0, "release_flag_": 1}, {"item_id_": 1000396, "name_id_": 1000396, "detail_id_": 1000396, "num_limit_": 1, "icon_asset_name_": "Cmn_icnBattleColorChange", "item_disable_flag_": 0, "release_flag_": 1}, {"item_id_": 1000397, "name_id_": 1000397, "detail_id_": 1000397, "num_limit_": 1, "icon_asset_name_": "Cmn_icnBattleColorChange", "item_disable_flag_": 0, "release_flag_": 1}, {"item_id_": 1000398, "name_id_": 1000398, "detail_id_": 1000398, "num_limit_": 1, "icon_asset_name_": "Cmn_icnBattleColorChange", "item_disable_flag_": 0, "release_flag_": 1}, {"item_id_": 1000399, "name_id_": 1000399, "detail_id_": 1000399, "num_limit_": 1, "icon_asset_name_": "Cmn_icnBattleColorChange", "item_disable_flag_": 0, "release_flag_": 1}, {"item_id_": 1000400, "name_id_": 1000400, "detail_id_": 1000400, "num_limit_": 1, "icon_asset_name_": "Cmn_icnBattleColorChange", "item_disable_flag_": 0, "release_flag_": 1}, {"item_id_": 1000401, "name_id_": 1000401, "detail_id_": 1000401, "num_limit_": 1, "icon_asset_name_": "Cmn_icnBattleColorChange", "item_disable_flag_": 0, "release_flag_": 1}, {"item_id_": 1000402, "name_id_": 1000402, "detail_id_": 1000402, "num_limit_": 1, "icon_asset_name_": "Cmn_icnBattleColorChange", "item_disable_flag_": 0, "release_flag_": 1}, {"item_id_": 1000403, "name_id_": 1000403, "detail_id_": 1000403, "num_limit_": 1, "icon_asset_name_": "Cmn_icnBattleColorChange", "item_disable_flag_": 0, "release_flag_": 1}, {"item_id_": 1000404, "name_id_": 1000404, "detail_id_": 1000404, "num_limit_": 1, "icon_asset_name_": "Cmn_icnBattleColorChange", "item_disable_flag_": 0, "release_flag_": 1}, {"item_id_": 1000405, "name_id_": 1000405, "detail_id_": 1000405, "num_limit_": 1, "icon_asset_name_": "Cmn_icnBattleColorChange", "item_disable_flag_": 0, "release_flag_": 1}, {"item_id_": 1000406, "name_id_": 1000406, "detail_id_": 1000406, "num_limit_": 1, "icon_asset_name_": "Cmn_icnBattleColorChange", "item_disable_flag_": 0, "release_flag_": 1}, {"item_id_": 1000409, "name_id_": 1000409, "detail_id_": 1000409, "num_limit_": 1, "icon_asset_name_": "Cmn_icnBattleColorChange", "item_disable_flag_": 0, "release_flag_": 1}, {"item_id_": 1000410, "name_id_": 1000410, "detail_id_": 1000410, "num_limit_": 1, "icon_asset_name_": "Cmn_icnBattleColorChange", "item_disable_flag_": 0, "release_flag_": 1}, {"item_id_": 1000411, "name_id_": 1000411, "detail_id_": 1000411, "num_limit_": 1, "icon_asset_name_": "Cmn_icnBattleColorChange", "item_disable_flag_": 0, "release_flag_": 1}, {"item_id_": 1000412, "name_id_": 1000412, "detail_id_": 1000412, "num_limit_": 1, "icon_asset_name_": "Cmn_icnBattleColorChange", "item_disable_flag_": 0, "release_flag_": 1}, {"item_id_": 1000414, "name_id_": 1000414, "detail_id_": 1000414, "num_limit_": 1, "icon_asset_name_": "Cmn_icnBattleColorChange", "item_disable_flag_": 0, "release_flag_": 1}, {"item_id_": 1000424, "name_id_": 1000424, "detail_id_": 1000424, "num_limit_": 1, "icon_asset_name_": "Cmn_icnBattleColorChange", "item_disable_flag_": 0, "release_flag_": 1}, {"item_id_": 1000425, "name_id_": 1000425, "detail_id_": 1000425, "num_limit_": 1, "icon_asset_name_": "Cmn_icnBattleColorChange", "item_disable_flag_": 0, "release_flag_": 1}, {"item_id_": 1000426, "name_id_": 1000426, "detail_id_": 1000426, "num_limit_": 1, "icon_asset_name_": "Cmn_icnBattleColorChange", "item_disable_flag_": 0, "release_flag_": 1}, {"item_id_": 1000427, "name_id_": 1000427, "detail_id_": 1000427, "num_limit_": 1, "icon_asset_name_": "Cmn_icnBattleColorChange", "item_disable_flag_": 0, "release_flag_": 1}, {"item_id_": 1000428, "name_id_": 1000428, "detail_id_": 1000428, "num_limit_": 1, "icon_asset_name_": "Cmn_icnBattleColorChange", "item_disable_flag_": 0, "release_flag_": 1}, {"item_id_": 1000429, "name_id_": 1000429, "detail_id_": 1000429, "num_limit_": 1, "icon_asset_name_": "Cmn_icnBattleColorChange", "item_disable_flag_": 0, "release_flag_": 1}, {"item_id_": 1000430, "name_id_": 1000430, "detail_id_": 1000430, "num_limit_": 1, "icon_asset_name_": "Cmn_icnBattleColorChange", "item_disable_flag_": 0, "release_flag_": 1}, {"item_id_": 1000431, "name_id_": 1000431, "detail_id_": 1000431, "num_limit_": 1, "icon_asset_name_": "Cmn_icnBattleColorChange", "item_disable_flag_": 0, "release_flag_": 1}, {"item_id_": 1000432, "name_id_": 1000432, "detail_id_": 1000432, "num_limit_": 1, "icon_asset_name_": "Cmn_icnBattleColorChange", "item_disable_flag_": 0, "release_flag_": 1}, {"item_id_": 1000433, "name_id_": 1000433, "detail_id_": 1000433, "num_limit_": 1, "icon_asset_name_": "Cmn_icnBattleColorChange", "item_disable_flag_": 0, "release_flag_": 1}, {"item_id_": 1000434, "name_id_": 1000434, "detail_id_": 1000434, "num_limit_": 1, "icon_asset_name_": "Cmn_icnBattleColorChange", "item_disable_flag_": 0, "release_flag_": 1}, {"item_id_": 1000435, "name_id_": 1000435, "detail_id_": 1000435, "num_limit_": 1, "icon_asset_name_": "Cmn_icnBattleColorChange", "item_disable_flag_": 0, "release_flag_": 1}, {"item_id_": 1000441, "name_id_": 1000441, "detail_id_": 1000441, "num_limit_": 1, "icon_asset_name_": "Cmn_icnBattleColorChange", "item_disable_flag_": 0, "release_flag_": 1}, {"item_id_": 1000442, "name_id_": 1000442, "detail_id_": 1000442, "num_limit_": 1, "icon_asset_name_": "Cmn_icnBattleColorChange", "item_disable_flag_": 0, "release_flag_": 1}, {"item_id_": 1000443, "name_id_": 1000443, "detail_id_": 1000443, "num_limit_": 1, "icon_asset_name_": "Cmn_icnBattleColorChange", "item_disable_flag_": 0, "release_flag_": 1}, {"item_id_": 1000444, "name_id_": 1000444, "detail_id_": 1000444, "num_limit_": 1, "icon_asset_name_": "Cmn_icnBattleColorChange", "item_disable_flag_": 0, "release_flag_": 1}, {"item_id_": 1000445, "name_id_": 1000445, "detail_id_": 1000445, "num_limit_": 1, "icon_asset_name_": "Cmn_icnBattleColorChange", "item_disable_flag_": 0, "release_flag_": 1}, {"item_id_": 1000447, "name_id_": 1000447, "detail_id_": 1000447, "num_limit_": 1, "icon_asset_name_": "Cmn_icnBattleColorChange", "item_disable_flag_": 0, "release_flag_": 1}, {"item_id_": 1000448, "name_id_": 1000448, "detail_id_": 1000448, "num_limit_": 1, "icon_asset_name_": "Cmn_icnBattleColorChange", "item_disable_flag_": 0, "release_flag_": 1}, {"item_id_": 1000449, "name_id_": 1000449, "detail_id_": 1000449, "num_limit_": 1, "icon_asset_name_": "Cmn_icnBattleColorChange", "item_disable_flag_": 0, "release_flag_": 1}, {"item_id_": 1000450, "name_id_": 1000450, "detail_id_": 1000450, "num_limit_": 1, "icon_asset_name_": "Cmn_icnBattleColorChange", "item_disable_flag_": 0, "release_flag_": 1}, {"item_id_": 1000451, "name_id_": 1000451, "detail_id_": 1000451, "num_limit_": 1, "icon_asset_name_": "Cmn_icnBattleColorChange", "item_disable_flag_": 0, "release_flag_": 1}, {"item_id_": 1000452, "name_id_": 1000452, "detail_id_": 1000452, "num_limit_": 1, "icon_asset_name_": "Cmn_icnBattleColorChange", "item_disable_flag_": 0, "release_flag_": 1}, {"item_id_": 1000453, "name_id_": 1000453, "detail_id_": 1000453, "num_limit_": 1, "icon_asset_name_": "Cmn_icnBattleColorChange", "item_disable_flag_": 0, "release_flag_": 1}, {"item_id_": 1000454, "name_id_": 1000454, "detail_id_": 1000454, "num_limit_": 1, "icon_asset_name_": "Cmn_icnBattleColorChange", "item_disable_flag_": 0, "release_flag_": 1}, {"item_id_": 1000455, "name_id_": 1000455, "detail_id_": 1000455, "num_limit_": 1, "icon_asset_name_": "Cmn_icnBattleColorChange", "item_disable_flag_": 0, "release_flag_": 1}, {"item_id_": 1000456, "name_id_": 1000456, "detail_id_": 1000456, "num_limit_": 1, "icon_asset_name_": "Cmn_icnBattleColorChange", "item_disable_flag_": 0, "release_flag_": 1}, {"item_id_": 1000457, "name_id_": 1000457, "detail_id_": 1000457, "num_limit_": 1, "icon_asset_name_": "Cmn_icnBattleColorChange", "item_disable_flag_": 0, "release_flag_": 1}, {"item_id_": 1000458, "name_id_": 1000458, "detail_id_": 1000458, "num_limit_": 1, "icon_asset_name_": "Cmn_icnBattleColorChange", "item_disable_flag_": 0, "release_flag_": 1}, {"item_id_": 1000459, "name_id_": 1000459, "detail_id_": 1000459, "num_limit_": 1, "icon_asset_name_": "Cmn_icnBattleColorChange", "item_disable_flag_": 0, "release_flag_": 1}, {"item_id_": 1000460, "name_id_": 1000460, "detail_id_": 1000460, "num_limit_": 1, "icon_asset_name_": "Cmn_icnBattleColorChange", "item_disable_flag_": 0, "release_flag_": 1}, {"item_id_": 1000461, "name_id_": 1000461, "detail_id_": 1000461, "num_limit_": 1, "icon_asset_name_": "Cmn_icnBattleColorChange", "item_disable_flag_": 0, "release_flag_": 1}, {"item_id_": 1000462, "name_id_": 1000462, "detail_id_": 1000462, "num_limit_": 1, "icon_asset_name_": "Cmn_icnBattleColorChange", "item_disable_flag_": 0, "release_flag_": 1}, {"item_id_": 1000463, "name_id_": 1000463, "detail_id_": 1000463, "num_limit_": 1, "icon_asset_name_": "Cmn_icnBattleColorChange", "item_disable_flag_": 0, "release_flag_": 1}, {"item_id_": 1000464, "name_id_": 1000464, "detail_id_": 1000464, "num_limit_": 1, "icon_asset_name_": "Cmn_icnBattleColorChange", "item_disable_flag_": 0, "release_flag_": 1}, {"item_id_": 1000465, "name_id_": 1000465, "detail_id_": 1000465, "num_limit_": 1, "icon_asset_name_": "Cmn_icnBattleColorChange", "item_disable_flag_": 0, "release_flag_": 1}, {"item_id_": 1000466, "name_id_": 1000466, "detail_id_": 1000466, "num_limit_": 1, "icon_asset_name_": "Cmn_icnBattleColorChange", "item_disable_flag_": 0, "release_flag_": 1}, {"item_id_": 1000467, "name_id_": 1000467, "detail_id_": 1000467, "num_limit_": 1, "icon_asset_name_": "Cmn_icnBattleColorChange", "item_disable_flag_": 0, "release_flag_": 1}, {"item_id_": 1000468, "name_id_": 1000468, "detail_id_": 1000468, "num_limit_": 1, "icon_asset_name_": "Cmn_icnBattleColorChange", "item_disable_flag_": 0, "release_flag_": 1}, {"item_id_": 1000469, "name_id_": 1000469, "detail_id_": 1000469, "num_limit_": 1, "icon_asset_name_": "Cmn_icnBattleColorChange", "item_disable_flag_": 0, "release_flag_": 1}, {"item_id_": 1000470, "name_id_": 1000470, "detail_id_": 1000470, "num_limit_": 1, "icon_asset_name_": "Cmn_icnBattleColorChange", "item_disable_flag_": 0, "release_flag_": 1}, {"item_id_": 1000471, "name_id_": 1000471, "detail_id_": 1000471, "num_limit_": 1, "icon_asset_name_": "Cmn_icnBattleColorChange", "item_disable_flag_": 0, "release_flag_": 1}, {"item_id_": 1000472, "name_id_": 1000472, "detail_id_": 1000472, "num_limit_": 1, "icon_asset_name_": "Cmn_icnBattleColorChange", "item_disable_flag_": 0, "release_flag_": 1}, {"item_id_": 1000473, "name_id_": 1000473, "detail_id_": 1000473, "num_limit_": 1, "icon_asset_name_": "Cmn_icnBattleColorChange", "item_disable_flag_": 0, "release_flag_": 1}, {"item_id_": 1000474, "name_id_": 1000474, "detail_id_": 1000474, "num_limit_": 1, "icon_asset_name_": "Cmn_icnBattleColorChange", "item_disable_flag_": 0, "release_flag_": 1}, {"item_id_": 1000475, "name_id_": 1000475, "detail_id_": 1000475, "num_limit_": 1, "icon_asset_name_": "Cmn_icnBattleColorChange", "item_disable_flag_": 0, "release_flag_": 1}, {"item_id_": 1000476, "name_id_": 1000476, "detail_id_": 1000476, "num_limit_": 1, "icon_asset_name_": "Cmn_icnBattleColorChange", "item_disable_flag_": 0, "release_flag_": 1}, {"item_id_": 1000477, "name_id_": 1000477, "detail_id_": 1000477, "num_limit_": 1, "icon_asset_name_": "Cmn_icnBattleColorChange", "item_disable_flag_": 0, "release_flag_": 1}, {"item_id_": 1000478, "name_id_": 1000478, "detail_id_": 1000478, "num_limit_": 1, "icon_asset_name_": "Cmn_icnBattleColorChange", "item_disable_flag_": 0, "release_flag_": 1}, {"item_id_": 1000479, "name_id_": 1000479, "detail_id_": 1000479, "num_limit_": 1, "icon_asset_name_": "Cmn_icnBattleColorChange", "item_disable_flag_": 0, "release_flag_": 1}, {"item_id_": 1000480, "name_id_": 1000480, "detail_id_": 1000480, "num_limit_": 1, "icon_asset_name_": "Cmn_icnBattleColorChange", "item_disable_flag_": 0, "release_flag_": 1}, {"item_id_": 1000481, "name_id_": 1000481, "detail_id_": 1000481, "num_limit_": 1, "icon_asset_name_": "Cmn_icnBattleColorChange", "item_disable_flag_": 0, "release_flag_": 1}, {"item_id_": 1000482, "name_id_": 1000482, "detail_id_": 1000482, "num_limit_": 1, "icon_asset_name_": "Cmn_icnBattleColorChange", "item_disable_flag_": 0, "release_flag_": 1}, {"item_id_": 1000483, "name_id_": 1000483, "detail_id_": 1000483, "num_limit_": 1, "icon_asset_name_": "Cmn_icnBattleColorChange", "item_disable_flag_": 0, "release_flag_": 1}, {"item_id_": 1000484, "name_id_": 1000484, "detail_id_": 1000484, "num_limit_": 1, "icon_asset_name_": "Cmn_icnBattleColorChange", "item_disable_flag_": 0, "release_flag_": 1}, {"item_id_": 1000485, "name_id_": 1000485, "detail_id_": 1000485, "num_limit_": 1, "icon_asset_name_": "Cmn_icnBattleColorChange", "item_disable_flag_": 0, "release_flag_": 1}, {"item_id_": 1000486, "name_id_": 1000486, "detail_id_": 1000486, "num_limit_": 1, "icon_asset_name_": "Cmn_icnBattleColorChange", "item_disable_flag_": 0, "release_flag_": 1}, {"item_id_": 1000487, "name_id_": 1000487, "detail_id_": 1000487, "num_limit_": 1, "icon_asset_name_": "Cmn_icnBattleColorChange", "item_disable_flag_": 0, "release_flag_": 1}, {"item_id_": 1000488, "name_id_": 1000488, "detail_id_": 1000488, "num_limit_": 1, "icon_asset_name_": "Cmn_icnBattleColorChange", "item_disable_flag_": 0, "release_flag_": 1}, {"item_id_": 1000489, "name_id_": 1000489, "detail_id_": 1000489, "num_limit_": 1, "icon_asset_name_": "Cmn_icnBattleColorChange", "item_disable_flag_": 0, "release_flag_": 1}, {"item_id_": 1000490, "name_id_": 1000490, "detail_id_": 1000490, "num_limit_": 1, "icon_asset_name_": "Cmn_icnBattleColorChange", "item_disable_flag_": 0, "release_flag_": 1}, {"item_id_": 1000491, "name_id_": 1000491, "detail_id_": 1000491, "num_limit_": 1, "icon_asset_name_": "Cmn_icnBattleColorChange", "item_disable_flag_": 0, "release_flag_": 1}, {"item_id_": 1000492, "name_id_": 1000492, "detail_id_": 1000492, "num_limit_": 1, "icon_asset_name_": "Cmn_icnBattleColorChange", "item_disable_flag_": 0, "release_flag_": 1}, {"item_id_": 1000493, "name_id_": 1000493, "detail_id_": 1000493, "num_limit_": 1, "icon_asset_name_": "Cmn_icnBattleColorChange", "item_disable_flag_": 0, "release_flag_": 1}, {"item_id_": 1000494, "name_id_": 1000494, "detail_id_": 1000494, "num_limit_": 1, "icon_asset_name_": "Cmn_icnBattleColorChange", "item_disable_flag_": 0, "release_flag_": 1}, {"item_id_": 1000495, "name_id_": 1000495, "detail_id_": 1000495, "num_limit_": 1, "icon_asset_name_": "Cmn_icnBattleColorChange", "item_disable_flag_": 0, "release_flag_": 1}, {"item_id_": 1000496, "name_id_": 1000496, "detail_id_": 1000496, "num_limit_": 1, "icon_asset_name_": "Cmn_icnBattleColorChange", "item_disable_flag_": 0, "release_flag_": 1}, {"item_id_": 1000497, "name_id_": 1000497, "detail_id_": 1000497, "num_limit_": 1, "icon_asset_name_": "Cmn_icnBattleColorChange", "item_disable_flag_": 0, "release_flag_": 1}, {"item_id_": 1000498, "name_id_": 1000498, "detail_id_": 1000498, "num_limit_": 1, "icon_asset_name_": "Cmn_icnBattleColorChange", "item_disable_flag_": 0, "release_flag_": 1}, {"item_id_": 1000499, "name_id_": 1000499, "detail_id_": 1000499, "num_limit_": 1, "icon_asset_name_": "Cmn_icnBattleColorChange", "item_disable_flag_": 0, "release_flag_": 1}, {"item_id_": 1000500, "name_id_": 1000500, "detail_id_": 1000500, "num_limit_": 1, "icon_asset_name_": "Cmn_icnBattleColorChange", "item_disable_flag_": 0, "release_flag_": 1}, {"item_id_": 1000501, "name_id_": 1000501, "detail_id_": 1000501, "num_limit_": 1, "icon_asset_name_": "Cmn_icnBattleColorChange", "item_disable_flag_": 0, "release_flag_": 1}, {"item_id_": 1000502, "name_id_": 1000502, "detail_id_": 1000502, "num_limit_": 1, "icon_asset_name_": "Cmn_icnBattleColorChange", "item_disable_flag_": 0, "release_flag_": 1}, {"item_id_": 1000503, "name_id_": 1000503, "detail_id_": 1000503, "num_limit_": 1, "icon_asset_name_": "Cmn_icnBattleColorChange", "item_disable_flag_": 0, "release_flag_": 1}, {"item_id_": 1000507, "name_id_": 1000507, "detail_id_": 1000507, "num_limit_": 1, "icon_asset_name_": "Cmn_icnBattleColorChange", "item_disable_flag_": 0, "release_flag_": 1}, {"item_id_": 1000508, "name_id_": 1000508, "detail_id_": 1000508, "num_limit_": 1, "icon_asset_name_": "Cmn_icnBattleColorChange", "item_disable_flag_": 0, "release_flag_": 1}, {"item_id_": 1000509, "name_id_": 1000509, "detail_id_": 1000509, "num_limit_": 1, "icon_asset_name_": "Cmn_icnBattleColorChange", "item_disable_flag_": 0, "release_flag_": 1}, {"item_id_": 1000510, "name_id_": 1000510, "detail_id_": 1000510, "num_limit_": 1, "icon_asset_name_": "Cmn_icnBattleColorChange", "item_disable_flag_": 0, "release_flag_": 1}, {"item_id_": 1000511, "name_id_": 1000511, "detail_id_": 1000511, "num_limit_": 1, "icon_asset_name_": "Cmn_icnBattleColorChange", "item_disable_flag_": 0, "release_flag_": 1}, {"item_id_": 1000514, "name_id_": 1000514, "detail_id_": 1000514, "num_limit_": 1, "icon_asset_name_": "Cmn_icnBattleColorChange", "item_disable_flag_": 0, "release_flag_": 1}, {"item_id_": 1000515, "name_id_": 1000515, "detail_id_": 1000515, "num_limit_": 1, "icon_asset_name_": "Cmn_icnBattleColorChange", "item_disable_flag_": 0, "release_flag_": 1}, {"item_id_": 1000516, "name_id_": 1000516, "detail_id_": 1000516, "num_limit_": 1, "icon_asset_name_": "Cmn_icnBattleColorChange", "item_disable_flag_": 0, "release_flag_": 1}, {"item_id_": 1000517, "name_id_": 1000517, "detail_id_": 1000517, "num_limit_": 1, "icon_asset_name_": "Cmn_icnBattleColorChange", "item_disable_flag_": 0, "release_flag_": 1}, {"item_id_": 1000518, "name_id_": 1000518, "detail_id_": 1000518, "num_limit_": 1, "icon_asset_name_": "Cmn_icnBattleColorChange", "item_disable_flag_": 0, "release_flag_": 1}, {"item_id_": 1000519, "name_id_": 1000519, "detail_id_": 1000519, "num_limit_": 1, "icon_asset_name_": "Cmn_icnBattleColorChange", "item_disable_flag_": 0, "release_flag_": 1}, {"item_id_": 1000520, "name_id_": 1000520, "detail_id_": 1000520, "num_limit_": 1, "icon_asset_name_": "Cmn_icnBattleColorChange", "item_disable_flag_": 0, "release_flag_": 1}, {"item_id_": 1000521, "name_id_": 1000521, "detail_id_": 1000521, "num_limit_": 1, "icon_asset_name_": "Cmn_icnBattleColorChange", "item_disable_flag_": 0, "release_flag_": 1}, {"item_id_": 1000522, "name_id_": 1000522, "detail_id_": 1000522, "num_limit_": 1, "icon_asset_name_": "Cmn_icnBattleColorChange", "item_disable_flag_": 0, "release_flag_": 1}, {"item_id_": 1000524, "name_id_": 1000524, "detail_id_": 1000524, "num_limit_": 1, "icon_asset_name_": "Cmn_icnBattleColorChange", "item_disable_flag_": 0, "release_flag_": 1}, {"item_id_": 1000525, "name_id_": 1000525, "detail_id_": 1000525, "num_limit_": 1, "icon_asset_name_": "Cmn_icnBattleColorChange", "item_disable_flag_": 0, "release_flag_": 1}, {"item_id_": 1000526, "name_id_": 1000526, "detail_id_": 1000526, "num_limit_": 1, "icon_asset_name_": "Cmn_icnBattleColorChange", "item_disable_flag_": 0, "release_flag_": 1}, {"item_id_": 1000527, "name_id_": 1000527, "detail_id_": 1000527, "num_limit_": 1, "icon_asset_name_": "Cmn_icnBattleColorChange", "item_disable_flag_": 0, "release_flag_": 1}, {"item_id_": 1000528, "name_id_": 1000528, "detail_id_": 1000528, "num_limit_": 1, "icon_asset_name_": "Cmn_icnBattleColorChange", "item_disable_flag_": 0, "release_flag_": 1}, {"item_id_": 1000529, "name_id_": 1000529, "detail_id_": 1000529, "num_limit_": 1, "icon_asset_name_": "Cmn_icnBattleColorChange", "item_disable_flag_": 0, "release_flag_": 1}, {"item_id_": 1000530, "name_id_": 1000530, "detail_id_": 1000530, "num_limit_": 1, "icon_asset_name_": "Cmn_icnBattleColorChange", "item_disable_flag_": 0, "release_flag_": 1}, {"item_id_": 1000531, "name_id_": 1000531, "detail_id_": 1000531, "num_limit_": 1, "icon_asset_name_": "Cmn_icnBattleColorChange", "item_disable_flag_": 0, "release_flag_": 1}, {"item_id_": 1000532, "name_id_": 1000532, "detail_id_": 1000532, "num_limit_": 1, "icon_asset_name_": "Cmn_icnBattleColorChange", "item_disable_flag_": 0, "release_flag_": 1}, {"item_id_": 1000533, "name_id_": 1000533, "detail_id_": 1000533, "num_limit_": 1, "icon_asset_name_": "Cmn_icnBattleColorChange", "item_disable_flag_": 0, "release_flag_": 1}, {"item_id_": 1000534, "name_id_": 1000534, "detail_id_": 1000534, "num_limit_": 1, "icon_asset_name_": "Cmn_icnBattleColorChange", "item_disable_flag_": 0, "release_flag_": 1}, {"item_id_": 1000535, "name_id_": 1000535, "detail_id_": 1000535, "num_limit_": 1, "icon_asset_name_": "Cmn_icnBattleColorChange", "item_disable_flag_": 0, "release_flag_": 1}, {"item_id_": 1000536, "name_id_": 1000536, "detail_id_": 1000536, "num_limit_": 1, "icon_asset_name_": "Cmn_icnBattleColorChange", "item_disable_flag_": 0, "release_flag_": 1}, {"item_id_": 1000538, "name_id_": 1000538, "detail_id_": 1000538, "num_limit_": 1, "icon_asset_name_": "Cmn_icnBattleColorChange", "item_disable_flag_": 0, "release_flag_": 1}, {"item_id_": 1000539, "name_id_": 1000539, "detail_id_": 1000539, "num_limit_": 1, "icon_asset_name_": "Cmn_icnBattleColorChange", "item_disable_flag_": 0, "release_flag_": 1}, {"item_id_": 1000540, "name_id_": 1000540, "detail_id_": 1000540, "num_limit_": 1, "icon_asset_name_": "Cmn_icnBattleColorChange", "item_disable_flag_": 0, "release_flag_": 1}, {"item_id_": 1000541, "name_id_": 1000541, "detail_id_": 1000541, "num_limit_": 1, "icon_asset_name_": "Cmn_icnBattleColorChange", "item_disable_flag_": 0, "release_flag_": 1}, {"item_id_": 1000542, "name_id_": 1000542, "detail_id_": 1000542, "num_limit_": 1, "icon_asset_name_": "Cmn_icnBattleColorChange", "item_disable_flag_": 0, "release_flag_": 1}, {"item_id_": 1000543, "name_id_": 1000543, "detail_id_": 1000543, "num_limit_": 1, "icon_asset_name_": "Cmn_icnBattleColorChange", "item_disable_flag_": 0, "release_flag_": 1}, {"item_id_": 1000544, "name_id_": 1000544, "detail_id_": 1000544, "num_limit_": 1, "icon_asset_name_": "Cmn_icnBattleColorChange", "item_disable_flag_": 0, "release_flag_": 1}, {"item_id_": 1000545, "name_id_": 1000545, "detail_id_": 1000545, "num_limit_": 1, "icon_asset_name_": "Cmn_icnBattleColorChange", "item_disable_flag_": 0, "release_flag_": 1}, {"item_id_": 1000546, "name_id_": 1000546, "detail_id_": 1000546, "num_limit_": 1, "icon_asset_name_": "Cmn_icnBattleColorChange", "item_disable_flag_": 0, "release_flag_": 1}, {"item_id_": 1000547, "name_id_": 1000547, "detail_id_": 1000547, "num_limit_": 1, "icon_asset_name_": "Cmn_icnBattleColorChange", "item_disable_flag_": 0, "release_flag_": 1}, {"item_id_": 1000548, "name_id_": 1000548, "detail_id_": 1000548, "num_limit_": 1, "icon_asset_name_": "Cmn_icnBattleColorChange", "item_disable_flag_": 0, "release_flag_": 1}, {"item_id_": 1000549, "name_id_": 1000549, "detail_id_": 1000549, "num_limit_": 1, "icon_asset_name_": "Cmn_icnBattleColorChange", "item_disable_flag_": 0, "release_flag_": 1}, {"item_id_": 1000550, "name_id_": 1000550, "detail_id_": 1000550, "num_limit_": 1, "icon_asset_name_": "Cmn_icnBattleColorChange", "item_disable_flag_": 0, "release_flag_": 1}, {"item_id_": 1000551, "name_id_": 1000551, "detail_id_": 1000551, "num_limit_": 1, "icon_asset_name_": "Cmn_icnBattleColorChange", "item_disable_flag_": 0, "release_flag_": 1}, {"item_id_": 1000552, "name_id_": 1000552, "detail_id_": 1000552, "num_limit_": 1, "icon_asset_name_": "Cmn_icnBattleColorChange", "item_disable_flag_": 0, "release_flag_": 1}, {"item_id_": 1000553, "name_id_": 1000553, "detail_id_": 1000553, "num_limit_": 1, "icon_asset_name_": "Cmn_icnBattleColorChange", "item_disable_flag_": 0, "release_flag_": 1}, {"item_id_": 1000554, "name_id_": 1000554, "detail_id_": 1000554, "num_limit_": 1, "icon_asset_name_": "Cmn_icnBattleColorChange", "item_disable_flag_": 0, "release_flag_": 1}, {"item_id_": 1009000, "name_id_": 1009000, "detail_id_": 1009000, "num_limit_": 1, "icon_asset_name_": "Cmn_icnBattleColorChange", "item_disable_flag_": 0, "release_flag_": 1}]