[{"login_bonus_daily_id_": 0, "begin_date_": "2018/1/1  0:00:00", "end_date_": "2018/5/29  15:00:00", "name_id_": 1, "banner_id_": 1, "select_normal_": 1, "select_vip_": 1, "login_bonus_daily_story_id_": 0, "release_flag_": 1}, {"login_bonus_daily_id_": 1, "begin_date_": "2018/5/29  15:00:00", "end_date_": "2018/6/20  15:00:00", "name_id_": 1, "banner_id_": 2, "select_normal_": 1, "select_vip_": 1, "login_bonus_daily_story_id_": 1, "release_flag_": 1}, {"login_bonus_daily_id_": 2, "begin_date_": "2018/6/20  15:00:00", "end_date_": "2018/6/21  15:00:00", "name_id_": 1, "banner_id_": 1, "select_normal_": 1, "select_vip_": 1, "login_bonus_daily_story_id_": 0, "release_flag_": 1}, {"login_bonus_daily_id_": 3, "begin_date_": "2018/6/21  15:00:00", "end_date_": "2018/6/22  15:00:00", "name_id_": 1, "banner_id_": 3, "select_normal_": 3, "select_vip_": 3, "login_bonus_daily_story_id_": 2, "release_flag_": 1}, {"login_bonus_daily_id_": 4, "begin_date_": "2018/6/22  15:00:00", "end_date_": "2018/6/23  15:00:00", "name_id_": 1, "banner_id_": 3, "select_normal_": 3, "select_vip_": 3, "login_bonus_daily_story_id_": 3, "release_flag_": 1}, {"login_bonus_daily_id_": 5, "begin_date_": "2018/6/23  15:00:00", "end_date_": "2018/6/24  15:00:00", "name_id_": 1, "banner_id_": 3, "select_normal_": 3, "select_vip_": 3, "login_bonus_daily_story_id_": 4, "release_flag_": 1}, {"login_bonus_daily_id_": 6, "begin_date_": "2018/6/24  15:00:00", "end_date_": "2018/6/25  15:00:00", "name_id_": 1, "banner_id_": 3, "select_normal_": 3, "select_vip_": 3, "login_bonus_daily_story_id_": 5, "release_flag_": 1}, {"login_bonus_daily_id_": 7, "begin_date_": "2018/6/25  15:00:00", "end_date_": "2018/6/26  15:00:00", "name_id_": 1, "banner_id_": 3, "select_normal_": 3, "select_vip_": 3, "login_bonus_daily_story_id_": 6, "release_flag_": 1}, {"login_bonus_daily_id_": 8, "begin_date_": "2018/6/26  15:00:00", "end_date_": "2018/6/27  15:00:00", "name_id_": 1, "banner_id_": 3, "select_normal_": 3, "select_vip_": 3, "login_bonus_daily_story_id_": 7, "release_flag_": 1}, {"login_bonus_daily_id_": 9, "begin_date_": "2018/6/27  15:00:00", "end_date_": "2018/6/28  15:00:00", "name_id_": 1, "banner_id_": 3, "select_normal_": 3, "select_vip_": 3, "login_bonus_daily_story_id_": 8, "release_flag_": 1}, {"login_bonus_daily_id_": 10, "begin_date_": "2018/6/28  15:00:00", "end_date_": "2018/7/4  15:00:00", "name_id_": 1, "banner_id_": 1, "select_normal_": 1, "select_vip_": 1, "login_bonus_daily_story_id_": 0, "release_flag_": 1}, {"login_bonus_daily_id_": 11, "begin_date_": "2018/7/4  15:00:00", "end_date_": "2018/8/3  15:00:00", "name_id_": 1, "banner_id_": 1, "select_normal_": 1, "select_vip_": 1, "login_bonus_daily_story_id_": 9, "release_flag_": 1}, {"login_bonus_daily_id_": 13, "begin_date_": "2018/8/3  15:00:00", "end_date_": "2018/8/4  15:00:00", "name_id_": 1, "banner_id_": 4, "select_normal_": 2, "select_vip_": 2, "login_bonus_daily_story_id_": 11, "release_flag_": 1}, {"login_bonus_daily_id_": 14, "begin_date_": "2018/8/4  15:00:00", "end_date_": "2018/8/5  15:00:00", "name_id_": 1, "banner_id_": 4, "select_normal_": 2, "select_vip_": 2, "login_bonus_daily_story_id_": 12, "release_flag_": 1}, {"login_bonus_daily_id_": 15, "begin_date_": "2018/8/5  15:00:00", "end_date_": "2018/8/6  15:00:00", "name_id_": 1, "banner_id_": 4, "select_normal_": 2, "select_vip_": 2, "login_bonus_daily_story_id_": 13, "release_flag_": 1}, {"login_bonus_daily_id_": 16, "begin_date_": "2018/8/6  15:00:00", "end_date_": "2018/8/7  15:00:00", "name_id_": 1, "banner_id_": 4, "select_normal_": 2, "select_vip_": 2, "login_bonus_daily_story_id_": 14, "release_flag_": 1}, {"login_bonus_daily_id_": 17, "begin_date_": "2018/8/7  15:00:00", "end_date_": "2018/8/8  15:00:00", "name_id_": 1, "banner_id_": 4, "select_normal_": 2, "select_vip_": 2, "login_bonus_daily_story_id_": 15, "release_flag_": 1}, {"login_bonus_daily_id_": 18, "begin_date_": "2018/8/8  15:00:00", "end_date_": "2018/8/9  15:00:00", "name_id_": 1, "banner_id_": 4, "select_normal_": 2, "select_vip_": 2, "login_bonus_daily_story_id_": 16, "release_flag_": 1}, {"login_bonus_daily_id_": 19, "begin_date_": "2018/8/9  15:00:00", "end_date_": "2018/8/10  15:00:00", "name_id_": 1, "banner_id_": 4, "select_normal_": 2, "select_vip_": 2, "login_bonus_daily_story_id_": 17, "release_flag_": 1}, {"login_bonus_daily_id_": 20, "begin_date_": "2018/8/10  15:00:00", "end_date_": "2018/8/11  15:00:00", "name_id_": 1, "banner_id_": 4, "select_normal_": 2, "select_vip_": 2, "login_bonus_daily_story_id_": 18, "release_flag_": 1}, {"login_bonus_daily_id_": 21, "begin_date_": "2018/8/11  15:00:00", "end_date_": "2018/8/12  15:00:00", "name_id_": 1, "banner_id_": 4, "select_normal_": 2, "select_vip_": 2, "login_bonus_daily_story_id_": 19, "release_flag_": 1}, {"login_bonus_daily_id_": 22, "begin_date_": "2018/8/12  15:00:00", "end_date_": "2018/8/13  15:00:00", "name_id_": 1, "banner_id_": 4, "select_normal_": 2, "select_vip_": 2, "login_bonus_daily_story_id_": 20, "release_flag_": 1}, {"login_bonus_daily_id_": 23, "begin_date_": "2018/8/13  15:00:00", "end_date_": "2018/8/14  15:00:00", "name_id_": 1, "banner_id_": 4, "select_normal_": 2, "select_vip_": 2, "login_bonus_daily_story_id_": 21, "release_flag_": 1}, {"login_bonus_daily_id_": 24, "begin_date_": "2018/8/14  15:00:00", "end_date_": "2018/8/15  15:00:00", "name_id_": 1, "banner_id_": 4, "select_normal_": 2, "select_vip_": 2, "login_bonus_daily_story_id_": 22, "release_flag_": 1}, {"login_bonus_daily_id_": 25, "begin_date_": "2018/8/15  15:00:00", "end_date_": "2018/9/8  15:00:00", "name_id_": 1, "banner_id_": 1, "select_normal_": 1, "select_vip_": 1, "login_bonus_daily_story_id_": 23, "release_flag_": 1}, {"login_bonus_daily_id_": 26, "begin_date_": "2018/9/8  15:00:00", "end_date_": "2018/9/18  15:00:00", "name_id_": 1, "banner_id_": 5, "select_normal_": 2, "select_vip_": 2, "login_bonus_daily_story_id_": 24, "release_flag_": 1}, {"login_bonus_daily_id_": 27, "begin_date_": "2018/9/18  15:00:00", "end_date_": "2018/10/3  15:00:00", "name_id_": 1, "banner_id_": 1, "select_normal_": 1, "select_vip_": 1, "login_bonus_daily_story_id_": 23, "release_flag_": 1}, {"login_bonus_daily_id_": 28, "begin_date_": "2018/10/3  15:00:00", "end_date_": "2018/10/17  15:00:00", "name_id_": 1, "banner_id_": 1, "select_normal_": 1, "select_vip_": 1, "login_bonus_daily_story_id_": 25, "release_flag_": 1}, {"login_bonus_daily_id_": 29, "begin_date_": "2018/10/17  15:00:00", "end_date_": "2018/10/31  15:00:00", "name_id_": 1, "banner_id_": 1, "select_normal_": 1, "select_vip_": 1, "login_bonus_daily_story_id_": 26, "release_flag_": 1}, {"login_bonus_daily_id_": 30, "begin_date_": "2018/10/31  15:00:00", "end_date_": "2018/11/7  15:00:00", "name_id_": 1, "banner_id_": 1, "select_normal_": 1, "select_vip_": 1, "login_bonus_daily_story_id_": 27, "release_flag_": 1}, {"login_bonus_daily_id_": 31, "begin_date_": "2018/11/7  15:00:00", "end_date_": "2018/11/14  15:00:00", "name_id_": 1, "banner_id_": 1, "select_normal_": 1, "select_vip_": 1, "login_bonus_daily_story_id_": 28, "release_flag_": 1}, {"login_bonus_daily_id_": 32, "begin_date_": "2018/11/14  15:00:00", "end_date_": "2018/11/28  15:00:00", "name_id_": 1, "banner_id_": 1, "select_normal_": 1, "select_vip_": 1, "login_bonus_daily_story_id_": 29, "release_flag_": 1}, {"login_bonus_daily_id_": 33, "begin_date_": "2018/11/28  15:00:00", "end_date_": "2018/12/12  15:00:00", "name_id_": 1, "banner_id_": 1, "select_normal_": 1, "select_vip_": 1, "login_bonus_daily_story_id_": 30, "release_flag_": 1}, {"login_bonus_daily_id_": 34, "begin_date_": "2018/12/12  15:00:00", "end_date_": "2018/12/24  15:00:00", "name_id_": 1, "banner_id_": 1, "select_normal_": 1, "select_vip_": 1, "login_bonus_daily_story_id_": 31, "release_flag_": 1}, {"login_bonus_daily_id_": 35, "begin_date_": "2018/12/24  15:00:00", "end_date_": "2018/12/25  15:00:00", "name_id_": 1, "banner_id_": 6, "select_normal_": 2, "select_vip_": 2, "login_bonus_daily_story_id_": 32, "release_flag_": 1}, {"login_bonus_daily_id_": 36, "begin_date_": "2018/12/25  15:00:00", "end_date_": "2018/12/26  15:00:00", "name_id_": 1, "banner_id_": 1, "select_normal_": 1, "select_vip_": 1, "login_bonus_daily_story_id_": 33, "release_flag_": 1}, {"login_bonus_daily_id_": 37, "begin_date_": "2018/12/26  15:00:00", "end_date_": "2019/1/7  15:00:00", "name_id_": 1, "banner_id_": 7, "select_normal_": 3, "select_vip_": 3, "login_bonus_daily_story_id_": 34, "release_flag_": 1}, {"login_bonus_daily_id_": 38, "begin_date_": "2019/1/7  15:00:00", "end_date_": "2019/1/9  15:00:00", "name_id_": 1, "banner_id_": 1, "select_normal_": 1, "select_vip_": 1, "login_bonus_daily_story_id_": 34, "release_flag_": 1}, {"login_bonus_daily_id_": 39, "begin_date_": "2019/1/9  15:00:00", "end_date_": "2019/1/23  15:00:00", "name_id_": 1, "banner_id_": 1, "select_normal_": 1, "select_vip_": 1, "login_bonus_daily_story_id_": 35, "release_flag_": 1}, {"login_bonus_daily_id_": 40, "begin_date_": "2019/1/23  15:00:00", "end_date_": "2019/2/6  15:00:00", "name_id_": 1, "banner_id_": 1, "select_normal_": 1, "select_vip_": 1, "login_bonus_daily_story_id_": 36, "release_flag_": 1}, {"login_bonus_daily_id_": 41, "begin_date_": "2019/2/6  15:00:00", "end_date_": "2019/2/20  15:00:00", "name_id_": 1, "banner_id_": 1, "select_normal_": 1, "select_vip_": 1, "login_bonus_daily_story_id_": 37, "release_flag_": 1}, {"login_bonus_daily_id_": 42, "begin_date_": "2019/2/20  15:00:00", "end_date_": "2019/3/6  15:00:00", "name_id_": 1, "banner_id_": 1, "select_normal_": 1, "select_vip_": 1, "login_bonus_daily_story_id_": 38, "release_flag_": 1}, {"login_bonus_daily_id_": 43, "begin_date_": "2019/3/6  15:00:00", "end_date_": "2019/4/17  15:00:00", "name_id_": 1, "banner_id_": 1, "select_normal_": 1, "select_vip_": 1, "login_bonus_daily_story_id_": 39, "release_flag_": 1}, {"login_bonus_daily_id_": 44, "begin_date_": "2019/4/17  15:00:00", "end_date_": "2019/9/4  15:00:00", "name_id_": 1, "banner_id_": 1, "select_normal_": 1, "select_vip_": 1, "login_bonus_daily_story_id_": 40, "release_flag_": 1}, {"login_bonus_daily_id_": 45, "begin_date_": "2019/9/4  15:00:00", "end_date_": "2019/11/7  15:00:00", "name_id_": 1, "banner_id_": 1, "select_normal_": 1, "select_vip_": 1, "login_bonus_daily_story_id_": 41, "release_flag_": 1}, {"login_bonus_daily_id_": 46, "begin_date_": "2019/11/7  15:00:00", "end_date_": "2019/11/17  15:00:00", "name_id_": 1, "banner_id_": 1, "select_normal_": 1, "select_vip_": 1, "login_bonus_daily_story_id_": 42, "release_flag_": 1}, {"login_bonus_daily_id_": 47, "begin_date_": "2019/11/17  15:00:00", "end_date_": "2019/12/5  15:00:00", "name_id_": 1, "banner_id_": 1, "select_normal_": 1, "select_vip_": 1, "login_bonus_daily_story_id_": 43, "release_flag_": 1}, {"login_bonus_daily_id_": 48, "begin_date_": "2019/12/5  15:00:00", "end_date_": "2019/12/11  15:00:00", "name_id_": 1, "banner_id_": 1, "select_normal_": 1, "select_vip_": 1, "login_bonus_daily_story_id_": 44, "release_flag_": 1}, {"login_bonus_daily_id_": 49, "begin_date_": "2019/12/11  15:00:00", "end_date_": "2019/12/15  15:00:00", "name_id_": 1, "banner_id_": 1, "select_normal_": 1, "select_vip_": 1, "login_bonus_daily_story_id_": 45, "release_flag_": 1}, {"login_bonus_daily_id_": 50, "begin_date_": "2019/12/15  15:00:00", "end_date_": "2019/12/24  15:00:00", "name_id_": 1, "banner_id_": 1, "select_normal_": 1, "select_vip_": 1, "login_bonus_daily_story_id_": 46, "release_flag_": 1}, {"login_bonus_daily_id_": 51, "begin_date_": "2019/12/24  15:00:00", "end_date_": "2019/12/25  15:00:00", "name_id_": 1, "banner_id_": 8, "select_normal_": 2, "select_vip_": 2, "login_bonus_daily_story_id_": 47, "release_flag_": 1}, {"login_bonus_daily_id_": 52, "begin_date_": "2019/12/25  15:00:00", "end_date_": "2020/1/16  15:00:00", "name_id_": 1, "banner_id_": 1, "select_normal_": 1, "select_vip_": 1, "login_bonus_daily_story_id_": 48, "release_flag_": 1}, {"login_bonus_daily_id_": 53, "begin_date_": "2020/1/16  15:00:00", "end_date_": "2020/1/26  15:00:00", "name_id_": 1, "banner_id_": 1, "select_normal_": 1, "select_vip_": 1, "login_bonus_daily_story_id_": 49, "release_flag_": 1}, {"login_bonus_daily_id_": 54, "begin_date_": "2020/1/26  15:00:00", "end_date_": "2020/2/27  15:00:00", "name_id_": 1, "banner_id_": 1, "select_normal_": 1, "select_vip_": 1, "login_bonus_daily_story_id_": 50, "release_flag_": 1}, {"login_bonus_daily_id_": 55, "begin_date_": "2020/2/27  15:00:00", "end_date_": "2020/3/8  15:00:00", "name_id_": 1, "banner_id_": 1, "select_normal_": 1, "select_vip_": 1, "login_bonus_daily_story_id_": 51, "release_flag_": 1}, {"login_bonus_daily_id_": 56, "begin_date_": "2020/3/8  15:00:00", "end_date_": "2020/3/18  15:00:00", "name_id_": 1, "banner_id_": 1, "select_normal_": 1, "select_vip_": 1, "login_bonus_daily_story_id_": 52, "release_flag_": 1}, {"login_bonus_daily_id_": 57, "begin_date_": "2020/3/18  15:00:00", "end_date_": "2020/4/9  15:00:00", "name_id_": 1, "banner_id_": 1, "select_normal_": 1, "select_vip_": 1, "login_bonus_daily_story_id_": 53, "release_flag_": 1}, {"login_bonus_daily_id_": 58, "begin_date_": "2020/4/9  15:00:00", "end_date_": "2020/4/19  15:00:00", "name_id_": 1, "banner_id_": 1, "select_normal_": 1, "select_vip_": 1, "login_bonus_daily_story_id_": 54, "release_flag_": 1}, {"login_bonus_daily_id_": 59, "begin_date_": "2020/4/19  15:00:00", "end_date_": "2020/8/26  15:00:00", "name_id_": 1, "banner_id_": 1, "select_normal_": 1, "select_vip_": 1, "login_bonus_daily_story_id_": 55, "release_flag_": 1}, {"login_bonus_daily_id_": 60, "begin_date_": "2020/8/26  15:00:00", "end_date_": "2020/9/5  15:00:00", "name_id_": 1, "banner_id_": 1, "select_normal_": 1, "select_vip_": 1, "login_bonus_daily_story_id_": 56, "release_flag_": 1}, {"login_bonus_daily_id_": 61, "begin_date_": "2020/9/5  15:00:00", "end_date_": "2020/9/8  15:00:00", "name_id_": 1, "banner_id_": 10, "select_normal_": 1, "select_vip_": 1, "login_bonus_daily_story_id_": 1000, "release_flag_": 1}, {"login_bonus_daily_id_": 62, "begin_date_": "2020/9/8  15:00:00", "end_date_": "2020/9/12  15:00:00", "name_id_": 1, "banner_id_": 1, "select_normal_": 1, "select_vip_": 1, "login_bonus_daily_story_id_": 56, "release_flag_": 1}, {"login_bonus_daily_id_": 63, "begin_date_": "2020/9/12  15:00:00", "end_date_": "2020/9/15  15:00:00", "name_id_": 1, "banner_id_": 10, "select_normal_": 1, "select_vip_": 1, "login_bonus_daily_story_id_": 1000, "release_flag_": 1}, {"login_bonus_daily_id_": 64, "begin_date_": "2020/9/15  15:00:00", "end_date_": "2020/9/16  15:00:00", "name_id_": 1, "banner_id_": 1, "select_normal_": 1, "select_vip_": 1, "login_bonus_daily_story_id_": 56, "release_flag_": 1}, {"login_bonus_daily_id_": 65, "begin_date_": "2020/9/16  15:00:00", "end_date_": "2020/9/19  15:00:00", "name_id_": 1, "banner_id_": 1, "select_normal_": 1, "select_vip_": 1, "login_bonus_daily_story_id_": 57, "release_flag_": 1}, {"login_bonus_daily_id_": 66, "begin_date_": "2020/9/19  15:00:00", "end_date_": "2020/9/22  15:00:00", "name_id_": 1, "banner_id_": 10, "select_normal_": 1, "select_vip_": 1, "login_bonus_daily_story_id_": 1001, "release_flag_": 1}, {"login_bonus_daily_id_": 67, "begin_date_": "2020/9/22  15:00:00", "end_date_": "2020/9/26  15:00:00", "name_id_": 1, "banner_id_": 1, "select_normal_": 1, "select_vip_": 1, "login_bonus_daily_story_id_": 57, "release_flag_": 1}, {"login_bonus_daily_id_": 68, "begin_date_": "2020/9/26  15:00:00", "end_date_": "2020/9/29  15:00:00", "name_id_": 1, "banner_id_": 10, "select_normal_": 1, "select_vip_": 1, "login_bonus_daily_story_id_": 1001, "release_flag_": 1}, {"login_bonus_daily_id_": 69, "begin_date_": "2020/9/29  15:00:00", "end_date_": "2020/10/3  15:00:00", "name_id_": 1, "banner_id_": 1, "select_normal_": 1, "select_vip_": 1, "login_bonus_daily_story_id_": 57, "release_flag_": 1}, {"login_bonus_daily_id_": 70, "begin_date_": "2020/10/3  15:00:00", "end_date_": "2020/10/6  15:00:00", "name_id_": 1, "banner_id_": 10, "select_normal_": 1, "select_vip_": 1, "login_bonus_daily_story_id_": 1001, "release_flag_": 1}, {"login_bonus_daily_id_": 71, "begin_date_": "2020/10/6  15:00:00", "end_date_": "2020/10/10  15:00:00", "name_id_": 1, "banner_id_": 1, "select_normal_": 1, "select_vip_": 1, "login_bonus_daily_story_id_": 57, "release_flag_": 1}, {"login_bonus_daily_id_": 72, "begin_date_": "2020/10/10  15:00:00", "end_date_": "2020/10/13  15:00:00", "name_id_": 1, "banner_id_": 10, "select_normal_": 1, "select_vip_": 1, "login_bonus_daily_story_id_": 1001, "release_flag_": 1}, {"login_bonus_daily_id_": 73, "begin_date_": "2020/10/13  15:00:00", "end_date_": "2020/10/17  15:00:00", "name_id_": 1, "banner_id_": 1, "select_normal_": 1, "select_vip_": 1, "login_bonus_daily_story_id_": 57, "release_flag_": 1}, {"login_bonus_daily_id_": 74, "begin_date_": "2020/10/17  15:00:00", "end_date_": "2020/10/20  15:00:00", "name_id_": 1, "banner_id_": 10, "select_normal_": 1, "select_vip_": 1, "login_bonus_daily_story_id_": 1001, "release_flag_": 1}, {"login_bonus_daily_id_": 75, "begin_date_": "2020/10/20  15:00:00", "end_date_": "2020/10/24  15:00:00", "name_id_": 1, "banner_id_": 1, "select_normal_": 1, "select_vip_": 1, "login_bonus_daily_story_id_": 57, "release_flag_": 1}, {"login_bonus_daily_id_": 76, "begin_date_": "2020/10/24  15:00:00", "end_date_": "2020/10/27  15:00:00", "name_id_": 1, "banner_id_": 10, "select_normal_": 1, "select_vip_": 1, "login_bonus_daily_story_id_": 1001, "release_flag_": 1}, {"login_bonus_daily_id_": 77, "begin_date_": "2020/10/27  15:00:00", "end_date_": "2020/10/31  15:00:00", "name_id_": 1, "banner_id_": 1, "select_normal_": 1, "select_vip_": 1, "login_bonus_daily_story_id_": 57, "release_flag_": 1}, {"login_bonus_daily_id_": 78, "begin_date_": "2020/10/31  15:00:00", "end_date_": "2020/11/3  15:00:00", "name_id_": 1, "banner_id_": 10, "select_normal_": 1, "select_vip_": 1, "login_bonus_daily_story_id_": 1001, "release_flag_": 1}, {"login_bonus_daily_id_": 79, "begin_date_": "2020/11/3  15:00:00", "end_date_": "2020/11/7  15:00:00", "name_id_": 1, "banner_id_": 1, "select_normal_": 1, "select_vip_": 1, "login_bonus_daily_story_id_": 57, "release_flag_": 1}, {"login_bonus_daily_id_": 80, "begin_date_": "2020/11/7  15:00:00", "end_date_": "2020/11/10  15:00:00", "name_id_": 1, "banner_id_": 10, "select_normal_": 1, "select_vip_": 1, "login_bonus_daily_story_id_": 1001, "release_flag_": 1}, {"login_bonus_daily_id_": 81, "begin_date_": "2020/11/10  15:00:00", "end_date_": "2020/11/14  15:00:00", "name_id_": 1, "banner_id_": 1, "select_normal_": 1, "select_vip_": 1, "login_bonus_daily_story_id_": 57, "release_flag_": 1}, {"login_bonus_daily_id_": 82, "begin_date_": "2020/11/14  15:00:00", "end_date_": "2020/11/17  15:00:00", "name_id_": 1, "banner_id_": 10, "select_normal_": 1, "select_vip_": 1, "login_bonus_daily_story_id_": 1001, "release_flag_": 1}, {"login_bonus_daily_id_": 83, "begin_date_": "2020/11/17  15:00:00", "end_date_": "2020/11/21  15:00:00", "name_id_": 1, "banner_id_": 1, "select_normal_": 1, "select_vip_": 1, "login_bonus_daily_story_id_": 57, "release_flag_": 1}, {"login_bonus_daily_id_": 84, "begin_date_": "2020/11/21  15:00:00", "end_date_": "2020/11/24  15:00:00", "name_id_": 1, "banner_id_": 10, "select_normal_": 1, "select_vip_": 1, "login_bonus_daily_story_id_": 1001, "release_flag_": 1}, {"login_bonus_daily_id_": 85, "begin_date_": "2020/11/24  15:00:00", "end_date_": "2020/11/28  15:00:00", "name_id_": 1, "banner_id_": 1, "select_normal_": 1, "select_vip_": 1, "login_bonus_daily_story_id_": 57, "release_flag_": 1}, {"login_bonus_daily_id_": 86, "begin_date_": "2020/11/28  15:00:00", "end_date_": "2020/12/1  15:00:00", "name_id_": 1, "banner_id_": 10, "select_normal_": 1, "select_vip_": 1, "login_bonus_daily_story_id_": 1001, "release_flag_": 1}, {"login_bonus_daily_id_": 87, "begin_date_": "2020/12/1  15:00:00", "end_date_": "2020/12/5  15:00:00", "name_id_": 1, "banner_id_": 1, "select_normal_": 1, "select_vip_": 1, "login_bonus_daily_story_id_": 57, "release_flag_": 1}, {"login_bonus_daily_id_": 88, "begin_date_": "2020/12/5  15:00:00", "end_date_": "2020/12/8  15:00:00", "name_id_": 1, "banner_id_": 10, "select_normal_": 1, "select_vip_": 1, "login_bonus_daily_story_id_": 1001, "release_flag_": 1}, {"login_bonus_daily_id_": 89, "begin_date_": "2020/12/8  15:00:00", "end_date_": "2020/12/12  15:00:00", "name_id_": 1, "banner_id_": 1, "select_normal_": 1, "select_vip_": 1, "login_bonus_daily_story_id_": 57, "release_flag_": 1}, {"login_bonus_daily_id_": 90, "begin_date_": "2020/12/12  15:00:00", "end_date_": "2020/12/15  15:00:00", "name_id_": 1, "banner_id_": 10, "select_normal_": 1, "select_vip_": 1, "login_bonus_daily_story_id_": 1001, "release_flag_": 1}, {"login_bonus_daily_id_": 91, "begin_date_": "2020/12/15  15:00:00", "end_date_": "2020/12/19  15:00:00", "name_id_": 1, "banner_id_": 1, "select_normal_": 1, "select_vip_": 1, "login_bonus_daily_story_id_": 57, "release_flag_": 1}, {"login_bonus_daily_id_": 92, "begin_date_": "2020/12/19  15:00:00", "end_date_": "2020/12/22  15:00:00", "name_id_": 1, "banner_id_": 10, "select_normal_": 1, "select_vip_": 1, "login_bonus_daily_story_id_": 1001, "release_flag_": 1}, {"login_bonus_daily_id_": 93, "begin_date_": "2020/12/22  15:00:00", "end_date_": "2020/12/24  15:00:00", "name_id_": 1, "banner_id_": 1, "select_normal_": 1, "select_vip_": 1, "login_bonus_daily_story_id_": 57, "release_flag_": 1}, {"login_bonus_daily_id_": 94, "begin_date_": "2020/12/24  15:00:00", "end_date_": "2020/12/25  15:00:00", "name_id_": 1, "banner_id_": 11, "select_normal_": 2, "select_vip_": 2, "login_bonus_daily_story_id_": 58, "release_flag_": 1}, {"login_bonus_daily_id_": 95, "begin_date_": "2020/12/25  15:00:00", "end_date_": "2020/12/26  15:00:00", "name_id_": 1, "banner_id_": 1, "select_normal_": 1, "select_vip_": 1, "login_bonus_daily_story_id_": 57, "release_flag_": 1}, {"login_bonus_daily_id_": 96, "begin_date_": "2020/12/26  15:00:00", "end_date_": "2021/1/6  15:00:00", "name_id_": 1, "banner_id_": 10, "select_normal_": 1, "select_vip_": 1, "login_bonus_daily_story_id_": 1001, "release_flag_": 1}, {"login_bonus_daily_id_": 97, "begin_date_": "2021/1/6  15:00:00", "end_date_": "2021/1/9  15:00:00", "name_id_": 1, "banner_id_": 1, "select_normal_": 1, "select_vip_": 1, "login_bonus_daily_story_id_": 57, "release_flag_": 1}, {"login_bonus_daily_id_": 98, "begin_date_": "2021/1/9  15:00:00", "end_date_": "2021/1/12  15:00:00", "name_id_": 1, "banner_id_": 10, "select_normal_": 1, "select_vip_": 1, "login_bonus_daily_story_id_": 1001, "release_flag_": 1}, {"login_bonus_daily_id_": 99, "begin_date_": "2021/1/12  15:00:00", "end_date_": "2021/1/16  15:00:00", "name_id_": 1, "banner_id_": 1, "select_normal_": 1, "select_vip_": 1, "login_bonus_daily_story_id_": 57, "release_flag_": 1}, {"login_bonus_daily_id_": 100, "begin_date_": "2021/1/16  15:00:00", "end_date_": "2021/1/19  15:00:00", "name_id_": 1, "banner_id_": 10, "select_normal_": 1, "select_vip_": 1, "login_bonus_daily_story_id_": 1001, "release_flag_": 1}, {"login_bonus_daily_id_": 101, "begin_date_": "2021/1/19  15:00:00", "end_date_": "2021/1/23  15:00:00", "name_id_": 1, "banner_id_": 1, "select_normal_": 1, "select_vip_": 1, "login_bonus_daily_story_id_": 57, "release_flag_": 1}, {"login_bonus_daily_id_": 102, "begin_date_": "2021/1/23  15:00:00", "end_date_": "2021/1/26  15:00:00", "name_id_": 1, "banner_id_": 10, "select_normal_": 1, "select_vip_": 1, "login_bonus_daily_story_id_": 1001, "release_flag_": 1}, {"login_bonus_daily_id_": 103, "begin_date_": "2021/1/26  15:00:00", "end_date_": "2021/1/30  15:00:00", "name_id_": 1, "banner_id_": 1, "select_normal_": 1, "select_vip_": 1, "login_bonus_daily_story_id_": 57, "release_flag_": 1}, {"login_bonus_daily_id_": 104, "begin_date_": "2021/1/30  15:00:00", "end_date_": "2021/2/2  15:00:00", "name_id_": 1, "banner_id_": 10, "select_normal_": 1, "select_vip_": 1, "login_bonus_daily_story_id_": 1001, "release_flag_": 1}, {"login_bonus_daily_id_": 105, "begin_date_": "2021/2/2  15:00:00", "end_date_": "2021/2/6  15:00:00", "name_id_": 1, "banner_id_": 1, "select_normal_": 1, "select_vip_": 1, "login_bonus_daily_story_id_": 57, "release_flag_": 1}, {"login_bonus_daily_id_": 106, "begin_date_": "2021/2/6  15:00:00", "end_date_": "2021/2/9  15:00:00", "name_id_": 1, "banner_id_": 10, "select_normal_": 1, "select_vip_": 1, "login_bonus_daily_story_id_": 1001, "release_flag_": 1}, {"login_bonus_daily_id_": 107, "begin_date_": "2021/2/9  15:00:00", "end_date_": "2021/2/13  15:00:00", "name_id_": 1, "banner_id_": 1, "select_normal_": 1, "select_vip_": 1, "login_bonus_daily_story_id_": 57, "release_flag_": 1}, {"login_bonus_daily_id_": 108, "begin_date_": "2021/2/13  15:00:00", "end_date_": "2021/2/16  15:00:00", "name_id_": 1, "banner_id_": 10, "select_normal_": 1, "select_vip_": 1, "login_bonus_daily_story_id_": 1001, "release_flag_": 1}, {"login_bonus_daily_id_": 109, "begin_date_": "2021/2/16  15:00:00", "end_date_": "2021/2/20  15:00:00", "name_id_": 1, "banner_id_": 1, "select_normal_": 1, "select_vip_": 1, "login_bonus_daily_story_id_": 57, "release_flag_": 1}, {"login_bonus_daily_id_": 110, "begin_date_": "2021/2/20  15:00:00", "end_date_": "2021/2/23  15:00:00", "name_id_": 1, "banner_id_": 10, "select_normal_": 1, "select_vip_": 1, "login_bonus_daily_story_id_": 1001, "release_flag_": 1}, {"login_bonus_daily_id_": 111, "begin_date_": "2021/2/23  15:00:00", "end_date_": "2021/2/27  15:00:00", "name_id_": 1, "banner_id_": 1, "select_normal_": 1, "select_vip_": 1, "login_bonus_daily_story_id_": 57, "release_flag_": 1}, {"login_bonus_daily_id_": 112, "begin_date_": "2021/2/27  15:00:00", "end_date_": "2021/3/2  15:00:00", "name_id_": 1, "banner_id_": 10, "select_normal_": 1, "select_vip_": 1, "login_bonus_daily_story_id_": 1001, "release_flag_": 1}, {"login_bonus_daily_id_": 113, "begin_date_": "2021/3/2  15:00:00", "end_date_": "2021/3/6  15:00:00", "name_id_": 1, "banner_id_": 1, "select_normal_": 1, "select_vip_": 1, "login_bonus_daily_story_id_": 57, "release_flag_": 1}, {"login_bonus_daily_id_": 114, "begin_date_": "2021/3/6  15:00:00", "end_date_": "2021/3/9  15:00:00", "name_id_": 1, "banner_id_": 10, "select_normal_": 1, "select_vip_": 1, "login_bonus_daily_story_id_": 1001, "release_flag_": 1}, {"login_bonus_daily_id_": 115, "begin_date_": "2021/3/9  15:00:00", "end_date_": "2021/3/13  15:00:00", "name_id_": 1, "banner_id_": 1, "select_normal_": 1, "select_vip_": 1, "login_bonus_daily_story_id_": 57, "release_flag_": 1}, {"login_bonus_daily_id_": 116, "begin_date_": "2021/3/13  15:00:00", "end_date_": "2021/3/16  15:00:00", "name_id_": 1, "banner_id_": 10, "select_normal_": 1, "select_vip_": 1, "login_bonus_daily_story_id_": 1001, "release_flag_": 1}, {"login_bonus_daily_id_": 117, "begin_date_": "2021/3/16  15:00:00", "end_date_": "2021/3/20  15:00:00", "name_id_": 1, "banner_id_": 1, "select_normal_": 1, "select_vip_": 1, "login_bonus_daily_story_id_": 57, "release_flag_": 1}, {"login_bonus_daily_id_": 118, "begin_date_": "2021/3/20  15:00:00", "end_date_": "2021/3/23  15:00:00", "name_id_": 1, "banner_id_": 10, "select_normal_": 1, "select_vip_": 1, "login_bonus_daily_story_id_": 1001, "release_flag_": 1}, {"login_bonus_daily_id_": 119, "begin_date_": "2021/3/23  15:00:00", "end_date_": "2021/3/27  15:00:00", "name_id_": 1, "banner_id_": 1, "select_normal_": 1, "select_vip_": 1, "login_bonus_daily_story_id_": 57, "release_flag_": 1}, {"login_bonus_daily_id_": 120, "begin_date_": "2021/3/27  15:00:00", "end_date_": "2021/3/30  15:00:00", "name_id_": 1, "banner_id_": 10, "select_normal_": 1, "select_vip_": 1, "login_bonus_daily_story_id_": 1001, "release_flag_": 1}, {"login_bonus_daily_id_": 121, "begin_date_": "2021/3/30  15:00:00", "end_date_": "2021/4/3  15:00:00", "name_id_": 1, "banner_id_": 1, "select_normal_": 1, "select_vip_": 1, "login_bonus_daily_story_id_": 57, "release_flag_": 1}, {"login_bonus_daily_id_": 122, "begin_date_": "2021/4/3  15:00:00", "end_date_": "2021/4/6  15:00:00", "name_id_": 1, "banner_id_": 10, "select_normal_": 1, "select_vip_": 1, "login_bonus_daily_story_id_": 1001, "release_flag_": 1}, {"login_bonus_daily_id_": 123, "begin_date_": "2021/4/6  15:00:00", "end_date_": "2021/4/10  15:00:00", "name_id_": 1, "banner_id_": 1, "select_normal_": 1, "select_vip_": 1, "login_bonus_daily_story_id_": 57, "release_flag_": 1}, {"login_bonus_daily_id_": 124, "begin_date_": "2021/4/10  15:00:00", "end_date_": "2021/4/13  15:00:00", "name_id_": 1, "banner_id_": 10, "select_normal_": 1, "select_vip_": 1, "login_bonus_daily_story_id_": 1001, "release_flag_": 1}, {"login_bonus_daily_id_": 125, "begin_date_": "2021/4/13  15:00:00", "end_date_": "2021/4/17  15:00:00", "name_id_": 1, "banner_id_": 1, "select_normal_": 1, "select_vip_": 1, "login_bonus_daily_story_id_": 57, "release_flag_": 1}, {"login_bonus_daily_id_": 126, "begin_date_": "2021/4/17  15:00:00", "end_date_": "2021/4/20  15:00:00", "name_id_": 1, "banner_id_": 10, "select_normal_": 1, "select_vip_": 1, "login_bonus_daily_story_id_": 1001, "release_flag_": 1}, {"login_bonus_daily_id_": 127, "begin_date_": "2021/4/20  15:00:00", "end_date_": "2021/4/24  15:00:00", "name_id_": 1, "banner_id_": 1, "select_normal_": 1, "select_vip_": 1, "login_bonus_daily_story_id_": 57, "release_flag_": 1}, {"login_bonus_daily_id_": 128, "begin_date_": "2021/4/24  15:00:00", "end_date_": "2021/4/27  15:00:00", "name_id_": 1, "banner_id_": 10, "select_normal_": 1, "select_vip_": 1, "login_bonus_daily_story_id_": 1001, "release_flag_": 1}, {"login_bonus_daily_id_": 129, "begin_date_": "2021/4/27  15:00:00", "end_date_": "2021/4/28  15:00:00", "name_id_": 1, "banner_id_": 1, "select_normal_": 1, "select_vip_": 1, "login_bonus_daily_story_id_": 57, "release_flag_": 1}, {"login_bonus_daily_id_": 130, "begin_date_": "2021/4/28  15:00:00", "end_date_": "2021/5/12  15:00:00", "name_id_": 1, "banner_id_": 10, "select_normal_": 1, "select_vip_": 1, "login_bonus_daily_story_id_": 1001, "release_flag_": 1}, {"login_bonus_daily_id_": 131, "begin_date_": "2021/5/12  15:00:00", "end_date_": "2021/5/15  15:00:00", "name_id_": 1, "banner_id_": 1, "select_normal_": 1, "select_vip_": 1, "login_bonus_daily_story_id_": 57, "release_flag_": 1}, {"login_bonus_daily_id_": 132, "begin_date_": "2021/5/15  15:00:00", "end_date_": "2021/5/18  15:00:00", "name_id_": 1, "banner_id_": 10, "select_normal_": 1, "select_vip_": 1, "login_bonus_daily_story_id_": 1001, "release_flag_": 1}, {"login_bonus_daily_id_": 133, "begin_date_": "2021/5/18  15:00:00", "end_date_": "2021/5/22  15:00:00", "name_id_": 1, "banner_id_": 1, "select_normal_": 1, "select_vip_": 1, "login_bonus_daily_story_id_": 57, "release_flag_": 1}, {"login_bonus_daily_id_": 134, "begin_date_": "2021/5/22  15:00:00", "end_date_": "2021/5/25  15:00:00", "name_id_": 1, "banner_id_": 10, "select_normal_": 1, "select_vip_": 1, "login_bonus_daily_story_id_": 1001, "release_flag_": 1}, {"login_bonus_daily_id_": 135, "begin_date_": "2021/5/25  15:00:00", "end_date_": "2021/5/29  15:00:00", "name_id_": 1, "banner_id_": 1, "select_normal_": 1, "select_vip_": 1, "login_bonus_daily_story_id_": 57, "release_flag_": 1}, {"login_bonus_daily_id_": 136, "begin_date_": "2021/5/29  15:00:00", "end_date_": "2021/6/1  15:00:00", "name_id_": 1, "banner_id_": 10, "select_normal_": 1, "select_vip_": 1, "login_bonus_daily_story_id_": 1001, "release_flag_": 1}, {"login_bonus_daily_id_": 137, "begin_date_": "2021/6/1  15:00:00", "end_date_": "2021/6/5  15:00:00", "name_id_": 1, "banner_id_": 1, "select_normal_": 1, "select_vip_": 1, "login_bonus_daily_story_id_": 57, "release_flag_": 1}, {"login_bonus_daily_id_": 138, "begin_date_": "2021/6/5  15:00:00", "end_date_": "2021/6/8  15:00:00", "name_id_": 1, "banner_id_": 10, "select_normal_": 1, "select_vip_": 1, "login_bonus_daily_story_id_": 1001, "release_flag_": 1}, {"login_bonus_daily_id_": 139, "begin_date_": "2021/6/8  15:00:00", "end_date_": "2021/6/12  15:00:00", "name_id_": 1, "banner_id_": 1, "select_normal_": 1, "select_vip_": 1, "login_bonus_daily_story_id_": 57, "release_flag_": 1}, {"login_bonus_daily_id_": 140, "begin_date_": "2021/6/12  15:00:00", "end_date_": "2021/6/15  15:00:00", "name_id_": 1, "banner_id_": 10, "select_normal_": 1, "select_vip_": 1, "login_bonus_daily_story_id_": 1001, "release_flag_": 1}, {"login_bonus_daily_id_": 141, "begin_date_": "2021/6/15  15:00:00", "end_date_": "2021/6/19  15:00:00", "name_id_": 1, "banner_id_": 1, "select_normal_": 1, "select_vip_": 1, "login_bonus_daily_story_id_": 57, "release_flag_": 1}, {"login_bonus_daily_id_": 142, "begin_date_": "2021/6/19  15:00:00", "end_date_": "2021/6/22  15:00:00", "name_id_": 1, "banner_id_": 10, "select_normal_": 1, "select_vip_": 1, "login_bonus_daily_story_id_": 1001, "release_flag_": 1}, {"login_bonus_daily_id_": 143, "begin_date_": "2021/6/22  15:00:00", "end_date_": "2021/6/26  15:00:00", "name_id_": 1, "banner_id_": 1, "select_normal_": 1, "select_vip_": 1, "login_bonus_daily_story_id_": 57, "release_flag_": 1}, {"login_bonus_daily_id_": 144, "begin_date_": "2021/6/26  15:00:00", "end_date_": "2021/6/29  15:00:00", "name_id_": 1, "banner_id_": 10, "select_normal_": 1, "select_vip_": 1, "login_bonus_daily_story_id_": 1001, "release_flag_": 1}, {"login_bonus_daily_id_": 145, "begin_date_": "2021/6/29  15:00:00", "end_date_": "2021/7/3  15:00:00", "name_id_": 1, "banner_id_": 1, "select_normal_": 1, "select_vip_": 1, "login_bonus_daily_story_id_": 57, "release_flag_": 1}, {"login_bonus_daily_id_": 146, "begin_date_": "2021/7/3  15:00:00", "end_date_": "2021/7/6  15:00:00", "name_id_": 1, "banner_id_": 10, "select_normal_": 1, "select_vip_": 1, "login_bonus_daily_story_id_": 1001, "release_flag_": 1}, {"login_bonus_daily_id_": 147, "begin_date_": "2021/7/6  15:00:00", "end_date_": "2021/7/10  15:00:00", "name_id_": 1, "banner_id_": 1, "select_normal_": 1, "select_vip_": 1, "login_bonus_daily_story_id_": 57, "release_flag_": 1}, {"login_bonus_daily_id_": 148, "begin_date_": "2021/7/10  15:00:00", "end_date_": "2021/7/13  15:00:00", "name_id_": 1, "banner_id_": 10, "select_normal_": 1, "select_vip_": 1, "login_bonus_daily_story_id_": 1001, "release_flag_": 1}, {"login_bonus_daily_id_": 149, "begin_date_": "2021/7/13  15:00:00", "end_date_": "2021/7/17  15:00:00", "name_id_": 1, "banner_id_": 1, "select_normal_": 1, "select_vip_": 1, "login_bonus_daily_story_id_": 57, "release_flag_": 1}, {"login_bonus_daily_id_": 150, "begin_date_": "2021/7/17  15:00:00", "end_date_": "2021/7/20  15:00:00", "name_id_": 1, "banner_id_": 10, "select_normal_": 1, "select_vip_": 1, "login_bonus_daily_story_id_": 1001, "release_flag_": 1}, {"login_bonus_daily_id_": 151, "begin_date_": "2021/7/20  15:00:00", "end_date_": "2021/7/24  15:00:00", "name_id_": 1, "banner_id_": 1, "select_normal_": 1, "select_vip_": 1, "login_bonus_daily_story_id_": 57, "release_flag_": 1}, {"login_bonus_daily_id_": 152, "begin_date_": "2021/7/24  15:00:00", "end_date_": "2021/7/27  15:00:00", "name_id_": 1, "banner_id_": 10, "select_normal_": 1, "select_vip_": 1, "login_bonus_daily_story_id_": 1001, "release_flag_": 1}, {"login_bonus_daily_id_": 153, "begin_date_": "2021/7/27  15:00:00", "end_date_": "2021/7/31  15:00:00", "name_id_": 1, "banner_id_": 1, "select_normal_": 1, "select_vip_": 1, "login_bonus_daily_story_id_": 57, "release_flag_": 1}, {"login_bonus_daily_id_": 154, "begin_date_": "2021/7/31  15:00:00", "end_date_": "2021/8/3  15:00:00", "name_id_": 1, "banner_id_": 10, "select_normal_": 1, "select_vip_": 1, "login_bonus_daily_story_id_": 1001, "release_flag_": 1}, {"login_bonus_daily_id_": 155, "begin_date_": "2021/8/3  15:00:00", "end_date_": "2021/8/7  15:00:00", "name_id_": 1, "banner_id_": 1, "select_normal_": 1, "select_vip_": 1, "login_bonus_daily_story_id_": 57, "release_flag_": 1}, {"login_bonus_daily_id_": 156, "begin_date_": "2021/8/7  15:00:00", "end_date_": "2021/8/10  15:00:00", "name_id_": 1, "banner_id_": 10, "select_normal_": 1, "select_vip_": 1, "login_bonus_daily_story_id_": 1001, "release_flag_": 1}, {"login_bonus_daily_id_": 157, "begin_date_": "2021/8/10  15:00:00", "end_date_": "2021/8/14  15:00:00", "name_id_": 1, "banner_id_": 1, "select_normal_": 1, "select_vip_": 1, "login_bonus_daily_story_id_": 57, "release_flag_": 1}, {"login_bonus_daily_id_": 158, "begin_date_": "2021/8/14  15:00:00", "end_date_": "2021/8/17  15:00:00", "name_id_": 1, "banner_id_": 10, "select_normal_": 1, "select_vip_": 1, "login_bonus_daily_story_id_": 1001, "release_flag_": 1}, {"login_bonus_daily_id_": 159, "begin_date_": "2021/8/17  15:00:00", "end_date_": "2021/8/21  15:00:00", "name_id_": 1, "banner_id_": 1, "select_normal_": 1, "select_vip_": 1, "login_bonus_daily_story_id_": 57, "release_flag_": 1}, {"login_bonus_daily_id_": 160, "begin_date_": "2021/8/21  15:00:00", "end_date_": "2021/8/24  15:00:00", "name_id_": 1, "banner_id_": 10, "select_normal_": 1, "select_vip_": 1, "login_bonus_daily_story_id_": 1001, "release_flag_": 1}, {"login_bonus_daily_id_": 161, "begin_date_": "2021/8/24  15:00:00", "end_date_": "2021/8/28  15:00:00", "name_id_": 1, "banner_id_": 1, "select_normal_": 1, "select_vip_": 1, "login_bonus_daily_story_id_": 57, "release_flag_": 1}, {"login_bonus_daily_id_": 162, "begin_date_": "2021/8/28  15:00:00", "end_date_": "2021/8/31  15:00:00", "name_id_": 1, "banner_id_": 10, "select_normal_": 1, "select_vip_": 1, "login_bonus_daily_story_id_": 1001, "release_flag_": 1}, {"login_bonus_daily_id_": 163, "begin_date_": "2021/8/31  15:00:00", "end_date_": "2021/9/4  15:00:00", "name_id_": 1, "banner_id_": 1, "select_normal_": 1, "select_vip_": 1, "login_bonus_daily_story_id_": 57, "release_flag_": 1}, {"login_bonus_daily_id_": 164, "begin_date_": "2021/9/4  15:00:00", "end_date_": "2021/9/7  15:00:00", "name_id_": 1, "banner_id_": 10, "select_normal_": 1, "select_vip_": 1, "login_bonus_daily_story_id_": 1001, "release_flag_": 1}, {"login_bonus_daily_id_": 165, "begin_date_": "2021/9/7  15:00:00", "end_date_": "2021/9/11  15:00:00", "name_id_": 1, "banner_id_": 1, "select_normal_": 1, "select_vip_": 1, "login_bonus_daily_story_id_": 57, "release_flag_": 1}, {"login_bonus_daily_id_": 166, "begin_date_": "2021/9/11  15:00:00", "end_date_": "2021/9/14  15:00:00", "name_id_": 1, "banner_id_": 10, "select_normal_": 1, "select_vip_": 1, "login_bonus_daily_story_id_": 1001, "release_flag_": 1}, {"login_bonus_daily_id_": 167, "begin_date_": "2021/9/14  15:00:00", "end_date_": "2021/9/18  15:00:00", "name_id_": 1, "banner_id_": 1, "select_normal_": 1, "select_vip_": 1, "login_bonus_daily_story_id_": 57, "release_flag_": 1}, {"login_bonus_daily_id_": 168, "begin_date_": "2021/9/18  15:00:00", "end_date_": "2021/9/21  15:00:00", "name_id_": 1, "banner_id_": 10, "select_normal_": 1, "select_vip_": 1, "login_bonus_daily_story_id_": 1001, "release_flag_": 1}, {"login_bonus_daily_id_": 169, "begin_date_": "2021/9/21  15:00:00", "end_date_": "2021/9/25  15:00:00", "name_id_": 1, "banner_id_": 1, "select_normal_": 1, "select_vip_": 1, "login_bonus_daily_story_id_": 57, "release_flag_": 1}, {"login_bonus_daily_id_": 170, "begin_date_": "2021/9/25  15:00:00", "end_date_": "2021/9/28  15:00:00", "name_id_": 1, "banner_id_": 10, "select_normal_": 1, "select_vip_": 1, "login_bonus_daily_story_id_": 1001, "release_flag_": 1}, {"login_bonus_daily_id_": 171, "begin_date_": "2021/9/28  15:00:00", "end_date_": "2021/10/2  15:00:00", "name_id_": 1, "banner_id_": 1, "select_normal_": 1, "select_vip_": 1, "login_bonus_daily_story_id_": 57, "release_flag_": 1}, {"login_bonus_daily_id_": 172, "begin_date_": "2021/10/2  15:00:00", "end_date_": "2021/10/5  15:00:00", "name_id_": 1, "banner_id_": 10, "select_normal_": 1, "select_vip_": 1, "login_bonus_daily_story_id_": 1001, "release_flag_": 1}, {"login_bonus_daily_id_": 173, "begin_date_": "2021/10/5  15:00:00", "end_date_": "2021/10/9  15:00:00", "name_id_": 1, "banner_id_": 1, "select_normal_": 1, "select_vip_": 1, "login_bonus_daily_story_id_": 57, "release_flag_": 1}, {"login_bonus_daily_id_": 174, "begin_date_": "2021/10/9  15:00:00", "end_date_": "2021/10/12  15:00:00", "name_id_": 1, "banner_id_": 10, "select_normal_": 1, "select_vip_": 1, "login_bonus_daily_story_id_": 1001, "release_flag_": 1}, {"login_bonus_daily_id_": 175, "begin_date_": "2021/10/12  15:00:00", "end_date_": "2021/10/16  15:00:00", "name_id_": 1, "banner_id_": 1, "select_normal_": 1, "select_vip_": 1, "login_bonus_daily_story_id_": 57, "release_flag_": 1}, {"login_bonus_daily_id_": 176, "begin_date_": "2021/10/16  15:00:00", "end_date_": "2021/10/19  15:00:00", "name_id_": 1, "banner_id_": 10, "select_normal_": 1, "select_vip_": 1, "login_bonus_daily_story_id_": 1001, "release_flag_": 1}, {"login_bonus_daily_id_": 177, "begin_date_": "2021/10/19  15:00:00", "end_date_": "2021/10/23  15:00:00", "name_id_": 1, "banner_id_": 1, "select_normal_": 1, "select_vip_": 1, "login_bonus_daily_story_id_": 57, "release_flag_": 1}, {"login_bonus_daily_id_": 178, "begin_date_": "2021/10/23  15:00:00", "end_date_": "2021/10/26  15:00:00", "name_id_": 1, "banner_id_": 10, "select_normal_": 1, "select_vip_": 1, "login_bonus_daily_story_id_": 1001, "release_flag_": 1}, {"login_bonus_daily_id_": 179, "begin_date_": "2021/10/26  15:00:00", "end_date_": "2021/10/30  15:00:00", "name_id_": 1, "banner_id_": 1, "select_normal_": 1, "select_vip_": 1, "login_bonus_daily_story_id_": 57, "release_flag_": 1}, {"login_bonus_daily_id_": 180, "begin_date_": "2021/10/30  15:00:00", "end_date_": "2021/11/2  15:00:00", "name_id_": 1, "banner_id_": 10, "select_normal_": 1, "select_vip_": 1, "login_bonus_daily_story_id_": 1001, "release_flag_": 1}, {"login_bonus_daily_id_": 181, "begin_date_": "2021/11/2  15:00:00", "end_date_": "2021/11/6  15:00:00", "name_id_": 1, "banner_id_": 1, "select_normal_": 1, "select_vip_": 1, "login_bonus_daily_story_id_": 57, "release_flag_": 1}, {"login_bonus_daily_id_": 182, "begin_date_": "2021/11/6  15:00:00", "end_date_": "2021/11/9  15:00:00", "name_id_": 1, "banner_id_": 10, "select_normal_": 1, "select_vip_": 1, "login_bonus_daily_story_id_": 1001, "release_flag_": 1}, {"login_bonus_daily_id_": 183, "begin_date_": "2021/11/9  15:00:00", "end_date_": "2021/11/13  15:00:00", "name_id_": 1, "banner_id_": 1, "select_normal_": 1, "select_vip_": 1, "login_bonus_daily_story_id_": 57, "release_flag_": 1}, {"login_bonus_daily_id_": 184, "begin_date_": "2021/11/13  15:00:00", "end_date_": "2021/11/16  15:00:00", "name_id_": 1, "banner_id_": 10, "select_normal_": 1, "select_vip_": 1, "login_bonus_daily_story_id_": 1001, "release_flag_": 1}, {"login_bonus_daily_id_": 185, "begin_date_": "2021/11/16  15:00:00", "end_date_": "2021/11/20  15:00:00", "name_id_": 1, "banner_id_": 1, "select_normal_": 1, "select_vip_": 1, "login_bonus_daily_story_id_": 57, "release_flag_": 1}, {"login_bonus_daily_id_": 186, "begin_date_": "2021/11/20  15:00:00", "end_date_": "2021/11/23  15:00:00", "name_id_": 1, "banner_id_": 10, "select_normal_": 1, "select_vip_": 1, "login_bonus_daily_story_id_": 1001, "release_flag_": 1}, {"login_bonus_daily_id_": 187, "begin_date_": "2021/11/23  15:00:00", "end_date_": "2021/11/27  15:00:00", "name_id_": 1, "banner_id_": 1, "select_normal_": 1, "select_vip_": 1, "login_bonus_daily_story_id_": 57, "release_flag_": 1}, {"login_bonus_daily_id_": 188, "begin_date_": "2021/11/27  15:00:00", "end_date_": "2021/11/30  15:00:00", "name_id_": 1, "banner_id_": 10, "select_normal_": 1, "select_vip_": 1, "login_bonus_daily_story_id_": 1001, "release_flag_": 1}, {"login_bonus_daily_id_": 189, "begin_date_": "2021/11/30  15:00:00", "end_date_": "2021/12/4  15:00:00", "name_id_": 1, "banner_id_": 1, "select_normal_": 1, "select_vip_": 1, "login_bonus_daily_story_id_": 57, "release_flag_": 1}, {"login_bonus_daily_id_": 190, "begin_date_": "2021/12/4  15:00:00", "end_date_": "2021/12/7  15:00:00", "name_id_": 1, "banner_id_": 10, "select_normal_": 1, "select_vip_": 1, "login_bonus_daily_story_id_": 1001, "release_flag_": 1}, {"login_bonus_daily_id_": 191, "begin_date_": "2021/12/7  15:00:00", "end_date_": "2021/12/11  15:00:00", "name_id_": 1, "banner_id_": 1, "select_normal_": 1, "select_vip_": 1, "login_bonus_daily_story_id_": 57, "release_flag_": 1}, {"login_bonus_daily_id_": 192, "begin_date_": "2021/12/11  15:00:00", "end_date_": "2021/12/14  15:00:00", "name_id_": 1, "banner_id_": 10, "select_normal_": 1, "select_vip_": 1, "login_bonus_daily_story_id_": 1001, "release_flag_": 1}, {"login_bonus_daily_id_": 193, "begin_date_": "2021/12/14  15:00:00", "end_date_": "2021/12/18  15:00:00", "name_id_": 1, "banner_id_": 1, "select_normal_": 1, "select_vip_": 1, "login_bonus_daily_story_id_": 57, "release_flag_": 1}, {"login_bonus_daily_id_": 194, "begin_date_": "2021/12/18  15:00:00", "end_date_": "2021/12/21  15:00:00", "name_id_": 1, "banner_id_": 10, "select_normal_": 1, "select_vip_": 1, "login_bonus_daily_story_id_": 1001, "release_flag_": 1}, {"login_bonus_daily_id_": 195, "begin_date_": "2021/12/21  15:00:00", "end_date_": "2021/12/24  15:00:00", "name_id_": 1, "banner_id_": 1, "select_normal_": 1, "select_vip_": 1, "login_bonus_daily_story_id_": 57, "release_flag_": 1}, {"login_bonus_daily_id_": 196, "begin_date_": "2021/12/24  15:00:00", "end_date_": "2021/12/25  15:00:00", "name_id_": 1, "banner_id_": 12, "select_normal_": 2, "select_vip_": 2, "login_bonus_daily_story_id_": 59, "release_flag_": 1}, {"login_bonus_daily_id_": 197, "begin_date_": "2021/12/25  15:00:00", "end_date_": "2022/1/5  15:00:00", "name_id_": 1, "banner_id_": 10, "select_normal_": 1, "select_vip_": 1, "login_bonus_daily_story_id_": 1001, "release_flag_": 1}, {"login_bonus_daily_id_": 198, "begin_date_": "2022/1/5  15:00:00", "end_date_": "2022/1/8  15:00:00", "name_id_": 1, "banner_id_": 1, "select_normal_": 1, "select_vip_": 1, "login_bonus_daily_story_id_": 57, "release_flag_": 1}, {"login_bonus_daily_id_": 199, "begin_date_": "2022/1/8  15:00:00", "end_date_": "2022/1/11  15:00:00", "name_id_": 1, "banner_id_": 10, "select_normal_": 1, "select_vip_": 1, "login_bonus_daily_story_id_": 1001, "release_flag_": 1}, {"login_bonus_daily_id_": 200, "begin_date_": "2022/1/11  15:00:00", "end_date_": "2022/1/15  15:00:00", "name_id_": 1, "banner_id_": 1, "select_normal_": 1, "select_vip_": 1, "login_bonus_daily_story_id_": 57, "release_flag_": 1}, {"login_bonus_daily_id_": 201, "begin_date_": "2022/1/15  15:00:00", "end_date_": "2022/1/18  15:00:00", "name_id_": 1, "banner_id_": 10, "select_normal_": 1, "select_vip_": 1, "login_bonus_daily_story_id_": 1001, "release_flag_": 1}, {"login_bonus_daily_id_": 202, "begin_date_": "2022/1/18  15:00:00", "end_date_": "2022/1/22  15:00:00", "name_id_": 1, "banner_id_": 1, "select_normal_": 1, "select_vip_": 1, "login_bonus_daily_story_id_": 57, "release_flag_": 1}, {"login_bonus_daily_id_": 203, "begin_date_": "2022/1/22  15:00:00", "end_date_": "2022/1/25  15:00:00", "name_id_": 1, "banner_id_": 10, "select_normal_": 1, "select_vip_": 1, "login_bonus_daily_story_id_": 1001, "release_flag_": 1}, {"login_bonus_daily_id_": 204, "begin_date_": "2022/1/25  15:00:00", "end_date_": "2022/1/29  15:00:00", "name_id_": 1, "banner_id_": 1, "select_normal_": 1, "select_vip_": 1, "login_bonus_daily_story_id_": 57, "release_flag_": 1}, {"login_bonus_daily_id_": 205, "begin_date_": "2022/1/29  15:00:00", "end_date_": "2022/2/1  15:00:00", "name_id_": 1, "banner_id_": 10, "select_normal_": 1, "select_vip_": 1, "login_bonus_daily_story_id_": 1001, "release_flag_": 1}, {"login_bonus_daily_id_": 206, "begin_date_": "2022/2/1  15:00:00", "end_date_": "2022/2/5  15:00:00", "name_id_": 1, "banner_id_": 1, "select_normal_": 1, "select_vip_": 1, "login_bonus_daily_story_id_": 57, "release_flag_": 1}, {"login_bonus_daily_id_": 207, "begin_date_": "2022/2/5  15:00:00", "end_date_": "2022/2/8  15:00:00", "name_id_": 1, "banner_id_": 10, "select_normal_": 1, "select_vip_": 1, "login_bonus_daily_story_id_": 1001, "release_flag_": 1}, {"login_bonus_daily_id_": 208, "begin_date_": "2022/2/8  15:00:00", "end_date_": "2022/2/12  15:00:00", "name_id_": 1, "banner_id_": 1, "select_normal_": 1, "select_vip_": 1, "login_bonus_daily_story_id_": 57, "release_flag_": 1}, {"login_bonus_daily_id_": 209, "begin_date_": "2022/2/12  15:00:00", "end_date_": "2022/2/15  15:00:00", "name_id_": 1, "banner_id_": 10, "select_normal_": 1, "select_vip_": 1, "login_bonus_daily_story_id_": 1001, "release_flag_": 1}, {"login_bonus_daily_id_": 210, "begin_date_": "2022/2/15  15:00:00", "end_date_": "2022/2/19  15:00:00", "name_id_": 1, "banner_id_": 1, "select_normal_": 1, "select_vip_": 1, "login_bonus_daily_story_id_": 57, "release_flag_": 1}, {"login_bonus_daily_id_": 211, "begin_date_": "2022/2/19  15:00:00", "end_date_": "2022/2/22  15:00:00", "name_id_": 1, "banner_id_": 10, "select_normal_": 1, "select_vip_": 1, "login_bonus_daily_story_id_": 1001, "release_flag_": 1}, {"login_bonus_daily_id_": 212, "begin_date_": "2022/2/22  15:00:00", "end_date_": "2022/2/26  15:00:00", "name_id_": 1, "banner_id_": 1, "select_normal_": 1, "select_vip_": 1, "login_bonus_daily_story_id_": 57, "release_flag_": 1}, {"login_bonus_daily_id_": 213, "begin_date_": "2022/2/26  15:00:00", "end_date_": "2022/3/1  15:00:00", "name_id_": 1, "banner_id_": 10, "select_normal_": 1, "select_vip_": 1, "login_bonus_daily_story_id_": 1001, "release_flag_": 1}, {"login_bonus_daily_id_": 214, "begin_date_": "2022/3/1  15:00:00", "end_date_": "2022/3/5  15:00:00", "name_id_": 1, "banner_id_": 1, "select_normal_": 1, "select_vip_": 1, "login_bonus_daily_story_id_": 57, "release_flag_": 1}, {"login_bonus_daily_id_": 215, "begin_date_": "2022/3/5  15:00:00", "end_date_": "2022/3/8  15:00:00", "name_id_": 1, "banner_id_": 10, "select_normal_": 1, "select_vip_": 1, "login_bonus_daily_story_id_": 1001, "release_flag_": 1}, {"login_bonus_daily_id_": 216, "begin_date_": "2022/3/8  15:00:00", "end_date_": "2022/3/12  15:00:00", "name_id_": 1, "banner_id_": 1, "select_normal_": 1, "select_vip_": 1, "login_bonus_daily_story_id_": 57, "release_flag_": 1}, {"login_bonus_daily_id_": 217, "begin_date_": "2022/3/12  15:00:00", "end_date_": "2022/3/15  15:00:00", "name_id_": 1, "banner_id_": 10, "select_normal_": 1, "select_vip_": 1, "login_bonus_daily_story_id_": 1001, "release_flag_": 1}, {"login_bonus_daily_id_": 218, "begin_date_": "2022/3/15  15:00:00", "end_date_": "2022/3/16  15:00:00", "name_id_": 1, "banner_id_": 1, "select_normal_": 1, "select_vip_": 1, "login_bonus_daily_story_id_": 57, "release_flag_": 1}, {"login_bonus_daily_id_": 219, "begin_date_": "2022/3/16  15:00:00", "end_date_": "2022/3/19  15:00:00", "name_id_": 1, "banner_id_": 1, "select_normal_": 1, "select_vip_": 1, "login_bonus_daily_story_id_": 60, "release_flag_": 1}, {"login_bonus_daily_id_": 220, "begin_date_": "2022/3/19  15:00:00", "end_date_": "2022/3/22  15:00:00", "name_id_": 1, "banner_id_": 10, "select_normal_": 1, "select_vip_": 1, "login_bonus_daily_story_id_": 1002, "release_flag_": 1}, {"login_bonus_daily_id_": 221, "begin_date_": "2022/3/22  15:00:00", "end_date_": "2022/3/26  15:00:00", "name_id_": 1, "banner_id_": 1, "select_normal_": 1, "select_vip_": 1, "login_bonus_daily_story_id_": 60, "release_flag_": 1}, {"login_bonus_daily_id_": 222, "begin_date_": "2022/3/26  15:00:00", "end_date_": "2022/3/29  15:00:00", "name_id_": 1, "banner_id_": 10, "select_normal_": 1, "select_vip_": 1, "login_bonus_daily_story_id_": 1002, "release_flag_": 1}, {"login_bonus_daily_id_": 223, "begin_date_": "2022/3/29  15:00:00", "end_date_": "2022/4/2  15:00:00", "name_id_": 1, "banner_id_": 1, "select_normal_": 1, "select_vip_": 1, "login_bonus_daily_story_id_": 60, "release_flag_": 1}, {"login_bonus_daily_id_": 224, "begin_date_": "2022/4/2  15:00:00", "end_date_": "2022/4/5  15:00:00", "name_id_": 1, "banner_id_": 10, "select_normal_": 1, "select_vip_": 1, "login_bonus_daily_story_id_": 1002, "release_flag_": 1}, {"login_bonus_daily_id_": 225, "begin_date_": "2022/4/5  15:00:00", "end_date_": "2022/4/9  15:00:00", "name_id_": 1, "banner_id_": 1, "select_normal_": 1, "select_vip_": 1, "login_bonus_daily_story_id_": 60, "release_flag_": 1}, {"login_bonus_daily_id_": 226, "begin_date_": "2022/4/9  15:00:00", "end_date_": "2022/4/12  15:00:00", "name_id_": 1, "banner_id_": 10, "select_normal_": 1, "select_vip_": 1, "login_bonus_daily_story_id_": 1002, "release_flag_": 1}, {"login_bonus_daily_id_": 227, "begin_date_": "2022/4/12  15:00:00", "end_date_": "2022/4/16  15:00:00", "name_id_": 1, "banner_id_": 1, "select_normal_": 1, "select_vip_": 1, "login_bonus_daily_story_id_": 60, "release_flag_": 1}, {"login_bonus_daily_id_": 228, "begin_date_": "2022/4/16  15:00:00", "end_date_": "2022/4/19  15:00:00", "name_id_": 1, "banner_id_": 10, "select_normal_": 1, "select_vip_": 1, "login_bonus_daily_story_id_": 1002, "release_flag_": 1}, {"login_bonus_daily_id_": 229, "begin_date_": "2022/4/19  15:00:00", "end_date_": "2022/4/23  15:00:00", "name_id_": 1, "banner_id_": 1, "select_normal_": 1, "select_vip_": 1, "login_bonus_daily_story_id_": 60, "release_flag_": 1}, {"login_bonus_daily_id_": 230, "begin_date_": "2022/4/23  15:00:00", "end_date_": "2022/4/26  15:00:00", "name_id_": 1, "banner_id_": 10, "select_normal_": 1, "select_vip_": 1, "login_bonus_daily_story_id_": 1002, "release_flag_": 1}, {"login_bonus_daily_id_": 231, "begin_date_": "2022/4/26  15:00:00", "end_date_": "2022/4/30  15:00:00", "name_id_": 1, "banner_id_": 1, "select_normal_": 1, "select_vip_": 1, "login_bonus_daily_story_id_": 60, "release_flag_": 1}, {"login_bonus_daily_id_": 232, "begin_date_": "2022/4/30  15:00:00", "end_date_": "2022/5/10  15:00:00", "name_id_": 1, "banner_id_": 10, "select_normal_": 1, "select_vip_": 1, "login_bonus_daily_story_id_": 1002, "release_flag_": 1}, {"login_bonus_daily_id_": 233, "begin_date_": "2022/5/10  15:00:00", "end_date_": "2022/5/14  15:00:00", "name_id_": 1, "banner_id_": 1, "select_normal_": 1, "select_vip_": 1, "login_bonus_daily_story_id_": 60, "release_flag_": 1}, {"login_bonus_daily_id_": 234, "begin_date_": "2022/5/14  15:00:00", "end_date_": "2022/5/17  15:00:00", "name_id_": 1, "banner_id_": 10, "select_normal_": 1, "select_vip_": 1, "login_bonus_daily_story_id_": 1002, "release_flag_": 1}, {"login_bonus_daily_id_": 235, "begin_date_": "2022/5/17  15:00:00", "end_date_": "2022/5/21  15:00:00", "name_id_": 1, "banner_id_": 1, "select_normal_": 1, "select_vip_": 1, "login_bonus_daily_story_id_": 60, "release_flag_": 1}, {"login_bonus_daily_id_": 236, "begin_date_": "2022/5/21  15:00:00", "end_date_": "2022/5/24  15:00:00", "name_id_": 1, "banner_id_": 10, "select_normal_": 1, "select_vip_": 1, "login_bonus_daily_story_id_": 1002, "release_flag_": 1}, {"login_bonus_daily_id_": 237, "begin_date_": "2022/5/24  15:00:00", "end_date_": "2022/5/28  15:00:00", "name_id_": 1, "banner_id_": 1, "select_normal_": 1, "select_vip_": 1, "login_bonus_daily_story_id_": 60, "release_flag_": 1}, {"login_bonus_daily_id_": 238, "begin_date_": "2022/5/28  15:00:00", "end_date_": "2022/5/31  15:00:00", "name_id_": 1, "banner_id_": 10, "select_normal_": 1, "select_vip_": 1, "login_bonus_daily_story_id_": 1002, "release_flag_": 1}, {"login_bonus_daily_id_": 239, "begin_date_": "2022/5/31  15:00:00", "end_date_": "2022/6/4  15:00:00", "name_id_": 1, "banner_id_": 1, "select_normal_": 1, "select_vip_": 1, "login_bonus_daily_story_id_": 60, "release_flag_": 1}, {"login_bonus_daily_id_": 240, "begin_date_": "2022/6/4  15:00:00", "end_date_": "2022/6/7  15:00:00", "name_id_": 1, "banner_id_": 10, "select_normal_": 1, "select_vip_": 1, "login_bonus_daily_story_id_": 1002, "release_flag_": 1}, {"login_bonus_daily_id_": 241, "begin_date_": "2022/6/7  15:00:00", "end_date_": "2022/6/11  15:00:00", "name_id_": 1, "banner_id_": 1, "select_normal_": 1, "select_vip_": 1, "login_bonus_daily_story_id_": 60, "release_flag_": 1}, {"login_bonus_daily_id_": 242, "begin_date_": "2022/6/11  15:00:00", "end_date_": "2022/6/14  15:00:00", "name_id_": 1, "banner_id_": 10, "select_normal_": 1, "select_vip_": 1, "login_bonus_daily_story_id_": 1002, "release_flag_": 1}, {"login_bonus_daily_id_": 243, "begin_date_": "2022/6/14  15:00:00", "end_date_": "2022/6/18  15:00:00", "name_id_": 1, "banner_id_": 1, "select_normal_": 1, "select_vip_": 1, "login_bonus_daily_story_id_": 60, "release_flag_": 1}, {"login_bonus_daily_id_": 244, "begin_date_": "2022/6/18  15:00:00", "end_date_": "2022/6/21  15:00:00", "name_id_": 1, "banner_id_": 10, "select_normal_": 1, "select_vip_": 1, "login_bonus_daily_story_id_": 1002, "release_flag_": 1}, {"login_bonus_daily_id_": 245, "begin_date_": "2022/6/21  15:00:00", "end_date_": "2022/6/25  15:00:00", "name_id_": 1, "banner_id_": 1, "select_normal_": 1, "select_vip_": 1, "login_bonus_daily_story_id_": 60, "release_flag_": 1}, {"login_bonus_daily_id_": 246, "begin_date_": "2022/6/25  15:00:00", "end_date_": "2022/6/28  15:00:00", "name_id_": 1, "banner_id_": 10, "select_normal_": 1, "select_vip_": 1, "login_bonus_daily_story_id_": 1002, "release_flag_": 1}, {"login_bonus_daily_id_": 247, "begin_date_": "2022/6/28  15:00:00", "end_date_": "2022/7/2  15:00:00", "name_id_": 1, "banner_id_": 1, "select_normal_": 1, "select_vip_": 1, "login_bonus_daily_story_id_": 60, "release_flag_": 1}, {"login_bonus_daily_id_": 248, "begin_date_": "2022/7/2  15:00:00", "end_date_": "2022/7/5  15:00:00", "name_id_": 1, "banner_id_": 10, "select_normal_": 1, "select_vip_": 1, "login_bonus_daily_story_id_": 1002, "release_flag_": 1}, {"login_bonus_daily_id_": 249, "begin_date_": "2022/7/5  15:00:00", "end_date_": "2022/7/9  15:00:00", "name_id_": 1, "banner_id_": 1, "select_normal_": 1, "select_vip_": 1, "login_bonus_daily_story_id_": 60, "release_flag_": 1}, {"login_bonus_daily_id_": 250, "begin_date_": "2022/7/9  15:00:00", "end_date_": "2022/7/12  15:00:00", "name_id_": 1, "banner_id_": 10, "select_normal_": 1, "select_vip_": 1, "login_bonus_daily_story_id_": 1002, "release_flag_": 1}, {"login_bonus_daily_id_": 251, "begin_date_": "2022/7/12  15:00:00", "end_date_": "2022/7/16  15:00:00", "name_id_": 1, "banner_id_": 1, "select_normal_": 1, "select_vip_": 1, "login_bonus_daily_story_id_": 60, "release_flag_": 1}, {"login_bonus_daily_id_": 252, "begin_date_": "2022/7/16  15:00:00", "end_date_": "2022/7/19  15:00:00", "name_id_": 1, "banner_id_": 10, "select_normal_": 1, "select_vip_": 1, "login_bonus_daily_story_id_": 1002, "release_flag_": 1}, {"login_bonus_daily_id_": 253, "begin_date_": "2022/7/19  15:00:00", "end_date_": "2022/7/23  15:00:00", "name_id_": 1, "banner_id_": 1, "select_normal_": 1, "select_vip_": 1, "login_bonus_daily_story_id_": 60, "release_flag_": 1}, {"login_bonus_daily_id_": 254, "begin_date_": "2022/7/23  15:00:00", "end_date_": "2022/7/26  15:00:00", "name_id_": 1, "banner_id_": 10, "select_normal_": 1, "select_vip_": 1, "login_bonus_daily_story_id_": 1002, "release_flag_": 1}, {"login_bonus_daily_id_": 255, "begin_date_": "2022/7/26  15:00:00", "end_date_": "2022/7/30  15:00:00", "name_id_": 1, "banner_id_": 1, "select_normal_": 1, "select_vip_": 1, "login_bonus_daily_story_id_": 60, "release_flag_": 1}, {"login_bonus_daily_id_": 256, "begin_date_": "2022/7/30  15:00:00", "end_date_": "2022/8/2  15:00:00", "name_id_": 1, "banner_id_": 10, "select_normal_": 1, "select_vip_": 1, "login_bonus_daily_story_id_": 1002, "release_flag_": 1}, {"login_bonus_daily_id_": 257, "begin_date_": "2022/8/2  15:00:00", "end_date_": "2022/8/6  15:00:00", "name_id_": 1, "banner_id_": 1, "select_normal_": 1, "select_vip_": 1, "login_bonus_daily_story_id_": 60, "release_flag_": 1}, {"login_bonus_daily_id_": 258, "begin_date_": "2022/8/6  15:00:00", "end_date_": "2022/8/9  15:00:00", "name_id_": 1, "banner_id_": 10, "select_normal_": 1, "select_vip_": 1, "login_bonus_daily_story_id_": 1002, "release_flag_": 1}, {"login_bonus_daily_id_": 259, "begin_date_": "2022/8/9  15:00:00", "end_date_": "2022/8/13  15:00:00", "name_id_": 1, "banner_id_": 1, "select_normal_": 1, "select_vip_": 1, "login_bonus_daily_story_id_": 60, "release_flag_": 1}, {"login_bonus_daily_id_": 260, "begin_date_": "2022/8/13  15:00:00", "end_date_": "2022/8/16  15:00:00", "name_id_": 1, "banner_id_": 10, "select_normal_": 1, "select_vip_": 1, "login_bonus_daily_story_id_": 1002, "release_flag_": 1}, {"login_bonus_daily_id_": 261, "begin_date_": "2022/8/16  15:00:00", "end_date_": "2022/8/20  15:00:00", "name_id_": 1, "banner_id_": 1, "select_normal_": 1, "select_vip_": 1, "login_bonus_daily_story_id_": 60, "release_flag_": 1}, {"login_bonus_daily_id_": 262, "begin_date_": "2022/8/20  15:00:00", "end_date_": "2022/8/23  15:00:00", "name_id_": 1, "banner_id_": 10, "select_normal_": 1, "select_vip_": 1, "login_bonus_daily_story_id_": 1002, "release_flag_": 1}, {"login_bonus_daily_id_": 263, "begin_date_": "2022/8/23  15:00:00", "end_date_": "2022/8/27  15:00:00", "name_id_": 1, "banner_id_": 1, "select_normal_": 1, "select_vip_": 1, "login_bonus_daily_story_id_": 60, "release_flag_": 1}, {"login_bonus_daily_id_": 264, "begin_date_": "2022/8/27  15:00:00", "end_date_": "2022/8/30  15:00:00", "name_id_": 1, "banner_id_": 10, "select_normal_": 1, "select_vip_": 1, "login_bonus_daily_story_id_": 1002, "release_flag_": 1}, {"login_bonus_daily_id_": 265, "begin_date_": "2022/8/30  15:00:00", "end_date_": "2022/9/3  15:00:00", "name_id_": 1, "banner_id_": 1, "select_normal_": 1, "select_vip_": 1, "login_bonus_daily_story_id_": 60, "release_flag_": 1}, {"login_bonus_daily_id_": 266, "begin_date_": "2022/9/3  15:00:00", "end_date_": "2022/9/6  15:00:00", "name_id_": 1, "banner_id_": 10, "select_normal_": 1, "select_vip_": 1, "login_bonus_daily_story_id_": 1002, "release_flag_": 1}, {"login_bonus_daily_id_": 267, "begin_date_": "2022/9/6  15:00:00", "end_date_": "2022/9/10  15:00:00", "name_id_": 1, "banner_id_": 1, "select_normal_": 1, "select_vip_": 1, "login_bonus_daily_story_id_": 60, "release_flag_": 1}, {"login_bonus_daily_id_": 268, "begin_date_": "2022/9/10  15:00:00", "end_date_": "2022/9/13  15:00:00", "name_id_": 1, "banner_id_": 10, "select_normal_": 1, "select_vip_": 1, "login_bonus_daily_story_id_": 1002, "release_flag_": 1}, {"login_bonus_daily_id_": 269, "begin_date_": "2022/9/13  15:00:00", "end_date_": "2022/9/17  15:00:00", "name_id_": 1, "banner_id_": 1, "select_normal_": 1, "select_vip_": 1, "login_bonus_daily_story_id_": 60, "release_flag_": 1}, {"login_bonus_daily_id_": 270, "begin_date_": "2022/9/17  15:00:00", "end_date_": "2022/9/20  15:00:00", "name_id_": 1, "banner_id_": 10, "select_normal_": 1, "select_vip_": 1, "login_bonus_daily_story_id_": 1002, "release_flag_": 1}, {"login_bonus_daily_id_": 271, "begin_date_": "2022/9/20  15:00:00", "end_date_": "2022/9/24  15:00:00", "name_id_": 1, "banner_id_": 1, "select_normal_": 1, "select_vip_": 1, "login_bonus_daily_story_id_": 60, "release_flag_": 1}, {"login_bonus_daily_id_": 272, "begin_date_": "2022/9/24  15:00:00", "end_date_": "2022/9/27  15:00:00", "name_id_": 1, "banner_id_": 10, "select_normal_": 1, "select_vip_": 1, "login_bonus_daily_story_id_": 1002, "release_flag_": 1}, {"login_bonus_daily_id_": 273, "begin_date_": "2022/9/27  15:00:00", "end_date_": "2022/10/1  15:00:00", "name_id_": 1, "banner_id_": 1, "select_normal_": 1, "select_vip_": 1, "login_bonus_daily_story_id_": 60, "release_flag_": 1}, {"login_bonus_daily_id_": 274, "begin_date_": "2022/10/1  15:00:00", "end_date_": "2022/10/4  15:00:00", "name_id_": 1, "banner_id_": 10, "select_normal_": 1, "select_vip_": 1, "login_bonus_daily_story_id_": 1002, "release_flag_": 1}, {"login_bonus_daily_id_": 275, "begin_date_": "2022/10/4  15:00:00", "end_date_": "2022/10/8  15:00:00", "name_id_": 1, "banner_id_": 1, "select_normal_": 1, "select_vip_": 1, "login_bonus_daily_story_id_": 60, "release_flag_": 1}, {"login_bonus_daily_id_": 276, "begin_date_": "2022/10/8  15:00:00", "end_date_": "2022/10/11  15:00:00", "name_id_": 1, "banner_id_": 10, "select_normal_": 1, "select_vip_": 1, "login_bonus_daily_story_id_": 1002, "release_flag_": 1}, {"login_bonus_daily_id_": 277, "begin_date_": "2022/10/11  15:00:00", "end_date_": "2022/10/15  15:00:00", "name_id_": 1, "banner_id_": 1, "select_normal_": 1, "select_vip_": 1, "login_bonus_daily_story_id_": 60, "release_flag_": 1}, {"login_bonus_daily_id_": 278, "begin_date_": "2022/10/15  15:00:00", "end_date_": "2022/10/18  15:00:00", "name_id_": 1, "banner_id_": 10, "select_normal_": 1, "select_vip_": 1, "login_bonus_daily_story_id_": 1002, "release_flag_": 1}, {"login_bonus_daily_id_": 279, "begin_date_": "2022/10/18  15:00:00", "end_date_": "2022/10/22  15:00:00", "name_id_": 1, "banner_id_": 1, "select_normal_": 1, "select_vip_": 1, "login_bonus_daily_story_id_": 60, "release_flag_": 1}, {"login_bonus_daily_id_": 280, "begin_date_": "2022/10/22  15:00:00", "end_date_": "2022/10/25  15:00:00", "name_id_": 1, "banner_id_": 10, "select_normal_": 1, "select_vip_": 1, "login_bonus_daily_story_id_": 1002, "release_flag_": 1}, {"login_bonus_daily_id_": 281, "begin_date_": "2022/10/25  15:00:00", "end_date_": "2022/10/29  15:00:00", "name_id_": 1, "banner_id_": 1, "select_normal_": 1, "select_vip_": 1, "login_bonus_daily_story_id_": 60, "release_flag_": 1}, {"login_bonus_daily_id_": 282, "begin_date_": "2022/10/29  15:00:00", "end_date_": "2022/11/1  15:00:00", "name_id_": 1, "banner_id_": 10, "select_normal_": 1, "select_vip_": 1, "login_bonus_daily_story_id_": 1002, "release_flag_": 1}, {"login_bonus_daily_id_": 283, "begin_date_": "2022/11/1  15:00:00", "end_date_": "2022/11/5  15:00:00", "name_id_": 1, "banner_id_": 1, "select_normal_": 1, "select_vip_": 1, "login_bonus_daily_story_id_": 60, "release_flag_": 1}, {"login_bonus_daily_id_": 284, "begin_date_": "2022/11/5  15:00:00", "end_date_": "2022/11/8  15:00:00", "name_id_": 1, "banner_id_": 10, "select_normal_": 1, "select_vip_": 1, "login_bonus_daily_story_id_": 1002, "release_flag_": 1}, {"login_bonus_daily_id_": 285, "begin_date_": "2022/11/8  15:00:00", "end_date_": "2022/11/12  15:00:00", "name_id_": 1, "banner_id_": 1, "select_normal_": 1, "select_vip_": 1, "login_bonus_daily_story_id_": 60, "release_flag_": 1}, {"login_bonus_daily_id_": 286, "begin_date_": "2022/11/12  15:00:00", "end_date_": "2022/11/15  15:00:00", "name_id_": 1, "banner_id_": 10, "select_normal_": 1, "select_vip_": 1, "login_bonus_daily_story_id_": 1002, "release_flag_": 1}, {"login_bonus_daily_id_": 287, "begin_date_": "2022/11/15  15:00:00", "end_date_": "2022/11/19  15:00:00", "name_id_": 1, "banner_id_": 13, "select_normal_": 1, "select_vip_": 1, "login_bonus_daily_story_id_": 60, "release_flag_": 1}, {"login_bonus_daily_id_": 288, "begin_date_": "2022/11/19  15:00:00", "end_date_": "2022/11/22  15:00:00", "name_id_": 1, "banner_id_": 10, "select_normal_": 1, "select_vip_": 1, "login_bonus_daily_story_id_": 1002, "release_flag_": 1}, {"login_bonus_daily_id_": 289, "begin_date_": "2022/11/22  15:00:00", "end_date_": "2022/11/26  15:00:00", "name_id_": 1, "banner_id_": 13, "select_normal_": 1, "select_vip_": 1, "login_bonus_daily_story_id_": 60, "release_flag_": 1}, {"login_bonus_daily_id_": 290, "begin_date_": "2022/11/26  15:00:00", "end_date_": "2022/11/29  15:00:00", "name_id_": 1, "banner_id_": 10, "select_normal_": 1, "select_vip_": 1, "login_bonus_daily_story_id_": 1002, "release_flag_": 1}, {"login_bonus_daily_id_": 291, "begin_date_": "2022/11/29  15:00:00", "end_date_": "2022/12/3  15:00:00", "name_id_": 1, "banner_id_": 13, "select_normal_": 1, "select_vip_": 1, "login_bonus_daily_story_id_": 60, "release_flag_": 1}, {"login_bonus_daily_id_": 292, "begin_date_": "2022/12/3  15:00:00", "end_date_": "2022/12/6  15:00:00", "name_id_": 1, "banner_id_": 10, "select_normal_": 1, "select_vip_": 1, "login_bonus_daily_story_id_": 1002, "release_flag_": 1}, {"login_bonus_daily_id_": 293, "begin_date_": "2022/12/6  15:00:00", "end_date_": "2022/12/10  15:00:00", "name_id_": 1, "banner_id_": 13, "select_normal_": 1, "select_vip_": 1, "login_bonus_daily_story_id_": 60, "release_flag_": 1}, {"login_bonus_daily_id_": 294, "begin_date_": "2022/12/10  15:00:00", "end_date_": "2022/12/13  15:00:00", "name_id_": 1, "banner_id_": 10, "select_normal_": 1, "select_vip_": 1, "login_bonus_daily_story_id_": 1002, "release_flag_": 1}, {"login_bonus_daily_id_": 295, "begin_date_": "2022/12/13  15:00:00", "end_date_": "2022/12/17  15:00:00", "name_id_": 1, "banner_id_": 13, "select_normal_": 1, "select_vip_": 1, "login_bonus_daily_story_id_": 60, "release_flag_": 1}, {"login_bonus_daily_id_": 296, "begin_date_": "2022/12/17  15:00:00", "end_date_": "2022/12/20  15:00:00", "name_id_": 1, "banner_id_": 10, "select_normal_": 1, "select_vip_": 1, "login_bonus_daily_story_id_": 1002, "release_flag_": 1}, {"login_bonus_daily_id_": 297, "begin_date_": "2022/12/20  15:00:00", "end_date_": "2022/12/24  15:00:00", "name_id_": 1, "banner_id_": 13, "select_normal_": 1, "select_vip_": 1, "login_bonus_daily_story_id_": 60, "release_flag_": 1}, {"login_bonus_daily_id_": 298, "begin_date_": "2022/12/24  15:00:00", "end_date_": "2022/12/25  15:00:00", "name_id_": 1, "banner_id_": 14, "select_normal_": 2, "select_vip_": 2, "login_bonus_daily_story_id_": 61, "release_flag_": 1}, {"login_bonus_daily_id_": 299, "begin_date_": "2022/12/25  15:00:00", "end_date_": "2022/12/27  15:00:00", "name_id_": 1, "banner_id_": 10, "select_normal_": 1, "select_vip_": 1, "login_bonus_daily_story_id_": 1002, "release_flag_": 1}, {"login_bonus_daily_id_": 300, "begin_date_": "2022/12/27  15:00:00", "end_date_": "2022/12/31  15:00:00", "name_id_": 1, "banner_id_": 13, "select_normal_": 1, "select_vip_": 1, "login_bonus_daily_story_id_": 60, "release_flag_": 1}, {"login_bonus_daily_id_": 301, "begin_date_": "2022/12/31  15:00:00", "end_date_": "2023/1/3  15:00:00", "name_id_": 1, "banner_id_": 10, "select_normal_": 1, "select_vip_": 1, "login_bonus_daily_story_id_": 1002, "release_flag_": 1}, {"login_bonus_daily_id_": 302, "begin_date_": "2023/1/3  15:00:00", "end_date_": "2023/1/7  15:00:00", "name_id_": 1, "banner_id_": 13, "select_normal_": 1, "select_vip_": 1, "login_bonus_daily_story_id_": 60, "release_flag_": 1}, {"login_bonus_daily_id_": 303, "begin_date_": "2023/1/7  15:00:00", "end_date_": "2023/1/10  15:00:00", "name_id_": 1, "banner_id_": 10, "select_normal_": 1, "select_vip_": 1, "login_bonus_daily_story_id_": 1002, "release_flag_": 1}, {"login_bonus_daily_id_": 304, "begin_date_": "2023/1/10  15:00:00", "end_date_": "2023/1/14  15:00:00", "name_id_": 1, "banner_id_": 13, "select_normal_": 1, "select_vip_": 1, "login_bonus_daily_story_id_": 60, "release_flag_": 1}, {"login_bonus_daily_id_": 305, "begin_date_": "2023/1/14  15:00:00", "end_date_": "2023/1/17  15:00:00", "name_id_": 1, "banner_id_": 10, "select_normal_": 1, "select_vip_": 1, "login_bonus_daily_story_id_": 1002, "release_flag_": 1}, {"login_bonus_daily_id_": 306, "begin_date_": "2023/1/17  15:00:00", "end_date_": "2023/1/21  15:00:00", "name_id_": 1, "banner_id_": 13, "select_normal_": 1, "select_vip_": 1, "login_bonus_daily_story_id_": 60, "release_flag_": 1}, {"login_bonus_daily_id_": 307, "begin_date_": "2023/1/21  15:00:00", "end_date_": "2023/1/24  15:00:00", "name_id_": 1, "banner_id_": 10, "select_normal_": 1, "select_vip_": 1, "login_bonus_daily_story_id_": 1002, "release_flag_": 1}, {"login_bonus_daily_id_": 308, "begin_date_": "2023/1/24  15:00:00", "end_date_": "2023/1/28  15:00:00", "name_id_": 1, "banner_id_": 13, "select_normal_": 1, "select_vip_": 1, "login_bonus_daily_story_id_": 60, "release_flag_": 1}, {"login_bonus_daily_id_": 309, "begin_date_": "2023/1/28  15:00:00", "end_date_": "2023/1/31  15:00:00", "name_id_": 1, "banner_id_": 10, "select_normal_": 1, "select_vip_": 1, "login_bonus_daily_story_id_": 1002, "release_flag_": 1}, {"login_bonus_daily_id_": 310, "begin_date_": "2023/1/31  15:00:00", "end_date_": "2023/2/4  15:00:00", "name_id_": 1, "banner_id_": 13, "select_normal_": 1, "select_vip_": 1, "login_bonus_daily_story_id_": 60, "release_flag_": 1}, {"login_bonus_daily_id_": 311, "begin_date_": "2023/2/4  15:00:00", "end_date_": "2023/2/7  15:00:00", "name_id_": 1, "banner_id_": 10, "select_normal_": 1, "select_vip_": 1, "login_bonus_daily_story_id_": 1002, "release_flag_": 1}, {"login_bonus_daily_id_": 312, "begin_date_": "2023/2/7  15:00:00", "end_date_": "2023/2/11  15:00:00", "name_id_": 1, "banner_id_": 13, "select_normal_": 1, "select_vip_": 1, "login_bonus_daily_story_id_": 60, "release_flag_": 1}, {"login_bonus_daily_id_": 313, "begin_date_": "2023/2/11  15:00:00", "end_date_": "2023/2/14  15:00:00", "name_id_": 1, "banner_id_": 10, "select_normal_": 1, "select_vip_": 1, "login_bonus_daily_story_id_": 1002, "release_flag_": 1}, {"login_bonus_daily_id_": 314, "begin_date_": "2023/2/14  15:00:00", "end_date_": "2023/2/18  15:00:00", "name_id_": 1, "banner_id_": 13, "select_normal_": 1, "select_vip_": 1, "login_bonus_daily_story_id_": 60, "release_flag_": 1}, {"login_bonus_daily_id_": 315, "begin_date_": "2023/2/18  15:00:00", "end_date_": "2023/2/21  15:00:00", "name_id_": 1, "banner_id_": 10, "select_normal_": 1, "select_vip_": 1, "login_bonus_daily_story_id_": 1002, "release_flag_": 1}, {"login_bonus_daily_id_": 316, "begin_date_": "2023/2/21  15:00:00", "end_date_": "2023/2/25  15:00:00", "name_id_": 1, "banner_id_": 13, "select_normal_": 1, "select_vip_": 1, "login_bonus_daily_story_id_": 60, "release_flag_": 1}, {"login_bonus_daily_id_": 317, "begin_date_": "2023/2/25  15:00:00", "end_date_": "2023/2/28  15:00:00", "name_id_": 1, "banner_id_": 10, "select_normal_": 1, "select_vip_": 1, "login_bonus_daily_story_id_": 1002, "release_flag_": 1}, {"login_bonus_daily_id_": 318, "begin_date_": "2023/2/28  15:00:00", "end_date_": "2023/3/4  15:00:00", "name_id_": 1, "banner_id_": 13, "select_normal_": 1, "select_vip_": 1, "login_bonus_daily_story_id_": 60, "release_flag_": 1}, {"login_bonus_daily_id_": 319, "begin_date_": "2023/3/4  15:00:00", "end_date_": "2023/3/7  15:00:00", "name_id_": 1, "banner_id_": 10, "select_normal_": 1, "select_vip_": 1, "login_bonus_daily_story_id_": 1002, "release_flag_": 1}, {"login_bonus_daily_id_": 320, "begin_date_": "2023/3/7  15:00:00", "end_date_": "2023/3/11  15:00:00", "name_id_": 1, "banner_id_": 13, "select_normal_": 1, "select_vip_": 1, "login_bonus_daily_story_id_": 60, "release_flag_": 1}, {"login_bonus_daily_id_": 321, "begin_date_": "2023/3/11  15:00:00", "end_date_": "2023/3/14  15:00:00", "name_id_": 1, "banner_id_": 10, "select_normal_": 1, "select_vip_": 1, "login_bonus_daily_story_id_": 1002, "release_flag_": 1}, {"login_bonus_daily_id_": 322, "begin_date_": "2023/3/14  15:00:00", "end_date_": "2023/3/18  15:00:00", "name_id_": 1, "banner_id_": 13, "select_normal_": 1, "select_vip_": 1, "login_bonus_daily_story_id_": 60, "release_flag_": 1}, {"login_bonus_daily_id_": 323, "begin_date_": "2023/3/18  15:00:00", "end_date_": "2023/3/21  15:00:00", "name_id_": 1, "banner_id_": 10, "select_normal_": 1, "select_vip_": 1, "login_bonus_daily_story_id_": 1002, "release_flag_": 1}, {"login_bonus_daily_id_": 324, "begin_date_": "2023/3/21  15:00:00", "end_date_": "2023/3/25  15:00:00", "name_id_": 1, "banner_id_": 13, "select_normal_": 1, "select_vip_": 1, "login_bonus_daily_story_id_": 60, "release_flag_": 1}, {"login_bonus_daily_id_": 325, "begin_date_": "2023/3/25  15:00:00", "end_date_": "2023/3/28  15:00:00", "name_id_": 1, "banner_id_": 10, "select_normal_": 1, "select_vip_": 1, "login_bonus_daily_story_id_": 1002, "release_flag_": 1}, {"login_bonus_daily_id_": 326, "begin_date_": "2023/3/28  15:00:00", "end_date_": "2023/4/1  15:00:00", "name_id_": 1, "banner_id_": 13, "select_normal_": 1, "select_vip_": 1, "login_bonus_daily_story_id_": 60, "release_flag_": 1}, {"login_bonus_daily_id_": 327, "begin_date_": "2023/4/1  15:00:00", "end_date_": "2023/4/4  15:00:00", "name_id_": 1, "banner_id_": 10, "select_normal_": 1, "select_vip_": 1, "login_bonus_daily_story_id_": 1002, "release_flag_": 1}, {"login_bonus_daily_id_": 328, "begin_date_": "2023/4/4  15:00:00", "end_date_": "2023/4/8  15:00:00", "name_id_": 1, "banner_id_": 13, "select_normal_": 1, "select_vip_": 1, "login_bonus_daily_story_id_": 60, "release_flag_": 1}, {"login_bonus_daily_id_": 329, "begin_date_": "2023/4/8  15:00:00", "end_date_": "2023/4/11  15:00:00", "name_id_": 1, "banner_id_": 10, "select_normal_": 1, "select_vip_": 1, "login_bonus_daily_story_id_": 1002, "release_flag_": 1}, {"login_bonus_daily_id_": 330, "begin_date_": "2023/4/11  15:00:00", "end_date_": "2023/4/15  15:00:00", "name_id_": 1, "banner_id_": 13, "select_normal_": 1, "select_vip_": 1, "login_bonus_daily_story_id_": 60, "release_flag_": 1}, {"login_bonus_daily_id_": 331, "begin_date_": "2023/4/15  15:00:00", "end_date_": "2023/4/18  15:00:00", "name_id_": 1, "banner_id_": 10, "select_normal_": 1, "select_vip_": 1, "login_bonus_daily_story_id_": 1002, "release_flag_": 1}, {"login_bonus_daily_id_": 332, "begin_date_": "2023/4/18  15:00:00", "end_date_": "2023/4/22  15:00:00", "name_id_": 1, "banner_id_": 13, "select_normal_": 1, "select_vip_": 1, "login_bonus_daily_story_id_": 60, "release_flag_": 1}, {"login_bonus_daily_id_": 333, "begin_date_": "2023/4/22  15:00:00", "end_date_": "2023/4/25  15:00:00", "name_id_": 1, "banner_id_": 10, "select_normal_": 1, "select_vip_": 1, "login_bonus_daily_story_id_": 1002, "release_flag_": 1}, {"login_bonus_daily_id_": 334, "begin_date_": "2023/4/25  15:00:00", "end_date_": "2023/4/29  15:00:00", "name_id_": 1, "banner_id_": 13, "select_normal_": 1, "select_vip_": 1, "login_bonus_daily_story_id_": 60, "release_flag_": 1}, {"login_bonus_daily_id_": 335, "begin_date_": "2023/4/29  15:00:00", "end_date_": "2023/5/2  15:00:00", "name_id_": 1, "banner_id_": 10, "select_normal_": 1, "select_vip_": 1, "login_bonus_daily_story_id_": 1002, "release_flag_": 1}, {"login_bonus_daily_id_": 336, "begin_date_": "2023/5/2  15:00:00", "end_date_": "2023/5/6  15:00:00", "name_id_": 1, "banner_id_": 13, "select_normal_": 1, "select_vip_": 1, "login_bonus_daily_story_id_": 60, "release_flag_": 1}, {"login_bonus_daily_id_": 337, "begin_date_": "2023/5/6  15:00:00", "end_date_": "2023/5/9  15:00:00", "name_id_": 1, "banner_id_": 10, "select_normal_": 1, "select_vip_": 1, "login_bonus_daily_story_id_": 1002, "release_flag_": 1}, {"login_bonus_daily_id_": 338, "begin_date_": "2023/5/9  15:00:00", "end_date_": "2023/5/13  15:00:00", "name_id_": 1, "banner_id_": 13, "select_normal_": 1, "select_vip_": 1, "login_bonus_daily_story_id_": 60, "release_flag_": 1}, {"login_bonus_daily_id_": 339, "begin_date_": "2023/5/13  15:00:00", "end_date_": "2023/5/16  15:00:00", "name_id_": 1, "banner_id_": 10, "select_normal_": 1, "select_vip_": 1, "login_bonus_daily_story_id_": 1002, "release_flag_": 1}, {"login_bonus_daily_id_": 340, "begin_date_": "2023/5/16  15:00:00", "end_date_": "2023/5/17  15:00:00", "name_id_": 1, "banner_id_": 13, "select_normal_": 1, "select_vip_": 1, "login_bonus_daily_story_id_": 60, "release_flag_": 1}, {"login_bonus_daily_id_": 341, "begin_date_": "2023/5/17  15:00:00", "end_date_": "2023/5/20  15:00:00", "name_id_": 1, "banner_id_": 13, "select_normal_": 1, "select_vip_": 1, "login_bonus_daily_story_id_": 62, "release_flag_": 1}, {"login_bonus_daily_id_": 342, "begin_date_": "2023/5/20  15:00:00", "end_date_": "2023/5/23  15:00:00", "name_id_": 1, "banner_id_": 10, "select_normal_": 1, "select_vip_": 1, "login_bonus_daily_story_id_": 1003, "release_flag_": 1}, {"login_bonus_daily_id_": 343, "begin_date_": "2023/5/23  15:00:00", "end_date_": "2023/5/27  15:00:00", "name_id_": 1, "banner_id_": 13, "select_normal_": 1, "select_vip_": 1, "login_bonus_daily_story_id_": 62, "release_flag_": 1}, {"login_bonus_daily_id_": 344, "begin_date_": "2023/5/27  15:00:00", "end_date_": "2023/5/30  15:00:00", "name_id_": 1, "banner_id_": 10, "select_normal_": 1, "select_vip_": 1, "login_bonus_daily_story_id_": 1003, "release_flag_": 1}, {"login_bonus_daily_id_": 345, "begin_date_": "2023/5/30  15:00:00", "end_date_": "2023/6/3  15:00:00", "name_id_": 1, "banner_id_": 13, "select_normal_": 1, "select_vip_": 1, "login_bonus_daily_story_id_": 62, "release_flag_": 1}, {"login_bonus_daily_id_": 346, "begin_date_": "2023/6/3  15:00:00", "end_date_": "2023/6/6  15:00:00", "name_id_": 1, "banner_id_": 10, "select_normal_": 1, "select_vip_": 1, "login_bonus_daily_story_id_": 1003, "release_flag_": 1}, {"login_bonus_daily_id_": 347, "begin_date_": "2023/6/6  15:00:00", "end_date_": "2023/6/10  15:00:00", "name_id_": 1, "banner_id_": 13, "select_normal_": 1, "select_vip_": 1, "login_bonus_daily_story_id_": 62, "release_flag_": 1}, {"login_bonus_daily_id_": 348, "begin_date_": "2023/6/10  15:00:00", "end_date_": "2023/6/13  15:00:00", "name_id_": 1, "banner_id_": 10, "select_normal_": 1, "select_vip_": 1, "login_bonus_daily_story_id_": 1003, "release_flag_": 1}, {"login_bonus_daily_id_": 349, "begin_date_": "2023/6/13  15:00:00", "end_date_": "2023/6/17  15:00:00", "name_id_": 1, "banner_id_": 13, "select_normal_": 1, "select_vip_": 1, "login_bonus_daily_story_id_": 62, "release_flag_": 1}, {"login_bonus_daily_id_": 350, "begin_date_": "2023/6/17  15:00:00", "end_date_": "2023/6/20  15:00:00", "name_id_": 1, "banner_id_": 10, "select_normal_": 1, "select_vip_": 1, "login_bonus_daily_story_id_": 1003, "release_flag_": 1}, {"login_bonus_daily_id_": 351, "begin_date_": "2023/6/20  15:00:00", "end_date_": "2023/6/24  15:00:00", "name_id_": 1, "banner_id_": 13, "select_normal_": 1, "select_vip_": 1, "login_bonus_daily_story_id_": 62, "release_flag_": 1}, {"login_bonus_daily_id_": 352, "begin_date_": "2023/6/24  15:00:00", "end_date_": "2023/6/27  15:00:00", "name_id_": 1, "banner_id_": 10, "select_normal_": 1, "select_vip_": 1, "login_bonus_daily_story_id_": 1003, "release_flag_": 1}, {"login_bonus_daily_id_": 353, "begin_date_": "2023/6/27  15:00:00", "end_date_": "2023/7/1  15:00:00", "name_id_": 1, "banner_id_": 13, "select_normal_": 1, "select_vip_": 1, "login_bonus_daily_story_id_": 62, "release_flag_": 1}, {"login_bonus_daily_id_": 354, "begin_date_": "2023/7/1  15:00:00", "end_date_": "2023/7/4  15:00:00", "name_id_": 1, "banner_id_": 10, "select_normal_": 1, "select_vip_": 1, "login_bonus_daily_story_id_": 1003, "release_flag_": 1}, {"login_bonus_daily_id_": 355, "begin_date_": "2023/7/4  15:00:00", "end_date_": "2023/7/8  15:00:00", "name_id_": 1, "banner_id_": 13, "select_normal_": 1, "select_vip_": 1, "login_bonus_daily_story_id_": 62, "release_flag_": 1}, {"login_bonus_daily_id_": 356, "begin_date_": "2023/7/8  15:00:00", "end_date_": "2023/7/11  15:00:00", "name_id_": 1, "banner_id_": 10, "select_normal_": 1, "select_vip_": 1, "login_bonus_daily_story_id_": 1003, "release_flag_": 1}, {"login_bonus_daily_id_": 357, "begin_date_": "2023/7/11  15:00:00", "end_date_": "2023/7/15  15:00:00", "name_id_": 1, "banner_id_": 13, "select_normal_": 1, "select_vip_": 1, "login_bonus_daily_story_id_": 62, "release_flag_": 1}, {"login_bonus_daily_id_": 358, "begin_date_": "2023/7/15  15:00:00", "end_date_": "2023/7/18  15:00:00", "name_id_": 1, "banner_id_": 10, "select_normal_": 1, "select_vip_": 1, "login_bonus_daily_story_id_": 1003, "release_flag_": 1}, {"login_bonus_daily_id_": 359, "begin_date_": "2023/7/18  15:00:00", "end_date_": "2030/1/1  0:00:00", "name_id_": 1, "banner_id_": 13, "select_normal_": 1, "select_vip_": 1, "login_bonus_daily_story_id_": 62, "release_flag_": 1}]