[{"login_bonus_daily_item_id_": 0, "item1_sort_param_": 10, "item1_select_type_": 0, "item2_sort_param_": 20, "item2_select_type_": 0, "item3_sort_param_": 30, "item3_select_type_": 0, "item4_sort_param_": 40, "item4_select_type_": 0, "item5_sort_param_": 50, "item5_select_type_": 0, "item6_sort_param_": 60, "item6_select_type_": 0, "item7_sort_param_": 70, "item7_select_type_": 0, "item8_sort_param_": 80, "item8_select_type_": 0, "item9_sort_param_": 90, "item9_select_type_": 0}, {"login_bonus_daily_item_id_": 1, "item1_sort_param_": 10, "item1_select_type_": 0, "item2_sort_param_": 20, "item2_select_type_": 0, "item3_sort_param_": 30, "item3_select_type_": 0, "item4_sort_param_": 40, "item4_select_type_": 0, "item5_sort_param_": 50, "item5_select_type_": 0, "item6_sort_param_": 60, "item6_select_type_": 0, "item7_sort_param_": 70, "item7_select_type_": 0, "item8_sort_param_": 80, "item8_select_type_": 0, "item9_sort_param_": 90, "item9_select_type_": 0}, {"login_bonus_daily_item_id_": 2, "item1_sort_param_": 10, "item1_select_type_": 0, "item2_sort_param_": 20, "item2_select_type_": 0, "item3_sort_param_": 30, "item3_select_type_": 0, "item4_sort_param_": 40, "item4_select_type_": 0, "item5_sort_param_": 50, "item5_select_type_": 0, "item6_sort_param_": 60, "item6_select_type_": 0, "item7_sort_param_": 70, "item7_select_type_": 0, "item8_sort_param_": 80, "item8_select_type_": 0, "item9_sort_param_": 90, "item9_select_type_": 0}, {"login_bonus_daily_item_id_": 3, "item1_sort_param_": 10, "item1_select_type_": 0, "item2_sort_param_": 20, "item2_select_type_": 0, "item3_sort_param_": 30, "item3_select_type_": 0, "item4_sort_param_": 40, "item4_select_type_": 0, "item5_sort_param_": 50, "item5_select_type_": 0, "item6_sort_param_": 60, "item6_select_type_": 0, "item7_sort_param_": 70, "item7_select_type_": 0, "item8_sort_param_": 80, "item8_select_type_": 0, "item9_sort_param_": 90, "item9_select_type_": 0}, {"login_bonus_daily_item_id_": 4, "item1_sort_param_": 10, "item1_select_type_": 0, "item2_sort_param_": 20, "item2_select_type_": 0, "item3_sort_param_": 30, "item3_select_type_": 0, "item4_sort_param_": 40, "item4_select_type_": 0, "item5_sort_param_": 50, "item5_select_type_": 0, "item6_sort_param_": 60, "item6_select_type_": 0, "item7_sort_param_": 70, "item7_select_type_": 0, "item8_sort_param_": 80, "item8_select_type_": 0, "item9_sort_param_": 90, "item9_select_type_": 0}, {"login_bonus_daily_item_id_": 5, "item1_sort_param_": 10, "item1_select_type_": 0, "item2_sort_param_": 20, "item2_select_type_": 0, "item3_sort_param_": 30, "item3_select_type_": 0, "item4_sort_param_": 40, "item4_select_type_": 0, "item5_sort_param_": 50, "item5_select_type_": 0, "item6_sort_param_": 60, "item6_select_type_": 0, "item7_sort_param_": 70, "item7_select_type_": 0, "item8_sort_param_": 80, "item8_select_type_": 0, "item9_sort_param_": 90, "item9_select_type_": 0}, {"login_bonus_daily_item_id_": 6, "item1_sort_param_": 10, "item1_select_type_": 0, "item2_sort_param_": 20, "item2_select_type_": 0, "item3_sort_param_": 30, "item3_select_type_": 0, "item4_sort_param_": 40, "item4_select_type_": 0, "item5_sort_param_": 50, "item5_select_type_": 0, "item6_sort_param_": 60, "item6_select_type_": 0, "item7_sort_param_": 70, "item7_select_type_": 0, "item8_sort_param_": 80, "item8_select_type_": 0, "item9_sort_param_": 90, "item9_select_type_": 0}, {"login_bonus_daily_item_id_": 7, "item1_sort_param_": 10, "item1_select_type_": 0, "item2_sort_param_": 20, "item2_select_type_": 0, "item3_sort_param_": 30, "item3_select_type_": 0, "item4_sort_param_": 40, "item4_select_type_": 0, "item5_sort_param_": 50, "item5_select_type_": 0, "item6_sort_param_": 60, "item6_select_type_": 0, "item7_sort_param_": 70, "item7_select_type_": 0, "item8_sort_param_": 80, "item8_select_type_": 0, "item9_sort_param_": 90, "item9_select_type_": 0}, {"login_bonus_daily_item_id_": 8, "item1_sort_param_": 10, "item1_select_type_": 0, "item2_sort_param_": 20, "item2_select_type_": 0, "item3_sort_param_": 30, "item3_select_type_": 0, "item4_sort_param_": 40, "item4_select_type_": 0, "item5_sort_param_": 50, "item5_select_type_": 0, "item6_sort_param_": 60, "item6_select_type_": 0, "item7_sort_param_": 70, "item7_select_type_": 0, "item8_sort_param_": 80, "item8_select_type_": 0, "item9_sort_param_": 90, "item9_select_type_": 0}, {"login_bonus_daily_item_id_": 9, "item1_sort_param_": 10, "item1_select_type_": 0, "item2_sort_param_": 20, "item2_select_type_": 0, "item3_sort_param_": 30, "item3_select_type_": 0, "item4_sort_param_": 40, "item4_select_type_": 0, "item5_sort_param_": 50, "item5_select_type_": 0, "item6_sort_param_": 60, "item6_select_type_": 0, "item7_sort_param_": 70, "item7_select_type_": 0, "item8_sort_param_": 80, "item8_select_type_": 0, "item9_sort_param_": 90, "item9_select_type_": 0}, {"login_bonus_daily_item_id_": 10, "item1_sort_param_": 10, "item1_select_type_": 0, "item2_sort_param_": 20, "item2_select_type_": 0, "item3_sort_param_": 30, "item3_select_type_": 0, "item4_sort_param_": 40, "item4_select_type_": 0, "item5_sort_param_": 50, "item5_select_type_": 0, "item6_sort_param_": 60, "item6_select_type_": 0, "item7_sort_param_": 70, "item7_select_type_": 0, "item8_sort_param_": 80, "item8_select_type_": 0, "item9_sort_param_": 90, "item9_select_type_": 0}, {"login_bonus_daily_item_id_": 11, "item1_sort_param_": 10, "item1_select_type_": 0, "item2_sort_param_": 20, "item2_select_type_": 0, "item3_sort_param_": 30, "item3_select_type_": 0, "item4_sort_param_": 40, "item4_select_type_": 0, "item5_sort_param_": 50, "item5_select_type_": 0, "item6_sort_param_": 60, "item6_select_type_": 0, "item7_sort_param_": 70, "item7_select_type_": 0, "item8_sort_param_": 80, "item8_select_type_": 0, "item9_sort_param_": 90, "item9_select_type_": 0}, {"login_bonus_daily_item_id_": 12, "item1_sort_param_": 10, "item1_select_type_": 0, "item2_sort_param_": 20, "item2_select_type_": 0, "item3_sort_param_": 30, "item3_select_type_": 0, "item4_sort_param_": 40, "item4_select_type_": 0, "item5_sort_param_": 50, "item5_select_type_": 0, "item6_sort_param_": 60, "item6_select_type_": 0, "item7_sort_param_": 70, "item7_select_type_": 0, "item8_sort_param_": 80, "item8_select_type_": 0, "item9_sort_param_": 90, "item9_select_type_": 0}, {"login_bonus_daily_item_id_": 13, "item1_sort_param_": 10, "item1_select_type_": 0, "item2_sort_param_": 20, "item2_select_type_": 0, "item3_sort_param_": 30, "item3_select_type_": 0, "item4_sort_param_": 40, "item4_select_type_": 0, "item5_sort_param_": 50, "item5_select_type_": 0, "item6_sort_param_": 60, "item6_select_type_": 0, "item7_sort_param_": 70, "item7_select_type_": 0, "item8_sort_param_": 80, "item8_select_type_": 0, "item9_sort_param_": 90, "item9_select_type_": 0}, {"login_bonus_daily_item_id_": 14, "item1_sort_param_": 10, "item1_select_type_": 0, "item2_sort_param_": 20, "item2_select_type_": 0, "item3_sort_param_": 30, "item3_select_type_": 0, "item4_sort_param_": 40, "item4_select_type_": 0, "item5_sort_param_": 50, "item5_select_type_": 0, "item6_sort_param_": 60, "item6_select_type_": 0, "item7_sort_param_": 70, "item7_select_type_": 0, "item8_sort_param_": 80, "item8_select_type_": 0, "item9_sort_param_": 90, "item9_select_type_": 0}, {"login_bonus_daily_item_id_": 15, "item1_sort_param_": 10, "item1_select_type_": 0, "item2_sort_param_": 20, "item2_select_type_": 0, "item3_sort_param_": 30, "item3_select_type_": 0, "item4_sort_param_": 40, "item4_select_type_": 0, "item5_sort_param_": 50, "item5_select_type_": 0, "item6_sort_param_": 60, "item6_select_type_": 0, "item7_sort_param_": 70, "item7_select_type_": 0, "item8_sort_param_": 80, "item8_select_type_": 0, "item9_sort_param_": 90, "item9_select_type_": 0}, {"login_bonus_daily_item_id_": 16, "item1_sort_param_": 10, "item1_select_type_": 0, "item2_sort_param_": 20, "item2_select_type_": 0, "item3_sort_param_": 30, "item3_select_type_": 0, "item4_sort_param_": 40, "item4_select_type_": 0, "item5_sort_param_": 50, "item5_select_type_": 0, "item6_sort_param_": 60, "item6_select_type_": 0, "item7_sort_param_": 70, "item7_select_type_": 0, "item8_sort_param_": 80, "item8_select_type_": 0, "item9_sort_param_": 90, "item9_select_type_": 0}, {"login_bonus_daily_item_id_": 17, "item1_sort_param_": 10, "item1_select_type_": 0, "item2_sort_param_": 20, "item2_select_type_": 0, "item3_sort_param_": 30, "item3_select_type_": 0, "item4_sort_param_": 40, "item4_select_type_": 0, "item5_sort_param_": 50, "item5_select_type_": 0, "item6_sort_param_": 60, "item6_select_type_": 0, "item7_sort_param_": 70, "item7_select_type_": 0, "item8_sort_param_": 80, "item8_select_type_": 0, "item9_sort_param_": 90, "item9_select_type_": 0}, {"login_bonus_daily_item_id_": 18, "item1_sort_param_": 10, "item1_select_type_": 0, "item2_sort_param_": 20, "item2_select_type_": 0, "item3_sort_param_": 30, "item3_select_type_": 0, "item4_sort_param_": 40, "item4_select_type_": 0, "item5_sort_param_": 50, "item5_select_type_": 0, "item6_sort_param_": 60, "item6_select_type_": 0, "item7_sort_param_": 70, "item7_select_type_": 0, "item8_sort_param_": 80, "item8_select_type_": 0, "item9_sort_param_": 90, "item9_select_type_": 0}, {"login_bonus_daily_item_id_": 19, "item1_sort_param_": 10, "item1_select_type_": 0, "item2_sort_param_": 20, "item2_select_type_": 0, "item3_sort_param_": 30, "item3_select_type_": 0, "item4_sort_param_": 40, "item4_select_type_": 0, "item5_sort_param_": 50, "item5_select_type_": 0, "item6_sort_param_": 60, "item6_select_type_": 0, "item7_sort_param_": 70, "item7_select_type_": 0, "item8_sort_param_": 80, "item8_select_type_": 0, "item9_sort_param_": 90, "item9_select_type_": 0}, {"login_bonus_daily_item_id_": 20, "item1_sort_param_": 10, "item1_select_type_": 0, "item2_sort_param_": 20, "item2_select_type_": 0, "item3_sort_param_": 30, "item3_select_type_": 0, "item4_sort_param_": 40, "item4_select_type_": 0, "item5_sort_param_": 50, "item5_select_type_": 0, "item6_sort_param_": 60, "item6_select_type_": 0, "item7_sort_param_": 70, "item7_select_type_": 0, "item8_sort_param_": 80, "item8_select_type_": 0, "item9_sort_param_": 90, "item9_select_type_": 0}, {"login_bonus_daily_item_id_": 21, "item1_sort_param_": 10, "item1_select_type_": 0, "item2_sort_param_": 20, "item2_select_type_": 0, "item3_sort_param_": 30, "item3_select_type_": 0, "item4_sort_param_": 40, "item4_select_type_": 0, "item5_sort_param_": 50, "item5_select_type_": 0, "item6_sort_param_": 60, "item6_select_type_": 0, "item7_sort_param_": 70, "item7_select_type_": 0, "item8_sort_param_": 80, "item8_select_type_": 0, "item9_sort_param_": 90, "item9_select_type_": 0}, {"login_bonus_daily_item_id_": 22, "item1_sort_param_": 10, "item1_select_type_": 0, "item2_sort_param_": 20, "item2_select_type_": 0, "item3_sort_param_": 30, "item3_select_type_": 0, "item4_sort_param_": 40, "item4_select_type_": 0, "item5_sort_param_": 50, "item5_select_type_": 0, "item6_sort_param_": 60, "item6_select_type_": 0, "item7_sort_param_": 70, "item7_select_type_": 0, "item8_sort_param_": 80, "item8_select_type_": 0, "item9_sort_param_": 90, "item9_select_type_": 0}, {"login_bonus_daily_item_id_": 23, "item1_sort_param_": 10, "item1_select_type_": 0, "item2_sort_param_": 20, "item2_select_type_": 0, "item3_sort_param_": 30, "item3_select_type_": 0, "item4_sort_param_": 40, "item4_select_type_": 0, "item5_sort_param_": 50, "item5_select_type_": 0, "item6_sort_param_": 60, "item6_select_type_": 0, "item7_sort_param_": 70, "item7_select_type_": 0, "item8_sort_param_": 80, "item8_select_type_": 0, "item9_sort_param_": 90, "item9_select_type_": 0}, {"login_bonus_daily_item_id_": 24, "item1_sort_param_": 10, "item1_select_type_": 0, "item2_sort_param_": 20, "item2_select_type_": 0, "item3_sort_param_": 30, "item3_select_type_": 0, "item4_sort_param_": 40, "item4_select_type_": 0, "item5_sort_param_": 50, "item5_select_type_": 0, "item6_sort_param_": 60, "item6_select_type_": 0, "item7_sort_param_": 70, "item7_select_type_": 0, "item8_sort_param_": 80, "item8_select_type_": 0, "item9_sort_param_": 90, "item9_select_type_": 0}, {"login_bonus_daily_item_id_": 25, "item1_sort_param_": 10, "item1_select_type_": 0, "item2_sort_param_": 20, "item2_select_type_": 0, "item3_sort_param_": 30, "item3_select_type_": 0, "item4_sort_param_": 40, "item4_select_type_": 0, "item5_sort_param_": 50, "item5_select_type_": 0, "item6_sort_param_": 60, "item6_select_type_": 0, "item7_sort_param_": 70, "item7_select_type_": 0, "item8_sort_param_": 80, "item8_select_type_": 0, "item9_sort_param_": 90, "item9_select_type_": 0}, {"login_bonus_daily_item_id_": 26, "item1_sort_param_": 10, "item1_select_type_": 0, "item2_sort_param_": 20, "item2_select_type_": 0, "item3_sort_param_": 30, "item3_select_type_": 0, "item4_sort_param_": 40, "item4_select_type_": 0, "item5_sort_param_": 50, "item5_select_type_": 0, "item6_sort_param_": 60, "item6_select_type_": 0, "item7_sort_param_": 70, "item7_select_type_": 0, "item8_sort_param_": 80, "item8_select_type_": 0, "item9_sort_param_": 90, "item9_select_type_": 0}, {"login_bonus_daily_item_id_": 27, "item1_sort_param_": 10, "item1_select_type_": 0, "item2_sort_param_": 20, "item2_select_type_": 0, "item3_sort_param_": 30, "item3_select_type_": 0, "item4_sort_param_": 40, "item4_select_type_": 0, "item5_sort_param_": 50, "item5_select_type_": 0, "item6_sort_param_": 60, "item6_select_type_": 0, "item7_sort_param_": 70, "item7_select_type_": 0, "item8_sort_param_": 80, "item8_select_type_": 0, "item9_sort_param_": 90, "item9_select_type_": 0}, {"login_bonus_daily_item_id_": 28, "item1_sort_param_": 10, "item1_select_type_": 0, "item2_sort_param_": 20, "item2_select_type_": 0, "item3_sort_param_": 30, "item3_select_type_": 0, "item4_sort_param_": 40, "item4_select_type_": 0, "item5_sort_param_": 50, "item5_select_type_": 0, "item6_sort_param_": 60, "item6_select_type_": 0, "item7_sort_param_": 70, "item7_select_type_": 0, "item8_sort_param_": 80, "item8_select_type_": 0, "item9_sort_param_": 90, "item9_select_type_": 0}, {"login_bonus_daily_item_id_": 29, "item1_sort_param_": 10, "item1_select_type_": 0, "item2_sort_param_": 20, "item2_select_type_": 0, "item3_sort_param_": 30, "item3_select_type_": 0, "item4_sort_param_": 40, "item4_select_type_": 0, "item5_sort_param_": 50, "item5_select_type_": 0, "item6_sort_param_": 60, "item6_select_type_": 0, "item7_sort_param_": 70, "item7_select_type_": 0, "item8_sort_param_": 80, "item8_select_type_": 0, "item9_sort_param_": 90, "item9_select_type_": 0}, {"login_bonus_daily_item_id_": 30, "item1_sort_param_": 10, "item1_select_type_": 0, "item2_sort_param_": 20, "item2_select_type_": 0, "item3_sort_param_": 30, "item3_select_type_": 0, "item4_sort_param_": 40, "item4_select_type_": 0, "item5_sort_param_": 50, "item5_select_type_": 0, "item6_sort_param_": 60, "item6_select_type_": 0, "item7_sort_param_": 70, "item7_select_type_": 0, "item8_sort_param_": 80, "item8_select_type_": 0, "item9_sort_param_": 90, "item9_select_type_": 0}, {"login_bonus_daily_item_id_": 31, "item1_sort_param_": 10, "item1_select_type_": 0, "item2_sort_param_": 20, "item2_select_type_": 0, "item3_sort_param_": 30, "item3_select_type_": 0, "item4_sort_param_": 40, "item4_select_type_": 0, "item5_sort_param_": 50, "item5_select_type_": 0, "item6_sort_param_": 60, "item6_select_type_": 0, "item7_sort_param_": 70, "item7_select_type_": 0, "item8_sort_param_": 80, "item8_select_type_": 0, "item9_sort_param_": 90, "item9_select_type_": 0}, {"login_bonus_daily_item_id_": 32, "item1_sort_param_": 10, "item1_select_type_": 0, "item2_sort_param_": 20, "item2_select_type_": 0, "item3_sort_param_": 30, "item3_select_type_": 0, "item4_sort_param_": 40, "item4_select_type_": 0, "item5_sort_param_": 50, "item5_select_type_": 0, "item6_sort_param_": 60, "item6_select_type_": 0, "item7_sort_param_": 70, "item7_select_type_": 0, "item8_sort_param_": 80, "item8_select_type_": 0, "item9_sort_param_": 90, "item9_select_type_": 0}, {"login_bonus_daily_item_id_": 33, "item1_sort_param_": 10, "item1_select_type_": 0, "item2_sort_param_": 20, "item2_select_type_": 0, "item3_sort_param_": 30, "item3_select_type_": 0, "item4_sort_param_": 40, "item4_select_type_": 0, "item5_sort_param_": 50, "item5_select_type_": 0, "item6_sort_param_": 60, "item6_select_type_": 0, "item7_sort_param_": 70, "item7_select_type_": 0, "item8_sort_param_": 80, "item8_select_type_": 0, "item9_sort_param_": 90, "item9_select_type_": 0}, {"login_bonus_daily_item_id_": 34, "item1_sort_param_": 10, "item1_select_type_": 0, "item2_sort_param_": 20, "item2_select_type_": 0, "item3_sort_param_": 30, "item3_select_type_": 0, "item4_sort_param_": 40, "item4_select_type_": 0, "item5_sort_param_": 50, "item5_select_type_": 0, "item6_sort_param_": 60, "item6_select_type_": 0, "item7_sort_param_": 70, "item7_select_type_": 0, "item8_sort_param_": 80, "item8_select_type_": 0, "item9_sort_param_": 90, "item9_select_type_": 0}, {"login_bonus_daily_item_id_": 35, "item1_sort_param_": 10, "item1_select_type_": 0, "item2_sort_param_": 20, "item2_select_type_": 0, "item3_sort_param_": 30, "item3_select_type_": 0, "item4_sort_param_": 40, "item4_select_type_": 0, "item5_sort_param_": 50, "item5_select_type_": 0, "item6_sort_param_": 60, "item6_select_type_": 0, "item7_sort_param_": 70, "item7_select_type_": 0, "item8_sort_param_": 80, "item8_select_type_": 0, "item9_sort_param_": 90, "item9_select_type_": 0}, {"login_bonus_daily_item_id_": 36, "item1_sort_param_": 10, "item1_select_type_": 0, "item2_sort_param_": 20, "item2_select_type_": 0, "item3_sort_param_": 30, "item3_select_type_": 0, "item4_sort_param_": 40, "item4_select_type_": 0, "item5_sort_param_": 50, "item5_select_type_": 0, "item6_sort_param_": 60, "item6_select_type_": 0, "item7_sort_param_": 70, "item7_select_type_": 0, "item8_sort_param_": 80, "item8_select_type_": 0, "item9_sort_param_": 90, "item9_select_type_": 0}, {"login_bonus_daily_item_id_": 37, "item1_sort_param_": 10, "item1_select_type_": 0, "item2_sort_param_": 20, "item2_select_type_": 0, "item3_sort_param_": 30, "item3_select_type_": 0, "item4_sort_param_": 40, "item4_select_type_": 0, "item5_sort_param_": 50, "item5_select_type_": 0, "item6_sort_param_": 60, "item6_select_type_": 0, "item7_sort_param_": 70, "item7_select_type_": 0, "item8_sort_param_": 80, "item8_select_type_": 0, "item9_sort_param_": 90, "item9_select_type_": 0}, {"login_bonus_daily_item_id_": 38, "item1_sort_param_": 10, "item1_select_type_": 0, "item2_sort_param_": 20, "item2_select_type_": 0, "item3_sort_param_": 30, "item3_select_type_": 0, "item4_sort_param_": 40, "item4_select_type_": 0, "item5_sort_param_": 50, "item5_select_type_": 0, "item6_sort_param_": 60, "item6_select_type_": 0, "item7_sort_param_": 70, "item7_select_type_": 0, "item8_sort_param_": 80, "item8_select_type_": 0, "item9_sort_param_": 90, "item9_select_type_": 0}, {"login_bonus_daily_item_id_": 39, "item1_sort_param_": 10, "item1_select_type_": 0, "item2_sort_param_": 20, "item2_select_type_": 0, "item3_sort_param_": 30, "item3_select_type_": 0, "item4_sort_param_": 40, "item4_select_type_": 0, "item5_sort_param_": 50, "item5_select_type_": 0, "item6_sort_param_": 60, "item6_select_type_": 0, "item7_sort_param_": 70, "item7_select_type_": 0, "item8_sort_param_": 80, "item8_select_type_": 0, "item9_sort_param_": 90, "item9_select_type_": 0}, {"login_bonus_daily_item_id_": 40, "item1_sort_param_": 10, "item1_select_type_": 0, "item2_sort_param_": 20, "item2_select_type_": 0, "item3_sort_param_": 30, "item3_select_type_": 0, "item4_sort_param_": 40, "item4_select_type_": 0, "item5_sort_param_": 50, "item5_select_type_": 0, "item6_sort_param_": 60, "item6_select_type_": 0, "item7_sort_param_": 70, "item7_select_type_": 0, "item8_sort_param_": 80, "item8_select_type_": 0, "item9_sort_param_": 90, "item9_select_type_": 0}, {"login_bonus_daily_item_id_": 41, "item1_sort_param_": 10, "item1_select_type_": 0, "item2_sort_param_": 20, "item2_select_type_": 0, "item3_sort_param_": 30, "item3_select_type_": 0, "item4_sort_param_": 40, "item4_select_type_": 0, "item5_sort_param_": 50, "item5_select_type_": 0, "item6_sort_param_": 60, "item6_select_type_": 0, "item7_sort_param_": 70, "item7_select_type_": 0, "item8_sort_param_": 80, "item8_select_type_": 0, "item9_sort_param_": 90, "item9_select_type_": 0}, {"login_bonus_daily_item_id_": 42, "item1_sort_param_": 10, "item1_select_type_": 0, "item2_sort_param_": 20, "item2_select_type_": 0, "item3_sort_param_": 30, "item3_select_type_": 0, "item4_sort_param_": 40, "item4_select_type_": 0, "item5_sort_param_": 50, "item5_select_type_": 0, "item6_sort_param_": 60, "item6_select_type_": 0, "item7_sort_param_": 70, "item7_select_type_": 0, "item8_sort_param_": 80, "item8_select_type_": 0, "item9_sort_param_": 90, "item9_select_type_": 0}, {"login_bonus_daily_item_id_": 43, "item1_sort_param_": 10, "item1_select_type_": 0, "item2_sort_param_": 20, "item2_select_type_": 0, "item3_sort_param_": 30, "item3_select_type_": 0, "item4_sort_param_": 40, "item4_select_type_": 0, "item5_sort_param_": 50, "item5_select_type_": 0, "item6_sort_param_": 60, "item6_select_type_": 0, "item7_sort_param_": 70, "item7_select_type_": 0, "item8_sort_param_": 80, "item8_select_type_": 0, "item9_sort_param_": 90, "item9_select_type_": 0}, {"login_bonus_daily_item_id_": 44, "item1_sort_param_": 10, "item1_select_type_": 0, "item2_sort_param_": 20, "item2_select_type_": 0, "item3_sort_param_": 30, "item3_select_type_": 0, "item4_sort_param_": 40, "item4_select_type_": 0, "item5_sort_param_": 50, "item5_select_type_": 0, "item6_sort_param_": 60, "item6_select_type_": 0, "item7_sort_param_": 70, "item7_select_type_": 0, "item8_sort_param_": 80, "item8_select_type_": 0, "item9_sort_param_": 90, "item9_select_type_": 0}, {"login_bonus_daily_item_id_": 45, "item1_sort_param_": 10, "item1_select_type_": 0, "item2_sort_param_": 20, "item2_select_type_": 0, "item3_sort_param_": 30, "item3_select_type_": 0, "item4_sort_param_": 40, "item4_select_type_": 0, "item5_sort_param_": 50, "item5_select_type_": 0, "item6_sort_param_": 60, "item6_select_type_": 0, "item7_sort_param_": 70, "item7_select_type_": 0, "item8_sort_param_": 80, "item8_select_type_": 0, "item9_sort_param_": 90, "item9_select_type_": 0}, {"login_bonus_daily_item_id_": 46, "item1_sort_param_": 10, "item1_select_type_": 0, "item2_sort_param_": 20, "item2_select_type_": 0, "item3_sort_param_": 30, "item3_select_type_": 0, "item4_sort_param_": 40, "item4_select_type_": 0, "item5_sort_param_": 50, "item5_select_type_": 0, "item6_sort_param_": 60, "item6_select_type_": 0, "item7_sort_param_": 70, "item7_select_type_": 0, "item8_sort_param_": 80, "item8_select_type_": 0, "item9_sort_param_": 90, "item9_select_type_": 0}, {"login_bonus_daily_item_id_": 47, "item1_sort_param_": 10, "item1_select_type_": 0, "item2_sort_param_": 20, "item2_select_type_": 0, "item3_sort_param_": 30, "item3_select_type_": 0, "item4_sort_param_": 40, "item4_select_type_": 0, "item5_sort_param_": 50, "item5_select_type_": 0, "item6_sort_param_": 60, "item6_select_type_": 0, "item7_sort_param_": 70, "item7_select_type_": 0, "item8_sort_param_": 80, "item8_select_type_": 0, "item9_sort_param_": 90, "item9_select_type_": 0}, {"login_bonus_daily_item_id_": 48, "item1_sort_param_": 10, "item1_select_type_": 0, "item2_sort_param_": 20, "item2_select_type_": 0, "item3_sort_param_": 30, "item3_select_type_": 0, "item4_sort_param_": 40, "item4_select_type_": 0, "item5_sort_param_": 50, "item5_select_type_": 0, "item6_sort_param_": 60, "item6_select_type_": 0, "item7_sort_param_": 70, "item7_select_type_": 0, "item8_sort_param_": 80, "item8_select_type_": 0, "item9_sort_param_": 90, "item9_select_type_": 0}, {"login_bonus_daily_item_id_": 49, "item1_sort_param_": 10, "item1_select_type_": 0, "item2_sort_param_": 20, "item2_select_type_": 0, "item3_sort_param_": 30, "item3_select_type_": 0, "item4_sort_param_": 40, "item4_select_type_": 0, "item5_sort_param_": 50, "item5_select_type_": 0, "item6_sort_param_": 60, "item6_select_type_": 0, "item7_sort_param_": 70, "item7_select_type_": 0, "item8_sort_param_": 80, "item8_select_type_": 0, "item9_sort_param_": 90, "item9_select_type_": 0}, {"login_bonus_daily_item_id_": 50, "item1_sort_param_": 10, "item1_select_type_": 0, "item2_sort_param_": 20, "item2_select_type_": 0, "item3_sort_param_": 30, "item3_select_type_": 0, "item4_sort_param_": 40, "item4_select_type_": 0, "item5_sort_param_": 50, "item5_select_type_": 0, "item6_sort_param_": 60, "item6_select_type_": 0, "item7_sort_param_": 70, "item7_select_type_": 0, "item8_sort_param_": 80, "item8_select_type_": 0, "item9_sort_param_": 90, "item9_select_type_": 0}, {"login_bonus_daily_item_id_": 51, "item1_sort_param_": 10, "item1_select_type_": 0, "item2_sort_param_": 20, "item2_select_type_": 0, "item3_sort_param_": 30, "item3_select_type_": 0, "item4_sort_param_": 40, "item4_select_type_": 0, "item5_sort_param_": 50, "item5_select_type_": 0, "item6_sort_param_": 60, "item6_select_type_": 0, "item7_sort_param_": 70, "item7_select_type_": 0, "item8_sort_param_": 80, "item8_select_type_": 0, "item9_sort_param_": 90, "item9_select_type_": 0}, {"login_bonus_daily_item_id_": 52, "item1_sort_param_": 10, "item1_select_type_": 0, "item2_sort_param_": 20, "item2_select_type_": 0, "item3_sort_param_": 30, "item3_select_type_": 0, "item4_sort_param_": 40, "item4_select_type_": 0, "item5_sort_param_": 50, "item5_select_type_": 0, "item6_sort_param_": 60, "item6_select_type_": 0, "item7_sort_param_": 70, "item7_select_type_": 0, "item8_sort_param_": 80, "item8_select_type_": 0, "item9_sort_param_": 90, "item9_select_type_": 0}, {"login_bonus_daily_item_id_": 53, "item1_sort_param_": 10, "item1_select_type_": 0, "item2_sort_param_": 20, "item2_select_type_": 0, "item3_sort_param_": 30, "item3_select_type_": 0, "item4_sort_param_": 40, "item4_select_type_": 0, "item5_sort_param_": 50, "item5_select_type_": 0, "item6_sort_param_": 60, "item6_select_type_": 0, "item7_sort_param_": 70, "item7_select_type_": 0, "item8_sort_param_": 80, "item8_select_type_": 0, "item9_sort_param_": 90, "item9_select_type_": 0}, {"login_bonus_daily_item_id_": 54, "item1_sort_param_": 10, "item1_select_type_": 0, "item2_sort_param_": 20, "item2_select_type_": 0, "item3_sort_param_": 30, "item3_select_type_": 0, "item4_sort_param_": 40, "item4_select_type_": 0, "item5_sort_param_": 50, "item5_select_type_": 0, "item6_sort_param_": 60, "item6_select_type_": 0, "item7_sort_param_": 70, "item7_select_type_": 0, "item8_sort_param_": 80, "item8_select_type_": 0, "item9_sort_param_": 90, "item9_select_type_": 0}, {"login_bonus_daily_item_id_": 55, "item1_sort_param_": 10, "item1_select_type_": 0, "item2_sort_param_": 20, "item2_select_type_": 0, "item3_sort_param_": 30, "item3_select_type_": 0, "item4_sort_param_": 40, "item4_select_type_": 0, "item5_sort_param_": 50, "item5_select_type_": 0, "item6_sort_param_": 60, "item6_select_type_": 0, "item7_sort_param_": 70, "item7_select_type_": 0, "item8_sort_param_": 80, "item8_select_type_": 0, "item9_sort_param_": 90, "item9_select_type_": 0}, {"login_bonus_daily_item_id_": 56, "item1_sort_param_": 10, "item1_select_type_": 0, "item2_sort_param_": 20, "item2_select_type_": 0, "item3_sort_param_": 30, "item3_select_type_": 0, "item4_sort_param_": 40, "item4_select_type_": 0, "item5_sort_param_": 50, "item5_select_type_": 0, "item6_sort_param_": 60, "item6_select_type_": 0, "item7_sort_param_": 70, "item7_select_type_": 0, "item8_sort_param_": 80, "item8_select_type_": 0, "item9_sort_param_": 90, "item9_select_type_": 0}, {"login_bonus_daily_item_id_": 57, "item1_sort_param_": 10, "item1_select_type_": 0, "item2_sort_param_": 20, "item2_select_type_": 0, "item3_sort_param_": 30, "item3_select_type_": 0, "item4_sort_param_": 40, "item4_select_type_": 0, "item5_sort_param_": 50, "item5_select_type_": 0, "item6_sort_param_": 60, "item6_select_type_": 0, "item7_sort_param_": 70, "item7_select_type_": 0, "item8_sort_param_": 80, "item8_select_type_": 0, "item9_sort_param_": 90, "item9_select_type_": 0}, {"login_bonus_daily_item_id_": 58, "item1_sort_param_": 10, "item1_select_type_": 0, "item2_sort_param_": 20, "item2_select_type_": 0, "item3_sort_param_": 30, "item3_select_type_": 0, "item4_sort_param_": 40, "item4_select_type_": 0, "item5_sort_param_": 50, "item5_select_type_": 0, "item6_sort_param_": 60, "item6_select_type_": 0, "item7_sort_param_": 70, "item7_select_type_": 0, "item8_sort_param_": 80, "item8_select_type_": 0, "item9_sort_param_": 90, "item9_select_type_": 0}, {"login_bonus_daily_item_id_": 59, "item1_sort_param_": 10, "item1_select_type_": 0, "item2_sort_param_": 20, "item2_select_type_": 0, "item3_sort_param_": 30, "item3_select_type_": 0, "item4_sort_param_": 40, "item4_select_type_": 0, "item5_sort_param_": 50, "item5_select_type_": 0, "item6_sort_param_": 60, "item6_select_type_": 0, "item7_sort_param_": 70, "item7_select_type_": 0, "item8_sort_param_": 80, "item8_select_type_": 0, "item9_sort_param_": 90, "item9_select_type_": 0}, {"login_bonus_daily_item_id_": 60, "item1_sort_param_": 10, "item1_select_type_": 0, "item2_sort_param_": 20, "item2_select_type_": 0, "item3_sort_param_": 30, "item3_select_type_": 0, "item4_sort_param_": 40, "item4_select_type_": 0, "item5_sort_param_": 50, "item5_select_type_": 0, "item6_sort_param_": 60, "item6_select_type_": 0, "item7_sort_param_": 70, "item7_select_type_": 0, "item8_sort_param_": 80, "item8_select_type_": 0, "item9_sort_param_": 90, "item9_select_type_": 0}, {"login_bonus_daily_item_id_": 61, "item1_sort_param_": 10, "item1_select_type_": 0, "item2_sort_param_": 20, "item2_select_type_": 0, "item3_sort_param_": 30, "item3_select_type_": 0, "item4_sort_param_": 40, "item4_select_type_": 0, "item5_sort_param_": 50, "item5_select_type_": 0, "item6_sort_param_": 60, "item6_select_type_": 0, "item7_sort_param_": 70, "item7_select_type_": 0, "item8_sort_param_": 80, "item8_select_type_": 0, "item9_sort_param_": 90, "item9_select_type_": 0}, {"login_bonus_daily_item_id_": 62, "item1_sort_param_": 10, "item1_select_type_": 0, "item2_sort_param_": 20, "item2_select_type_": 0, "item3_sort_param_": 30, "item3_select_type_": 0, "item4_sort_param_": 40, "item4_select_type_": 0, "item5_sort_param_": 50, "item5_select_type_": 0, "item6_sort_param_": 60, "item6_select_type_": 0, "item7_sort_param_": 70, "item7_select_type_": 0, "item8_sort_param_": 80, "item8_select_type_": 0, "item9_sort_param_": 90, "item9_select_type_": 0}, {"login_bonus_daily_item_id_": 63, "item1_sort_param_": 10, "item1_select_type_": 0, "item2_sort_param_": 20, "item2_select_type_": 0, "item3_sort_param_": 30, "item3_select_type_": 0, "item4_sort_param_": 40, "item4_select_type_": 0, "item5_sort_param_": 50, "item5_select_type_": 0, "item6_sort_param_": 60, "item6_select_type_": 0, "item7_sort_param_": 70, "item7_select_type_": 0, "item8_sort_param_": 80, "item8_select_type_": 0, "item9_sort_param_": 90, "item9_select_type_": 0}, {"login_bonus_daily_item_id_": 64, "item1_sort_param_": 10, "item1_select_type_": 0, "item2_sort_param_": 20, "item2_select_type_": 0, "item3_sort_param_": 30, "item3_select_type_": 0, "item4_sort_param_": 40, "item4_select_type_": 0, "item5_sort_param_": 50, "item5_select_type_": 0, "item6_sort_param_": 60, "item6_select_type_": 0, "item7_sort_param_": 70, "item7_select_type_": 0, "item8_sort_param_": 80, "item8_select_type_": 0, "item9_sort_param_": 90, "item9_select_type_": 0}, {"login_bonus_daily_item_id_": 65, "item1_sort_param_": 10, "item1_select_type_": 0, "item2_sort_param_": 20, "item2_select_type_": 0, "item3_sort_param_": 30, "item3_select_type_": 0, "item4_sort_param_": 40, "item4_select_type_": 0, "item5_sort_param_": 50, "item5_select_type_": 0, "item6_sort_param_": 60, "item6_select_type_": 0, "item7_sort_param_": 70, "item7_select_type_": 0, "item8_sort_param_": 80, "item8_select_type_": 0, "item9_sort_param_": 90, "item9_select_type_": 0}, {"login_bonus_daily_item_id_": 66, "item1_sort_param_": 10, "item1_select_type_": 0, "item2_sort_param_": 20, "item2_select_type_": 0, "item3_sort_param_": 30, "item3_select_type_": 0, "item4_sort_param_": 40, "item4_select_type_": 0, "item5_sort_param_": 50, "item5_select_type_": 0, "item6_sort_param_": 60, "item6_select_type_": 0, "item7_sort_param_": 70, "item7_select_type_": 0, "item8_sort_param_": 80, "item8_select_type_": 0, "item9_sort_param_": 90, "item9_select_type_": 0}, {"login_bonus_daily_item_id_": 67, "item1_sort_param_": 10, "item1_select_type_": 0, "item2_sort_param_": 20, "item2_select_type_": 0, "item3_sort_param_": 30, "item3_select_type_": 0, "item4_sort_param_": 40, "item4_select_type_": 0, "item5_sort_param_": 50, "item5_select_type_": 0, "item6_sort_param_": 60, "item6_select_type_": 0, "item7_sort_param_": 70, "item7_select_type_": 0, "item8_sort_param_": 80, "item8_select_type_": 0, "item9_sort_param_": 90, "item9_select_type_": 0}, {"login_bonus_daily_item_id_": 68, "item1_sort_param_": 10, "item1_select_type_": 0, "item2_sort_param_": 20, "item2_select_type_": 0, "item3_sort_param_": 30, "item3_select_type_": 0, "item4_sort_param_": 40, "item4_select_type_": 0, "item5_sort_param_": 50, "item5_select_type_": 0, "item6_sort_param_": 60, "item6_select_type_": 0, "item7_sort_param_": 70, "item7_select_type_": 0, "item8_sort_param_": 80, "item8_select_type_": 0, "item9_sort_param_": 90, "item9_select_type_": 0}, {"login_bonus_daily_item_id_": 69, "item1_sort_param_": 10, "item1_select_type_": 0, "item2_sort_param_": 20, "item2_select_type_": 0, "item3_sort_param_": 30, "item3_select_type_": 0, "item4_sort_param_": 40, "item4_select_type_": 0, "item5_sort_param_": 50, "item5_select_type_": 0, "item6_sort_param_": 60, "item6_select_type_": 0, "item7_sort_param_": 70, "item7_select_type_": 0, "item8_sort_param_": 80, "item8_select_type_": 0, "item9_sort_param_": 90, "item9_select_type_": 0}, {"login_bonus_daily_item_id_": 70, "item1_sort_param_": 10, "item1_select_type_": 0, "item2_sort_param_": 20, "item2_select_type_": 1, "item3_sort_param_": 30, "item3_select_type_": 1, "item4_sort_param_": 40, "item4_select_type_": 0, "item5_sort_param_": 50, "item5_select_type_": 0, "item6_sort_param_": 60, "item6_select_type_": 0, "item7_sort_param_": 70, "item7_select_type_": 0, "item8_sort_param_": 80, "item8_select_type_": 0, "item9_sort_param_": 90, "item9_select_type_": 0}, {"login_bonus_daily_item_id_": 71, "item1_sort_param_": 10, "item1_select_type_": 0, "item2_sort_param_": 20, "item2_select_type_": 1, "item3_sort_param_": 30, "item3_select_type_": 1, "item4_sort_param_": 40, "item4_select_type_": 0, "item5_sort_param_": 50, "item5_select_type_": 0, "item6_sort_param_": 60, "item6_select_type_": 0, "item7_sort_param_": 70, "item7_select_type_": 0, "item8_sort_param_": 80, "item8_select_type_": 0, "item9_sort_param_": 90, "item9_select_type_": 0}, {"login_bonus_daily_item_id_": 72, "item1_sort_param_": 10, "item1_select_type_": 0, "item2_sort_param_": 20, "item2_select_type_": 1, "item3_sort_param_": 30, "item3_select_type_": 1, "item4_sort_param_": 40, "item4_select_type_": 0, "item5_sort_param_": 50, "item5_select_type_": 0, "item6_sort_param_": 60, "item6_select_type_": 0, "item7_sort_param_": 70, "item7_select_type_": 0, "item8_sort_param_": 80, "item8_select_type_": 0, "item9_sort_param_": 90, "item9_select_type_": 0}, {"login_bonus_daily_item_id_": 73, "item1_sort_param_": 10, "item1_select_type_": 0, "item2_sort_param_": 20, "item2_select_type_": 1, "item3_sort_param_": 30, "item3_select_type_": 1, "item4_sort_param_": 40, "item4_select_type_": 0, "item5_sort_param_": 50, "item5_select_type_": 0, "item6_sort_param_": 60, "item6_select_type_": 0, "item7_sort_param_": 70, "item7_select_type_": 0, "item8_sort_param_": 80, "item8_select_type_": 0, "item9_sort_param_": 90, "item9_select_type_": 0}, {"login_bonus_daily_item_id_": 74, "item1_sort_param_": 10, "item1_select_type_": 0, "item2_sort_param_": 20, "item2_select_type_": 0, "item3_sort_param_": 30, "item3_select_type_": 0, "item4_sort_param_": 40, "item4_select_type_": 0, "item5_sort_param_": 50, "item5_select_type_": 0, "item6_sort_param_": 60, "item6_select_type_": 0, "item7_sort_param_": 70, "item7_select_type_": 0, "item8_sort_param_": 80, "item8_select_type_": 0, "item9_sort_param_": 90, "item9_select_type_": 0}, {"login_bonus_daily_item_id_": 75, "item1_sort_param_": 10, "item1_select_type_": 0, "item2_sort_param_": 20, "item2_select_type_": 0, "item3_sort_param_": 30, "item3_select_type_": 0, "item4_sort_param_": 40, "item4_select_type_": 0, "item5_sort_param_": 50, "item5_select_type_": 0, "item6_sort_param_": 60, "item6_select_type_": 0, "item7_sort_param_": 70, "item7_select_type_": 0, "item8_sort_param_": 80, "item8_select_type_": 0, "item9_sort_param_": 90, "item9_select_type_": 0}, {"login_bonus_daily_item_id_": 76, "item1_sort_param_": 10, "item1_select_type_": 0, "item2_sort_param_": 20, "item2_select_type_": 0, "item3_sort_param_": 30, "item3_select_type_": 0, "item4_sort_param_": 40, "item4_select_type_": 0, "item5_sort_param_": 50, "item5_select_type_": 0, "item6_sort_param_": 60, "item6_select_type_": 0, "item7_sort_param_": 70, "item7_select_type_": 0, "item8_sort_param_": 80, "item8_select_type_": 0, "item9_sort_param_": 90, "item9_select_type_": 0}, {"login_bonus_daily_item_id_": 77, "item1_sort_param_": 10, "item1_select_type_": 0, "item2_sort_param_": 20, "item2_select_type_": 0, "item3_sort_param_": 30, "item3_select_type_": 0, "item4_sort_param_": 40, "item4_select_type_": 0, "item5_sort_param_": 50, "item5_select_type_": 0, "item6_sort_param_": 60, "item6_select_type_": 0, "item7_sort_param_": 70, "item7_select_type_": 0, "item8_sort_param_": 80, "item8_select_type_": 0, "item9_sort_param_": 90, "item9_select_type_": 0}, {"login_bonus_daily_item_id_": 78, "item1_sort_param_": 10, "item1_select_type_": 0, "item2_sort_param_": 20, "item2_select_type_": 0, "item3_sort_param_": 30, "item3_select_type_": 0, "item4_sort_param_": 40, "item4_select_type_": 0, "item5_sort_param_": 50, "item5_select_type_": 0, "item6_sort_param_": 60, "item6_select_type_": 0, "item7_sort_param_": 70, "item7_select_type_": 0, "item8_sort_param_": 80, "item8_select_type_": 0, "item9_sort_param_": 90, "item9_select_type_": 0}, {"login_bonus_daily_item_id_": 79, "item1_sort_param_": 10, "item1_select_type_": 0, "item2_sort_param_": 20, "item2_select_type_": 0, "item3_sort_param_": 30, "item3_select_type_": 0, "item4_sort_param_": 40, "item4_select_type_": 0, "item5_sort_param_": 50, "item5_select_type_": 0, "item6_sort_param_": 60, "item6_select_type_": 0, "item7_sort_param_": 70, "item7_select_type_": 0, "item8_sort_param_": 80, "item8_select_type_": 0, "item9_sort_param_": 90, "item9_select_type_": 0}, {"login_bonus_daily_item_id_": 80, "item1_sort_param_": 10, "item1_select_type_": 0, "item2_sort_param_": 20, "item2_select_type_": 1, "item3_sort_param_": 30, "item3_select_type_": 1, "item4_sort_param_": 40, "item4_select_type_": 0, "item5_sort_param_": 50, "item5_select_type_": 0, "item6_sort_param_": 60, "item6_select_type_": 0, "item7_sort_param_": 70, "item7_select_type_": 0, "item8_sort_param_": 80, "item8_select_type_": 0, "item9_sort_param_": 90, "item9_select_type_": 0}, {"login_bonus_daily_item_id_": 81, "item1_sort_param_": 10, "item1_select_type_": 0, "item2_sort_param_": 20, "item2_select_type_": 1, "item3_sort_param_": 30, "item3_select_type_": 1, "item4_sort_param_": 40, "item4_select_type_": 0, "item5_sort_param_": 50, "item5_select_type_": 0, "item6_sort_param_": 60, "item6_select_type_": 0, "item7_sort_param_": 70, "item7_select_type_": 0, "item8_sort_param_": 80, "item8_select_type_": 0, "item9_sort_param_": 90, "item9_select_type_": 0}, {"login_bonus_daily_item_id_": 82, "item1_sort_param_": 10, "item1_select_type_": 0, "item2_sort_param_": 20, "item2_select_type_": 1, "item3_sort_param_": 30, "item3_select_type_": 1, "item4_sort_param_": 40, "item4_select_type_": 0, "item5_sort_param_": 50, "item5_select_type_": 0, "item6_sort_param_": 60, "item6_select_type_": 0, "item7_sort_param_": 70, "item7_select_type_": 0, "item8_sort_param_": 80, "item8_select_type_": 0, "item9_sort_param_": 90, "item9_select_type_": 0}, {"login_bonus_daily_item_id_": 83, "item1_sort_param_": 10, "item1_select_type_": 0, "item2_sort_param_": 20, "item2_select_type_": 1, "item3_sort_param_": 30, "item3_select_type_": 1, "item4_sort_param_": 40, "item4_select_type_": 0, "item5_sort_param_": 50, "item5_select_type_": 0, "item6_sort_param_": 60, "item6_select_type_": 0, "item7_sort_param_": 70, "item7_select_type_": 0, "item8_sort_param_": 80, "item8_select_type_": 0, "item9_sort_param_": 90, "item9_select_type_": 0}, {"login_bonus_daily_item_id_": 84, "item1_sort_param_": 10, "item1_select_type_": 0, "item2_sort_param_": 20, "item2_select_type_": 0, "item3_sort_param_": 30, "item3_select_type_": 0, "item4_sort_param_": 40, "item4_select_type_": 0, "item5_sort_param_": 50, "item5_select_type_": 0, "item6_sort_param_": 60, "item6_select_type_": 0, "item7_sort_param_": 70, "item7_select_type_": 0, "item8_sort_param_": 80, "item8_select_type_": 0, "item9_sort_param_": 90, "item9_select_type_": 0}, {"login_bonus_daily_item_id_": 85, "item1_sort_param_": 10, "item1_select_type_": 0, "item2_sort_param_": 20, "item2_select_type_": 1, "item3_sort_param_": 30, "item3_select_type_": 1, "item4_sort_param_": 40, "item4_select_type_": 0, "item5_sort_param_": 50, "item5_select_type_": 0, "item6_sort_param_": 60, "item6_select_type_": 0, "item7_sort_param_": 70, "item7_select_type_": 0, "item8_sort_param_": 80, "item8_select_type_": 0, "item9_sort_param_": 90, "item9_select_type_": 0}, {"login_bonus_daily_item_id_": 86, "item1_sort_param_": 10, "item1_select_type_": 0, "item2_sort_param_": 20, "item2_select_type_": 1, "item3_sort_param_": 30, "item3_select_type_": 1, "item4_sort_param_": 40, "item4_select_type_": 0, "item5_sort_param_": 50, "item5_select_type_": 0, "item6_sort_param_": 60, "item6_select_type_": 0, "item7_sort_param_": 70, "item7_select_type_": 0, "item8_sort_param_": 80, "item8_select_type_": 0, "item9_sort_param_": 90, "item9_select_type_": 0}, {"login_bonus_daily_item_id_": 87, "item1_sort_param_": 10, "item1_select_type_": 0, "item2_sort_param_": 20, "item2_select_type_": 1, "item3_sort_param_": 30, "item3_select_type_": 1, "item4_sort_param_": 40, "item4_select_type_": 0, "item5_sort_param_": 50, "item5_select_type_": 0, "item6_sort_param_": 60, "item6_select_type_": 0, "item7_sort_param_": 70, "item7_select_type_": 0, "item8_sort_param_": 80, "item8_select_type_": 0, "item9_sort_param_": 90, "item9_select_type_": 0}, {"login_bonus_daily_item_id_": 88, "item1_sort_param_": 10, "item1_select_type_": 0, "item2_sort_param_": 20, "item2_select_type_": 1, "item3_sort_param_": 30, "item3_select_type_": 1, "item4_sort_param_": 40, "item4_select_type_": 0, "item5_sort_param_": 50, "item5_select_type_": 0, "item6_sort_param_": 60, "item6_select_type_": 0, "item7_sort_param_": 70, "item7_select_type_": 0, "item8_sort_param_": 80, "item8_select_type_": 0, "item9_sort_param_": 90, "item9_select_type_": 0}, {"login_bonus_daily_item_id_": 89, "item1_sort_param_": 10, "item1_select_type_": 0, "item2_sort_param_": 20, "item2_select_type_": 1, "item3_sort_param_": 30, "item3_select_type_": 1, "item4_sort_param_": 40, "item4_select_type_": 0, "item5_sort_param_": 50, "item5_select_type_": 0, "item6_sort_param_": 60, "item6_select_type_": 0, "item7_sort_param_": 70, "item7_select_type_": 0, "item8_sort_param_": 80, "item8_select_type_": 0, "item9_sort_param_": 90, "item9_select_type_": 0}, {"login_bonus_daily_item_id_": 90, "item1_sort_param_": 10, "item1_select_type_": 0, "item2_sort_param_": 20, "item2_select_type_": 0, "item3_sort_param_": 30, "item3_select_type_": 0, "item4_sort_param_": 40, "item4_select_type_": 0, "item5_sort_param_": 50, "item5_select_type_": 0, "item6_sort_param_": 60, "item6_select_type_": 0, "item7_sort_param_": 70, "item7_select_type_": 0, "item8_sort_param_": 80, "item8_select_type_": 0, "item9_sort_param_": 90, "item9_select_type_": 0}, {"login_bonus_daily_item_id_": 91, "item1_sort_param_": 10, "item1_select_type_": 0, "item2_sort_param_": 20, "item2_select_type_": 0, "item3_sort_param_": 30, "item3_select_type_": 0, "item4_sort_param_": 40, "item4_select_type_": 0, "item5_sort_param_": 50, "item5_select_type_": 0, "item6_sort_param_": 60, "item6_select_type_": 0, "item7_sort_param_": 70, "item7_select_type_": 0, "item8_sort_param_": 80, "item8_select_type_": 0, "item9_sort_param_": 90, "item9_select_type_": 0}, {"login_bonus_daily_item_id_": 92, "item1_sort_param_": 10, "item1_select_type_": 0, "item2_sort_param_": 20, "item2_select_type_": 0, "item3_sort_param_": 30, "item3_select_type_": 0, "item4_sort_param_": 40, "item4_select_type_": 0, "item5_sort_param_": 50, "item5_select_type_": 0, "item6_sort_param_": 60, "item6_select_type_": 0, "item7_sort_param_": 70, "item7_select_type_": 0, "item8_sort_param_": 80, "item8_select_type_": 0, "item9_sort_param_": 90, "item9_select_type_": 0}, {"login_bonus_daily_item_id_": 93, "item1_sort_param_": 10, "item1_select_type_": 0, "item2_sort_param_": 20, "item2_select_type_": 0, "item3_sort_param_": 30, "item3_select_type_": 0, "item4_sort_param_": 40, "item4_select_type_": 0, "item5_sort_param_": 50, "item5_select_type_": 0, "item6_sort_param_": 60, "item6_select_type_": 0, "item7_sort_param_": 70, "item7_select_type_": 0, "item8_sort_param_": 80, "item8_select_type_": 0, "item9_sort_param_": 90, "item9_select_type_": 0}, {"login_bonus_daily_item_id_": 94, "item1_sort_param_": 10, "item1_select_type_": 0, "item2_sort_param_": 20, "item2_select_type_": 0, "item3_sort_param_": 30, "item3_select_type_": 0, "item4_sort_param_": 40, "item4_select_type_": 0, "item5_sort_param_": 50, "item5_select_type_": 0, "item6_sort_param_": 60, "item6_select_type_": 0, "item7_sort_param_": 70, "item7_select_type_": 0, "item8_sort_param_": 80, "item8_select_type_": 0, "item9_sort_param_": 90, "item9_select_type_": 0}, {"login_bonus_daily_item_id_": 95, "item1_sort_param_": 10, "item1_select_type_": 0, "item2_sort_param_": 20, "item2_select_type_": 0, "item3_sort_param_": 30, "item3_select_type_": 0, "item4_sort_param_": 40, "item4_select_type_": 0, "item5_sort_param_": 50, "item5_select_type_": 0, "item6_sort_param_": 60, "item6_select_type_": 0, "item7_sort_param_": 70, "item7_select_type_": 0, "item8_sort_param_": 80, "item8_select_type_": 0, "item9_sort_param_": 90, "item9_select_type_": 0}, {"login_bonus_daily_item_id_": 96, "item1_sort_param_": 10, "item1_select_type_": 0, "item2_sort_param_": 20, "item2_select_type_": 0, "item3_sort_param_": 30, "item3_select_type_": 0, "item4_sort_param_": 40, "item4_select_type_": 0, "item5_sort_param_": 50, "item5_select_type_": 0, "item6_sort_param_": 60, "item6_select_type_": 0, "item7_sort_param_": 70, "item7_select_type_": 0, "item8_sort_param_": 80, "item8_select_type_": 0, "item9_sort_param_": 90, "item9_select_type_": 0}, {"login_bonus_daily_item_id_": 97, "item1_sort_param_": 10, "item1_select_type_": 0, "item2_sort_param_": 20, "item2_select_type_": 0, "item3_sort_param_": 30, "item3_select_type_": 0, "item4_sort_param_": 40, "item4_select_type_": 0, "item5_sort_param_": 50, "item5_select_type_": 0, "item6_sort_param_": 60, "item6_select_type_": 0, "item7_sort_param_": 70, "item7_select_type_": 0, "item8_sort_param_": 80, "item8_select_type_": 0, "item9_sort_param_": 90, "item9_select_type_": 0}, {"login_bonus_daily_item_id_": 98, "item1_sort_param_": 10, "item1_select_type_": 0, "item2_sort_param_": 20, "item2_select_type_": 1, "item3_sort_param_": 30, "item3_select_type_": 1, "item4_sort_param_": 40, "item4_select_type_": 0, "item5_sort_param_": 50, "item5_select_type_": 0, "item6_sort_param_": 60, "item6_select_type_": 0, "item7_sort_param_": 70, "item7_select_type_": 0, "item8_sort_param_": 80, "item8_select_type_": 0, "item9_sort_param_": 90, "item9_select_type_": 0}, {"login_bonus_daily_item_id_": 99, "item1_sort_param_": 10, "item1_select_type_": 0, "item2_sort_param_": 20, "item2_select_type_": 1, "item3_sort_param_": 30, "item3_select_type_": 1, "item4_sort_param_": 40, "item4_select_type_": 0, "item5_sort_param_": 50, "item5_select_type_": 0, "item6_sort_param_": 60, "item6_select_type_": 0, "item7_sort_param_": 70, "item7_select_type_": 0, "item8_sort_param_": 80, "item8_select_type_": 0, "item9_sort_param_": 90, "item9_select_type_": 0}, {"login_bonus_daily_item_id_": 100, "item1_sort_param_": 10, "item1_select_type_": 0, "item2_sort_param_": 20, "item2_select_type_": 1, "item3_sort_param_": 30, "item3_select_type_": 1, "item4_sort_param_": 40, "item4_select_type_": 0, "item5_sort_param_": 50, "item5_select_type_": 0, "item6_sort_param_": 60, "item6_select_type_": 0, "item7_sort_param_": 70, "item7_select_type_": 0, "item8_sort_param_": 80, "item8_select_type_": 0, "item9_sort_param_": 90, "item9_select_type_": 0}, {"login_bonus_daily_item_id_": 101, "item1_sort_param_": 10, "item1_select_type_": 0, "item2_sort_param_": 20, "item2_select_type_": 1, "item3_sort_param_": 30, "item3_select_type_": 1, "item4_sort_param_": 40, "item4_select_type_": 0, "item5_sort_param_": 50, "item5_select_type_": 0, "item6_sort_param_": 60, "item6_select_type_": 0, "item7_sort_param_": 70, "item7_select_type_": 0, "item8_sort_param_": 80, "item8_select_type_": 0, "item9_sort_param_": 90, "item9_select_type_": 0}, {"login_bonus_daily_item_id_": 102, "item1_sort_param_": 10, "item1_select_type_": 0, "item2_sort_param_": 20, "item2_select_type_": 1, "item3_sort_param_": 30, "item3_select_type_": 1, "item4_sort_param_": 40, "item4_select_type_": 0, "item5_sort_param_": 50, "item5_select_type_": 0, "item6_sort_param_": 60, "item6_select_type_": 0, "item7_sort_param_": 70, "item7_select_type_": 0, "item8_sort_param_": 80, "item8_select_type_": 0, "item9_sort_param_": 90, "item9_select_type_": 0}, {"login_bonus_daily_item_id_": 103, "item1_sort_param_": 10, "item1_select_type_": 0, "item2_sort_param_": 20, "item2_select_type_": 0, "item3_sort_param_": 30, "item3_select_type_": 0, "item4_sort_param_": 40, "item4_select_type_": 0, "item5_sort_param_": 50, "item5_select_type_": 0, "item6_sort_param_": 60, "item6_select_type_": 0, "item7_sort_param_": 70, "item7_select_type_": 0, "item8_sort_param_": 80, "item8_select_type_": 0, "item9_sort_param_": 90, "item9_select_type_": 0}, {"login_bonus_daily_item_id_": 104, "item1_sort_param_": 10, "item1_select_type_": 0, "item2_sort_param_": 20, "item2_select_type_": 1, "item3_sort_param_": 30, "item3_select_type_": 1, "item4_sort_param_": 40, "item4_select_type_": 0, "item5_sort_param_": 50, "item5_select_type_": 0, "item6_sort_param_": 60, "item6_select_type_": 0, "item7_sort_param_": 70, "item7_select_type_": 0, "item8_sort_param_": 80, "item8_select_type_": 0, "item9_sort_param_": 90, "item9_select_type_": 0}, {"login_bonus_daily_item_id_": 105, "item1_sort_param_": 10, "item1_select_type_": 0, "item2_sort_param_": 20, "item2_select_type_": 1, "item3_sort_param_": 30, "item3_select_type_": 1, "item4_sort_param_": 40, "item4_select_type_": 0, "item5_sort_param_": 50, "item5_select_type_": 0, "item6_sort_param_": 60, "item6_select_type_": 0, "item7_sort_param_": 70, "item7_select_type_": 0, "item8_sort_param_": 80, "item8_select_type_": 0, "item9_sort_param_": 90, "item9_select_type_": 0}, {"login_bonus_daily_item_id_": 106, "item1_sort_param_": 10, "item1_select_type_": 0, "item2_sort_param_": 20, "item2_select_type_": 1, "item3_sort_param_": 30, "item3_select_type_": 1, "item4_sort_param_": 40, "item4_select_type_": 0, "item5_sort_param_": 50, "item5_select_type_": 0, "item6_sort_param_": 60, "item6_select_type_": 0, "item7_sort_param_": 70, "item7_select_type_": 0, "item8_sort_param_": 80, "item8_select_type_": 0, "item9_sort_param_": 90, "item9_select_type_": 0}, {"login_bonus_daily_item_id_": 107, "item1_sort_param_": 10, "item1_select_type_": 0, "item2_sort_param_": 20, "item2_select_type_": 1, "item3_sort_param_": 30, "item3_select_type_": 1, "item4_sort_param_": 40, "item4_select_type_": 0, "item5_sort_param_": 50, "item5_select_type_": 0, "item6_sort_param_": 60, "item6_select_type_": 0, "item7_sort_param_": 70, "item7_select_type_": 0, "item8_sort_param_": 80, "item8_select_type_": 0, "item9_sort_param_": 90, "item9_select_type_": 0}, {"login_bonus_daily_item_id_": 108, "item1_sort_param_": 10, "item1_select_type_": 0, "item2_sort_param_": 20, "item2_select_type_": 1, "item3_sort_param_": 30, "item3_select_type_": 1, "item4_sort_param_": 40, "item4_select_type_": 0, "item5_sort_param_": 50, "item5_select_type_": 0, "item6_sort_param_": 60, "item6_select_type_": 0, "item7_sort_param_": 70, "item7_select_type_": 0, "item8_sort_param_": 80, "item8_select_type_": 0, "item9_sort_param_": 90, "item9_select_type_": 0}, {"login_bonus_daily_item_id_": 109, "item1_sort_param_": 10, "item1_select_type_": 0, "item2_sort_param_": 20, "item2_select_type_": 0, "item3_sort_param_": 30, "item3_select_type_": 0, "item4_sort_param_": 40, "item4_select_type_": 0, "item5_sort_param_": 50, "item5_select_type_": 0, "item6_sort_param_": 60, "item6_select_type_": 0, "item7_sort_param_": 70, "item7_select_type_": 0, "item8_sort_param_": 80, "item8_select_type_": 0, "item9_sort_param_": 90, "item9_select_type_": 0}, {"login_bonus_daily_item_id_": 110, "item1_sort_param_": 10, "item1_select_type_": 0, "item2_sort_param_": 20, "item2_select_type_": 0, "item3_sort_param_": 30, "item3_select_type_": 0, "item4_sort_param_": 40, "item4_select_type_": 0, "item5_sort_param_": 50, "item5_select_type_": 0, "item6_sort_param_": 60, "item6_select_type_": 0, "item7_sort_param_": 70, "item7_select_type_": 0, "item8_sort_param_": 80, "item8_select_type_": 0, "item9_sort_param_": 90, "item9_select_type_": 0}, {"login_bonus_daily_item_id_": 111, "item1_sort_param_": 10, "item1_select_type_": 0, "item2_sort_param_": 20, "item2_select_type_": 0, "item3_sort_param_": 30, "item3_select_type_": 0, "item4_sort_param_": 40, "item4_select_type_": 0, "item5_sort_param_": 50, "item5_select_type_": 0, "item6_sort_param_": 60, "item6_select_type_": 0, "item7_sort_param_": 70, "item7_select_type_": 0, "item8_sort_param_": 80, "item8_select_type_": 0, "item9_sort_param_": 90, "item9_select_type_": 0}, {"login_bonus_daily_item_id_": 112, "item1_sort_param_": 10, "item1_select_type_": 0, "item2_sort_param_": 20, "item2_select_type_": 0, "item3_sort_param_": 30, "item3_select_type_": 0, "item4_sort_param_": 40, "item4_select_type_": 0, "item5_sort_param_": 50, "item5_select_type_": 0, "item6_sort_param_": 60, "item6_select_type_": 0, "item7_sort_param_": 70, "item7_select_type_": 0, "item8_sort_param_": 80, "item8_select_type_": 0, "item9_sort_param_": 90, "item9_select_type_": 0}, {"login_bonus_daily_item_id_": 113, "item1_sort_param_": 10, "item1_select_type_": 0, "item2_sort_param_": 20, "item2_select_type_": 0, "item3_sort_param_": 30, "item3_select_type_": 0, "item4_sort_param_": 40, "item4_select_type_": 0, "item5_sort_param_": 50, "item5_select_type_": 0, "item6_sort_param_": 60, "item6_select_type_": 0, "item7_sort_param_": 70, "item7_select_type_": 0, "item8_sort_param_": 80, "item8_select_type_": 0, "item9_sort_param_": 90, "item9_select_type_": 0}, {"login_bonus_daily_item_id_": 114, "item1_sort_param_": 10, "item1_select_type_": 0, "item2_sort_param_": 20, "item2_select_type_": 0, "item3_sort_param_": 30, "item3_select_type_": 0, "item4_sort_param_": 40, "item4_select_type_": 0, "item5_sort_param_": 50, "item5_select_type_": 0, "item6_sort_param_": 60, "item6_select_type_": 0, "item7_sort_param_": 70, "item7_select_type_": 0, "item8_sort_param_": 80, "item8_select_type_": 0, "item9_sort_param_": 90, "item9_select_type_": 0}, {"login_bonus_daily_item_id_": 115, "item1_sort_param_": 10, "item1_select_type_": 0, "item2_sort_param_": 20, "item2_select_type_": 0, "item3_sort_param_": 30, "item3_select_type_": 0, "item4_sort_param_": 40, "item4_select_type_": 0, "item5_sort_param_": 50, "item5_select_type_": 0, "item6_sort_param_": 60, "item6_select_type_": 0, "item7_sort_param_": 70, "item7_select_type_": 0, "item8_sort_param_": 80, "item8_select_type_": 0, "item9_sort_param_": 90, "item9_select_type_": 0}, {"login_bonus_daily_item_id_": 116, "item1_sort_param_": 10, "item1_select_type_": 0, "item2_sort_param_": 20, "item2_select_type_": 0, "item3_sort_param_": 30, "item3_select_type_": 0, "item4_sort_param_": 40, "item4_select_type_": 0, "item5_sort_param_": 50, "item5_select_type_": 0, "item6_sort_param_": 60, "item6_select_type_": 0, "item7_sort_param_": 70, "item7_select_type_": 0, "item8_sort_param_": 80, "item8_select_type_": 0, "item9_sort_param_": 90, "item9_select_type_": 0}, {"login_bonus_daily_item_id_": 117, "item1_sort_param_": 10, "item1_select_type_": 0, "item2_sort_param_": 20, "item2_select_type_": 1, "item3_sort_param_": 30, "item3_select_type_": 0, "item4_sort_param_": 40, "item4_select_type_": 0, "item5_sort_param_": 50, "item5_select_type_": 0, "item6_sort_param_": 60, "item6_select_type_": 0, "item7_sort_param_": 70, "item7_select_type_": 0, "item8_sort_param_": 80, "item8_select_type_": 0, "item9_sort_param_": 90, "item9_select_type_": 0}, {"login_bonus_daily_item_id_": 118, "item1_sort_param_": 10, "item1_select_type_": 0, "item2_sort_param_": 20, "item2_select_type_": 1, "item3_sort_param_": 30, "item3_select_type_": 0, "item4_sort_param_": 40, "item4_select_type_": 0, "item5_sort_param_": 50, "item5_select_type_": 0, "item6_sort_param_": 60, "item6_select_type_": 0, "item7_sort_param_": 70, "item7_select_type_": 0, "item8_sort_param_": 80, "item8_select_type_": 0, "item9_sort_param_": 90, "item9_select_type_": 0}, {"login_bonus_daily_item_id_": 119, "item1_sort_param_": 10, "item1_select_type_": 0, "item2_sort_param_": 20, "item2_select_type_": 1, "item3_sort_param_": 30, "item3_select_type_": 0, "item4_sort_param_": 40, "item4_select_type_": 0, "item5_sort_param_": 50, "item5_select_type_": 0, "item6_sort_param_": 60, "item6_select_type_": 0, "item7_sort_param_": 70, "item7_select_type_": 0, "item8_sort_param_": 80, "item8_select_type_": 0, "item9_sort_param_": 90, "item9_select_type_": 0}, {"login_bonus_daily_item_id_": 120, "item1_sort_param_": 10, "item1_select_type_": 0, "item2_sort_param_": 20, "item2_select_type_": 1, "item3_sort_param_": 30, "item3_select_type_": 0, "item4_sort_param_": 40, "item4_select_type_": 0, "item5_sort_param_": 50, "item5_select_type_": 0, "item6_sort_param_": 60, "item6_select_type_": 0, "item7_sort_param_": 70, "item7_select_type_": 0, "item8_sort_param_": 80, "item8_select_type_": 0, "item9_sort_param_": 90, "item9_select_type_": 0}, {"login_bonus_daily_item_id_": 121, "item1_sort_param_": 10, "item1_select_type_": 0, "item2_sort_param_": 20, "item2_select_type_": 1, "item3_sort_param_": 30, "item3_select_type_": 0, "item4_sort_param_": 40, "item4_select_type_": 0, "item5_sort_param_": 50, "item5_select_type_": 0, "item6_sort_param_": 60, "item6_select_type_": 0, "item7_sort_param_": 70, "item7_select_type_": 0, "item8_sort_param_": 80, "item8_select_type_": 0, "item9_sort_param_": 90, "item9_select_type_": 0}, {"login_bonus_daily_item_id_": 122, "item1_sort_param_": 10, "item1_select_type_": 0, "item2_sort_param_": 20, "item2_select_type_": 1, "item3_sort_param_": 30, "item3_select_type_": 0, "item4_sort_param_": 40, "item4_select_type_": 0, "item5_sort_param_": 50, "item5_select_type_": 0, "item6_sort_param_": 60, "item6_select_type_": 0, "item7_sort_param_": 70, "item7_select_type_": 0, "item8_sort_param_": 80, "item8_select_type_": 0, "item9_sort_param_": 90, "item9_select_type_": 0}, {"login_bonus_daily_item_id_": 123, "item1_sort_param_": 10, "item1_select_type_": 0, "item2_sort_param_": 20, "item2_select_type_": 0, "item3_sort_param_": 30, "item3_select_type_": 0, "item4_sort_param_": 40, "item4_select_type_": 0, "item5_sort_param_": 50, "item5_select_type_": 0, "item6_sort_param_": 60, "item6_select_type_": 0, "item7_sort_param_": 70, "item7_select_type_": 0, "item8_sort_param_": 80, "item8_select_type_": 0, "item9_sort_param_": 90, "item9_select_type_": 0}, {"login_bonus_daily_item_id_": 124, "item1_sort_param_": 10, "item1_select_type_": 0, "item2_sort_param_": 20, "item2_select_type_": 0, "item3_sort_param_": 30, "item3_select_type_": 0, "item4_sort_param_": 40, "item4_select_type_": 0, "item5_sort_param_": 50, "item5_select_type_": 0, "item6_sort_param_": 60, "item6_select_type_": 0, "item7_sort_param_": 70, "item7_select_type_": 0, "item8_sort_param_": 80, "item8_select_type_": 0, "item9_sort_param_": 90, "item9_select_type_": 0}, {"login_bonus_daily_item_id_": 125, "item1_sort_param_": 10, "item1_select_type_": 0, "item2_sort_param_": 20, "item2_select_type_": 0, "item3_sort_param_": 30, "item3_select_type_": 0, "item4_sort_param_": 40, "item4_select_type_": 0, "item5_sort_param_": 50, "item5_select_type_": 0, "item6_sort_param_": 60, "item6_select_type_": 0, "item7_sort_param_": 70, "item7_select_type_": 0, "item8_sort_param_": 80, "item8_select_type_": 0, "item9_sort_param_": 90, "item9_select_type_": 0}, {"login_bonus_daily_item_id_": 126, "item1_sort_param_": 10, "item1_select_type_": 0, "item2_sort_param_": 20, "item2_select_type_": 0, "item3_sort_param_": 30, "item3_select_type_": 0, "item4_sort_param_": 40, "item4_select_type_": 0, "item5_sort_param_": 50, "item5_select_type_": 0, "item6_sort_param_": 60, "item6_select_type_": 0, "item7_sort_param_": 70, "item7_select_type_": 0, "item8_sort_param_": 80, "item8_select_type_": 0, "item9_sort_param_": 90, "item9_select_type_": 0}, {"login_bonus_daily_item_id_": 127, "item1_sort_param_": 10, "item1_select_type_": 0, "item2_sort_param_": 20, "item2_select_type_": 0, "item3_sort_param_": 30, "item3_select_type_": 0, "item4_sort_param_": 40, "item4_select_type_": 0, "item5_sort_param_": 50, "item5_select_type_": 0, "item6_sort_param_": 60, "item6_select_type_": 0, "item7_sort_param_": 70, "item7_select_type_": 0, "item8_sort_param_": 80, "item8_select_type_": 0, "item9_sort_param_": 90, "item9_select_type_": 0}, {"login_bonus_daily_item_id_": 128, "item1_sort_param_": 10, "item1_select_type_": 0, "item2_sort_param_": 20, "item2_select_type_": 0, "item3_sort_param_": 30, "item3_select_type_": 0, "item4_sort_param_": 40, "item4_select_type_": 0, "item5_sort_param_": 50, "item5_select_type_": 0, "item6_sort_param_": 60, "item6_select_type_": 0, "item7_sort_param_": 70, "item7_select_type_": 0, "item8_sort_param_": 80, "item8_select_type_": 0, "item9_sort_param_": 90, "item9_select_type_": 0}, {"login_bonus_daily_item_id_": 129, "item1_sort_param_": 10, "item1_select_type_": 0, "item2_sort_param_": 20, "item2_select_type_": 0, "item3_sort_param_": 30, "item3_select_type_": 0, "item4_sort_param_": 40, "item4_select_type_": 0, "item5_sort_param_": 50, "item5_select_type_": 0, "item6_sort_param_": 60, "item6_select_type_": 0, "item7_sort_param_": 70, "item7_select_type_": 0, "item8_sort_param_": 80, "item8_select_type_": 0, "item9_sort_param_": 90, "item9_select_type_": 0}, {"login_bonus_daily_item_id_": 1000, "item1_sort_param_": 10, "item1_select_type_": 0, "item2_sort_param_": 20, "item2_select_type_": 0, "item3_sort_param_": 30, "item3_select_type_": 0, "item4_sort_param_": 40, "item4_select_type_": 0, "item5_sort_param_": 50, "item5_select_type_": 0, "item6_sort_param_": 60, "item6_select_type_": 0, "item7_sort_param_": 70, "item7_select_type_": 0, "item8_sort_param_": 80, "item8_select_type_": 0, "item9_sort_param_": 90, "item9_select_type_": 0}, {"login_bonus_daily_item_id_": 1001, "item1_sort_param_": 10, "item1_select_type_": 0, "item2_sort_param_": 20, "item2_select_type_": 0, "item3_sort_param_": 30, "item3_select_type_": 0, "item4_sort_param_": 40, "item4_select_type_": 0, "item5_sort_param_": 50, "item5_select_type_": 0, "item6_sort_param_": 60, "item6_select_type_": 0, "item7_sort_param_": 70, "item7_select_type_": 0, "item8_sort_param_": 80, "item8_select_type_": 0, "item9_sort_param_": 90, "item9_select_type_": 0}, {"login_bonus_daily_item_id_": 1002, "item1_sort_param_": 10, "item1_select_type_": 0, "item2_sort_param_": 20, "item2_select_type_": 0, "item3_sort_param_": 30, "item3_select_type_": 0, "item4_sort_param_": 40, "item4_select_type_": 0, "item5_sort_param_": 50, "item5_select_type_": 0, "item6_sort_param_": 60, "item6_select_type_": 0, "item7_sort_param_": 70, "item7_select_type_": 0, "item8_sort_param_": 80, "item8_select_type_": 0, "item9_sort_param_": 90, "item9_select_type_": 0}, {"login_bonus_daily_item_id_": 1003, "item1_sort_param_": 10, "item1_select_type_": 0, "item2_sort_param_": 20, "item2_select_type_": 0, "item3_sort_param_": 30, "item3_select_type_": 0, "item4_sort_param_": 40, "item4_select_type_": 0, "item5_sort_param_": 50, "item5_select_type_": 0, "item6_sort_param_": 60, "item6_select_type_": 0, "item7_sort_param_": 70, "item7_select_type_": 0, "item8_sort_param_": 80, "item8_select_type_": 0, "item9_sort_param_": 90, "item9_select_type_": 0}]