[{"login_bonus_daily_story_id_": 1003, "table_": [{"story_part_id_": 1, "story_clear_table_id_": 1003}, {"story_part_id_": 2, "story_clear_table_id_": 1003}, {"story_part_id_": 3, "story_clear_table_id_": 1003}, {"story_part_id_": 4, "story_clear_table_id_": 1003}, {"story_part_id_": 5, "story_clear_table_id_": 1003}, {"story_part_id_": 6, "story_clear_table_id_": 1003}, {"story_part_id_": 7, "story_clear_table_id_": 1003}, {"story_part_id_": 8, "story_clear_table_id_": 1003}, {"story_part_id_": 9, "story_clear_table_id_": 1003}, {"story_part_id_": 10, "story_clear_table_id_": 1003}, {"story_part_id_": 11, "story_clear_table_id_": 1003}, {"story_part_id_": 12, "story_clear_table_id_": 1003}, {"story_part_id_": 13, "story_clear_table_id_": 1003}, {"story_part_id_": 14, "story_clear_table_id_": 1003}, {"story_part_id_": 15, "story_clear_table_id_": 1003}, {"story_part_id_": 16, "story_clear_table_id_": 1003}]}, {"login_bonus_daily_story_id_": 1002, "table_": [{"story_part_id_": 1, "story_clear_table_id_": 1002}, {"story_part_id_": 2, "story_clear_table_id_": 1002}, {"story_part_id_": 3, "story_clear_table_id_": 1002}, {"story_part_id_": 4, "story_clear_table_id_": 1002}, {"story_part_id_": 5, "story_clear_table_id_": 1002}, {"story_part_id_": 6, "story_clear_table_id_": 1002}, {"story_part_id_": 7, "story_clear_table_id_": 1002}, {"story_part_id_": 8, "story_clear_table_id_": 1002}, {"story_part_id_": 9, "story_clear_table_id_": 1002}, {"story_part_id_": 10, "story_clear_table_id_": 1002}, {"story_part_id_": 11, "story_clear_table_id_": 1002}, {"story_part_id_": 12, "story_clear_table_id_": 1002}, {"story_part_id_": 13, "story_clear_table_id_": 1002}, {"story_part_id_": 14, "story_clear_table_id_": 1002}, {"story_part_id_": 15, "story_clear_table_id_": 1002}, {"story_part_id_": 16, "story_clear_table_id_": 1002}]}, {"login_bonus_daily_story_id_": 1001, "table_": [{"story_part_id_": 1, "story_clear_table_id_": 1001}, {"story_part_id_": 2, "story_clear_table_id_": 1001}, {"story_part_id_": 3, "story_clear_table_id_": 1001}, {"story_part_id_": 4, "story_clear_table_id_": 1001}, {"story_part_id_": 5, "story_clear_table_id_": 1001}, {"story_part_id_": 6, "story_clear_table_id_": 1001}, {"story_part_id_": 7, "story_clear_table_id_": 1001}, {"story_part_id_": 8, "story_clear_table_id_": 1001}, {"story_part_id_": 9, "story_clear_table_id_": 1001}, {"story_part_id_": 10, "story_clear_table_id_": 1001}, {"story_part_id_": 11, "story_clear_table_id_": 1001}, {"story_part_id_": 12, "story_clear_table_id_": 1001}, {"story_part_id_": 13, "story_clear_table_id_": 1001}]}, {"login_bonus_daily_story_id_": 1000, "table_": [{"story_part_id_": 1, "story_clear_table_id_": 1000}, {"story_part_id_": 2, "story_clear_table_id_": 1000}, {"story_part_id_": 3, "story_clear_table_id_": 1000}, {"story_part_id_": 4, "story_clear_table_id_": 1000}, {"story_part_id_": 5, "story_clear_table_id_": 1000}, {"story_part_id_": 6, "story_clear_table_id_": 1000}, {"story_part_id_": 7, "story_clear_table_id_": 1000}, {"story_part_id_": 8, "story_clear_table_id_": 1000}, {"story_part_id_": 9, "story_clear_table_id_": 1000}]}, {"login_bonus_daily_story_id_": 62, "table_": [{"story_part_id_": 1, "story_clear_table_id_": 129}, {"story_part_id_": 2, "story_clear_table_id_": 129}, {"story_part_id_": 3, "story_clear_table_id_": 129}, {"story_part_id_": 4, "story_clear_table_id_": 129}, {"story_part_id_": 5, "story_clear_table_id_": 129}, {"story_part_id_": 6, "story_clear_table_id_": 129}, {"story_part_id_": 7, "story_clear_table_id_": 129}, {"story_part_id_": 8, "story_clear_table_id_": 129}, {"story_part_id_": 9, "story_clear_table_id_": 129}, {"story_part_id_": 10, "story_clear_table_id_": 129}, {"story_part_id_": 11, "story_clear_table_id_": 129}, {"story_part_id_": 12, "story_clear_table_id_": 129}, {"story_part_id_": 13, "story_clear_table_id_": 129}, {"story_part_id_": 14, "story_clear_table_id_": 129}, {"story_part_id_": 15, "story_clear_table_id_": 129}, {"story_part_id_": 16, "story_clear_table_id_": 129}]}, {"login_bonus_daily_story_id_": 61, "table_": [{"story_part_id_": 1, "story_clear_table_id_": 128}, {"story_part_id_": 2, "story_clear_table_id_": 128}, {"story_part_id_": 3, "story_clear_table_id_": 128}, {"story_part_id_": 4, "story_clear_table_id_": 128}, {"story_part_id_": 5, "story_clear_table_id_": 128}, {"story_part_id_": 6, "story_clear_table_id_": 128}, {"story_part_id_": 7, "story_clear_table_id_": 128}, {"story_part_id_": 8, "story_clear_table_id_": 128}, {"story_part_id_": 9, "story_clear_table_id_": 128}, {"story_part_id_": 10, "story_clear_table_id_": 128}, {"story_part_id_": 11, "story_clear_table_id_": 128}, {"story_part_id_": 12, "story_clear_table_id_": 128}, {"story_part_id_": 13, "story_clear_table_id_": 128}, {"story_part_id_": 14, "story_clear_table_id_": 128}, {"story_part_id_": 15, "story_clear_table_id_": 128}, {"story_part_id_": 16, "story_clear_table_id_": 128}]}, {"login_bonus_daily_story_id_": 60, "table_": [{"story_part_id_": 1, "story_clear_table_id_": 127}, {"story_part_id_": 2, "story_clear_table_id_": 127}, {"story_part_id_": 3, "story_clear_table_id_": 127}, {"story_part_id_": 4, "story_clear_table_id_": 127}, {"story_part_id_": 5, "story_clear_table_id_": 127}, {"story_part_id_": 6, "story_clear_table_id_": 127}, {"story_part_id_": 7, "story_clear_table_id_": 127}, {"story_part_id_": 8, "story_clear_table_id_": 127}, {"story_part_id_": 9, "story_clear_table_id_": 127}, {"story_part_id_": 10, "story_clear_table_id_": 127}, {"story_part_id_": 11, "story_clear_table_id_": 127}, {"story_part_id_": 12, "story_clear_table_id_": 127}, {"story_part_id_": 13, "story_clear_table_id_": 127}, {"story_part_id_": 14, "story_clear_table_id_": 127}, {"story_part_id_": 15, "story_clear_table_id_": 127}, {"story_part_id_": 16, "story_clear_table_id_": 127}]}, {"login_bonus_daily_story_id_": 59, "table_": [{"story_part_id_": 1, "story_clear_table_id_": 126}, {"story_part_id_": 2, "story_clear_table_id_": 126}, {"story_part_id_": 3, "story_clear_table_id_": 126}, {"story_part_id_": 4, "story_clear_table_id_": 126}, {"story_part_id_": 5, "story_clear_table_id_": 126}, {"story_part_id_": 6, "story_clear_table_id_": 126}, {"story_part_id_": 7, "story_clear_table_id_": 126}, {"story_part_id_": 8, "story_clear_table_id_": 126}, {"story_part_id_": 9, "story_clear_table_id_": 126}, {"story_part_id_": 10, "story_clear_table_id_": 126}, {"story_part_id_": 11, "story_clear_table_id_": 126}, {"story_part_id_": 12, "story_clear_table_id_": 126}]}, {"login_bonus_daily_story_id_": 58, "table_": [{"story_part_id_": 1, "story_clear_table_id_": 125}, {"story_part_id_": 2, "story_clear_table_id_": 125}, {"story_part_id_": 3, "story_clear_table_id_": 125}, {"story_part_id_": 4, "story_clear_table_id_": 125}, {"story_part_id_": 5, "story_clear_table_id_": 125}, {"story_part_id_": 6, "story_clear_table_id_": 125}, {"story_part_id_": 7, "story_clear_table_id_": 125}, {"story_part_id_": 8, "story_clear_table_id_": 125}, {"story_part_id_": 9, "story_clear_table_id_": 125}, {"story_part_id_": 10, "story_clear_table_id_": 125}, {"story_part_id_": 11, "story_clear_table_id_": 125}, {"story_part_id_": 12, "story_clear_table_id_": 125}]}, {"login_bonus_daily_story_id_": 57, "table_": [{"story_part_id_": 1, "story_clear_table_id_": 124}, {"story_part_id_": 2, "story_clear_table_id_": 124}, {"story_part_id_": 3, "story_clear_table_id_": 124}, {"story_part_id_": 4, "story_clear_table_id_": 124}, {"story_part_id_": 5, "story_clear_table_id_": 124}, {"story_part_id_": 6, "story_clear_table_id_": 124}, {"story_part_id_": 7, "story_clear_table_id_": 124}, {"story_part_id_": 8, "story_clear_table_id_": 124}, {"story_part_id_": 9, "story_clear_table_id_": 124}, {"story_part_id_": 10, "story_clear_table_id_": 124}, {"story_part_id_": 11, "story_clear_table_id_": 124}, {"story_part_id_": 12, "story_clear_table_id_": 124}, {"story_part_id_": 13, "story_clear_table_id_": 124}]}, {"login_bonus_daily_story_id_": 56, "table_": [{"story_part_id_": 1, "story_clear_table_id_": 123}, {"story_part_id_": 2, "story_clear_table_id_": 123}, {"story_part_id_": 3, "story_clear_table_id_": 123}, {"story_part_id_": 4, "story_clear_table_id_": 123}, {"story_part_id_": 5, "story_clear_table_id_": 123}, {"story_part_id_": 6, "story_clear_table_id_": 123}, {"story_part_id_": 7, "story_clear_table_id_": 123}, {"story_part_id_": 8, "story_clear_table_id_": 123}, {"story_part_id_": 9, "story_clear_table_id_": 123}]}, {"login_bonus_daily_story_id_": 55, "table_": [{"story_part_id_": 1, "story_clear_table_id_": 109}, {"story_part_id_": 2, "story_clear_table_id_": 110}, {"story_part_id_": 3, "story_clear_table_id_": 111}, {"story_part_id_": 4, "story_clear_table_id_": 112}, {"story_part_id_": 5, "story_clear_table_id_": 113}, {"story_part_id_": 6, "story_clear_table_id_": 114}, {"story_part_id_": 7, "story_clear_table_id_": 115}, {"story_part_id_": 8, "story_clear_table_id_": 115}]}, {"login_bonus_daily_story_id_": 54, "table_": [{"story_part_id_": 1, "story_clear_table_id_": 116}, {"story_part_id_": 2, "story_clear_table_id_": 117}, {"story_part_id_": 3, "story_clear_table_id_": 118}, {"story_part_id_": 4, "story_clear_table_id_": 119}, {"story_part_id_": 5, "story_clear_table_id_": 120}, {"story_part_id_": 6, "story_clear_table_id_": 121}, {"story_part_id_": 7, "story_clear_table_id_": 122}, {"story_part_id_": 8, "story_clear_table_id_": 122}]}, {"login_bonus_daily_story_id_": 53, "table_": [{"story_part_id_": 1, "story_clear_table_id_": 109}, {"story_part_id_": 2, "story_clear_table_id_": 110}, {"story_part_id_": 3, "story_clear_table_id_": 111}, {"story_part_id_": 4, "story_clear_table_id_": 112}, {"story_part_id_": 5, "story_clear_table_id_": 113}, {"story_part_id_": 6, "story_clear_table_id_": 114}, {"story_part_id_": 7, "story_clear_table_id_": 115}, {"story_part_id_": 8, "story_clear_table_id_": 115}]}, {"login_bonus_daily_story_id_": 52, "table_": [{"story_part_id_": 1, "story_clear_table_id_": 90}, {"story_part_id_": 2, "story_clear_table_id_": 91}, {"story_part_id_": 3, "story_clear_table_id_": 92}, {"story_part_id_": 4, "story_clear_table_id_": 93}, {"story_part_id_": 5, "story_clear_table_id_": 94}, {"story_part_id_": 6, "story_clear_table_id_": 95}, {"story_part_id_": 7, "story_clear_table_id_": 95}]}, {"login_bonus_daily_story_id_": 51, "table_": [{"story_part_id_": 1, "story_clear_table_id_": 103}, {"story_part_id_": 2, "story_clear_table_id_": 104}, {"story_part_id_": 3, "story_clear_table_id_": 105}, {"story_part_id_": 4, "story_clear_table_id_": 106}, {"story_part_id_": 5, "story_clear_table_id_": 107}, {"story_part_id_": 6, "story_clear_table_id_": 108}, {"story_part_id_": 7, "story_clear_table_id_": 108}]}, {"login_bonus_daily_story_id_": 50, "table_": [{"story_part_id_": 1, "story_clear_table_id_": 90}, {"story_part_id_": 2, "story_clear_table_id_": 91}, {"story_part_id_": 3, "story_clear_table_id_": 92}, {"story_part_id_": 4, "story_clear_table_id_": 93}, {"story_part_id_": 5, "story_clear_table_id_": 94}, {"story_part_id_": 6, "story_clear_table_id_": 95}, {"story_part_id_": 7, "story_clear_table_id_": 95}]}, {"login_bonus_daily_story_id_": 49, "table_": [{"story_part_id_": 1, "story_clear_table_id_": 97}, {"story_part_id_": 2, "story_clear_table_id_": 98}, {"story_part_id_": 3, "story_clear_table_id_": 99}, {"story_part_id_": 4, "story_clear_table_id_": 100}, {"story_part_id_": 5, "story_clear_table_id_": 101}, {"story_part_id_": 6, "story_clear_table_id_": 102}, {"story_part_id_": 7, "story_clear_table_id_": 102}]}, {"login_bonus_daily_story_id_": 48, "table_": [{"story_part_id_": 1, "story_clear_table_id_": 90}, {"story_part_id_": 2, "story_clear_table_id_": 91}, {"story_part_id_": 3, "story_clear_table_id_": 92}, {"story_part_id_": 4, "story_clear_table_id_": 93}, {"story_part_id_": 5, "story_clear_table_id_": 94}, {"story_part_id_": 6, "story_clear_table_id_": 95}, {"story_part_id_": 7, "story_clear_table_id_": 95}]}, {"login_bonus_daily_story_id_": 47, "table_": [{"story_part_id_": 1, "story_clear_table_id_": 96}, {"story_part_id_": 2, "story_clear_table_id_": 96}, {"story_part_id_": 3, "story_clear_table_id_": 96}, {"story_part_id_": 4, "story_clear_table_id_": 96}, {"story_part_id_": 5, "story_clear_table_id_": 96}, {"story_part_id_": 6, "story_clear_table_id_": 96}, {"story_part_id_": 7, "story_clear_table_id_": 96}]}, {"login_bonus_daily_story_id_": 46, "table_": [{"story_part_id_": 1, "story_clear_table_id_": 90}, {"story_part_id_": 2, "story_clear_table_id_": 91}, {"story_part_id_": 3, "story_clear_table_id_": 92}, {"story_part_id_": 4, "story_clear_table_id_": 93}, {"story_part_id_": 5, "story_clear_table_id_": 94}, {"story_part_id_": 6, "story_clear_table_id_": 95}, {"story_part_id_": 7, "story_clear_table_id_": 95}]}, {"login_bonus_daily_story_id_": 45, "table_": [{"story_part_id_": 1, "story_clear_table_id_": 84}, {"story_part_id_": 2, "story_clear_table_id_": 85}, {"story_part_id_": 3, "story_clear_table_id_": 86}, {"story_part_id_": 4, "story_clear_table_id_": 87}, {"story_part_id_": 5, "story_clear_table_id_": 88}, {"story_part_id_": 6, "story_clear_table_id_": 89}, {"story_part_id_": 7, "story_clear_table_id_": 89}]}, {"login_bonus_daily_story_id_": 44, "table_": [{"story_part_id_": 1, "story_clear_table_id_": 79}, {"story_part_id_": 2, "story_clear_table_id_": 80}, {"story_part_id_": 3, "story_clear_table_id_": 81}, {"story_part_id_": 4, "story_clear_table_id_": 82}, {"story_part_id_": 5, "story_clear_table_id_": 83}, {"story_part_id_": 6, "story_clear_table_id_": 83}]}, {"login_bonus_daily_story_id_": 43, "table_": [{"story_part_id_": 1, "story_clear_table_id_": 74}, {"story_part_id_": 2, "story_clear_table_id_": 75}, {"story_part_id_": 3, "story_clear_table_id_": 76}, {"story_part_id_": 4, "story_clear_table_id_": 77}, {"story_part_id_": 5, "story_clear_table_id_": 78}, {"story_part_id_": 6, "story_clear_table_id_": 78}]}, {"login_bonus_daily_story_id_": 42, "table_": [{"story_part_id_": 1, "story_clear_table_id_": 69}, {"story_part_id_": 2, "story_clear_table_id_": 70}, {"story_part_id_": 3, "story_clear_table_id_": 71}, {"story_part_id_": 4, "story_clear_table_id_": 72}, {"story_part_id_": 5, "story_clear_table_id_": 73}, {"story_part_id_": 6, "story_clear_table_id_": 73}]}, {"login_bonus_daily_story_id_": 41, "table_": [{"story_part_id_": 1, "story_clear_table_id_": 64}, {"story_part_id_": 2, "story_clear_table_id_": 65}, {"story_part_id_": 3, "story_clear_table_id_": 66}, {"story_part_id_": 4, "story_clear_table_id_": 67}, {"story_part_id_": 5, "story_clear_table_id_": 68}, {"story_part_id_": 6, "story_clear_table_id_": 68}]}, {"login_bonus_daily_story_id_": 40, "table_": [{"story_part_id_": 1, "story_clear_table_id_": 60}, {"story_part_id_": 2, "story_clear_table_id_": 61}, {"story_part_id_": 3, "story_clear_table_id_": 62}, {"story_part_id_": 4, "story_clear_table_id_": 63}, {"story_part_id_": 5, "story_clear_table_id_": 63}]}, {"login_bonus_daily_story_id_": 39, "table_": [{"story_part_id_": 1, "story_clear_table_id_": 57}, {"story_part_id_": 2, "story_clear_table_id_": 58}, {"story_part_id_": 3, "story_clear_table_id_": 59}, {"story_part_id_": 4, "story_clear_table_id_": 59}]}, {"login_bonus_daily_story_id_": 38, "table_": [{"story_part_id_": 1, "story_clear_table_id_": 54}, {"story_part_id_": 2, "story_clear_table_id_": 55}, {"story_part_id_": 3, "story_clear_table_id_": 56}, {"story_part_id_": 4, "story_clear_table_id_": 56}]}, {"login_bonus_daily_story_id_": 37, "table_": [{"story_part_id_": 1, "story_clear_table_id_": 51}, {"story_part_id_": 2, "story_clear_table_id_": 52}, {"story_part_id_": 3, "story_clear_table_id_": 53}, {"story_part_id_": 4, "story_clear_table_id_": 53}]}, {"login_bonus_daily_story_id_": 36, "table_": [{"story_part_id_": 1, "story_clear_table_id_": 48}, {"story_part_id_": 2, "story_clear_table_id_": 49}, {"story_part_id_": 3, "story_clear_table_id_": 50}, {"story_part_id_": 4, "story_clear_table_id_": 50}]}, {"login_bonus_daily_story_id_": 35, "table_": [{"story_part_id_": 1, "story_clear_table_id_": 45}, {"story_part_id_": 2, "story_clear_table_id_": 46}, {"story_part_id_": 3, "story_clear_table_id_": 47}, {"story_part_id_": 4, "story_clear_table_id_": 47}]}, {"login_bonus_daily_story_id_": 34, "table_": [{"story_part_id_": 1, "story_clear_table_id_": 42}, {"story_part_id_": 2, "story_clear_table_id_": 43}, {"story_part_id_": 3, "story_clear_table_id_": 44}, {"story_part_id_": 4, "story_clear_table_id_": 44}]}, {"login_bonus_daily_story_id_": 33, "table_": [{"story_part_id_": 1, "story_clear_table_id_": 40}, {"story_part_id_": 2, "story_clear_table_id_": 41}, {"story_part_id_": 3, "story_clear_table_id_": 41}]}, {"login_bonus_daily_story_id_": 32, "table_": [{"story_part_id_": 1, "story_clear_table_id_": 39}, {"story_part_id_": 2, "story_clear_table_id_": 39}, {"story_part_id_": 3, "story_clear_table_id_": 39}]}, {"login_bonus_daily_story_id_": 31, "table_": [{"story_part_id_": 1, "story_clear_table_id_": 37}, {"story_part_id_": 2, "story_clear_table_id_": 38}, {"story_part_id_": 3, "story_clear_table_id_": 38}]}, {"login_bonus_daily_story_id_": 30, "table_": [{"story_part_id_": 1, "story_clear_table_id_": 35}, {"story_part_id_": 2, "story_clear_table_id_": 36}, {"story_part_id_": 3, "story_clear_table_id_": 36}]}, {"login_bonus_daily_story_id_": 29, "table_": [{"story_part_id_": 1, "story_clear_table_id_": 33}, {"story_part_id_": 2, "story_clear_table_id_": 34}, {"story_part_id_": 3, "story_clear_table_id_": 34}]}, {"login_bonus_daily_story_id_": 28, "table_": [{"story_part_id_": 1, "story_clear_table_id_": 31}, {"story_part_id_": 2, "story_clear_table_id_": 32}, {"story_part_id_": 3, "story_clear_table_id_": 32}]}, {"login_bonus_daily_story_id_": 27, "table_": [{"story_part_id_": 1, "story_clear_table_id_": 29}, {"story_part_id_": 2, "story_clear_table_id_": 30}, {"story_part_id_": 3, "story_clear_table_id_": 30}]}, {"login_bonus_daily_story_id_": 26, "table_": [{"story_part_id_": 1, "story_clear_table_id_": 27}, {"story_part_id_": 2, "story_clear_table_id_": 28}, {"story_part_id_": 3, "story_clear_table_id_": 28}]}, {"login_bonus_daily_story_id_": 25, "table_": [{"story_part_id_": 1, "story_clear_table_id_": 25}, {"story_part_id_": 2, "story_clear_table_id_": 26}, {"story_part_id_": 3, "story_clear_table_id_": 26}]}, {"login_bonus_daily_story_id_": 24, "table_": [{"story_part_id_": 1, "story_clear_table_id_": 24}, {"story_part_id_": 2, "story_clear_table_id_": 24}, {"story_part_id_": 3, "story_clear_table_id_": 24}]}, {"login_bonus_daily_story_id_": 23, "table_": [{"story_part_id_": 1, "story_clear_table_id_": 9}, {"story_part_id_": 2, "story_clear_table_id_": 23}, {"story_part_id_": 3, "story_clear_table_id_": 23}]}, {"login_bonus_daily_story_id_": 22, "table_": [{"story_part_id_": 1, "story_clear_table_id_": 22}, {"story_part_id_": 2, "story_clear_table_id_": 22}, {"story_part_id_": 3, "story_clear_table_id_": 22}]}, {"login_bonus_daily_story_id_": 21, "table_": [{"story_part_id_": 1, "story_clear_table_id_": 21}, {"story_part_id_": 2, "story_clear_table_id_": 21}, {"story_part_id_": 3, "story_clear_table_id_": 21}]}, {"login_bonus_daily_story_id_": 20, "table_": [{"story_part_id_": 1, "story_clear_table_id_": 20}, {"story_part_id_": 2, "story_clear_table_id_": 20}, {"story_part_id_": 3, "story_clear_table_id_": 20}]}, {"login_bonus_daily_story_id_": 19, "table_": [{"story_part_id_": 1, "story_clear_table_id_": 19}, {"story_part_id_": 2, "story_clear_table_id_": 19}, {"story_part_id_": 3, "story_clear_table_id_": 19}]}, {"login_bonus_daily_story_id_": 18, "table_": [{"story_part_id_": 1, "story_clear_table_id_": 18}, {"story_part_id_": 2, "story_clear_table_id_": 18}, {"story_part_id_": 3, "story_clear_table_id_": 18}]}, {"login_bonus_daily_story_id_": 17, "table_": [{"story_part_id_": 1, "story_clear_table_id_": 17}, {"story_part_id_": 2, "story_clear_table_id_": 17}, {"story_part_id_": 3, "story_clear_table_id_": 17}]}, {"login_bonus_daily_story_id_": 16, "table_": [{"story_part_id_": 1, "story_clear_table_id_": 16}, {"story_part_id_": 2, "story_clear_table_id_": 16}, {"story_part_id_": 3, "story_clear_table_id_": 16}]}, {"login_bonus_daily_story_id_": 15, "table_": [{"story_part_id_": 1, "story_clear_table_id_": 15}, {"story_part_id_": 2, "story_clear_table_id_": 15}, {"story_part_id_": 3, "story_clear_table_id_": 15}]}, {"login_bonus_daily_story_id_": 14, "table_": [{"story_part_id_": 1, "story_clear_table_id_": 14}, {"story_part_id_": 2, "story_clear_table_id_": 14}, {"story_part_id_": 3, "story_clear_table_id_": 14}]}, {"login_bonus_daily_story_id_": 13, "table_": [{"story_part_id_": 1, "story_clear_table_id_": 13}, {"story_part_id_": 2, "story_clear_table_id_": 13}, {"story_part_id_": 3, "story_clear_table_id_": 13}]}, {"login_bonus_daily_story_id_": 12, "table_": [{"story_part_id_": 1, "story_clear_table_id_": 12}, {"story_part_id_": 2, "story_clear_table_id_": 12}, {"story_part_id_": 3, "story_clear_table_id_": 12}]}, {"login_bonus_daily_story_id_": 11, "table_": [{"story_part_id_": 1, "story_clear_table_id_": 11}, {"story_part_id_": 2, "story_clear_table_id_": 11}, {"story_part_id_": 3, "story_clear_table_id_": 11}]}, {"login_bonus_daily_story_id_": 10, "table_": [{"story_part_id_": 1, "story_clear_table_id_": 10}, {"story_part_id_": 2, "story_clear_table_id_": 10}, {"story_part_id_": 3, "story_clear_table_id_": 10}]}, {"login_bonus_daily_story_id_": 9, "table_": [{"story_part_id_": 1, "story_clear_table_id_": 9}, {"story_part_id_": 2, "story_clear_table_id_": 9}, {"story_part_id_": 3, "story_clear_table_id_": 9}]}, {"login_bonus_daily_story_id_": 8, "table_": [{"story_part_id_": 1, "story_clear_table_id_": 8}, {"story_part_id_": 2, "story_clear_table_id_": 8}, {"story_part_id_": 3, "story_clear_table_id_": 8}]}, {"login_bonus_daily_story_id_": 7, "table_": [{"story_part_id_": 1, "story_clear_table_id_": 7}, {"story_part_id_": 2, "story_clear_table_id_": 7}, {"story_part_id_": 3, "story_clear_table_id_": 7}]}, {"login_bonus_daily_story_id_": 6, "table_": [{"story_part_id_": 1, "story_clear_table_id_": 6}, {"story_part_id_": 2, "story_clear_table_id_": 6}, {"story_part_id_": 3, "story_clear_table_id_": 6}]}, {"login_bonus_daily_story_id_": 5, "table_": [{"story_part_id_": 1, "story_clear_table_id_": 5}, {"story_part_id_": 2, "story_clear_table_id_": 5}, {"story_part_id_": 3, "story_clear_table_id_": 5}]}, {"login_bonus_daily_story_id_": 4, "table_": [{"story_part_id_": 1, "story_clear_table_id_": 4}, {"story_part_id_": 2, "story_clear_table_id_": 4}, {"story_part_id_": 3, "story_clear_table_id_": 4}]}, {"login_bonus_daily_story_id_": 3, "table_": [{"story_part_id_": 1, "story_clear_table_id_": 3}, {"story_part_id_": 2, "story_clear_table_id_": 3}, {"story_part_id_": 3, "story_clear_table_id_": 3}]}, {"login_bonus_daily_story_id_": 2, "table_": [{"story_part_id_": 1, "story_clear_table_id_": 2}, {"story_part_id_": 2, "story_clear_table_id_": 2}, {"story_part_id_": 3, "story_clear_table_id_": 2}]}, {"login_bonus_daily_story_id_": 1, "table_": [{"story_part_id_": 1, "story_clear_table_id_": 1}, {"story_part_id_": 2, "story_clear_table_id_": 1}, {"story_part_id_": 3, "story_clear_table_id_": 1}]}, {"login_bonus_daily_story_id_": 0, "table_": [{"story_part_id_": 1, "story_clear_table_id_": 0}, {"story_part_id_": 2, "story_clear_table_id_": 0}, {"story_part_id_": 3, "story_clear_table_id_": 0}]}]