[{"login_bonus_comeback_id_": 0, "login_bonus_comeback_days_": 0, "icon_asset_name_": "login_comeback_Reward1", "day_type_": -1, "demo_id_": -1, "item1_sort_param_": 9, "item1_item_category_": 1, "item1_id_": 0, "item1_item_num_": 200, "item2_sort_param_": 8, "item2_item_category_": 5, "item2_id_": 10, "item2_item_num_": 2, "item3_sort_param_": 7, "item3_item_category_": 4, "item3_id_": 0, "item3_item_num_": 10, "item4_sort_param_": 6, "item4_item_category_": 4, "item4_id_": 10, "item4_item_num_": 10, "item5_sort_param_": 5, "item5_item_category_": 4, "item5_id_": 20, "item5_item_num_": 10, "item6_sort_param_": 4, "item6_item_category_": 4, "item6_id_": 30, "item6_item_num_": 10, "item7_sort_param_": 3, "item7_item_category_": 4, "item7_id_": 40, "item7_item_num_": 10, "item8_sort_param_": 2, "item8_item_category_": 2, "item8_id_": 0, "item8_item_num_": 100000, "item9_sort_param_": -1, "item9_item_category_": -1, "item9_id_": -1, "item9_item_num_": -1}, {"login_bonus_comeback_id_": 0, "login_bonus_comeback_days_": 1, "icon_asset_name_": "login_comeback_Reward2", "day_type_": -1, "demo_id_": -1, "item1_sort_param_": 9, "item1_item_category_": 1, "item1_id_": 0, "item1_item_num_": 500, "item2_sort_param_": 8, "item2_item_category_": 5, "item2_id_": 10, "item2_item_num_": 1, "item3_sort_param_": 7, "item3_item_category_": 4, "item3_id_": 0, "item3_item_num_": 10, "item4_sort_param_": 6, "item4_item_category_": 4, "item4_id_": 10, "item4_item_num_": 10, "item5_sort_param_": 5, "item5_item_category_": 4, "item5_id_": 20, "item5_item_num_": 10, "item6_sort_param_": 4, "item6_item_category_": 4, "item6_id_": 30, "item6_item_num_": 10, "item7_sort_param_": 3, "item7_item_category_": 4, "item7_id_": 40, "item7_item_num_": 10, "item8_sort_param_": 2, "item8_item_category_": 2, "item8_id_": 0, "item8_item_num_": 100000, "item9_sort_param_": -1, "item9_item_category_": -1, "item9_id_": -1, "item9_item_num_": -1}, {"login_bonus_comeback_id_": 0, "login_bonus_comeback_days_": 2, "icon_asset_name_": "login_comeback_Reward3", "day_type_": -1, "demo_id_": -1, "item1_sort_param_": 9, "item1_item_category_": 1, "item1_id_": 0, "item1_item_num_": 200, "item2_sort_param_": 8, "item2_item_category_": 5, "item2_id_": 10, "item2_item_num_": 2, "item3_sort_param_": 7, "item3_item_category_": 4, "item3_id_": 0, "item3_item_num_": 10, "item4_sort_param_": 6, "item4_item_category_": 4, "item4_id_": 10, "item4_item_num_": 10, "item5_sort_param_": 5, "item5_item_category_": 4, "item5_id_": 20, "item5_item_num_": 10, "item6_sort_param_": 4, "item6_item_category_": 4, "item6_id_": 30, "item6_item_num_": 10, "item7_sort_param_": 3, "item7_item_category_": 4, "item7_id_": 40, "item7_item_num_": 10, "item8_sort_param_": 2, "item8_item_category_": 2, "item8_id_": 0, "item8_item_num_": 100000, "item9_sort_param_": -1, "item9_item_category_": -1, "item9_id_": -1, "item9_item_num_": -1}, {"login_bonus_comeback_id_": 0, "login_bonus_comeback_days_": 3, "icon_asset_name_": "login_comeback_Reward4", "day_type_": -1, "demo_id_": -1, "item1_sort_param_": 9, "item1_item_category_": 1, "item1_id_": 0, "item1_item_num_": 300, "item2_sort_param_": 8, "item2_item_category_": 5, "item2_id_": 10, "item2_item_num_": 2, "item3_sort_param_": 7, "item3_item_category_": 4, "item3_id_": 0, "item3_item_num_": 10, "item4_sort_param_": 6, "item4_item_category_": 4, "item4_id_": 10, "item4_item_num_": 10, "item5_sort_param_": 5, "item5_item_category_": 4, "item5_id_": 20, "item5_item_num_": 10, "item6_sort_param_": 4, "item6_item_category_": 4, "item6_id_": 30, "item6_item_num_": 10, "item7_sort_param_": 3, "item7_item_category_": 4, "item7_id_": 40, "item7_item_num_": 10, "item8_sort_param_": 2, "item8_item_category_": 2, "item8_id_": 0, "item8_item_num_": 100000, "item9_sort_param_": -1, "item9_item_category_": -1, "item9_id_": -1, "item9_item_num_": -1}, {"login_bonus_comeback_id_": 0, "login_bonus_comeback_days_": 4, "icon_asset_name_": "login_comeback_Reward5", "day_type_": -1, "demo_id_": -1, "item1_sort_param_": 9, "item1_item_category_": 1, "item1_id_": 0, "item1_item_num_": 500, "item2_sort_param_": 8, "item2_item_category_": 5, "item2_id_": 10, "item2_item_num_": 1, "item3_sort_param_": 7, "item3_item_category_": 4, "item3_id_": 0, "item3_item_num_": 10, "item4_sort_param_": 6, "item4_item_category_": 4, "item4_id_": 10, "item4_item_num_": 10, "item5_sort_param_": 5, "item5_item_category_": 4, "item5_id_": 20, "item5_item_num_": 10, "item6_sort_param_": 4, "item6_item_category_": 4, "item6_id_": 30, "item6_item_num_": 10, "item7_sort_param_": 3, "item7_item_category_": 4, "item7_id_": 40, "item7_item_num_": 10, "item8_sort_param_": 2, "item8_item_category_": 2, "item8_id_": 0, "item8_item_num_": 100000, "item9_sort_param_": -1, "item9_item_category_": -1, "item9_id_": -1, "item9_item_num_": -1}, {"login_bonus_comeback_id_": 0, "login_bonus_comeback_days_": 5, "icon_asset_name_": "login_comeback_Reward6", "day_type_": -1, "demo_id_": -1, "item1_sort_param_": 9, "item1_item_category_": 1, "item1_id_": 0, "item1_item_num_": 300, "item2_sort_param_": 8, "item2_item_category_": 5, "item2_id_": 10, "item2_item_num_": 2, "item3_sort_param_": 7, "item3_item_category_": 4, "item3_id_": 100, "item3_item_num_": 2, "item4_sort_param_": 6, "item4_item_category_": 4, "item4_id_": 110, "item4_item_num_": 2, "item5_sort_param_": 5, "item5_item_category_": 4, "item5_id_": 120, "item5_item_num_": 2, "item6_sort_param_": 4, "item6_item_category_": 4, "item6_id_": 130, "item6_item_num_": 2, "item7_sort_param_": 3, "item7_item_category_": 4, "item7_id_": 140, "item7_item_num_": 2, "item8_sort_param_": -1, "item8_item_category_": -1, "item8_id_": -1, "item8_item_num_": -1, "item9_sort_param_": -1, "item9_item_category_": -1, "item9_id_": -1, "item9_item_num_": -1}, {"login_bonus_comeback_id_": 0, "login_bonus_comeback_days_": 6, "icon_asset_name_": "login_comeback_Reward7", "day_type_": -1, "demo_id_": -1, "item1_sort_param_": 9, "item1_item_category_": 1, "item1_id_": 0, "item1_item_num_": 500, "item2_sort_param_": 8, "item2_item_category_": 3, "item2_id_": 16, "item2_item_num_": 600, "item3_sort_param_": -1, "item3_item_category_": -1, "item3_id_": -1, "item3_item_num_": -1, "item4_sort_param_": -1, "item4_item_category_": -1, "item4_id_": -1, "item4_item_num_": -1, "item5_sort_param_": -1, "item5_item_category_": -1, "item5_id_": -1, "item5_item_num_": -1, "item6_sort_param_": -1, "item6_item_category_": -1, "item6_id_": -1, "item6_item_num_": -1, "item7_sort_param_": -1, "item7_item_category_": -1, "item7_id_": -1, "item7_item_num_": -1, "item8_sort_param_": -1, "item8_item_category_": -1, "item8_id_": -1, "item8_item_num_": -1, "item9_sort_param_": -1, "item9_item_category_": -1, "item9_id_": -1, "item9_item_num_": -1}, {"login_bonus_comeback_id_": 1, "login_bonus_comeback_days_": 0, "icon_asset_name_": "login_comeback_190306_Reward1", "day_type_": -1, "demo_id_": -1, "item1_sort_param_": 9, "item1_item_category_": 9, "item1_id_": 8, "item1_item_num_": 2, "item2_sort_param_": 8, "item2_item_category_": 5, "item2_id_": 10, "item2_item_num_": 50, "item3_sort_param_": 7, "item3_item_category_": 20, "item3_id_": 4, "item3_item_num_": 10, "item4_sort_param_": 6, "item4_item_category_": 2, "item4_id_": 0, "item4_item_num_": 30000000, "item5_sort_param_": 5, "item5_item_category_": 4, "item5_id_": 0, "item5_item_num_": 1500, "item6_sort_param_": 4, "item6_item_category_": 4, "item6_id_": 10, "item6_item_num_": 1500, "item7_sort_param_": 3, "item7_item_category_": 4, "item7_id_": 20, "item7_item_num_": 1500, "item8_sort_param_": 2, "item8_item_category_": 4, "item8_id_": 30, "item8_item_num_": 1500, "item9_sort_param_": 1, "item9_item_category_": 4, "item9_id_": 40, "item9_item_num_": 1500}, {"login_bonus_comeback_id_": 1, "login_bonus_comeback_days_": 1, "icon_asset_name_": "login_comeback_190306_Reward2", "day_type_": -1, "demo_id_": -1, "item1_sort_param_": 9, "item1_item_category_": 1, "item1_id_": 0, "item1_item_num_": 500, "item2_sort_param_": 8, "item2_item_category_": 5, "item2_id_": 3, "item2_item_num_": 100, "item3_sort_param_": 7, "item3_item_category_": 20, "item3_id_": 4, "item3_item_num_": 10, "item4_sort_param_": 6, "item4_item_category_": 2, "item4_id_": 0, "item4_item_num_": 20000000, "item5_sort_param_": 5, "item5_item_category_": 4, "item5_id_": 100, "item5_item_num_": 30, "item6_sort_param_": 4, "item6_item_category_": 4, "item6_id_": 110, "item6_item_num_": 30, "item7_sort_param_": 3, "item7_item_category_": 4, "item7_id_": 120, "item7_item_num_": 30, "item8_sort_param_": 2, "item8_item_category_": 4, "item8_id_": 130, "item8_item_num_": 30, "item9_sort_param_": 1, "item9_item_category_": 4, "item9_id_": 140, "item9_item_num_": 30}, {"login_bonus_comeback_id_": 1, "login_bonus_comeback_days_": 2, "icon_asset_name_": "login_comeback_190306_Reward3", "day_type_": -1, "demo_id_": -1, "item1_sort_param_": 9, "item1_item_category_": 9, "item1_id_": 6, "item1_item_num_": 10, "item2_sort_param_": 8, "item2_item_category_": 5, "item2_id_": 3, "item2_item_num_": 50, "item3_sort_param_": 7, "item3_item_category_": 20, "item3_id_": 4, "item3_item_num_": 10, "item4_sort_param_": 6, "item4_item_category_": 2, "item4_id_": 0, "item4_item_num_": 20000000, "item5_sort_param_": 5, "item5_item_category_": 4, "item5_id_": 1, "item5_item_num_": 1500, "item6_sort_param_": 4, "item6_item_category_": 4, "item6_id_": 11, "item6_item_num_": 1500, "item7_sort_param_": 3, "item7_item_category_": 4, "item7_id_": 21, "item7_item_num_": 1500, "item8_sort_param_": 2, "item8_item_category_": 4, "item8_id_": 31, "item8_item_num_": 1500, "item9_sort_param_": 1, "item9_item_category_": 4, "item9_id_": 41, "item9_item_num_": 1500}, {"login_bonus_comeback_id_": 1, "login_bonus_comeback_days_": 3, "icon_asset_name_": "login_comeback_190306_Reward4", "day_type_": -1, "demo_id_": -1, "item1_sort_param_": 9, "item1_item_category_": 9, "item1_id_": 18, "item1_item_num_": 5, "item2_sort_param_": 8, "item2_item_category_": 5, "item2_id_": 10, "item2_item_num_": 50, "item3_sort_param_": 7, "item3_item_category_": 4, "item3_id_": 101, "item3_item_num_": 30, "item4_sort_param_": 6, "item4_item_category_": 4, "item4_id_": 111, "item4_item_num_": 30, "item5_sort_param_": 5, "item5_item_category_": 4, "item5_id_": 121, "item5_item_num_": 30, "item6_sort_param_": 4, "item6_item_category_": 4, "item6_id_": 131, "item6_item_num_": 30, "item7_sort_param_": 3, "item7_item_category_": 4, "item7_id_": 141, "item7_item_num_": 30, "item8_sort_param_": 2, "item8_item_category_": 4, "item8_id_": 2, "item8_item_num_": 1500, "item9_sort_param_": 1, "item9_item_category_": 4, "item9_id_": 12, "item9_item_num_": 1500}, {"login_bonus_comeback_id_": 1, "login_bonus_comeback_days_": 4, "icon_asset_name_": "login_comeback_190306_Reward5", "day_type_": -1, "demo_id_": -1, "item1_sort_param_": 9, "item1_item_category_": 1, "item1_id_": 0, "item1_item_num_": 500, "item2_sort_param_": 8, "item2_item_category_": 4, "item2_id_": 22, "item2_item_num_": 1500, "item3_sort_param_": 7, "item3_item_category_": 4, "item3_id_": 32, "item3_item_num_": 1500, "item4_sort_param_": 6, "item4_item_category_": 4, "item4_id_": 42, "item4_item_num_": 1500, "item5_sort_param_": 5, "item5_item_category_": 4, "item5_id_": 102, "item5_item_num_": 30, "item6_sort_param_": 4, "item6_item_category_": 4, "item6_id_": 112, "item6_item_num_": 30, "item7_sort_param_": 3, "item7_item_category_": 4, "item7_id_": 122, "item7_item_num_": 30, "item8_sort_param_": 2, "item8_item_category_": 4, "item8_id_": 132, "item8_item_num_": 30, "item9_sort_param_": 1, "item9_item_category_": 4, "item9_id_": 142, "item9_item_num_": 30}, {"login_bonus_comeback_id_": 1, "login_bonus_comeback_days_": 5, "icon_asset_name_": "login_comeback_190306_Reward6", "day_type_": -1, "demo_id_": -1, "item1_sort_param_": 9, "item1_item_category_": 9, "item1_id_": 18, "item1_item_num_": 5, "item2_sort_param_": 8, "item2_item_category_": 2, "item2_id_": 0, "item2_item_num_": 30000000, "item3_sort_param_": 7, "item3_item_category_": 4, "item3_id_": 3, "item3_item_num_": 1500, "item4_sort_param_": 6, "item4_item_category_": 4, "item4_id_": 13, "item4_item_num_": 1500, "item5_sort_param_": 5, "item5_item_category_": 4, "item5_id_": 23, "item5_item_num_": 1500, "item6_sort_param_": 4, "item6_item_category_": 4, "item6_id_": 33, "item6_item_num_": 1500, "item7_sort_param_": 3, "item7_item_category_": 4, "item7_id_": 43, "item7_item_num_": 1500, "item8_sort_param_": 2, "item8_item_category_": 4, "item8_id_": 103, "item8_item_num_": 30, "item9_sort_param_": 1, "item9_item_category_": 4, "item9_id_": 113, "item9_item_num_": 30}, {"login_bonus_comeback_id_": 1, "login_bonus_comeback_days_": 6, "icon_asset_name_": "login_comeback_190306_Reward7", "day_type_": -1, "demo_id_": -1, "item1_sort_param_": 9, "item1_item_category_": 1, "item1_id_": 0, "item1_item_num_": 1000, "item2_sort_param_": 8, "item2_item_category_": 4, "item2_id_": 123, "item2_item_num_": 30, "item3_sort_param_": 7, "item3_item_category_": 4, "item3_id_": 133, "item3_item_num_": 30, "item4_sort_param_": 6, "item4_item_category_": 4, "item4_id_": 143, "item4_item_num_": 30, "item5_sort_param_": 5, "item5_item_category_": 4, "item5_id_": 4, "item5_item_num_": 1500, "item6_sort_param_": 4, "item6_item_category_": 4, "item6_id_": 14, "item6_item_num_": 1500, "item7_sort_param_": 3, "item7_item_category_": 4, "item7_id_": 24, "item7_item_num_": 1500, "item8_sort_param_": 2, "item8_item_category_": 4, "item8_id_": 34, "item8_item_num_": 1500, "item9_sort_param_": 1, "item9_item_category_": 4, "item9_id_": 44, "item9_item_num_": 1500}, {"login_bonus_comeback_id_": 2, "login_bonus_comeback_days_": 0, "icon_asset_name_": "login_comeback_190821_Reward1", "day_type_": -1, "demo_id_": -1, "item1_sort_param_": 9, "item1_item_category_": 9, "item1_id_": 8, "item1_item_num_": 2, "item2_sort_param_": 8, "item2_item_category_": 5, "item2_id_": 11, "item2_item_num_": 3, "item3_sort_param_": 7, "item3_item_category_": 5, "item3_id_": 10, "item3_item_num_": 50, "item4_sort_param_": 6, "item4_item_category_": 20, "item4_id_": 0, "item4_item_num_": 10, "item5_sort_param_": 5, "item5_item_category_": 20, "item5_id_": 2, "item5_item_num_": 10, "item6_sort_param_": 4, "item6_item_category_": 20, "item6_id_": 4, "item6_item_num_": 10, "item7_sort_param_": 3, "item7_item_category_": 2, "item7_id_": 0, "item7_item_num_": 30000000, "item8_sort_param_": -1, "item8_item_category_": -1, "item8_id_": -1, "item8_item_num_": -1, "item9_sort_param_": -1, "item9_item_category_": -1, "item9_id_": -1, "item9_item_num_": -1}, {"login_bonus_comeback_id_": 2, "login_bonus_comeback_days_": 1, "icon_asset_name_": "login_comeback_190821_Reward2", "day_type_": -1, "demo_id_": -1, "item1_sort_param_": 9, "item1_item_category_": 1, "item1_id_": 0, "item1_item_num_": 500, "item2_sort_param_": 8, "item2_item_category_": 5, "item2_id_": 10, "item2_item_num_": 50, "item3_sort_param_": 7, "item3_item_category_": 20, "item3_id_": 4, "item3_item_num_": 10, "item4_sort_param_": 6, "item4_item_category_": 2, "item4_id_": 0, "item4_item_num_": 20000000, "item5_sort_param_": 5, "item5_item_category_": 4, "item5_id_": 100, "item5_item_num_": 30, "item6_sort_param_": 4, "item6_item_category_": 4, "item6_id_": 110, "item6_item_num_": 30, "item7_sort_param_": 3, "item7_item_category_": 4, "item7_id_": 120, "item7_item_num_": 30, "item8_sort_param_": 2, "item8_item_category_": 4, "item8_id_": 130, "item8_item_num_": 30, "item9_sort_param_": 1, "item9_item_category_": 4, "item9_id_": 140, "item9_item_num_": 30}, {"login_bonus_comeback_id_": 2, "login_bonus_comeback_days_": 2, "icon_asset_name_": "login_comeback_190821_Reward3", "day_type_": -1, "demo_id_": -1, "item1_sort_param_": 9, "item1_item_category_": 9, "item1_id_": 6, "item1_item_num_": 10, "item2_sort_param_": 8, "item2_item_category_": 5, "item2_id_": 11, "item2_item_num_": 2, "item3_sort_param_": 7, "item3_item_category_": 20, "item3_id_": 4, "item3_item_num_": 10, "item4_sort_param_": 6, "item4_item_category_": 2, "item4_id_": 0, "item4_item_num_": 20000000, "item5_sort_param_": 5, "item5_item_category_": 4, "item5_id_": 101, "item5_item_num_": 30, "item6_sort_param_": 4, "item6_item_category_": 4, "item6_id_": 111, "item6_item_num_": 30, "item7_sort_param_": 3, "item7_item_category_": 4, "item7_id_": 121, "item7_item_num_": 30, "item8_sort_param_": 2, "item8_item_category_": 4, "item8_id_": 131, "item8_item_num_": 30, "item9_sort_param_": 1, "item9_item_category_": 4, "item9_id_": 141, "item9_item_num_": 30}, {"login_bonus_comeback_id_": 2, "login_bonus_comeback_days_": 3, "icon_asset_name_": "login_comeback_190821_Reward4", "day_type_": -1, "demo_id_": -1, "item1_sort_param_": 9, "item1_item_category_": 9, "item1_id_": 18, "item1_item_num_": 10, "item2_sort_param_": 8, "item2_item_category_": 5, "item2_id_": 3, "item2_item_num_": 100, "item3_sort_param_": 7, "item3_item_category_": 20, "item3_id_": 0, "item3_item_num_": 10, "item4_sort_param_": 6, "item4_item_category_": 20, "item4_id_": 2, "item4_item_num_": 10, "item5_sort_param_": 5, "item5_item_category_": 4, "item5_id_": 102, "item5_item_num_": 30, "item6_sort_param_": 4, "item6_item_category_": 4, "item6_id_": 112, "item6_item_num_": 30, "item7_sort_param_": 3, "item7_item_category_": 4, "item7_id_": 122, "item7_item_num_": 30, "item8_sort_param_": 2, "item8_item_category_": 4, "item8_id_": 132, "item8_item_num_": 30, "item9_sort_param_": 1, "item9_item_category_": 4, "item9_id_": 142, "item9_item_num_": 30}, {"login_bonus_comeback_id_": 2, "login_bonus_comeback_days_": 4, "icon_asset_name_": "login_comeback_190821_Reward5", "day_type_": -1, "demo_id_": -1, "item1_sort_param_": 9, "item1_item_category_": 1, "item1_id_": 0, "item1_item_num_": 500, "item2_sort_param_": 8, "item2_item_category_": 5, "item2_id_": 3, "item2_item_num_": 50, "item3_sort_param_": 7, "item3_item_category_": 20, "item3_id_": 0, "item3_item_num_": 5, "item4_sort_param_": 6, "item4_item_category_": 20, "item4_id_": 2, "item4_item_num_": 5, "item5_sort_param_": 5, "item5_item_category_": 4, "item5_id_": 103, "item5_item_num_": 30, "item6_sort_param_": 4, "item6_item_category_": 4, "item6_id_": 113, "item6_item_num_": 30, "item7_sort_param_": 3, "item7_item_category_": 4, "item7_id_": 123, "item7_item_num_": 30, "item8_sort_param_": 2, "item8_item_category_": 4, "item8_id_": 133, "item8_item_num_": 30, "item9_sort_param_": 1, "item9_item_category_": 4, "item9_id_": 143, "item9_item_num_": 30}, {"login_bonus_comeback_id_": 2, "login_bonus_comeback_days_": 5, "icon_asset_name_": "login_comeback_190821_Reward6", "day_type_": -1, "demo_id_": -1, "item1_sort_param_": 9, "item1_item_category_": 9, "item1_id_": 19, "item1_item_num_": 5, "item2_sort_param_": 8, "item2_item_category_": 2, "item2_id_": 0, "item2_item_num_": 30000000, "item3_sort_param_": 7, "item3_item_category_": 20, "item3_id_": 0, "item3_item_num_": 5, "item4_sort_param_": 6, "item4_item_category_": 20, "item4_id_": 2, "item4_item_num_": 5, "item5_sort_param_": 5, "item5_item_category_": 4, "item5_id_": 104, "item5_item_num_": 30, "item6_sort_param_": 4, "item6_item_category_": 4, "item6_id_": 114, "item6_item_num_": 30, "item7_sort_param_": 3, "item7_item_category_": 4, "item7_id_": 124, "item7_item_num_": 30, "item8_sort_param_": 2, "item8_item_category_": 4, "item8_id_": 134, "item8_item_num_": 30, "item9_sort_param_": 1, "item9_item_category_": 4, "item9_id_": 144, "item9_item_num_": 30}, {"login_bonus_comeback_id_": 2, "login_bonus_comeback_days_": 6, "icon_asset_name_": "login_comeback_190821_Reward7", "day_type_": -1, "demo_id_": -1, "item1_sort_param_": 9, "item1_item_category_": 1, "item1_id_": 0, "item1_item_num_": 1000, "item2_sort_param_": -1, "item2_item_category_": -1, "item2_id_": -1, "item2_item_num_": -1, "item3_sort_param_": -1, "item3_item_category_": -1, "item3_id_": -1, "item3_item_num_": -1, "item4_sort_param_": -1, "item4_item_category_": -1, "item4_id_": -1, "item4_item_num_": -1, "item5_sort_param_": -1, "item5_item_category_": -1, "item5_id_": -1, "item5_item_num_": -1, "item6_sort_param_": -1, "item6_item_category_": -1, "item6_id_": -1, "item6_item_num_": -1, "item7_sort_param_": -1, "item7_item_category_": -1, "item7_id_": -1, "item7_item_num_": -1, "item8_sort_param_": -1, "item8_item_category_": -1, "item8_id_": -1, "item8_item_num_": -1, "item9_sort_param_": -1, "item9_item_category_": -1, "item9_id_": -1, "item9_item_num_": -1}, {"login_bonus_comeback_id_": 3, "login_bonus_comeback_days_": 0, "icon_asset_name_": "login_comeback_191120_Reward1", "day_type_": -1, "demo_id_": -1, "item1_sort_param_": 9, "item1_item_category_": 9, "item1_id_": 28, "item1_item_num_": 2, "item2_sort_param_": 8, "item2_item_category_": 5, "item2_id_": 11, "item2_item_num_": 3, "item3_sort_param_": 7, "item3_item_category_": 5, "item3_id_": 10, "item3_item_num_": 50, "item4_sort_param_": 6, "item4_item_category_": 20, "item4_id_": 0, "item4_item_num_": 10, "item5_sort_param_": 5, "item5_item_category_": 20, "item5_id_": 2, "item5_item_num_": 10, "item6_sort_param_": 4, "item6_item_category_": 20, "item6_id_": 4, "item6_item_num_": 10, "item7_sort_param_": 3, "item7_item_category_": 2, "item7_id_": 0, "item7_item_num_": 30000000, "item8_sort_param_": -1, "item8_item_category_": -1, "item8_id_": -1, "item8_item_num_": -1, "item9_sort_param_": -1, "item9_item_category_": -1, "item9_id_": -1, "item9_item_num_": -1}, {"login_bonus_comeback_id_": 3, "login_bonus_comeback_days_": 1, "icon_asset_name_": "login_comeback_191120_Reward2", "day_type_": -1, "demo_id_": -1, "item1_sort_param_": 9, "item1_item_category_": 1, "item1_id_": 0, "item1_item_num_": 500, "item2_sort_param_": 8, "item2_item_category_": 5, "item2_id_": 10, "item2_item_num_": 50, "item3_sort_param_": 7, "item3_item_category_": 20, "item3_id_": 4, "item3_item_num_": 10, "item4_sort_param_": 6, "item4_item_category_": 2, "item4_id_": 0, "item4_item_num_": 20000000, "item5_sort_param_": 5, "item5_item_category_": 4, "item5_id_": 100, "item5_item_num_": 30, "item6_sort_param_": 4, "item6_item_category_": 4, "item6_id_": 110, "item6_item_num_": 30, "item7_sort_param_": 3, "item7_item_category_": 4, "item7_id_": 120, "item7_item_num_": 30, "item8_sort_param_": 2, "item8_item_category_": 4, "item8_id_": 130, "item8_item_num_": 30, "item9_sort_param_": 1, "item9_item_category_": 4, "item9_id_": 140, "item9_item_num_": 30}, {"login_bonus_comeback_id_": 3, "login_bonus_comeback_days_": 2, "icon_asset_name_": "login_comeback_191120_Reward3", "day_type_": -1, "demo_id_": -1, "item1_sort_param_": 9, "item1_item_category_": 9, "item1_id_": 18, "item1_item_num_": 10, "item2_sort_param_": 8, "item2_item_category_": 5, "item2_id_": 11, "item2_item_num_": 2, "item3_sort_param_": 7, "item3_item_category_": 20, "item3_id_": 4, "item3_item_num_": 10, "item4_sort_param_": 6, "item4_item_category_": 2, "item4_id_": 0, "item4_item_num_": 20000000, "item5_sort_param_": 5, "item5_item_category_": 4, "item5_id_": 101, "item5_item_num_": 30, "item6_sort_param_": 4, "item6_item_category_": 4, "item6_id_": 111, "item6_item_num_": 30, "item7_sort_param_": 3, "item7_item_category_": 4, "item7_id_": 121, "item7_item_num_": 30, "item8_sort_param_": 2, "item8_item_category_": 4, "item8_id_": 131, "item8_item_num_": 30, "item9_sort_param_": 1, "item9_item_category_": 4, "item9_id_": 141, "item9_item_num_": 30}, {"login_bonus_comeback_id_": 3, "login_bonus_comeback_days_": 3, "icon_asset_name_": "login_comeback_191120_Reward4", "day_type_": -1, "demo_id_": -1, "item1_sort_param_": 9, "item1_item_category_": 9, "item1_id_": 53, "item1_item_num_": 10, "item2_sort_param_": 8, "item2_item_category_": 5, "item2_id_": 3, "item2_item_num_": 100, "item3_sort_param_": 7, "item3_item_category_": 20, "item3_id_": 0, "item3_item_num_": 10, "item4_sort_param_": 6, "item4_item_category_": 20, "item4_id_": 2, "item4_item_num_": 10, "item5_sort_param_": 5, "item5_item_category_": 4, "item5_id_": 102, "item5_item_num_": 30, "item6_sort_param_": 4, "item6_item_category_": 4, "item6_id_": 112, "item6_item_num_": 30, "item7_sort_param_": 3, "item7_item_category_": 4, "item7_id_": 122, "item7_item_num_": 30, "item8_sort_param_": 2, "item8_item_category_": 4, "item8_id_": 132, "item8_item_num_": 30, "item9_sort_param_": 1, "item9_item_category_": 4, "item9_id_": 142, "item9_item_num_": 30}, {"login_bonus_comeback_id_": 3, "login_bonus_comeback_days_": 4, "icon_asset_name_": "login_comeback_191120_Reward5", "day_type_": -1, "demo_id_": -1, "item1_sort_param_": 9, "item1_item_category_": 1, "item1_id_": 0, "item1_item_num_": 500, "item2_sort_param_": 8, "item2_item_category_": 5, "item2_id_": 3, "item2_item_num_": 50, "item3_sort_param_": 7, "item3_item_category_": 20, "item3_id_": 0, "item3_item_num_": 5, "item4_sort_param_": 6, "item4_item_category_": 20, "item4_id_": 2, "item4_item_num_": 5, "item5_sort_param_": 5, "item5_item_category_": 4, "item5_id_": 103, "item5_item_num_": 30, "item6_sort_param_": 4, "item6_item_category_": 4, "item6_id_": 113, "item6_item_num_": 30, "item7_sort_param_": 3, "item7_item_category_": 4, "item7_id_": 123, "item7_item_num_": 30, "item8_sort_param_": 2, "item8_item_category_": 4, "item8_id_": 133, "item8_item_num_": 30, "item9_sort_param_": 1, "item9_item_category_": 4, "item9_id_": 143, "item9_item_num_": 30}, {"login_bonus_comeback_id_": 3, "login_bonus_comeback_days_": 5, "icon_asset_name_": "login_comeback_191120_Reward6", "day_type_": -1, "demo_id_": -1, "item1_sort_param_": 9, "item1_item_category_": 9, "item1_id_": 54, "item1_item_num_": 5, "item2_sort_param_": 8, "item2_item_category_": 2, "item2_id_": 0, "item2_item_num_": 30000000, "item3_sort_param_": 7, "item3_item_category_": 20, "item3_id_": 0, "item3_item_num_": 5, "item4_sort_param_": 6, "item4_item_category_": 20, "item4_id_": 2, "item4_item_num_": 5, "item5_sort_param_": 5, "item5_item_category_": 4, "item5_id_": 104, "item5_item_num_": 30, "item6_sort_param_": 4, "item6_item_category_": 4, "item6_id_": 114, "item6_item_num_": 30, "item7_sort_param_": 3, "item7_item_category_": 4, "item7_id_": 124, "item7_item_num_": 30, "item8_sort_param_": 2, "item8_item_category_": 4, "item8_id_": 134, "item8_item_num_": 30, "item9_sort_param_": 1, "item9_item_category_": 4, "item9_id_": 144, "item9_item_num_": 30}, {"login_bonus_comeback_id_": 3, "login_bonus_comeback_days_": 6, "icon_asset_name_": "login_comeback_191120_Reward7", "day_type_": -1, "demo_id_": -1, "item1_sort_param_": 9, "item1_item_category_": 1, "item1_id_": 0, "item1_item_num_": 1000, "item2_sort_param_": -1, "item2_item_category_": -1, "item2_id_": -1, "item2_item_num_": -1, "item3_sort_param_": -1, "item3_item_category_": -1, "item3_id_": -1, "item3_item_num_": -1, "item4_sort_param_": -1, "item4_item_category_": -1, "item4_id_": -1, "item4_item_num_": -1, "item5_sort_param_": -1, "item5_item_category_": -1, "item5_id_": -1, "item5_item_num_": -1, "item6_sort_param_": -1, "item6_item_category_": -1, "item6_id_": -1, "item6_item_num_": -1, "item7_sort_param_": -1, "item7_item_category_": -1, "item7_id_": -1, "item7_item_num_": -1, "item8_sort_param_": -1, "item8_item_category_": -1, "item8_id_": -1, "item8_item_num_": -1, "item9_sort_param_": -1, "item9_item_category_": -1, "item9_id_": -1, "item9_item_num_": -1}, {"login_bonus_comeback_id_": 4, "login_bonus_comeback_days_": 0, "icon_asset_name_": "login_comeback_191120_Reward1", "day_type_": -1, "demo_id_": -1, "item1_sort_param_": 9, "item1_item_category_": 9, "item1_id_": 28, "item1_item_num_": 2, "item2_sort_param_": 8, "item2_item_category_": 5, "item2_id_": 11, "item2_item_num_": 3, "item3_sort_param_": 7, "item3_item_category_": 5, "item3_id_": 10, "item3_item_num_": 50, "item4_sort_param_": 6, "item4_item_category_": 20, "item4_id_": 0, "item4_item_num_": 10, "item5_sort_param_": 5, "item5_item_category_": 20, "item5_id_": 2, "item5_item_num_": 10, "item6_sort_param_": 4, "item6_item_category_": 20, "item6_id_": 4, "item6_item_num_": 10, "item7_sort_param_": 3, "item7_item_category_": 2, "item7_id_": 0, "item7_item_num_": 30000000, "item8_sort_param_": -1, "item8_item_category_": -1, "item8_id_": -1, "item8_item_num_": -1, "item9_sort_param_": -1, "item9_item_category_": -1, "item9_id_": -1, "item9_item_num_": -1}, {"login_bonus_comeback_id_": 4, "login_bonus_comeback_days_": 1, "icon_asset_name_": "login_comeback_191120_Reward2", "day_type_": -1, "demo_id_": -1, "item1_sort_param_": 9, "item1_item_category_": 1, "item1_id_": 0, "item1_item_num_": 500, "item2_sort_param_": 8, "item2_item_category_": 5, "item2_id_": 10, "item2_item_num_": 50, "item3_sort_param_": 7, "item3_item_category_": 20, "item3_id_": 4, "item3_item_num_": 10, "item4_sort_param_": 6, "item4_item_category_": 2, "item4_id_": 0, "item4_item_num_": 20000000, "item5_sort_param_": 5, "item5_item_category_": 4, "item5_id_": 100, "item5_item_num_": 30, "item6_sort_param_": 4, "item6_item_category_": 4, "item6_id_": 110, "item6_item_num_": 30, "item7_sort_param_": 3, "item7_item_category_": 4, "item7_id_": 120, "item7_item_num_": 30, "item8_sort_param_": 2, "item8_item_category_": 4, "item8_id_": 130, "item8_item_num_": 30, "item9_sort_param_": 1, "item9_item_category_": 4, "item9_id_": 140, "item9_item_num_": 30}, {"login_bonus_comeback_id_": 4, "login_bonus_comeback_days_": 2, "icon_asset_name_": "login_comeback_191120_Reward3", "day_type_": -1, "demo_id_": -1, "item1_sort_param_": 9, "item1_item_category_": 9, "item1_id_": 18, "item1_item_num_": 10, "item2_sort_param_": 8, "item2_item_category_": 5, "item2_id_": 11, "item2_item_num_": 2, "item3_sort_param_": 7, "item3_item_category_": 20, "item3_id_": 4, "item3_item_num_": 10, "item4_sort_param_": 6, "item4_item_category_": 2, "item4_id_": 0, "item4_item_num_": 20000000, "item5_sort_param_": 5, "item5_item_category_": 4, "item5_id_": 101, "item5_item_num_": 30, "item6_sort_param_": 4, "item6_item_category_": 4, "item6_id_": 111, "item6_item_num_": 30, "item7_sort_param_": 3, "item7_item_category_": 4, "item7_id_": 121, "item7_item_num_": 30, "item8_sort_param_": 2, "item8_item_category_": 4, "item8_id_": 131, "item8_item_num_": 30, "item9_sort_param_": 1, "item9_item_category_": 4, "item9_id_": 141, "item9_item_num_": 30}, {"login_bonus_comeback_id_": 4, "login_bonus_comeback_days_": 3, "icon_asset_name_": "login_comeback_191120_Reward4", "day_type_": -1, "demo_id_": -1, "item1_sort_param_": 9, "item1_item_category_": 9, "item1_id_": 53, "item1_item_num_": 10, "item2_sort_param_": 8, "item2_item_category_": 5, "item2_id_": 3, "item2_item_num_": 100, "item3_sort_param_": 7, "item3_item_category_": 20, "item3_id_": 0, "item3_item_num_": 10, "item4_sort_param_": 6, "item4_item_category_": 20, "item4_id_": 2, "item4_item_num_": 10, "item5_sort_param_": 5, "item5_item_category_": 4, "item5_id_": 102, "item5_item_num_": 30, "item6_sort_param_": 4, "item6_item_category_": 4, "item6_id_": 112, "item6_item_num_": 30, "item7_sort_param_": 3, "item7_item_category_": 4, "item7_id_": 122, "item7_item_num_": 30, "item8_sort_param_": 2, "item8_item_category_": 4, "item8_id_": 132, "item8_item_num_": 30, "item9_sort_param_": 1, "item9_item_category_": 4, "item9_id_": 142, "item9_item_num_": 30}, {"login_bonus_comeback_id_": 4, "login_bonus_comeback_days_": 4, "icon_asset_name_": "login_comeback_191120_Reward5", "day_type_": -1, "demo_id_": -1, "item1_sort_param_": 9, "item1_item_category_": 1, "item1_id_": 0, "item1_item_num_": 500, "item2_sort_param_": 8, "item2_item_category_": 5, "item2_id_": 3, "item2_item_num_": 50, "item3_sort_param_": 7, "item3_item_category_": 20, "item3_id_": 0, "item3_item_num_": 5, "item4_sort_param_": 6, "item4_item_category_": 20, "item4_id_": 2, "item4_item_num_": 5, "item5_sort_param_": 5, "item5_item_category_": 4, "item5_id_": 103, "item5_item_num_": 30, "item6_sort_param_": 4, "item6_item_category_": 4, "item6_id_": 113, "item6_item_num_": 30, "item7_sort_param_": 3, "item7_item_category_": 4, "item7_id_": 123, "item7_item_num_": 30, "item8_sort_param_": 2, "item8_item_category_": 4, "item8_id_": 133, "item8_item_num_": 30, "item9_sort_param_": 1, "item9_item_category_": 4, "item9_id_": 143, "item9_item_num_": 30}, {"login_bonus_comeback_id_": 4, "login_bonus_comeback_days_": 5, "icon_asset_name_": "login_comeback_191120_Reward6", "day_type_": -1, "demo_id_": -1, "item1_sort_param_": 9, "item1_item_category_": 9, "item1_id_": 54, "item1_item_num_": 5, "item2_sort_param_": 8, "item2_item_category_": 2, "item2_id_": 0, "item2_item_num_": 30000000, "item3_sort_param_": 7, "item3_item_category_": 20, "item3_id_": 0, "item3_item_num_": 5, "item4_sort_param_": 6, "item4_item_category_": 20, "item4_id_": 2, "item4_item_num_": 5, "item5_sort_param_": 5, "item5_item_category_": 4, "item5_id_": 104, "item5_item_num_": 30, "item6_sort_param_": 4, "item6_item_category_": 4, "item6_id_": 114, "item6_item_num_": 30, "item7_sort_param_": 3, "item7_item_category_": 4, "item7_id_": 124, "item7_item_num_": 30, "item8_sort_param_": 2, "item8_item_category_": 4, "item8_id_": 134, "item8_item_num_": 30, "item9_sort_param_": 1, "item9_item_category_": 4, "item9_id_": 144, "item9_item_num_": 30}, {"login_bonus_comeback_id_": 4, "login_bonus_comeback_days_": 6, "icon_asset_name_": "login_comeback_191120_Reward7", "day_type_": -1, "demo_id_": -1, "item1_sort_param_": 9, "item1_item_category_": 1, "item1_id_": 0, "item1_item_num_": 1000, "item2_sort_param_": -1, "item2_item_category_": -1, "item2_id_": -1, "item2_item_num_": -1, "item3_sort_param_": -1, "item3_item_category_": -1, "item3_id_": -1, "item3_item_num_": -1, "item4_sort_param_": -1, "item4_item_category_": -1, "item4_id_": -1, "item4_item_num_": -1, "item5_sort_param_": -1, "item5_item_category_": -1, "item5_id_": -1, "item5_item_num_": -1, "item6_sort_param_": -1, "item6_item_category_": -1, "item6_id_": -1, "item6_item_num_": -1, "item7_sort_param_": -1, "item7_item_category_": -1, "item7_id_": -1, "item7_item_num_": -1, "item8_sort_param_": -1, "item8_item_category_": -1, "item8_id_": -1, "item8_item_num_": -1, "item9_sort_param_": -1, "item9_item_category_": -1, "item9_id_": -1, "item9_item_num_": -1}, {"login_bonus_comeback_id_": 5, "login_bonus_comeback_days_": 0, "icon_asset_name_": "login_comeback_200715_Reward1", "day_type_": -1, "demo_id_": -1, "item1_sort_param_": 9, "item1_item_category_": 6, "item1_id_": 10, "item1_item_num_": 1, "item2_sort_param_": 8, "item2_item_category_": 9, "item2_id_": 118, "item2_item_num_": 10, "item3_sort_param_": 7, "item3_item_category_": 5, "item3_id_": 11, "item3_item_num_": 3, "item4_sort_param_": 6, "item4_item_category_": 5, "item4_id_": 10, "item4_item_num_": 50, "item5_sort_param_": 5, "item5_item_category_": 31, "item5_id_": 0, "item5_item_num_": 10, "item6_sort_param_": 4, "item6_item_category_": 31, "item6_id_": 2, "item6_item_num_": 10, "item7_sort_param_": 3, "item7_item_category_": 31, "item7_id_": 4, "item7_item_num_": 10, "item8_sort_param_": 2, "item8_item_category_": 2, "item8_id_": 0, "item8_item_num_": 30000000, "item9_sort_param_": -1, "item9_item_category_": -1, "item9_id_": -1, "item9_item_num_": -1}, {"login_bonus_comeback_id_": 5, "login_bonus_comeback_days_": 1, "icon_asset_name_": "login_comeback_200715_Reward2", "day_type_": -1, "demo_id_": -1, "item1_sort_param_": 9, "item1_item_category_": 1, "item1_id_": 0, "item1_item_num_": 500, "item2_sort_param_": 8, "item2_item_category_": 5, "item2_id_": 10, "item2_item_num_": 50, "item3_sort_param_": 7, "item3_item_category_": 31, "item3_id_": 4, "item3_item_num_": 10, "item4_sort_param_": 6, "item4_item_category_": 2, "item4_id_": 0, "item4_item_num_": 20000000, "item5_sort_param_": 5, "item5_item_category_": 4, "item5_id_": 100, "item5_item_num_": 30, "item6_sort_param_": 4, "item6_item_category_": 4, "item6_id_": 110, "item6_item_num_": 30, "item7_sort_param_": 3, "item7_item_category_": 4, "item7_id_": 120, "item7_item_num_": 30, "item8_sort_param_": 2, "item8_item_category_": 4, "item8_id_": 130, "item8_item_num_": 30, "item9_sort_param_": 1, "item9_item_category_": 4, "item9_id_": 140, "item9_item_num_": 30}, {"login_bonus_comeback_id_": 5, "login_bonus_comeback_days_": 2, "icon_asset_name_": "login_comeback_200715_Reward3", "day_type_": -1, "demo_id_": -1, "item1_sort_param_": 9, "item1_item_category_": 6, "item1_id_": 10, "item1_item_num_": 1, "item2_sort_param_": 8, "item2_item_category_": 5, "item2_id_": 11, "item2_item_num_": 2, "item3_sort_param_": 7, "item3_item_category_": 31, "item3_id_": 4, "item3_item_num_": 10, "item4_sort_param_": 6, "item4_item_category_": 2, "item4_id_": 0, "item4_item_num_": 20000000, "item5_sort_param_": 5, "item5_item_category_": 4, "item5_id_": 101, "item5_item_num_": 30, "item6_sort_param_": 4, "item6_item_category_": 4, "item6_id_": 111, "item6_item_num_": 30, "item7_sort_param_": 3, "item7_item_category_": 4, "item7_id_": 121, "item7_item_num_": 30, "item8_sort_param_": 2, "item8_item_category_": 4, "item8_id_": 131, "item8_item_num_": 30, "item9_sort_param_": 1, "item9_item_category_": 4, "item9_id_": 141, "item9_item_num_": 30}, {"login_bonus_comeback_id_": 5, "login_bonus_comeback_days_": 3, "icon_asset_name_": "login_comeback_200715_Reward4", "day_type_": -1, "demo_id_": -1, "item1_sort_param_": 9, "item1_item_category_": 9, "item1_id_": 118, "item1_item_num_": 10, "item2_sort_param_": 8, "item2_item_category_": 5, "item2_id_": 3, "item2_item_num_": 150, "item3_sort_param_": 7, "item3_item_category_": 31, "item3_id_": 0, "item3_item_num_": 10, "item4_sort_param_": 6, "item4_item_category_": 31, "item4_id_": 2, "item4_item_num_": 10, "item5_sort_param_": 5, "item5_item_category_": 4, "item5_id_": 102, "item5_item_num_": 30, "item6_sort_param_": 4, "item6_item_category_": 4, "item6_id_": 112, "item6_item_num_": 30, "item7_sort_param_": 3, "item7_item_category_": 4, "item7_id_": 122, "item7_item_num_": 30, "item8_sort_param_": 2, "item8_item_category_": 4, "item8_id_": 132, "item8_item_num_": 30, "item9_sort_param_": 1, "item9_item_category_": 4, "item9_id_": 142, "item9_item_num_": 30}, {"login_bonus_comeback_id_": 5, "login_bonus_comeback_days_": 4, "icon_asset_name_": "login_comeback_200715_Reward5", "day_type_": -1, "demo_id_": -1, "item1_sort_param_": 9, "item1_item_category_": 1, "item1_id_": 0, "item1_item_num_": 500, "item2_sort_param_": 8, "item2_item_category_": 6, "item2_id_": 10, "item2_item_num_": 1, "item3_sort_param_": 7, "item3_item_category_": 31, "item3_id_": 0, "item3_item_num_": 5, "item4_sort_param_": 6, "item4_item_category_": 31, "item4_id_": 2, "item4_item_num_": 5, "item5_sort_param_": 5, "item5_item_category_": 4, "item5_id_": 103, "item5_item_num_": 30, "item6_sort_param_": 4, "item6_item_category_": 4, "item6_id_": 113, "item6_item_num_": 30, "item7_sort_param_": 3, "item7_item_category_": 4, "item7_id_": 123, "item7_item_num_": 30, "item8_sort_param_": 2, "item8_item_category_": 4, "item8_id_": 133, "item8_item_num_": 30, "item9_sort_param_": 1, "item9_item_category_": 4, "item9_id_": 143, "item9_item_num_": 30}, {"login_bonus_comeback_id_": 5, "login_bonus_comeback_days_": 5, "icon_asset_name_": "login_comeback_200715_Reward6", "day_type_": -1, "demo_id_": -1, "item1_sort_param_": 9, "item1_item_category_": 9, "item1_id_": 118, "item1_item_num_": 10, "item2_sort_param_": 8, "item2_item_category_": 2, "item2_id_": 0, "item2_item_num_": 30000000, "item3_sort_param_": 7, "item3_item_category_": 31, "item3_id_": 0, "item3_item_num_": 5, "item4_sort_param_": 6, "item4_item_category_": 31, "item4_id_": 2, "item4_item_num_": 5, "item5_sort_param_": 5, "item5_item_category_": 4, "item5_id_": 104, "item5_item_num_": 30, "item6_sort_param_": 4, "item6_item_category_": 4, "item6_id_": 114, "item6_item_num_": 30, "item7_sort_param_": 3, "item7_item_category_": 4, "item7_id_": 124, "item7_item_num_": 30, "item8_sort_param_": 2, "item8_item_category_": 4, "item8_id_": 134, "item8_item_num_": 30, "item9_sort_param_": 1, "item9_item_category_": 4, "item9_id_": 144, "item9_item_num_": 30}, {"login_bonus_comeback_id_": 5, "login_bonus_comeback_days_": 6, "icon_asset_name_": "login_comeback_200715_Reward7", "day_type_": -1, "demo_id_": -1, "item1_sort_param_": 9, "item1_item_category_": 1, "item1_id_": 0, "item1_item_num_": 1000, "item2_sort_param_": 8, "item2_item_category_": 4, "item2_id_": 105, "item2_item_num_": 30, "item3_sort_param_": 7, "item3_item_category_": 4, "item3_id_": 115, "item3_item_num_": 30, "item4_sort_param_": 6, "item4_item_category_": 4, "item4_id_": 125, "item4_item_num_": 30, "item5_sort_param_": 5, "item5_item_category_": 4, "item5_id_": 135, "item5_item_num_": 30, "item6_sort_param_": 4, "item6_item_category_": 4, "item6_id_": 145, "item6_item_num_": 30, "item7_sort_param_": -1, "item7_item_category_": -1, "item7_id_": -1, "item7_item_num_": -1, "item8_sort_param_": -1, "item8_item_category_": -1, "item8_id_": -1, "item8_item_num_": -1, "item9_sort_param_": -1, "item9_item_category_": -1, "item9_id_": -1, "item9_item_num_": -1}, {"login_bonus_comeback_id_": 6, "login_bonus_comeback_days_": 0, "icon_asset_name_": "-1", "day_type_": 0, "demo_id_": 70002010, "item1_sort_param_": 9, "item1_item_category_": 6, "item1_id_": 10, "item1_item_num_": 1, "item2_sort_param_": 8, "item2_item_category_": 9, "item2_id_": 118, "item2_item_num_": 10, "item3_sort_param_": 7, "item3_item_category_": 5, "item3_id_": 11, "item3_item_num_": 10, "item4_sort_param_": 6, "item4_item_category_": 5, "item4_id_": 10, "item4_item_num_": 50, "item5_sort_param_": 5, "item5_item_category_": 31, "item5_id_": 100, "item5_item_num_": 1, "item6_sort_param_": 4, "item6_item_category_": 17, "item6_id_": 0, "item6_item_num_": 50, "item7_sort_param_": 3, "item7_item_category_": 2, "item7_id_": 0, "item7_item_num_": 30000000, "item8_sort_param_": -1, "item8_item_category_": -1, "item8_id_": -1, "item8_item_num_": -1, "item9_sort_param_": -1, "item9_item_category_": -1, "item9_id_": -1, "item9_item_num_": -1}, {"login_bonus_comeback_id_": 6, "login_bonus_comeback_days_": 1, "icon_asset_name_": "-1", "day_type_": 1, "demo_id_": 70002020, "item1_sort_param_": 9, "item1_item_category_": 1, "item1_id_": 0, "item1_item_num_": 200, "item2_sort_param_": 8, "item2_item_category_": 31, "item2_id_": 30, "item2_item_num_": 1, "item3_sort_param_": 7, "item3_item_category_": 17, "item3_id_": 0, "item3_item_num_": 30, "item4_sort_param_": 6, "item4_item_category_": 2, "item4_id_": 0, "item4_item_num_": 10000000, "item5_sort_param_": -1, "item5_item_category_": -1, "item5_id_": -1, "item5_item_num_": -1, "item6_sort_param_": -1, "item6_item_category_": -1, "item6_id_": -1, "item6_item_num_": -1, "item7_sort_param_": -1, "item7_item_category_": -1, "item7_id_": -1, "item7_item_num_": -1, "item8_sort_param_": -1, "item8_item_category_": -1, "item8_id_": -1, "item8_item_num_": -1, "item9_sort_param_": -1, "item9_item_category_": -1, "item9_id_": -1, "item9_item_num_": -1}, {"login_bonus_comeback_id_": 6, "login_bonus_comeback_days_": 2, "icon_asset_name_": "-1", "day_type_": 0, "demo_id_": 70002030, "item1_sort_param_": 9, "item1_item_category_": 9, "item1_id_": 118, "item1_item_num_": 10, "item2_sort_param_": 8, "item2_item_category_": 31, "item2_id_": 30, "item2_item_num_": 1, "item3_sort_param_": 7, "item3_item_category_": 17, "item3_id_": 0, "item3_item_num_": 30, "item4_sort_param_": 6, "item4_item_category_": 2, "item4_id_": 0, "item4_item_num_": 10000000, "item5_sort_param_": -1, "item5_item_category_": -1, "item5_id_": -1, "item5_item_num_": -1, "item6_sort_param_": -1, "item6_item_category_": -1, "item6_id_": -1, "item6_item_num_": -1, "item7_sort_param_": -1, "item7_item_category_": -1, "item7_id_": -1, "item7_item_num_": -1, "item8_sort_param_": -1, "item8_item_category_": -1, "item8_id_": -1, "item8_item_num_": -1, "item9_sort_param_": -1, "item9_item_category_": -1, "item9_id_": -1, "item9_item_num_": -1}, {"login_bonus_comeback_id_": 6, "login_bonus_comeback_days_": 3, "icon_asset_name_": "-1", "day_type_": 1, "demo_id_": 70002040, "item1_sort_param_": 9, "item1_item_category_": 1, "item1_id_": 0, "item1_item_num_": 300, "item2_sort_param_": 8, "item2_item_category_": 31, "item2_id_": 30, "item2_item_num_": 1, "item3_sort_param_": 7, "item3_item_category_": 17, "item3_id_": 0, "item3_item_num_": 30, "item4_sort_param_": 6, "item4_item_category_": 2, "item4_id_": 0, "item4_item_num_": 10000000, "item5_sort_param_": -1, "item5_item_category_": -1, "item5_id_": -1, "item5_item_num_": -1, "item6_sort_param_": -1, "item6_item_category_": -1, "item6_id_": -1, "item6_item_num_": -1, "item7_sort_param_": -1, "item7_item_category_": -1, "item7_id_": -1, "item7_item_num_": -1, "item8_sort_param_": -1, "item8_item_category_": -1, "item8_id_": -1, "item8_item_num_": -1, "item9_sort_param_": -1, "item9_item_category_": -1, "item9_id_": -1, "item9_item_num_": -1}, {"login_bonus_comeback_id_": 6, "login_bonus_comeback_days_": 4, "icon_asset_name_": "-1", "day_type_": 0, "demo_id_": 70002050, "item1_sort_param_": 9, "item1_item_category_": 6, "item1_id_": 10, "item1_item_num_": 1, "item2_sort_param_": 8, "item2_item_category_": 31, "item2_id_": 30, "item2_item_num_": 1, "item3_sort_param_": 7, "item3_item_category_": 17, "item3_id_": 0, "item3_item_num_": 30, "item4_sort_param_": 6, "item4_item_category_": 2, "item4_id_": 0, "item4_item_num_": 10000000, "item5_sort_param_": -1, "item5_item_category_": -1, "item5_id_": -1, "item5_item_num_": -1, "item6_sort_param_": -1, "item6_item_category_": -1, "item6_id_": -1, "item6_item_num_": -1, "item7_sort_param_": -1, "item7_item_category_": -1, "item7_id_": -1, "item7_item_num_": -1, "item8_sort_param_": -1, "item8_item_category_": -1, "item8_id_": -1, "item8_item_num_": -1, "item9_sort_param_": -1, "item9_item_category_": -1, "item9_id_": -1, "item9_item_num_": -1}, {"login_bonus_comeback_id_": 6, "login_bonus_comeback_days_": 5, "icon_asset_name_": "-1", "day_type_": 0, "demo_id_": 70002060, "item1_sort_param_": 9, "item1_item_category_": 9, "item1_id_": 118, "item1_item_num_": 10, "item2_sort_param_": 8, "item2_item_category_": 31, "item2_id_": 30, "item2_item_num_": 1, "item3_sort_param_": 7, "item3_item_category_": 17, "item3_id_": 0, "item3_item_num_": 30, "item4_sort_param_": 6, "item4_item_category_": 2, "item4_id_": 0, "item4_item_num_": 10000000, "item5_sort_param_": -1, "item5_item_category_": -1, "item5_id_": -1, "item5_item_num_": -1, "item6_sort_param_": -1, "item6_item_category_": -1, "item6_id_": -1, "item6_item_num_": -1, "item7_sort_param_": -1, "item7_item_category_": -1, "item7_id_": -1, "item7_item_num_": -1, "item8_sort_param_": -1, "item8_item_category_": -1, "item8_id_": -1, "item8_item_num_": -1, "item9_sort_param_": -1, "item9_item_category_": -1, "item9_id_": -1, "item9_item_num_": -1}, {"login_bonus_comeback_id_": 6, "login_bonus_comeback_days_": 6, "icon_asset_name_": "-1", "day_type_": 1, "demo_id_": 70002070, "item1_sort_param_": 9, "item1_item_category_": 1, "item1_id_": 0, "item1_item_num_": 500, "item2_sort_param_": 8, "item2_item_category_": 31, "item2_id_": 30, "item2_item_num_": 1, "item3_sort_param_": 7, "item3_item_category_": 17, "item3_id_": 0, "item3_item_num_": 30, "item4_sort_param_": 6, "item4_item_category_": 2, "item4_id_": 0, "item4_item_num_": 10000000, "item5_sort_param_": -1, "item5_item_category_": -1, "item5_id_": -1, "item5_item_num_": -1, "item6_sort_param_": -1, "item6_item_category_": -1, "item6_id_": -1, "item6_item_num_": -1, "item7_sort_param_": -1, "item7_item_category_": -1, "item7_id_": -1, "item7_item_num_": -1, "item8_sort_param_": -1, "item8_item_category_": -1, "item8_id_": -1, "item8_item_num_": -1, "item9_sort_param_": -1, "item9_item_category_": -1, "item9_id_": -1, "item9_item_num_": -1}, {"login_bonus_comeback_id_": 6, "login_bonus_comeback_days_": 7, "icon_asset_name_": "-1", "day_type_": 0, "demo_id_": 70002080, "item1_sort_param_": 9, "item1_item_category_": 9, "item1_id_": 118, "item1_item_num_": 10, "item2_sort_param_": 8, "item2_item_category_": 31, "item2_id_": 30, "item2_item_num_": 1, "item3_sort_param_": 7, "item3_item_category_": 17, "item3_id_": 0, "item3_item_num_": 30, "item4_sort_param_": 6, "item4_item_category_": 2, "item4_id_": 0, "item4_item_num_": 10000000, "item5_sort_param_": -1, "item5_item_category_": -1, "item5_id_": -1, "item5_item_num_": -1, "item6_sort_param_": -1, "item6_item_category_": -1, "item6_id_": -1, "item6_item_num_": -1, "item7_sort_param_": -1, "item7_item_category_": -1, "item7_id_": -1, "item7_item_num_": -1, "item8_sort_param_": -1, "item8_item_category_": -1, "item8_id_": -1, "item8_item_num_": -1, "item9_sort_param_": -1, "item9_item_category_": -1, "item9_id_": -1, "item9_item_num_": -1}, {"login_bonus_comeback_id_": 6, "login_bonus_comeback_days_": 8, "icon_asset_name_": "-1", "day_type_": 0, "demo_id_": 70002090, "item1_sort_param_": 9, "item1_item_category_": 31, "item1_id_": 100, "item1_item_num_": 1, "item2_sort_param_": 8, "item2_item_category_": 17, "item2_id_": 0, "item2_item_num_": 30, "item3_sort_param_": 7, "item3_item_category_": 2, "item3_id_": 0, "item3_item_num_": 10000000, "item4_sort_param_": -1, "item4_item_category_": -1, "item4_id_": -1, "item4_item_num_": -1, "item5_sort_param_": -1, "item5_item_category_": -1, "item5_id_": -1, "item5_item_num_": -1, "item6_sort_param_": -1, "item6_item_category_": -1, "item6_id_": -1, "item6_item_num_": -1, "item7_sort_param_": -1, "item7_item_category_": -1, "item7_id_": -1, "item7_item_num_": -1, "item8_sort_param_": -1, "item8_item_category_": -1, "item8_id_": -1, "item8_item_num_": -1, "item9_sort_param_": -1, "item9_item_category_": -1, "item9_id_": -1, "item9_item_num_": -1}, {"login_bonus_comeback_id_": 6, "login_bonus_comeback_days_": 9, "icon_asset_name_": "-1", "day_type_": 0, "demo_id_": 70002100, "item1_sort_param_": 9, "item1_item_category_": 9, "item1_id_": 118, "item1_item_num_": 10, "item2_sort_param_": 8, "item2_item_category_": 31, "item2_id_": 30, "item2_item_num_": 1, "item3_sort_param_": 7, "item3_item_category_": 17, "item3_id_": 0, "item3_item_num_": 30, "item4_sort_param_": 6, "item4_item_category_": 2, "item4_id_": 0, "item4_item_num_": 10000000, "item5_sort_param_": -1, "item5_item_category_": -1, "item5_id_": -1, "item5_item_num_": -1, "item6_sort_param_": -1, "item6_item_category_": -1, "item6_id_": -1, "item6_item_num_": -1, "item7_sort_param_": -1, "item7_item_category_": -1, "item7_id_": -1, "item7_item_num_": -1, "item8_sort_param_": -1, "item8_item_category_": -1, "item8_id_": -1, "item8_item_num_": -1, "item9_sort_param_": -1, "item9_item_category_": -1, "item9_id_": -1, "item9_item_num_": -1}, {"login_bonus_comeback_id_": 6, "login_bonus_comeback_days_": 10, "icon_asset_name_": "-1", "day_type_": 0, "demo_id_": 70002110, "item1_sort_param_": 9, "item1_item_category_": 19, "item1_id_": 3, "item1_item_num_": 30, "item2_sort_param_": 8, "item2_item_category_": 31, "item2_id_": 30, "item2_item_num_": 1, "item3_sort_param_": 7, "item3_item_category_": 17, "item3_id_": 0, "item3_item_num_": 30, "item4_sort_param_": 6, "item4_item_category_": 2, "item4_id_": 0, "item4_item_num_": 10000000, "item5_sort_param_": -1, "item5_item_category_": -1, "item5_id_": -1, "item5_item_num_": -1, "item6_sort_param_": -1, "item6_item_category_": -1, "item6_id_": -1, "item6_item_num_": -1, "item7_sort_param_": -1, "item7_item_category_": -1, "item7_id_": -1, "item7_item_num_": -1, "item8_sort_param_": -1, "item8_item_category_": -1, "item8_id_": -1, "item8_item_num_": -1, "item9_sort_param_": -1, "item9_item_category_": -1, "item9_id_": -1, "item9_item_num_": -1}, {"login_bonus_comeback_id_": 6, "login_bonus_comeback_days_": 11, "icon_asset_name_": "-1", "day_type_": 0, "demo_id_": 70002120, "item1_sort_param_": 9, "item1_item_category_": 6, "item1_id_": 10, "item1_item_num_": 1, "item2_sort_param_": 8, "item2_item_category_": 31, "item2_id_": 30, "item2_item_num_": 1, "item3_sort_param_": 7, "item3_item_category_": 17, "item3_id_": 0, "item3_item_num_": 30, "item4_sort_param_": 6, "item4_item_category_": 2, "item4_id_": 0, "item4_item_num_": 10000000, "item5_sort_param_": -1, "item5_item_category_": -1, "item5_id_": -1, "item5_item_num_": -1, "item6_sort_param_": -1, "item6_item_category_": -1, "item6_id_": -1, "item6_item_num_": -1, "item7_sort_param_": -1, "item7_item_category_": -1, "item7_id_": -1, "item7_item_num_": -1, "item8_sort_param_": -1, "item8_item_category_": -1, "item8_id_": -1, "item8_item_num_": -1, "item9_sort_param_": -1, "item9_item_category_": -1, "item9_id_": -1, "item9_item_num_": -1}, {"login_bonus_comeback_id_": 6, "login_bonus_comeback_days_": 12, "icon_asset_name_": "-1", "day_type_": 0, "demo_id_": 70002130, "item1_sort_param_": 9, "item1_item_category_": 9, "item1_id_": 118, "item1_item_num_": 10, "item2_sort_param_": 8, "item2_item_category_": 31, "item2_id_": 30, "item2_item_num_": 1, "item3_sort_param_": 7, "item3_item_category_": 17, "item3_id_": 0, "item3_item_num_": 30, "item4_sort_param_": 6, "item4_item_category_": 2, "item4_id_": 0, "item4_item_num_": 10000000, "item5_sort_param_": -1, "item5_item_category_": -1, "item5_id_": -1, "item5_item_num_": -1, "item6_sort_param_": -1, "item6_item_category_": -1, "item6_id_": -1, "item6_item_num_": -1, "item7_sort_param_": -1, "item7_item_category_": -1, "item7_id_": -1, "item7_item_num_": -1, "item8_sort_param_": -1, "item8_item_category_": -1, "item8_id_": -1, "item8_item_num_": -1, "item9_sort_param_": -1, "item9_item_category_": -1, "item9_id_": -1, "item9_item_num_": -1}, {"login_bonus_comeback_id_": 6, "login_bonus_comeback_days_": 13, "icon_asset_name_": "-1", "day_type_": 1, "demo_id_": 70002140, "item1_sort_param_": 9, "item1_item_category_": 1, "item1_id_": 0, "item1_item_num_": 1000, "item2_sort_param_": 8, "item2_item_category_": 31, "item2_id_": 30, "item2_item_num_": 1, "item3_sort_param_": 7, "item3_item_category_": 17, "item3_id_": 0, "item3_item_num_": 30, "item4_sort_param_": 6, "item4_item_category_": 2, "item4_id_": 0, "item4_item_num_": 10000000, "item5_sort_param_": -1, "item5_item_category_": -1, "item5_id_": -1, "item5_item_num_": -1, "item6_sort_param_": -1, "item6_item_category_": -1, "item6_id_": -1, "item6_item_num_": -1, "item7_sort_param_": -1, "item7_item_category_": -1, "item7_id_": -1, "item7_item_num_": -1, "item8_sort_param_": -1, "item8_item_category_": -1, "item8_id_": -1, "item8_item_num_": -1, "item9_sort_param_": -1, "item9_item_category_": -1, "item9_id_": -1, "item9_item_num_": -1}, {"login_bonus_comeback_id_": 7, "login_bonus_comeback_days_": 0, "icon_asset_name_": "-1", "day_type_": 0, "demo_id_": 70002010, "item1_sort_param_": 9, "item1_item_category_": 6, "item1_id_": 10, "item1_item_num_": 1, "item2_sort_param_": 8, "item2_item_category_": 9, "item2_id_": 118, "item2_item_num_": 10, "item3_sort_param_": 7, "item3_item_category_": 5, "item3_id_": 11, "item3_item_num_": 10, "item4_sort_param_": 6, "item4_item_category_": 5, "item4_id_": 10, "item4_item_num_": 50, "item5_sort_param_": 5, "item5_item_category_": 31, "item5_id_": 100, "item5_item_num_": 1, "item6_sort_param_": 4, "item6_item_category_": 17, "item6_id_": 0, "item6_item_num_": 50, "item7_sort_param_": 3, "item7_item_category_": 2, "item7_id_": 0, "item7_item_num_": 30000000, "item8_sort_param_": -1, "item8_item_category_": -1, "item8_id_": -1, "item8_item_num_": -1, "item9_sort_param_": -1, "item9_item_category_": -1, "item9_id_": -1, "item9_item_num_": -1}, {"login_bonus_comeback_id_": 7, "login_bonus_comeback_days_": 1, "icon_asset_name_": "-1", "day_type_": 1, "demo_id_": 70002020, "item1_sort_param_": 9, "item1_item_category_": 1, "item1_id_": 0, "item1_item_num_": 200, "item2_sort_param_": 8, "item2_item_category_": 31, "item2_id_": 30, "item2_item_num_": 1, "item3_sort_param_": 7, "item3_item_category_": 17, "item3_id_": 0, "item3_item_num_": 30, "item4_sort_param_": 6, "item4_item_category_": 2, "item4_id_": 0, "item4_item_num_": 10000000, "item5_sort_param_": -1, "item5_item_category_": -1, "item5_id_": -1, "item5_item_num_": -1, "item6_sort_param_": -1, "item6_item_category_": -1, "item6_id_": -1, "item6_item_num_": -1, "item7_sort_param_": -1, "item7_item_category_": -1, "item7_id_": -1, "item7_item_num_": -1, "item8_sort_param_": -1, "item8_item_category_": -1, "item8_id_": -1, "item8_item_num_": -1, "item9_sort_param_": -1, "item9_item_category_": -1, "item9_id_": -1, "item9_item_num_": -1}, {"login_bonus_comeback_id_": 7, "login_bonus_comeback_days_": 2, "icon_asset_name_": "-1", "day_type_": 0, "demo_id_": 70002030, "item1_sort_param_": 9, "item1_item_category_": 9, "item1_id_": 118, "item1_item_num_": 10, "item2_sort_param_": 8, "item2_item_category_": 31, "item2_id_": 30, "item2_item_num_": 1, "item3_sort_param_": 7, "item3_item_category_": 17, "item3_id_": 0, "item3_item_num_": 30, "item4_sort_param_": 6, "item4_item_category_": 2, "item4_id_": 0, "item4_item_num_": 10000000, "item5_sort_param_": -1, "item5_item_category_": -1, "item5_id_": -1, "item5_item_num_": -1, "item6_sort_param_": -1, "item6_item_category_": -1, "item6_id_": -1, "item6_item_num_": -1, "item7_sort_param_": -1, "item7_item_category_": -1, "item7_id_": -1, "item7_item_num_": -1, "item8_sort_param_": -1, "item8_item_category_": -1, "item8_id_": -1, "item8_item_num_": -1, "item9_sort_param_": -1, "item9_item_category_": -1, "item9_id_": -1, "item9_item_num_": -1}, {"login_bonus_comeback_id_": 7, "login_bonus_comeback_days_": 3, "icon_asset_name_": "-1", "day_type_": 1, "demo_id_": 70002040, "item1_sort_param_": 9, "item1_item_category_": 1, "item1_id_": 0, "item1_item_num_": 300, "item2_sort_param_": 8, "item2_item_category_": 31, "item2_id_": 30, "item2_item_num_": 1, "item3_sort_param_": 7, "item3_item_category_": 17, "item3_id_": 0, "item3_item_num_": 30, "item4_sort_param_": 6, "item4_item_category_": 2, "item4_id_": 0, "item4_item_num_": 10000000, "item5_sort_param_": -1, "item5_item_category_": -1, "item5_id_": -1, "item5_item_num_": -1, "item6_sort_param_": -1, "item6_item_category_": -1, "item6_id_": -1, "item6_item_num_": -1, "item7_sort_param_": -1, "item7_item_category_": -1, "item7_id_": -1, "item7_item_num_": -1, "item8_sort_param_": -1, "item8_item_category_": -1, "item8_id_": -1, "item8_item_num_": -1, "item9_sort_param_": -1, "item9_item_category_": -1, "item9_id_": -1, "item9_item_num_": -1}, {"login_bonus_comeback_id_": 7, "login_bonus_comeback_days_": 4, "icon_asset_name_": "-1", "day_type_": 0, "demo_id_": 70002050, "item1_sort_param_": 9, "item1_item_category_": 6, "item1_id_": 10, "item1_item_num_": 1, "item2_sort_param_": 8, "item2_item_category_": 31, "item2_id_": 30, "item2_item_num_": 1, "item3_sort_param_": 7, "item3_item_category_": 17, "item3_id_": 0, "item3_item_num_": 30, "item4_sort_param_": 6, "item4_item_category_": 2, "item4_id_": 0, "item4_item_num_": 10000000, "item5_sort_param_": -1, "item5_item_category_": -1, "item5_id_": -1, "item5_item_num_": -1, "item6_sort_param_": -1, "item6_item_category_": -1, "item6_id_": -1, "item6_item_num_": -1, "item7_sort_param_": -1, "item7_item_category_": -1, "item7_id_": -1, "item7_item_num_": -1, "item8_sort_param_": -1, "item8_item_category_": -1, "item8_id_": -1, "item8_item_num_": -1, "item9_sort_param_": -1, "item9_item_category_": -1, "item9_id_": -1, "item9_item_num_": -1}, {"login_bonus_comeback_id_": 7, "login_bonus_comeback_days_": 5, "icon_asset_name_": "-1", "day_type_": 0, "demo_id_": 70002060, "item1_sort_param_": 9, "item1_item_category_": 9, "item1_id_": 118, "item1_item_num_": 10, "item2_sort_param_": 8, "item2_item_category_": 31, "item2_id_": 30, "item2_item_num_": 1, "item3_sort_param_": 7, "item3_item_category_": 17, "item3_id_": 0, "item3_item_num_": 30, "item4_sort_param_": 6, "item4_item_category_": 2, "item4_id_": 0, "item4_item_num_": 10000000, "item5_sort_param_": -1, "item5_item_category_": -1, "item5_id_": -1, "item5_item_num_": -1, "item6_sort_param_": -1, "item6_item_category_": -1, "item6_id_": -1, "item6_item_num_": -1, "item7_sort_param_": -1, "item7_item_category_": -1, "item7_id_": -1, "item7_item_num_": -1, "item8_sort_param_": -1, "item8_item_category_": -1, "item8_id_": -1, "item8_item_num_": -1, "item9_sort_param_": -1, "item9_item_category_": -1, "item9_id_": -1, "item9_item_num_": -1}, {"login_bonus_comeback_id_": 7, "login_bonus_comeback_days_": 6, "icon_asset_name_": "-1", "day_type_": 1, "demo_id_": 70002070, "item1_sort_param_": 9, "item1_item_category_": 1, "item1_id_": 0, "item1_item_num_": 500, "item2_sort_param_": 8, "item2_item_category_": 31, "item2_id_": 30, "item2_item_num_": 1, "item3_sort_param_": 7, "item3_item_category_": 17, "item3_id_": 0, "item3_item_num_": 30, "item4_sort_param_": 6, "item4_item_category_": 2, "item4_id_": 0, "item4_item_num_": 10000000, "item5_sort_param_": -1, "item5_item_category_": -1, "item5_id_": -1, "item5_item_num_": -1, "item6_sort_param_": -1, "item6_item_category_": -1, "item6_id_": -1, "item6_item_num_": -1, "item7_sort_param_": -1, "item7_item_category_": -1, "item7_id_": -1, "item7_item_num_": -1, "item8_sort_param_": -1, "item8_item_category_": -1, "item8_id_": -1, "item8_item_num_": -1, "item9_sort_param_": -1, "item9_item_category_": -1, "item9_id_": -1, "item9_item_num_": -1}, {"login_bonus_comeback_id_": 7, "login_bonus_comeback_days_": 7, "icon_asset_name_": "-1", "day_type_": 0, "demo_id_": 70002080, "item1_sort_param_": 9, "item1_item_category_": 9, "item1_id_": 118, "item1_item_num_": 10, "item2_sort_param_": 8, "item2_item_category_": 31, "item2_id_": 30, "item2_item_num_": 1, "item3_sort_param_": 7, "item3_item_category_": 17, "item3_id_": 0, "item3_item_num_": 30, "item4_sort_param_": 6, "item4_item_category_": 2, "item4_id_": 0, "item4_item_num_": 10000000, "item5_sort_param_": -1, "item5_item_category_": -1, "item5_id_": -1, "item5_item_num_": -1, "item6_sort_param_": -1, "item6_item_category_": -1, "item6_id_": -1, "item6_item_num_": -1, "item7_sort_param_": -1, "item7_item_category_": -1, "item7_id_": -1, "item7_item_num_": -1, "item8_sort_param_": -1, "item8_item_category_": -1, "item8_id_": -1, "item8_item_num_": -1, "item9_sort_param_": -1, "item9_item_category_": -1, "item9_id_": -1, "item9_item_num_": -1}, {"login_bonus_comeback_id_": 7, "login_bonus_comeback_days_": 8, "icon_asset_name_": "-1", "day_type_": 0, "demo_id_": 70002090, "item1_sort_param_": 9, "item1_item_category_": 31, "item1_id_": 100, "item1_item_num_": 1, "item2_sort_param_": 8, "item2_item_category_": 17, "item2_id_": 0, "item2_item_num_": 30, "item3_sort_param_": 7, "item3_item_category_": 2, "item3_id_": 0, "item3_item_num_": 10000000, "item4_sort_param_": -1, "item4_item_category_": -1, "item4_id_": -1, "item4_item_num_": -1, "item5_sort_param_": -1, "item5_item_category_": -1, "item5_id_": -1, "item5_item_num_": -1, "item6_sort_param_": -1, "item6_item_category_": -1, "item6_id_": -1, "item6_item_num_": -1, "item7_sort_param_": -1, "item7_item_category_": -1, "item7_id_": -1, "item7_item_num_": -1, "item8_sort_param_": -1, "item8_item_category_": -1, "item8_id_": -1, "item8_item_num_": -1, "item9_sort_param_": -1, "item9_item_category_": -1, "item9_id_": -1, "item9_item_num_": -1}, {"login_bonus_comeback_id_": 7, "login_bonus_comeback_days_": 9, "icon_asset_name_": "-1", "day_type_": 0, "demo_id_": 70002100, "item1_sort_param_": 9, "item1_item_category_": 9, "item1_id_": 118, "item1_item_num_": 10, "item2_sort_param_": 8, "item2_item_category_": 31, "item2_id_": 30, "item2_item_num_": 1, "item3_sort_param_": 7, "item3_item_category_": 17, "item3_id_": 0, "item3_item_num_": 30, "item4_sort_param_": 6, "item4_item_category_": 2, "item4_id_": 0, "item4_item_num_": 10000000, "item5_sort_param_": -1, "item5_item_category_": -1, "item5_id_": -1, "item5_item_num_": -1, "item6_sort_param_": -1, "item6_item_category_": -1, "item6_id_": -1, "item6_item_num_": -1, "item7_sort_param_": -1, "item7_item_category_": -1, "item7_id_": -1, "item7_item_num_": -1, "item8_sort_param_": -1, "item8_item_category_": -1, "item8_id_": -1, "item8_item_num_": -1, "item9_sort_param_": -1, "item9_item_category_": -1, "item9_id_": -1, "item9_item_num_": -1}, {"login_bonus_comeback_id_": 7, "login_bonus_comeback_days_": 10, "icon_asset_name_": "-1", "day_type_": 0, "demo_id_": 70002110, "item1_sort_param_": 9, "item1_item_category_": 19, "item1_id_": 3, "item1_item_num_": 30, "item2_sort_param_": 8, "item2_item_category_": 31, "item2_id_": 30, "item2_item_num_": 1, "item3_sort_param_": 7, "item3_item_category_": 17, "item3_id_": 0, "item3_item_num_": 30, "item4_sort_param_": 6, "item4_item_category_": 2, "item4_id_": 0, "item4_item_num_": 10000000, "item5_sort_param_": -1, "item5_item_category_": -1, "item5_id_": -1, "item5_item_num_": -1, "item6_sort_param_": -1, "item6_item_category_": -1, "item6_id_": -1, "item6_item_num_": -1, "item7_sort_param_": -1, "item7_item_category_": -1, "item7_id_": -1, "item7_item_num_": -1, "item8_sort_param_": -1, "item8_item_category_": -1, "item8_id_": -1, "item8_item_num_": -1, "item9_sort_param_": -1, "item9_item_category_": -1, "item9_id_": -1, "item9_item_num_": -1}, {"login_bonus_comeback_id_": 7, "login_bonus_comeback_days_": 11, "icon_asset_name_": "-1", "day_type_": 0, "demo_id_": 70002120, "item1_sort_param_": 9, "item1_item_category_": 6, "item1_id_": 10, "item1_item_num_": 1, "item2_sort_param_": 8, "item2_item_category_": 31, "item2_id_": 30, "item2_item_num_": 1, "item3_sort_param_": 7, "item3_item_category_": 17, "item3_id_": 0, "item3_item_num_": 30, "item4_sort_param_": 6, "item4_item_category_": 2, "item4_id_": 0, "item4_item_num_": 10000000, "item5_sort_param_": -1, "item5_item_category_": -1, "item5_id_": -1, "item5_item_num_": -1, "item6_sort_param_": -1, "item6_item_category_": -1, "item6_id_": -1, "item6_item_num_": -1, "item7_sort_param_": -1, "item7_item_category_": -1, "item7_id_": -1, "item7_item_num_": -1, "item8_sort_param_": -1, "item8_item_category_": -1, "item8_id_": -1, "item8_item_num_": -1, "item9_sort_param_": -1, "item9_item_category_": -1, "item9_id_": -1, "item9_item_num_": -1}, {"login_bonus_comeback_id_": 7, "login_bonus_comeback_days_": 12, "icon_asset_name_": "-1", "day_type_": 0, "demo_id_": 70002130, "item1_sort_param_": 9, "item1_item_category_": 9, "item1_id_": 118, "item1_item_num_": 10, "item2_sort_param_": 8, "item2_item_category_": 31, "item2_id_": 30, "item2_item_num_": 1, "item3_sort_param_": 7, "item3_item_category_": 17, "item3_id_": 0, "item3_item_num_": 30, "item4_sort_param_": 6, "item4_item_category_": 2, "item4_id_": 0, "item4_item_num_": 10000000, "item5_sort_param_": -1, "item5_item_category_": -1, "item5_id_": -1, "item5_item_num_": -1, "item6_sort_param_": -1, "item6_item_category_": -1, "item6_id_": -1, "item6_item_num_": -1, "item7_sort_param_": -1, "item7_item_category_": -1, "item7_id_": -1, "item7_item_num_": -1, "item8_sort_param_": -1, "item8_item_category_": -1, "item8_id_": -1, "item8_item_num_": -1, "item9_sort_param_": -1, "item9_item_category_": -1, "item9_id_": -1, "item9_item_num_": -1}, {"login_bonus_comeback_id_": 7, "login_bonus_comeback_days_": 13, "icon_asset_name_": "-1", "day_type_": 1, "demo_id_": 70002140, "item1_sort_param_": 9, "item1_item_category_": 1, "item1_id_": 0, "item1_item_num_": 1000, "item2_sort_param_": 8, "item2_item_category_": 31, "item2_id_": 30, "item2_item_num_": 1, "item3_sort_param_": 7, "item3_item_category_": 17, "item3_id_": 0, "item3_item_num_": 30, "item4_sort_param_": 6, "item4_item_category_": 2, "item4_id_": 0, "item4_item_num_": 10000000, "item5_sort_param_": -1, "item5_item_category_": -1, "item5_id_": -1, "item5_item_num_": -1, "item6_sort_param_": -1, "item6_item_category_": -1, "item6_id_": -1, "item6_item_num_": -1, "item7_sort_param_": -1, "item7_item_category_": -1, "item7_id_": -1, "item7_item_num_": -1, "item8_sort_param_": -1, "item8_item_category_": -1, "item8_id_": -1, "item8_item_num_": -1, "item9_sort_param_": -1, "item9_item_category_": -1, "item9_id_": -1, "item9_item_num_": -1}]