[{"login_bonus_comeback_id_": 0, "asset_name_": "login_comeback", "blank_date_count_": 14, "begin_date_": "2018/6/21  15:00:00", "end_date_": "2019/3/6  15:00:00", "reset_flag_": 1}, {"login_bonus_comeback_id_": 1, "asset_name_": "login_comeback_190306", "blank_date_count_": 14, "begin_date_": "2019/3/6  15:00:00", "end_date_": "2019/8/21  15:00:00", "reset_flag_": 1}, {"login_bonus_comeback_id_": 2, "asset_name_": "login_comeback_190306", "blank_date_count_": 14, "begin_date_": "2019/8/21  15:00:00", "end_date_": "2019/11/20  15:00:00", "reset_flag_": 1}, {"login_bonus_comeback_id_": 3, "asset_name_": "login_comeback_190306", "blank_date_count_": 14, "begin_date_": "2019/11/20  15:00:00", "end_date_": "2020/5/27  15:00:00", "reset_flag_": 1}, {"login_bonus_comeback_id_": 4, "asset_name_": "login_comeback_190306", "blank_date_count_": 14, "begin_date_": "2020/5/27  15:00:00", "end_date_": "2020/7/15  15:00:00", "reset_flag_": 1}, {"login_bonus_comeback_id_": 5, "asset_name_": "login_comeback_200715", "blank_date_count_": 14, "begin_date_": "2020/7/15  15:00:00", "end_date_": "2021/11/18  15:00:00", "reset_flag_": 1}, {"login_bonus_comeback_id_": 6, "asset_name_": "login_comeback_200715", "blank_date_count_": 14, "begin_date_": "2021/11/18  15:00:00", "end_date_": "2022/5/28  15:00:00", "reset_flag_": 1}, {"login_bonus_comeback_id_": 7, "asset_name_": "login_comeback_200715", "blank_date_count_": 14, "begin_date_": "2022/5/28  15:00:00", "end_date_": "2030/12/31  15:00:00", "reset_flag_": 0}]