[{"login_bonus_first_id_": 0, "asset_name_": "login_first_1", "start_date_": "2017/10/1  0:00:00", "end_date_": "2019/1/31  15:00:00"}, {"login_bonus_first_id_": 1, "asset_name_": "login_first_1", "start_date_": "2019/1/31  15:00:00", "end_date_": "2019/5/9  15:00:00"}, {"login_bonus_first_id_": 2, "asset_name_": "login_first_1", "start_date_": "2019/5/9  15:00:00", "end_date_": "2019/8/21  15:00:00"}, {"login_bonus_first_id_": 3, "asset_name_": "login_first_1", "start_date_": "2019/8/21  15:00:00", "end_date_": "2020/8/19  15:00:00"}, {"login_bonus_first_id_": 4, "asset_name_": "login_first_202008_1", "start_date_": "2020/8/19  15:00:00", "end_date_": "2021/2/10  15:00:00"}, {"login_bonus_first_id_": 5, "asset_name_": "login_first_202008_1", "start_date_": "2021/2/10  15:00:00", "end_date_": "2021/5/30  15:00:00"}, {"login_bonus_first_id_": 6, "asset_name_": "login_first_210530_1", "start_date_": "2021/5/30  15:00:00", "end_date_": "2021/11/18  15:00:00"}, {"login_bonus_first_id_": 7, "asset_name_": "login_first_210530_1", "start_date_": "2021/11/18  15:00:00", "end_date_": "2022/9/21  15:00:00"}, {"login_bonus_first_id_": 8, "asset_name_": "login_first_210530_1", "start_date_": "2022/9/21  15:00:00", "end_date_": "2030/1/1  15:00:00"}]