[{"login_bonus_event_id_": 0, "loop_count_": 0}, {"login_bonus_event_id_": 1, "loop_count_": 0}, {"login_bonus_event_id_": 2, "loop_count_": 0}, {"login_bonus_event_id_": 3, "loop_count_": 0}, {"login_bonus_event_id_": 4, "loop_count_": 0}, {"login_bonus_event_id_": 5, "loop_count_": 0}, {"login_bonus_event_id_": 6, "loop_count_": 0}, {"login_bonus_event_id_": 7, "loop_count_": 0}, {"login_bonus_event_id_": 8, "loop_count_": 0}, {"login_bonus_event_id_": 9, "loop_count_": 0}, {"login_bonus_event_id_": 10, "loop_count_": 0}, {"login_bonus_event_id_": 11, "loop_count_": 0}, {"login_bonus_event_id_": 12, "loop_count_": 0}, {"login_bonus_event_id_": 13, "loop_count_": 0}, {"login_bonus_event_id_": 14, "loop_count_": 0}, {"login_bonus_event_id_": 15, "loop_count_": 0}, {"login_bonus_event_id_": 16, "loop_count_": 0}, {"login_bonus_event_id_": 17, "loop_count_": 0}, {"login_bonus_event_id_": 18, "loop_count_": 0}, {"login_bonus_event_id_": 19, "loop_count_": 0}, {"login_bonus_event_id_": 20, "loop_count_": 0}, {"login_bonus_event_id_": 21, "loop_count_": 0}, {"login_bonus_event_id_": 22, "loop_count_": 0}, {"login_bonus_event_id_": 23, "loop_count_": 0}, {"login_bonus_event_id_": 24, "loop_count_": 0}, {"login_bonus_event_id_": 25, "loop_count_": 0}, {"login_bonus_event_id_": 26, "loop_count_": 0}, {"login_bonus_event_id_": 27, "loop_count_": 0}, {"login_bonus_event_id_": 28, "loop_count_": 0}, {"login_bonus_event_id_": 29, "loop_count_": 0}, {"login_bonus_event_id_": 30, "loop_count_": 0}, {"login_bonus_event_id_": 31, "loop_count_": 0}, {"login_bonus_event_id_": 32, "loop_count_": 0}, {"login_bonus_event_id_": 33, "loop_count_": 0}, {"login_bonus_event_id_": 34, "loop_count_": 0}, {"login_bonus_event_id_": 35, "loop_count_": 0}, {"login_bonus_event_id_": 36, "loop_count_": 0}, {"login_bonus_event_id_": 37, "loop_count_": 0}, {"login_bonus_event_id_": 38, "loop_count_": 0}, {"login_bonus_event_id_": 39, "loop_count_": 0}, {"login_bonus_event_id_": 40, "loop_count_": 0}, {"login_bonus_event_id_": 41, "loop_count_": 0}, {"login_bonus_event_id_": 42, "loop_count_": 0}, {"login_bonus_event_id_": 43, "loop_count_": 0}, {"login_bonus_event_id_": 44, "loop_count_": 0}, {"login_bonus_event_id_": 45, "loop_count_": 0}, {"login_bonus_event_id_": 46, "loop_count_": 0}, {"login_bonus_event_id_": 47, "loop_count_": 0}, {"login_bonus_event_id_": 48, "loop_count_": 0}, {"login_bonus_event_id_": 49, "loop_count_": 0}, {"login_bonus_event_id_": 50, "loop_count_": 0}, {"login_bonus_event_id_": 51, "loop_count_": 0}, {"login_bonus_event_id_": 52, "loop_count_": 0}, {"login_bonus_event_id_": 53, "loop_count_": 0}, {"login_bonus_event_id_": 54, "loop_count_": 0}, {"login_bonus_event_id_": 55, "loop_count_": 0}, {"login_bonus_event_id_": 56, "loop_count_": 0}, {"login_bonus_event_id_": 57, "loop_count_": 0}, {"login_bonus_event_id_": 58, "loop_count_": 0}, {"login_bonus_event_id_": 59, "loop_count_": 0}, {"login_bonus_event_id_": 60, "loop_count_": 0}, {"login_bonus_event_id_": 61, "loop_count_": 0}, {"login_bonus_event_id_": 62, "loop_count_": 0}, {"login_bonus_event_id_": 63, "loop_count_": 0}, {"login_bonus_event_id_": 64, "loop_count_": 0}, {"login_bonus_event_id_": 65, "loop_count_": 0}, {"login_bonus_event_id_": 66, "loop_count_": 0}, {"login_bonus_event_id_": 67, "loop_count_": 0}, {"login_bonus_event_id_": 68, "loop_count_": 0}, {"login_bonus_event_id_": 69, "loop_count_": 0}, {"login_bonus_event_id_": 70, "loop_count_": 0}, {"login_bonus_event_id_": 71, "loop_count_": 0}, {"login_bonus_event_id_": 72, "loop_count_": 0}, {"login_bonus_event_id_": 73, "loop_count_": 0}, {"login_bonus_event_id_": 74, "loop_count_": 0}, {"login_bonus_event_id_": 75, "loop_count_": 0}, {"login_bonus_event_id_": 76, "loop_count_": 0}, {"login_bonus_event_id_": 77, "loop_count_": 0}, {"login_bonus_event_id_": 78, "loop_count_": 0}, {"login_bonus_event_id_": 79, "loop_count_": 0}, {"login_bonus_event_id_": 80, "loop_count_": 0}, {"login_bonus_event_id_": 81, "loop_count_": 0}, {"login_bonus_event_id_": 82, "loop_count_": 0}, {"login_bonus_event_id_": 83, "loop_count_": 0}, {"login_bonus_event_id_": 84, "loop_count_": 0}, {"login_bonus_event_id_": 85, "loop_count_": 0}, {"login_bonus_event_id_": 86, "loop_count_": 0}, {"login_bonus_event_id_": 87, "loop_count_": 0}, {"login_bonus_event_id_": 88, "loop_count_": 0}, {"login_bonus_event_id_": 89, "loop_count_": 0}, {"login_bonus_event_id_": 90, "loop_count_": 0}, {"login_bonus_event_id_": 91, "loop_count_": 0}, {"login_bonus_event_id_": 92, "loop_count_": 0}, {"login_bonus_event_id_": 93, "loop_count_": 0}, {"login_bonus_event_id_": 94, "loop_count_": 0}, {"login_bonus_event_id_": 95, "loop_count_": 0}, {"login_bonus_event_id_": 96, "loop_count_": 0}, {"login_bonus_event_id_": 97, "loop_count_": 0}, {"login_bonus_event_id_": 98, "loop_count_": 0}, {"login_bonus_event_id_": 99, "loop_count_": 0}, {"login_bonus_event_id_": 100, "loop_count_": 0}, {"login_bonus_event_id_": 101, "loop_count_": 0}, {"login_bonus_event_id_": 102, "loop_count_": 0}, {"login_bonus_event_id_": 103, "loop_count_": 0}, {"login_bonus_event_id_": 104, "loop_count_": 0}, {"login_bonus_event_id_": 105, "loop_count_": 0}, {"login_bonus_event_id_": 106, "loop_count_": 0}, {"login_bonus_event_id_": 107, "loop_count_": 0}, {"login_bonus_event_id_": 108, "loop_count_": 0}, {"login_bonus_event_id_": 109, "loop_count_": 0}, {"login_bonus_event_id_": 110, "loop_count_": 0}, {"login_bonus_event_id_": 111, "loop_count_": 0}, {"login_bonus_event_id_": 112, "loop_count_": 0}, {"login_bonus_event_id_": 113, "loop_count_": 0}, {"login_bonus_event_id_": 114, "loop_count_": 0}, {"login_bonus_event_id_": 115, "loop_count_": 0}, {"login_bonus_event_id_": 116, "loop_count_": 0}, {"login_bonus_event_id_": 117, "loop_count_": 0}, {"login_bonus_event_id_": 118, "loop_count_": 0}, {"login_bonus_event_id_": 119, "loop_count_": 0}, {"login_bonus_event_id_": 120, "loop_count_": 0}, {"login_bonus_event_id_": 121, "loop_count_": 0}, {"login_bonus_event_id_": 122, "loop_count_": 0}, {"login_bonus_event_id_": 123, "loop_count_": 0}, {"login_bonus_event_id_": 124, "loop_count_": 0}, {"login_bonus_event_id_": 125, "loop_count_": 0}, {"login_bonus_event_id_": 126, "loop_count_": 0}, {"login_bonus_event_id_": 127, "loop_count_": 0}, {"login_bonus_event_id_": 128, "loop_count_": 0}, {"login_bonus_event_id_": 129, "loop_count_": 0}, {"login_bonus_event_id_": 130, "loop_count_": 0}, {"login_bonus_event_id_": 131, "loop_count_": 0}, {"login_bonus_event_id_": 132, "loop_count_": 0}, {"login_bonus_event_id_": 133, "loop_count_": 0}, {"login_bonus_event_id_": 134, "loop_count_": 0}, {"login_bonus_event_id_": 135, "loop_count_": 0}, {"login_bonus_event_id_": 136, "loop_count_": 0}, {"login_bonus_event_id_": 137, "loop_count_": 0}, {"login_bonus_event_id_": 138, "loop_count_": 0}, {"login_bonus_event_id_": 139, "loop_count_": 0}, {"login_bonus_event_id_": 140, "loop_count_": 0}, {"login_bonus_event_id_": 141, "loop_count_": 0}, {"login_bonus_event_id_": 142, "loop_count_": 0}, {"login_bonus_event_id_": 143, "loop_count_": 0}, {"login_bonus_event_id_": 144, "loop_count_": 0}, {"login_bonus_event_id_": 145, "loop_count_": 0}, {"login_bonus_event_id_": 146, "loop_count_": 0}, {"login_bonus_event_id_": 147, "loop_count_": 0}, {"login_bonus_event_id_": 148, "loop_count_": 0}, {"login_bonus_event_id_": 149, "loop_count_": 0}, {"login_bonus_event_id_": 150, "loop_count_": 0}, {"login_bonus_event_id_": 151, "loop_count_": 0}, {"login_bonus_event_id_": 152, "loop_count_": 0}, {"login_bonus_event_id_": 153, "loop_count_": 0}, {"login_bonus_event_id_": 154, "loop_count_": 0}, {"login_bonus_event_id_": 155, "loop_count_": 0}, {"login_bonus_event_id_": 156, "loop_count_": 0}, {"login_bonus_event_id_": 157, "loop_count_": 0}, {"login_bonus_event_id_": 158, "loop_count_": 0}, {"login_bonus_event_id_": 159, "loop_count_": 0}, {"login_bonus_event_id_": 160, "loop_count_": 0}, {"login_bonus_event_id_": 161, "loop_count_": 0}, {"login_bonus_event_id_": 162, "loop_count_": 0}, {"login_bonus_event_id_": 163, "loop_count_": 0}, {"login_bonus_event_id_": 164, "loop_count_": 0}, {"login_bonus_event_id_": 165, "loop_count_": 0}, {"login_bonus_event_id_": 166, "loop_count_": 0}, {"login_bonus_event_id_": 167, "loop_count_": 0}, {"login_bonus_event_id_": 168, "loop_count_": 0}, {"login_bonus_event_id_": 169, "loop_count_": 0}, {"login_bonus_event_id_": 170, "loop_count_": 0}, {"login_bonus_event_id_": 171, "loop_count_": 0}, {"login_bonus_event_id_": 172, "loop_count_": 0}, {"login_bonus_event_id_": 173, "loop_count_": 0}, {"login_bonus_event_id_": 174, "loop_count_": 0}, {"login_bonus_event_id_": 176, "loop_count_": 0}, {"login_bonus_event_id_": 177, "loop_count_": 0}, {"login_bonus_event_id_": 175, "loop_count_": 0}, {"login_bonus_event_id_": 178, "loop_count_": 0}, {"login_bonus_event_id_": 179, "loop_count_": 0}, {"login_bonus_event_id_": 180, "loop_count_": 0}, {"login_bonus_event_id_": 181, "loop_count_": 0}, {"login_bonus_event_id_": 182, "loop_count_": 0}, {"login_bonus_event_id_": 183, "loop_count_": 0}, {"login_bonus_event_id_": 185, "loop_count_": 0}, {"login_bonus_event_id_": 186, "loop_count_": 0}, {"login_bonus_event_id_": 187, "loop_count_": 0}, {"login_bonus_event_id_": 188, "loop_count_": 0}, {"login_bonus_event_id_": 189, "loop_count_": 0}, {"login_bonus_event_id_": 190, "loop_count_": 0}, {"login_bonus_event_id_": 191, "loop_count_": 0}, {"login_bonus_event_id_": 192, "loop_count_": 0}, {"login_bonus_event_id_": 184, "loop_count_": 0}, {"login_bonus_event_id_": 1000, "loop_count_": 0}, {"login_bonus_event_id_": 1001, "loop_count_": 0}, {"login_bonus_event_id_": 1002, "loop_count_": 0}, {"login_bonus_event_id_": 1003, "loop_count_": 0}, {"login_bonus_event_id_": 1004, "loop_count_": 0}, {"login_bonus_event_id_": 1005, "loop_count_": 0}, {"login_bonus_event_id_": 1006, "loop_count_": 0}, {"login_bonus_event_id_": 1007, "loop_count_": 0}, {"login_bonus_event_id_": 1008, "loop_count_": 0}, {"login_bonus_event_id_": 1009, "loop_count_": 0}, {"login_bonus_event_id_": 1010, "loop_count_": 0}, {"login_bonus_event_id_": 1011, "loop_count_": 0}, {"login_bonus_event_id_": 1012, "loop_count_": 0}, {"login_bonus_event_id_": 1013, "loop_count_": 0}, {"login_bonus_event_id_": 1014, "loop_count_": 0}, {"login_bonus_event_id_": 1015, "loop_count_": 0}, {"login_bonus_event_id_": 1016, "loop_count_": 0}, {"login_bonus_event_id_": 1017, "loop_count_": 0}, {"login_bonus_event_id_": 1018, "loop_count_": 0}, {"login_bonus_event_id_": 1019, "loop_count_": 0}, {"login_bonus_event_id_": 1020, "loop_count_": 0}, {"login_bonus_event_id_": 1021, "loop_count_": 0}, {"login_bonus_event_id_": 1022, "loop_count_": 0}, {"login_bonus_event_id_": 1023, "loop_count_": 0}, {"login_bonus_event_id_": 1024, "loop_count_": 0}, {"login_bonus_event_id_": 1025, "loop_count_": 0}, {"login_bonus_event_id_": 1026, "loop_count_": 0}, {"login_bonus_event_id_": 1027, "loop_count_": 0}, {"login_bonus_event_id_": 1028, "loop_count_": 0}, {"login_bonus_event_id_": 1029, "loop_count_": 0}, {"login_bonus_event_id_": 1030, "loop_count_": 0}, {"login_bonus_event_id_": 1031, "loop_count_": 0}, {"login_bonus_event_id_": 1032, "loop_count_": 0}, {"login_bonus_event_id_": 1033, "loop_count_": 0}, {"login_bonus_event_id_": 1034, "loop_count_": 0}, {"login_bonus_event_id_": 1035, "loop_count_": 0}, {"login_bonus_event_id_": 1036, "loop_count_": 0}, {"login_bonus_event_id_": 1037, "loop_count_": 0}, {"login_bonus_event_id_": 1038, "loop_count_": 0}, {"login_bonus_event_id_": 1039, "loop_count_": 0}, {"login_bonus_event_id_": 1040, "loop_count_": 0}, {"login_bonus_event_id_": 1041, "loop_count_": 0}, {"login_bonus_event_id_": 1042, "loop_count_": 0}, {"login_bonus_event_id_": 1043, "loop_count_": 0}, {"login_bonus_event_id_": 1044, "loop_count_": 0}, {"login_bonus_event_id_": 1045, "loop_count_": 0}, {"login_bonus_event_id_": 1046, "loop_count_": 0}, {"login_bonus_event_id_": 1047, "loop_count_": 0}, {"login_bonus_event_id_": 1048, "loop_count_": 0}, {"login_bonus_event_id_": 1049, "loop_count_": 0}, {"login_bonus_event_id_": 1050, "loop_count_": 0}, {"login_bonus_event_id_": 1051, "loop_count_": 0}, {"login_bonus_event_id_": 1052, "loop_count_": 0}, {"login_bonus_event_id_": 1053, "loop_count_": 0}, {"login_bonus_event_id_": 1054, "loop_count_": 0}, {"login_bonus_event_id_": 1055, "loop_count_": 0}, {"login_bonus_event_id_": 1056, "loop_count_": 0}, {"login_bonus_event_id_": 1057, "loop_count_": 0}, {"login_bonus_event_id_": 1058, "loop_count_": 0}, {"login_bonus_event_id_": 1059, "loop_count_": 0}, {"login_bonus_event_id_": 1060, "loop_count_": 0}, {"login_bonus_event_id_": 1061, "loop_count_": 0}, {"login_bonus_event_id_": 1062, "loop_count_": 0}, {"login_bonus_event_id_": 1063, "loop_count_": 0}, {"login_bonus_event_id_": 1064, "loop_count_": 0}, {"login_bonus_event_id_": 1065, "loop_count_": 0}, {"login_bonus_event_id_": 1066, "loop_count_": 0}, {"login_bonus_event_id_": 1067, "loop_count_": 0}, {"login_bonus_event_id_": 1068, "loop_count_": 0}, {"login_bonus_event_id_": 1069, "loop_count_": 0}, {"login_bonus_event_id_": 1070, "loop_count_": 0}, {"login_bonus_event_id_": 1071, "loop_count_": 0}, {"login_bonus_event_id_": 1072, "loop_count_": 0}, {"login_bonus_event_id_": 1073, "loop_count_": 0}, {"login_bonus_event_id_": 1074, "loop_count_": 0}, {"login_bonus_event_id_": 1075, "loop_count_": 0}, {"login_bonus_event_id_": 1076, "loop_count_": 0}, {"login_bonus_event_id_": 1077, "loop_count_": 0}, {"login_bonus_event_id_": 1078, "loop_count_": 0}, {"login_bonus_event_id_": 1079, "loop_count_": 0}, {"login_bonus_event_id_": 1080, "loop_count_": 0}, {"login_bonus_event_id_": 1081, "loop_count_": 0}, {"login_bonus_event_id_": 1082, "loop_count_": 0}, {"login_bonus_event_id_": 1083, "loop_count_": 0}, {"login_bonus_event_id_": 1084, "loop_count_": 0}, {"login_bonus_event_id_": 1085, "loop_count_": 0}, {"login_bonus_event_id_": 1086, "loop_count_": 0}, {"login_bonus_event_id_": 1087, "loop_count_": 0}, {"login_bonus_event_id_": 1088, "loop_count_": 0}, {"login_bonus_event_id_": 1089, "loop_count_": 0}, {"login_bonus_event_id_": 1090, "loop_count_": 0}, {"login_bonus_event_id_": 1091, "loop_count_": 0}, {"login_bonus_event_id_": 1092, "loop_count_": 0}, {"login_bonus_event_id_": 1093, "loop_count_": 0}, {"login_bonus_event_id_": 1094, "loop_count_": 0}, {"login_bonus_event_id_": 1095, "loop_count_": 0}, {"login_bonus_event_id_": 1096, "loop_count_": 0}, {"login_bonus_event_id_": 1097, "loop_count_": 0}, {"login_bonus_event_id_": 1098, "loop_count_": 0}, {"login_bonus_event_id_": 1099, "loop_count_": 0}, {"login_bonus_event_id_": 1100, "loop_count_": 0}, {"login_bonus_event_id_": 1101, "loop_count_": 0}, {"login_bonus_event_id_": 1102, "loop_count_": 0}, {"login_bonus_event_id_": 1103, "loop_count_": 0}, {"login_bonus_event_id_": 1104, "loop_count_": 0}, {"login_bonus_event_id_": 1105, "loop_count_": 0}, {"login_bonus_event_id_": 1106, "loop_count_": 0}, {"login_bonus_event_id_": 1107, "loop_count_": 0}, {"login_bonus_event_id_": 1108, "loop_count_": 0}, {"login_bonus_event_id_": 1109, "loop_count_": 0}, {"login_bonus_event_id_": 1110, "loop_count_": 0}, {"login_bonus_event_id_": 1111, "loop_count_": 0}, {"login_bonus_event_id_": 1112, "loop_count_": 0}, {"login_bonus_event_id_": 1113, "loop_count_": 0}, {"login_bonus_event_id_": 1114, "loop_count_": 0}, {"login_bonus_event_id_": 1115, "loop_count_": 0}, {"login_bonus_event_id_": 1116, "loop_count_": 0}, {"login_bonus_event_id_": 1117, "loop_count_": 0}, {"login_bonus_event_id_": 1118, "loop_count_": 0}, {"login_bonus_event_id_": 1119, "loop_count_": 0}, {"login_bonus_event_id_": 1120, "loop_count_": 0}, {"login_bonus_event_id_": 1121, "loop_count_": 0}, {"login_bonus_event_id_": 1122, "loop_count_": 0}, {"login_bonus_event_id_": 1123, "loop_count_": 0}, {"login_bonus_event_id_": 1124, "loop_count_": 0}, {"login_bonus_event_id_": 1125, "loop_count_": 0}, {"login_bonus_event_id_": 1126, "loop_count_": 0}, {"login_bonus_event_id_": 1127, "loop_count_": 0}, {"login_bonus_event_id_": 1128, "loop_count_": 0}, {"login_bonus_event_id_": 1129, "loop_count_": 0}, {"login_bonus_event_id_": 1130, "loop_count_": 0}, {"login_bonus_event_id_": 1131, "loop_count_": 0}, {"login_bonus_event_id_": 1132, "loop_count_": 0}, {"login_bonus_event_id_": 1133, "loop_count_": 0}, {"login_bonus_event_id_": 1134, "loop_count_": 0}, {"login_bonus_event_id_": 1135, "loop_count_": 0}, {"login_bonus_event_id_": 1136, "loop_count_": 0}, {"login_bonus_event_id_": 1137, "loop_count_": 0}, {"login_bonus_event_id_": 1138, "loop_count_": 0}, {"login_bonus_event_id_": 1139, "loop_count_": 0}, {"login_bonus_event_id_": 1140, "loop_count_": 0}, {"login_bonus_event_id_": 1141, "loop_count_": 0}, {"login_bonus_event_id_": 1142, "loop_count_": 0}, {"login_bonus_event_id_": 1143, "loop_count_": 0}, {"login_bonus_event_id_": 1144, "loop_count_": 0}]