[{"login_bonus_first_id_": 0, "item_day_id_": 1, "day_type_": 0, "demo_id_": -1, "item1_sort_param_": 9, "item1_category_": 9, "item1_id_": 6, "item1_num_": 10, "item2_sort_param_": -1, "item2_category_": -1, "item2_id_": -1, "item2_num_": -1, "item3_sort_param_": -1, "item3_category_": -1, "item3_id_": -1, "item3_num_": -1, "item4_sort_param_": -1, "item4_category_": -1, "item4_id_": -1, "item4_num_": -1, "item5_sort_param_": -1, "item5_category_": -1, "item5_id_": -1, "item5_num_": -1, "item6_sort_param_": -1, "item6_category_": -1, "item6_id_": -1, "item6_num_": -1, "item7_sort_param_": -1, "item7_category_": -1, "item7_id_": -1, "item7_num_": -1, "item8_sort_param_": -1, "item8_category_": -1, "item8_id_": -1, "item8_num_": -1, "item9_sort_param_": -1, "item9_category_": -1, "item9_id_": -1, "item9_num_": -1}, {"login_bonus_first_id_": 0, "item_day_id_": 2, "day_type_": 1, "demo_id_": -1, "item1_sort_param_": 9, "item1_category_": 9, "item1_id_": 8, "item1_num_": 1, "item2_sort_param_": -1, "item2_category_": -1, "item2_id_": -1, "item2_num_": -1, "item3_sort_param_": -1, "item3_category_": -1, "item3_id_": -1, "item3_num_": -1, "item4_sort_param_": -1, "item4_category_": -1, "item4_id_": -1, "item4_num_": -1, "item5_sort_param_": -1, "item5_category_": -1, "item5_id_": -1, "item5_num_": -1, "item6_sort_param_": -1, "item6_category_": -1, "item6_id_": -1, "item6_num_": -1, "item7_sort_param_": -1, "item7_category_": -1, "item7_id_": -1, "item7_num_": -1, "item8_sort_param_": -1, "item8_category_": -1, "item8_id_": -1, "item8_num_": -1, "item9_sort_param_": -1, "item9_category_": -1, "item9_id_": -1, "item9_num_": -1}, {"login_bonus_first_id_": 0, "item_day_id_": 3, "day_type_": 0, "demo_id_": -1, "item1_sort_param_": 9, "item1_category_": 9, "item1_id_": 6, "item1_num_": 10, "item2_sort_param_": -1, "item2_category_": -1, "item2_id_": -1, "item2_num_": -1, "item3_sort_param_": -1, "item3_category_": -1, "item3_id_": -1, "item3_num_": -1, "item4_sort_param_": -1, "item4_category_": -1, "item4_id_": -1, "item4_num_": -1, "item5_sort_param_": -1, "item5_category_": -1, "item5_id_": -1, "item5_num_": -1, "item6_sort_param_": -1, "item6_category_": -1, "item6_id_": -1, "item6_num_": -1, "item7_sort_param_": -1, "item7_category_": -1, "item7_id_": -1, "item7_num_": -1, "item8_sort_param_": -1, "item8_category_": -1, "item8_id_": -1, "item8_num_": -1, "item9_sort_param_": -1, "item9_category_": -1, "item9_id_": -1, "item9_num_": -1}, {"login_bonus_first_id_": 0, "item_day_id_": 4, "day_type_": 0, "demo_id_": -1, "item1_sort_param_": 9, "item1_category_": 9, "item1_id_": 6, "item1_num_": 10, "item2_sort_param_": -1, "item2_category_": -1, "item2_id_": -1, "item2_num_": -1, "item3_sort_param_": -1, "item3_category_": -1, "item3_id_": -1, "item3_num_": -1, "item4_sort_param_": -1, "item4_category_": -1, "item4_id_": -1, "item4_num_": -1, "item5_sort_param_": -1, "item5_category_": -1, "item5_id_": -1, "item5_num_": -1, "item6_sort_param_": -1, "item6_category_": -1, "item6_id_": -1, "item6_num_": -1, "item7_sort_param_": -1, "item7_category_": -1, "item7_id_": -1, "item7_num_": -1, "item8_sort_param_": -1, "item8_category_": -1, "item8_id_": -1, "item8_num_": -1, "item9_sort_param_": -1, "item9_category_": -1, "item9_id_": -1, "item9_num_": -1}, {"login_bonus_first_id_": 0, "item_day_id_": 5, "day_type_": 1, "demo_id_": -1, "item1_sort_param_": 9, "item1_category_": 1, "item1_id_": 0, "item1_num_": 1500, "item2_sort_param_": -1, "item2_category_": -1, "item2_id_": -1, "item2_num_": -1, "item3_sort_param_": -1, "item3_category_": -1, "item3_id_": -1, "item3_num_": -1, "item4_sort_param_": -1, "item4_category_": -1, "item4_id_": -1, "item4_num_": -1, "item5_sort_param_": -1, "item5_category_": -1, "item5_id_": -1, "item5_num_": -1, "item6_sort_param_": -1, "item6_category_": -1, "item6_id_": -1, "item6_num_": -1, "item7_sort_param_": -1, "item7_category_": -1, "item7_id_": -1, "item7_num_": -1, "item8_sort_param_": -1, "item8_category_": -1, "item8_id_": -1, "item8_num_": -1, "item9_sort_param_": -1, "item9_category_": -1, "item9_id_": -1, "item9_num_": -1}, {"login_bonus_first_id_": 0, "item_day_id_": 6, "day_type_": 0, "demo_id_": -1, "item1_sort_param_": 9, "item1_category_": 9, "item1_id_": 6, "item1_num_": 10, "item2_sort_param_": -1, "item2_category_": -1, "item2_id_": -1, "item2_num_": -1, "item3_sort_param_": -1, "item3_category_": -1, "item3_id_": -1, "item3_num_": -1, "item4_sort_param_": -1, "item4_category_": -1, "item4_id_": -1, "item4_num_": -1, "item5_sort_param_": -1, "item5_category_": -1, "item5_id_": -1, "item5_num_": -1, "item6_sort_param_": -1, "item6_category_": -1, "item6_id_": -1, "item6_num_": -1, "item7_sort_param_": -1, "item7_category_": -1, "item7_id_": -1, "item7_num_": -1, "item8_sort_param_": -1, "item8_category_": -1, "item8_id_": -1, "item8_num_": -1, "item9_sort_param_": -1, "item9_category_": -1, "item9_id_": -1, "item9_num_": -1}, {"login_bonus_first_id_": 0, "item_day_id_": 7, "day_type_": 1, "demo_id_": -1, "item1_sort_param_": 9, "item1_category_": 9, "item1_id_": 8, "item1_num_": 2, "item2_sort_param_": -1, "item2_category_": -1, "item2_id_": -1, "item2_num_": -1, "item3_sort_param_": -1, "item3_category_": -1, "item3_id_": -1, "item3_num_": -1, "item4_sort_param_": -1, "item4_category_": -1, "item4_id_": -1, "item4_num_": -1, "item5_sort_param_": -1, "item5_category_": -1, "item5_id_": -1, "item5_num_": -1, "item6_sort_param_": -1, "item6_category_": -1, "item6_id_": -1, "item6_num_": -1, "item7_sort_param_": -1, "item7_category_": -1, "item7_id_": -1, "item7_num_": -1, "item8_sort_param_": -1, "item8_category_": -1, "item8_id_": -1, "item8_num_": -1, "item9_sort_param_": -1, "item9_category_": -1, "item9_id_": -1, "item9_num_": -1}, {"login_bonus_first_id_": 1, "item_day_id_": 1, "day_type_": 0, "demo_id_": -1, "item1_sort_param_": 9, "item1_category_": 1, "item1_id_": 0, "item1_num_": 1000, "item2_sort_param_": -1, "item2_category_": -1, "item2_id_": -1, "item2_num_": -1, "item3_sort_param_": -1, "item3_category_": -1, "item3_id_": -1, "item3_num_": -1, "item4_sort_param_": -1, "item4_category_": -1, "item4_id_": -1, "item4_num_": -1, "item5_sort_param_": -1, "item5_category_": -1, "item5_id_": -1, "item5_num_": -1, "item6_sort_param_": -1, "item6_category_": -1, "item6_id_": -1, "item6_num_": -1, "item7_sort_param_": -1, "item7_category_": -1, "item7_id_": -1, "item7_num_": -1, "item8_sort_param_": -1, "item8_category_": -1, "item8_id_": -1, "item8_num_": -1, "item9_sort_param_": -1, "item9_category_": -1, "item9_id_": -1, "item9_num_": -1}, {"login_bonus_first_id_": 1, "item_day_id_": 2, "day_type_": 1, "demo_id_": -1, "item1_sort_param_": 9, "item1_category_": 9, "item1_id_": 8, "item1_num_": 3, "item2_sort_param_": -1, "item2_category_": -1, "item2_id_": -1, "item2_num_": -1, "item3_sort_param_": -1, "item3_category_": -1, "item3_id_": -1, "item3_num_": -1, "item4_sort_param_": -1, "item4_category_": -1, "item4_id_": -1, "item4_num_": -1, "item5_sort_param_": -1, "item5_category_": -1, "item5_id_": -1, "item5_num_": -1, "item6_sort_param_": -1, "item6_category_": -1, "item6_id_": -1, "item6_num_": -1, "item7_sort_param_": -1, "item7_category_": -1, "item7_id_": -1, "item7_num_": -1, "item8_sort_param_": -1, "item8_category_": -1, "item8_id_": -1, "item8_num_": -1, "item9_sort_param_": -1, "item9_category_": -1, "item9_id_": -1, "item9_num_": -1}, {"login_bonus_first_id_": 1, "item_day_id_": 3, "day_type_": 0, "demo_id_": -1, "item1_sort_param_": 9, "item1_category_": 9, "item1_id_": 6, "item1_num_": 15, "item2_sort_param_": -1, "item2_category_": -1, "item2_id_": -1, "item2_num_": -1, "item3_sort_param_": -1, "item3_category_": -1, "item3_id_": -1, "item3_num_": -1, "item4_sort_param_": -1, "item4_category_": -1, "item4_id_": -1, "item4_num_": -1, "item5_sort_param_": -1, "item5_category_": -1, "item5_id_": -1, "item5_num_": -1, "item6_sort_param_": -1, "item6_category_": -1, "item6_id_": -1, "item6_num_": -1, "item7_sort_param_": -1, "item7_category_": -1, "item7_id_": -1, "item7_num_": -1, "item8_sort_param_": -1, "item8_category_": -1, "item8_id_": -1, "item8_num_": -1, "item9_sort_param_": -1, "item9_category_": -1, "item9_id_": -1, "item9_num_": -1}, {"login_bonus_first_id_": 1, "item_day_id_": 4, "day_type_": 0, "demo_id_": -1, "item1_sort_param_": 9, "item1_category_": 9, "item1_id_": 6, "item1_num_": 15, "item2_sort_param_": -1, "item2_category_": -1, "item2_id_": -1, "item2_num_": -1, "item3_sort_param_": -1, "item3_category_": -1, "item3_id_": -1, "item3_num_": -1, "item4_sort_param_": -1, "item4_category_": -1, "item4_id_": -1, "item4_num_": -1, "item5_sort_param_": -1, "item5_category_": -1, "item5_id_": -1, "item5_num_": -1, "item6_sort_param_": -1, "item6_category_": -1, "item6_id_": -1, "item6_num_": -1, "item7_sort_param_": -1, "item7_category_": -1, "item7_id_": -1, "item7_num_": -1, "item8_sort_param_": -1, "item8_category_": -1, "item8_id_": -1, "item8_num_": -1, "item9_sort_param_": -1, "item9_category_": -1, "item9_id_": -1, "item9_num_": -1}, {"login_bonus_first_id_": 1, "item_day_id_": 5, "day_type_": 1, "demo_id_": -1, "item1_sort_param_": 9, "item1_category_": 1, "item1_id_": 0, "item1_num_": 1000, "item2_sort_param_": -1, "item2_category_": -1, "item2_id_": -1, "item2_num_": -1, "item3_sort_param_": -1, "item3_category_": -1, "item3_id_": -1, "item3_num_": -1, "item4_sort_param_": -1, "item4_category_": -1, "item4_id_": -1, "item4_num_": -1, "item5_sort_param_": -1, "item5_category_": -1, "item5_id_": -1, "item5_num_": -1, "item6_sort_param_": -1, "item6_category_": -1, "item6_id_": -1, "item6_num_": -1, "item7_sort_param_": -1, "item7_category_": -1, "item7_id_": -1, "item7_num_": -1, "item8_sort_param_": -1, "item8_category_": -1, "item8_id_": -1, "item8_num_": -1, "item9_sort_param_": -1, "item9_category_": -1, "item9_id_": -1, "item9_num_": -1}, {"login_bonus_first_id_": 1, "item_day_id_": 6, "day_type_": 0, "demo_id_": -1, "item1_sort_param_": 9, "item1_category_": 9, "item1_id_": 18, "item1_num_": 10, "item2_sort_param_": -1, "item2_category_": -1, "item2_id_": -1, "item2_num_": -1, "item3_sort_param_": -1, "item3_category_": -1, "item3_id_": -1, "item3_num_": -1, "item4_sort_param_": -1, "item4_category_": -1, "item4_id_": -1, "item4_num_": -1, "item5_sort_param_": -1, "item5_category_": -1, "item5_id_": -1, "item5_num_": -1, "item6_sort_param_": -1, "item6_category_": -1, "item6_id_": -1, "item6_num_": -1, "item7_sort_param_": -1, "item7_category_": -1, "item7_id_": -1, "item7_num_": -1, "item8_sort_param_": -1, "item8_category_": -1, "item8_id_": -1, "item8_num_": -1, "item9_sort_param_": -1, "item9_category_": -1, "item9_id_": -1, "item9_num_": -1}, {"login_bonus_first_id_": 1, "item_day_id_": 7, "day_type_": 1, "demo_id_": -1, "item1_sort_param_": 9, "item1_category_": 9, "item1_id_": 19, "item1_num_": 3, "item2_sort_param_": -1, "item2_category_": -1, "item2_id_": -1, "item2_num_": -1, "item3_sort_param_": -1, "item3_category_": -1, "item3_id_": -1, "item3_num_": -1, "item4_sort_param_": -1, "item4_category_": -1, "item4_id_": -1, "item4_num_": -1, "item5_sort_param_": -1, "item5_category_": -1, "item5_id_": -1, "item5_num_": -1, "item6_sort_param_": -1, "item6_category_": -1, "item6_id_": -1, "item6_num_": -1, "item7_sort_param_": -1, "item7_category_": -1, "item7_id_": -1, "item7_num_": -1, "item8_sort_param_": -1, "item8_category_": -1, "item8_id_": -1, "item8_num_": -1, "item9_sort_param_": -1, "item9_category_": -1, "item9_id_": -1, "item9_num_": -1}, {"login_bonus_first_id_": 2, "item_day_id_": 1, "day_type_": 1, "demo_id_": -1, "item1_sort_param_": 9, "item1_category_": 1, "item1_id_": 0, "item1_num_": 1000, "item2_sort_param_": 8, "item2_category_": 9, "item2_id_": 8, "item2_num_": 1, "item3_sort_param_": 7, "item3_category_": 2, "item3_id_": 0, "item3_num_": 500000, "item4_sort_param_": 6, "item4_category_": 5, "item4_id_": 10, "item4_num_": 3, "item5_sort_param_": -1, "item5_category_": -1, "item5_id_": -1, "item5_num_": -1, "item6_sort_param_": -1, "item6_category_": -1, "item6_id_": -1, "item6_num_": -1, "item7_sort_param_": -1, "item7_category_": -1, "item7_id_": -1, "item7_num_": -1, "item8_sort_param_": -1, "item8_category_": -1, "item8_id_": -1, "item8_num_": -1, "item9_sort_param_": -1, "item9_category_": -1, "item9_id_": -1, "item9_num_": -1}, {"login_bonus_first_id_": 2, "item_day_id_": 2, "day_type_": 1, "demo_id_": -1, "item1_sort_param_": 9, "item1_category_": 9, "item1_id_": 8, "item1_num_": 1, "item2_sort_param_": 8, "item2_category_": 9, "item2_id_": 6, "item2_num_": 10, "item3_sort_param_": 7, "item3_category_": 2, "item3_id_": 0, "item3_num_": 500000, "item4_sort_param_": 6, "item4_category_": 5, "item4_id_": 10, "item4_num_": 3, "item5_sort_param_": -1, "item5_category_": -1, "item5_id_": -1, "item5_num_": -1, "item6_sort_param_": -1, "item6_category_": -1, "item6_id_": -1, "item6_num_": -1, "item7_sort_param_": -1, "item7_category_": -1, "item7_id_": -1, "item7_num_": -1, "item8_sort_param_": -1, "item8_category_": -1, "item8_id_": -1, "item8_num_": -1, "item9_sort_param_": -1, "item9_category_": -1, "item9_id_": -1, "item9_num_": -1}, {"login_bonus_first_id_": 2, "item_day_id_": 3, "day_type_": 1, "demo_id_": -1, "item1_sort_param_": 9, "item1_category_": 9, "item1_id_": 8, "item1_num_": 1, "item2_sort_param_": 8, "item2_category_": 9, "item2_id_": 6, "item2_num_": 10, "item3_sort_param_": 7, "item3_category_": 2, "item3_id_": 0, "item3_num_": 500000, "item4_sort_param_": 6, "item4_category_": 5, "item4_id_": 10, "item4_num_": 3, "item5_sort_param_": -1, "item5_category_": -1, "item5_id_": -1, "item5_num_": -1, "item6_sort_param_": -1, "item6_category_": -1, "item6_id_": -1, "item6_num_": -1, "item7_sort_param_": -1, "item7_category_": -1, "item7_id_": -1, "item7_num_": -1, "item8_sort_param_": -1, "item8_category_": -1, "item8_id_": -1, "item8_num_": -1, "item9_sort_param_": -1, "item9_category_": -1, "item9_id_": -1, "item9_num_": -1}, {"login_bonus_first_id_": 2, "item_day_id_": 4, "day_type_": 1, "demo_id_": -1, "item1_sort_param_": 9, "item1_category_": 9, "item1_id_": 19, "item1_num_": 2, "item2_sort_param_": 8, "item2_category_": 9, "item2_id_": 18, "item2_num_": 10, "item3_sort_param_": 7, "item3_category_": 2, "item3_id_": 0, "item3_num_": 500000, "item4_sort_param_": 6, "item4_category_": 5, "item4_id_": 10, "item4_num_": 3, "item5_sort_param_": -1, "item5_category_": -1, "item5_id_": -1, "item5_num_": -1, "item6_sort_param_": -1, "item6_category_": -1, "item6_id_": -1, "item6_num_": -1, "item7_sort_param_": -1, "item7_category_": -1, "item7_id_": -1, "item7_num_": -1, "item8_sort_param_": -1, "item8_category_": -1, "item8_id_": -1, "item8_num_": -1, "item9_sort_param_": -1, "item9_category_": -1, "item9_id_": -1, "item9_num_": -1}, {"login_bonus_first_id_": 2, "item_day_id_": 5, "day_type_": 1, "demo_id_": -1, "item1_sort_param_": 9, "item1_category_": 9, "item1_id_": 8, "item1_num_": 1, "item2_sort_param_": 8, "item2_category_": 9, "item2_id_": 6, "item2_num_": 10, "item3_sort_param_": 7, "item3_category_": 2, "item3_id_": 0, "item3_num_": 500000, "item4_sort_param_": 6, "item4_category_": 5, "item4_id_": 10, "item4_num_": 3, "item5_sort_param_": -1, "item5_category_": -1, "item5_id_": -1, "item5_num_": -1, "item6_sort_param_": -1, "item6_category_": -1, "item6_id_": -1, "item6_num_": -1, "item7_sort_param_": -1, "item7_category_": -1, "item7_id_": -1, "item7_num_": -1, "item8_sort_param_": -1, "item8_category_": -1, "item8_id_": -1, "item8_num_": -1, "item9_sort_param_": -1, "item9_category_": -1, "item9_id_": -1, "item9_num_": -1}, {"login_bonus_first_id_": 2, "item_day_id_": 6, "day_type_": 1, "demo_id_": -1, "item1_sort_param_": 9, "item1_category_": 9, "item1_id_": 19, "item1_num_": 2, "item2_sort_param_": 8, "item2_category_": 9, "item2_id_": 18, "item2_num_": 10, "item3_sort_param_": 7, "item3_category_": 2, "item3_id_": 0, "item3_num_": 500000, "item4_sort_param_": 6, "item4_category_": 5, "item4_id_": 10, "item4_num_": 3, "item5_sort_param_": -1, "item5_category_": -1, "item5_id_": -1, "item5_num_": -1, "item6_sort_param_": -1, "item6_category_": -1, "item6_id_": -1, "item6_num_": -1, "item7_sort_param_": -1, "item7_category_": -1, "item7_id_": -1, "item7_num_": -1, "item8_sort_param_": -1, "item8_category_": -1, "item8_id_": -1, "item8_num_": -1, "item9_sort_param_": -1, "item9_category_": -1, "item9_id_": -1, "item9_num_": -1}, {"login_bonus_first_id_": 2, "item_day_id_": 7, "day_type_": 1, "demo_id_": -1, "item1_sort_param_": 9, "item1_category_": 1, "item1_id_": 0, "item1_num_": 1000, "item2_sort_param_": 8, "item2_category_": 9, "item2_id_": 19, "item2_num_": 2, "item3_sort_param_": 7, "item3_category_": 2, "item3_id_": 0, "item3_num_": 1000000, "item4_sort_param_": 6, "item4_category_": 5, "item4_id_": 10, "item4_num_": 3, "item5_sort_param_": -1, "item5_category_": -1, "item5_id_": -1, "item5_num_": -1, "item6_sort_param_": -1, "item6_category_": -1, "item6_id_": -1, "item6_num_": -1, "item7_sort_param_": -1, "item7_category_": -1, "item7_id_": -1, "item7_num_": -1, "item8_sort_param_": -1, "item8_category_": -1, "item8_id_": -1, "item8_num_": -1, "item9_sort_param_": -1, "item9_category_": -1, "item9_id_": -1, "item9_num_": -1}, {"login_bonus_first_id_": 3, "item_day_id_": 1, "day_type_": 1, "demo_id_": -1, "item1_sort_param_": 9, "item1_category_": 1, "item1_id_": 0, "item1_num_": 1000, "item2_sort_param_": 8, "item2_category_": 9, "item2_id_": 8, "item2_num_": 1, "item3_sort_param_": 7, "item3_category_": 5, "item3_id_": 11, "item3_num_": 1, "item4_sort_param_": 6, "item4_category_": 5, "item4_id_": 10, "item4_num_": 10, "item5_sort_param_": 5, "item5_category_": 2, "item5_id_": 0, "item5_num_": 1000000, "item6_sort_param_": -1, "item6_category_": -1, "item6_id_": -1, "item6_num_": -1, "item7_sort_param_": -1, "item7_category_": -1, "item7_id_": -1, "item7_num_": -1, "item8_sort_param_": -1, "item8_category_": -1, "item8_id_": -1, "item8_num_": -1, "item9_sort_param_": -1, "item9_category_": -1, "item9_id_": -1, "item9_num_": -1}, {"login_bonus_first_id_": 3, "item_day_id_": 2, "day_type_": 1, "demo_id_": -1, "item1_sort_param_": 9, "item1_category_": 9, "item1_id_": 8, "item1_num_": 2, "item2_sort_param_": 8, "item2_category_": 9, "item2_id_": 6, "item2_num_": 10, "item3_sort_param_": 7, "item3_category_": 5, "item3_id_": 11, "item3_num_": 1, "item4_sort_param_": 6, "item4_category_": 5, "item4_id_": 10, "item4_num_": 5, "item5_sort_param_": 5, "item5_category_": 2, "item5_id_": 0, "item5_num_": 1000000, "item6_sort_param_": -1, "item6_category_": -1, "item6_id_": -1, "item6_num_": -1, "item7_sort_param_": -1, "item7_category_": -1, "item7_id_": -1, "item7_num_": -1, "item8_sort_param_": -1, "item8_category_": -1, "item8_id_": -1, "item8_num_": -1, "item9_sort_param_": -1, "item9_category_": -1, "item9_id_": -1, "item9_num_": -1}, {"login_bonus_first_id_": 3, "item_day_id_": 3, "day_type_": 1, "demo_id_": -1, "item1_sort_param_": 9, "item1_category_": 9, "item1_id_": 8, "item1_num_": 2, "item2_sort_param_": 8, "item2_category_": 9, "item2_id_": 6, "item2_num_": 10, "item3_sort_param_": 7, "item3_category_": 5, "item3_id_": 10, "item3_num_": 5, "item4_sort_param_": 6, "item4_category_": 2, "item4_id_": 0, "item4_num_": 1000000, "item5_sort_param_": -1, "item5_category_": -1, "item5_id_": -1, "item5_num_": -1, "item6_sort_param_": -1, "item6_category_": -1, "item6_id_": -1, "item6_num_": -1, "item7_sort_param_": -1, "item7_category_": -1, "item7_id_": -1, "item7_num_": -1, "item8_sort_param_": -1, "item8_category_": -1, "item8_id_": -1, "item8_num_": -1, "item9_sort_param_": -1, "item9_category_": -1, "item9_id_": -1, "item9_num_": -1}, {"login_bonus_first_id_": 3, "item_day_id_": 4, "day_type_": 1, "demo_id_": -1, "item1_sort_param_": 9, "item1_category_": 9, "item1_id_": 19, "item1_num_": 3, "item2_sort_param_": 8, "item2_category_": 9, "item2_id_": 18, "item2_num_": 10, "item3_sort_param_": 7, "item3_category_": 5, "item3_id_": 11, "item3_num_": 1, "item4_sort_param_": 6, "item4_category_": 5, "item4_id_": 10, "item4_num_": 5, "item5_sort_param_": 5, "item5_category_": 2, "item5_id_": 0, "item5_num_": 1000000, "item6_sort_param_": -1, "item6_category_": -1, "item6_id_": -1, "item6_num_": -1, "item7_sort_param_": -1, "item7_category_": -1, "item7_id_": -1, "item7_num_": -1, "item8_sort_param_": -1, "item8_category_": -1, "item8_id_": -1, "item8_num_": -1, "item9_sort_param_": -1, "item9_category_": -1, "item9_id_": -1, "item9_num_": -1}, {"login_bonus_first_id_": 3, "item_day_id_": 5, "day_type_": 1, "demo_id_": -1, "item1_sort_param_": 9, "item1_category_": 9, "item1_id_": 8, "item1_num_": 2, "item2_sort_param_": 8, "item2_category_": 9, "item2_id_": 6, "item2_num_": 10, "item3_sort_param_": 7, "item3_category_": 5, "item3_id_": 10, "item3_num_": 5, "item4_sort_param_": 6, "item4_category_": 2, "item4_id_": 0, "item4_num_": 1000000, "item5_sort_param_": -1, "item5_category_": -1, "item5_id_": -1, "item5_num_": -1, "item6_sort_param_": -1, "item6_category_": -1, "item6_id_": -1, "item6_num_": -1, "item7_sort_param_": -1, "item7_category_": -1, "item7_id_": -1, "item7_num_": -1, "item8_sort_param_": -1, "item8_category_": -1, "item8_id_": -1, "item8_num_": -1, "item9_sort_param_": -1, "item9_category_": -1, "item9_id_": -1, "item9_num_": -1}, {"login_bonus_first_id_": 3, "item_day_id_": 6, "day_type_": 1, "demo_id_": -1, "item1_sort_param_": 9, "item1_category_": 9, "item1_id_": 19, "item1_num_": 5, "item2_sort_param_": 8, "item2_category_": 9, "item2_id_": 18, "item2_num_": 10, "item3_sort_param_": 7, "item3_category_": 5, "item3_id_": 10, "item3_num_": 5, "item4_sort_param_": 6, "item4_category_": 2, "item4_id_": 0, "item4_num_": 1000000, "item5_sort_param_": -1, "item5_category_": -1, "item5_id_": -1, "item5_num_": -1, "item6_sort_param_": -1, "item6_category_": -1, "item6_id_": -1, "item6_num_": -1, "item7_sort_param_": -1, "item7_category_": -1, "item7_id_": -1, "item7_num_": -1, "item8_sort_param_": -1, "item8_category_": -1, "item8_id_": -1, "item8_num_": -1, "item9_sort_param_": -1, "item9_category_": -1, "item9_id_": -1, "item9_num_": -1}, {"login_bonus_first_id_": 3, "item_day_id_": 7, "day_type_": 1, "demo_id_": -1, "item1_sort_param_": 9, "item1_category_": 1, "item1_id_": 0, "item1_num_": 1000, "item2_sort_param_": 8, "item2_category_": 9, "item2_id_": 19, "item2_num_": 3, "item3_sort_param_": 7, "item3_category_": 5, "item3_id_": 10, "item3_num_": 5, "item4_sort_param_": 6, "item4_category_": 2, "item4_id_": 0, "item4_num_": 3000000, "item5_sort_param_": -1, "item5_category_": -1, "item5_id_": -1, "item5_num_": -1, "item6_sort_param_": -1, "item6_category_": -1, "item6_id_": -1, "item6_num_": -1, "item7_sort_param_": -1, "item7_category_": -1, "item7_id_": -1, "item7_num_": -1, "item8_sort_param_": -1, "item8_category_": -1, "item8_id_": -1, "item8_num_": -1, "item9_sort_param_": -1, "item9_category_": -1, "item9_id_": -1, "item9_num_": -1}, {"login_bonus_first_id_": 4, "item_day_id_": 1, "day_type_": 1, "demo_id_": -1, "item1_sort_param_": 9, "item1_category_": 1, "item1_id_": 0, "item1_num_": 1000, "item2_sort_param_": 8, "item2_category_": 9, "item2_id_": 110, "item2_num_": 10, "item3_sort_param_": 7, "item3_category_": 5, "item3_id_": 11, "item3_num_": 1, "item4_sort_param_": 6, "item4_category_": 2, "item4_id_": 0, "item4_num_": 5000000, "item5_sort_param_": 5, "item5_category_": 5, "item5_id_": 10, "item5_num_": 30, "item6_sort_param_": -1, "item6_category_": -1, "item6_id_": -1, "item6_num_": -1, "item7_sort_param_": -1, "item7_category_": -1, "item7_id_": -1, "item7_num_": -1, "item8_sort_param_": -1, "item8_category_": -1, "item8_id_": -1, "item8_num_": -1, "item9_sort_param_": -1, "item9_category_": -1, "item9_id_": -1, "item9_num_": -1}, {"login_bonus_first_id_": 4, "item_day_id_": 2, "day_type_": 1, "demo_id_": -1, "item1_sort_param_": 9, "item1_category_": 9, "item1_id_": 110, "item1_num_": 10, "item2_sort_param_": 8, "item2_category_": 9, "item2_id_": 54, "item2_num_": 5, "item3_sort_param_": 7, "item3_category_": 5, "item3_id_": 11, "item3_num_": 1, "item4_sort_param_": 6, "item4_category_": 2, "item4_id_": 0, "item4_num_": 5000000, "item5_sort_param_": 5, "item5_category_": 5, "item5_id_": 10, "item5_num_": 30, "item6_sort_param_": -1, "item6_category_": -1, "item6_id_": -1, "item6_num_": -1, "item7_sort_param_": -1, "item7_category_": -1, "item7_id_": -1, "item7_num_": -1, "item8_sort_param_": -1, "item8_category_": -1, "item8_id_": -1, "item8_num_": -1, "item9_sort_param_": -1, "item9_category_": -1, "item9_id_": -1, "item9_num_": -1}, {"login_bonus_first_id_": 4, "item_day_id_": 3, "day_type_": 1, "demo_id_": -1, "item1_sort_param_": 9, "item1_category_": 9, "item1_id_": 110, "item1_num_": 10, "item2_sort_param_": 8, "item2_category_": 9, "item2_id_": 19, "item2_num_": 5, "item3_sort_param_": 7, "item3_category_": 5, "item3_id_": 11, "item3_num_": 1, "item4_sort_param_": 6, "item4_category_": 2, "item4_id_": 0, "item4_num_": 5000000, "item5_sort_param_": 5, "item5_category_": 5, "item5_id_": 10, "item5_num_": 30, "item6_sort_param_": -1, "item6_category_": -1, "item6_id_": -1, "item6_num_": -1, "item7_sort_param_": -1, "item7_category_": -1, "item7_id_": -1, "item7_num_": -1, "item8_sort_param_": -1, "item8_category_": -1, "item8_id_": -1, "item8_num_": -1, "item9_sort_param_": -1, "item9_category_": -1, "item9_id_": -1, "item9_num_": -1}, {"login_bonus_first_id_": 4, "item_day_id_": 4, "day_type_": 1, "demo_id_": -1, "item1_sort_param_": 9, "item1_category_": 9, "item1_id_": 110, "item1_num_": 10, "item2_sort_param_": 8, "item2_category_": 9, "item2_id_": 54, "item2_num_": 5, "item3_sort_param_": 7, "item3_category_": 5, "item3_id_": 11, "item3_num_": 1, "item4_sort_param_": 6, "item4_category_": 2, "item4_id_": 0, "item4_num_": 5000000, "item5_sort_param_": 5, "item5_category_": 5, "item5_id_": 10, "item5_num_": 30, "item6_sort_param_": -1, "item6_category_": -1, "item6_id_": -1, "item6_num_": -1, "item7_sort_param_": -1, "item7_category_": -1, "item7_id_": -1, "item7_num_": -1, "item8_sort_param_": -1, "item8_category_": -1, "item8_id_": -1, "item8_num_": -1, "item9_sort_param_": -1, "item9_category_": -1, "item9_id_": -1, "item9_num_": -1}, {"login_bonus_first_id_": 4, "item_day_id_": 5, "day_type_": 1, "demo_id_": -1, "item1_sort_param_": 9, "item1_category_": 9, "item1_id_": 110, "item1_num_": 10, "item2_sort_param_": 8, "item2_category_": 9, "item2_id_": 19, "item2_num_": 5, "item3_sort_param_": 7, "item3_category_": 5, "item3_id_": 11, "item3_num_": 1, "item4_sort_param_": 6, "item4_category_": 2, "item4_id_": 0, "item4_num_": 5000000, "item5_sort_param_": 5, "item5_category_": 5, "item5_id_": 10, "item5_num_": 30, "item6_sort_param_": -1, "item6_category_": -1, "item6_id_": -1, "item6_num_": -1, "item7_sort_param_": -1, "item7_category_": -1, "item7_id_": -1, "item7_num_": -1, "item8_sort_param_": -1, "item8_category_": -1, "item8_id_": -1, "item8_num_": -1, "item9_sort_param_": -1, "item9_category_": -1, "item9_id_": -1, "item9_num_": -1}, {"login_bonus_first_id_": 4, "item_day_id_": 6, "day_type_": 1, "demo_id_": -1, "item1_sort_param_": 9, "item1_category_": 9, "item1_id_": 110, "item1_num_": 10, "item2_sort_param_": 8, "item2_category_": 9, "item2_id_": 54, "item2_num_": 5, "item3_sort_param_": 7, "item3_category_": 5, "item3_id_": 11, "item3_num_": 1, "item4_sort_param_": 6, "item4_category_": 2, "item4_id_": 0, "item4_num_": 5000000, "item5_sort_param_": 5, "item5_category_": 5, "item5_id_": 10, "item5_num_": 30, "item6_sort_param_": -1, "item6_category_": -1, "item6_id_": -1, "item6_num_": -1, "item7_sort_param_": -1, "item7_category_": -1, "item7_id_": -1, "item7_num_": -1, "item8_sort_param_": -1, "item8_category_": -1, "item8_id_": -1, "item8_num_": -1, "item9_sort_param_": -1, "item9_category_": -1, "item9_id_": -1, "item9_num_": -1}, {"login_bonus_first_id_": 4, "item_day_id_": 7, "day_type_": 1, "demo_id_": -1, "item1_sort_param_": 9, "item1_category_": 1, "item1_id_": 0, "item1_num_": 1000, "item2_sort_param_": 8, "item2_category_": 9, "item2_id_": 110, "item2_num_": 15, "item3_sort_param_": 7, "item3_category_": 5, "item3_id_": 11, "item3_num_": 1, "item4_sort_param_": 6, "item4_category_": 2, "item4_id_": 0, "item4_num_": 5000000, "item5_sort_param_": 5, "item5_category_": 5, "item5_id_": 10, "item5_num_": 30, "item6_sort_param_": -1, "item6_category_": -1, "item6_id_": -1, "item6_num_": -1, "item7_sort_param_": -1, "item7_category_": -1, "item7_id_": -1, "item7_num_": -1, "item8_sort_param_": -1, "item8_category_": -1, "item8_id_": -1, "item8_num_": -1, "item9_sort_param_": -1, "item9_category_": -1, "item9_id_": -1, "item9_num_": -1}, {"login_bonus_first_id_": 5, "item_day_id_": 1, "day_type_": 1, "demo_id_": -1, "item1_sort_param_": 9, "item1_category_": 9, "item1_id_": 150, "item1_num_": 1, "item2_sort_param_": 8, "item2_category_": 9, "item2_id_": 110, "item2_num_": 10, "item3_sort_param_": 7, "item3_category_": 5, "item3_id_": 11, "item3_num_": 6, "item4_sort_param_": 6, "item4_category_": 5, "item4_id_": 10, "item4_num_": 30, "item5_sort_param_": 5, "item5_category_": 2, "item5_id_": 0, "item5_num_": 5000000, "item6_sort_param_": -1, "item6_category_": -1, "item6_id_": -1, "item6_num_": -1, "item7_sort_param_": -1, "item7_category_": -1, "item7_id_": -1, "item7_num_": -1, "item8_sort_param_": -1, "item8_category_": -1, "item8_id_": -1, "item8_num_": -1, "item9_sort_param_": -1, "item9_category_": -1, "item9_id_": -1, "item9_num_": -1}, {"login_bonus_first_id_": 5, "item_day_id_": 2, "day_type_": 1, "demo_id_": -1, "item1_sort_param_": 9, "item1_category_": 9, "item1_id_": 150, "item1_num_": 1, "item2_sort_param_": 8, "item2_category_": 9, "item2_id_": 110, "item2_num_": 10, "item3_sort_param_": 7, "item3_category_": 5, "item3_id_": 11, "item3_num_": 3, "item4_sort_param_": 6, "item4_category_": 5, "item4_id_": 10, "item4_num_": 30, "item5_sort_param_": 5, "item5_category_": 2, "item5_id_": 0, "item5_num_": 5000000, "item6_sort_param_": -1, "item6_category_": -1, "item6_id_": -1, "item6_num_": -1, "item7_sort_param_": -1, "item7_category_": -1, "item7_id_": -1, "item7_num_": -1, "item8_sort_param_": -1, "item8_category_": -1, "item8_id_": -1, "item8_num_": -1, "item9_sort_param_": -1, "item9_category_": -1, "item9_id_": -1, "item9_num_": -1}, {"login_bonus_first_id_": 5, "item_day_id_": 3, "day_type_": 1, "demo_id_": -1, "item1_sort_param_": 9, "item1_category_": 9, "item1_id_": 110, "item1_num_": 20, "item2_sort_param_": -1, "item2_category_": -1, "item2_id_": -1, "item2_num_": -1, "item3_sort_param_": 7, "item3_category_": 5, "item3_id_": 11, "item3_num_": 3, "item4_sort_param_": 6, "item4_category_": 5, "item4_id_": 10, "item4_num_": 30, "item5_sort_param_": 5, "item5_category_": 2, "item5_id_": 0, "item5_num_": 5000000, "item6_sort_param_": 4, "item6_category_": 31, "item6_id_": 100, "item6_num_": 1, "item7_sort_param_": -1, "item7_category_": -1, "item7_id_": -1, "item7_num_": -1, "item8_sort_param_": -1, "item8_category_": -1, "item8_id_": -1, "item8_num_": -1, "item9_sort_param_": -1, "item9_category_": -1, "item9_id_": -1, "item9_num_": -1}, {"login_bonus_first_id_": 5, "item_day_id_": 4, "day_type_": 1, "demo_id_": -1, "item1_sort_param_": 9, "item1_category_": 9, "item1_id_": 150, "item1_num_": 2, "item2_sort_param_": 8, "item2_category_": 9, "item2_id_": 110, "item2_num_": 10, "item3_sort_param_": 7, "item3_category_": 5, "item3_id_": 11, "item3_num_": 3, "item4_sort_param_": 6, "item4_category_": 5, "item4_id_": 10, "item4_num_": 30, "item5_sort_param_": 5, "item5_category_": 2, "item5_id_": 0, "item5_num_": 5000000, "item6_sort_param_": -1, "item6_category_": -1, "item6_id_": -1, "item6_num_": -1, "item7_sort_param_": -1, "item7_category_": -1, "item7_id_": -1, "item7_num_": -1, "item8_sort_param_": -1, "item8_category_": -1, "item8_id_": -1, "item8_num_": -1, "item9_sort_param_": -1, "item9_category_": -1, "item9_id_": -1, "item9_num_": -1}, {"login_bonus_first_id_": 5, "item_day_id_": 5, "day_type_": 1, "demo_id_": -1, "item1_sort_param_": 9, "item1_category_": 9, "item1_id_": 110, "item1_num_": 30, "item2_sort_param_": -1, "item2_category_": -1, "item2_id_": -1, "item2_num_": -1, "item3_sort_param_": 7, "item3_category_": 5, "item3_id_": 11, "item3_num_": 3, "item4_sort_param_": 6, "item4_category_": 5, "item4_id_": 10, "item4_num_": 30, "item5_sort_param_": 5, "item5_category_": 2, "item5_id_": 0, "item5_num_": 5000000, "item6_sort_param_": 4, "item6_category_": 31, "item6_id_": 100, "item6_num_": 1, "item7_sort_param_": -1, "item7_category_": -1, "item7_id_": -1, "item7_num_": -1, "item8_sort_param_": -1, "item8_category_": -1, "item8_id_": -1, "item8_num_": -1, "item9_sort_param_": -1, "item9_category_": -1, "item9_id_": -1, "item9_num_": -1}, {"login_bonus_first_id_": 5, "item_day_id_": 6, "day_type_": 1, "demo_id_": -1, "item1_sort_param_": 9, "item1_category_": 9, "item1_id_": 150, "item1_num_": 3, "item2_sort_param_": 8, "item2_category_": 9, "item2_id_": 110, "item2_num_": 10, "item3_sort_param_": 7, "item3_category_": 5, "item3_id_": 11, "item3_num_": 3, "item4_sort_param_": 6, "item4_category_": 5, "item4_id_": 10, "item4_num_": 30, "item5_sort_param_": 5, "item5_category_": 2, "item5_id_": 0, "item5_num_": 5000000, "item6_sort_param_": -1, "item6_category_": -1, "item6_id_": -1, "item6_num_": -1, "item7_sort_param_": -1, "item7_category_": -1, "item7_id_": -1, "item7_num_": -1, "item8_sort_param_": -1, "item8_category_": -1, "item8_id_": -1, "item8_num_": -1, "item9_sort_param_": -1, "item9_category_": -1, "item9_id_": -1, "item9_num_": -1}, {"login_bonus_first_id_": 5, "item_day_id_": 7, "day_type_": 1, "demo_id_": -1, "item1_sort_param_": 9, "item1_category_": 1, "item1_id_": 0, "item1_num_": 1000, "item2_sort_param_": 8, "item2_category_": 9, "item2_id_": 110, "item2_num_": 10, "item3_sort_param_": 7, "item3_category_": 5, "item3_id_": 11, "item3_num_": 3, "item4_sort_param_": 6, "item4_category_": 5, "item4_id_": 10, "item4_num_": 30, "item5_sort_param_": 5, "item5_category_": 2, "item5_id_": 0, "item5_num_": 5000000, "item6_sort_param_": -1, "item6_category_": -1, "item6_id_": -1, "item6_num_": -1, "item7_sort_param_": -1, "item7_category_": -1, "item7_id_": -1, "item7_num_": -1, "item8_sort_param_": -1, "item8_category_": -1, "item8_id_": -1, "item8_num_": -1, "item9_sort_param_": -1, "item9_category_": -1, "item9_id_": -1, "item9_num_": -1}, {"login_bonus_first_id_": 6, "item_day_id_": 1, "day_type_": 1, "demo_id_": -1, "item1_sort_param_": 9, "item1_category_": 9, "item1_id_": 150, "item1_num_": 1, "item2_sort_param_": 8, "item2_category_": 9, "item2_id_": 110, "item2_num_": 10, "item3_sort_param_": 7, "item3_category_": 5, "item3_id_": 11, "item3_num_": 6, "item4_sort_param_": 6, "item4_category_": 5, "item4_id_": 10, "item4_num_": 30, "item5_sort_param_": 5, "item5_category_": 2, "item5_id_": 0, "item5_num_": 5000000, "item6_sort_param_": -1, "item6_category_": -1, "item6_id_": -1, "item6_num_": -1, "item7_sort_param_": -1, "item7_category_": -1, "item7_id_": -1, "item7_num_": -1, "item8_sort_param_": -1, "item8_category_": -1, "item8_id_": -1, "item8_num_": -1, "item9_sort_param_": -1, "item9_category_": -1, "item9_id_": -1, "item9_num_": -1}, {"login_bonus_first_id_": 6, "item_day_id_": 2, "day_type_": 1, "demo_id_": -1, "item1_sort_param_": 9, "item1_category_": 9, "item1_id_": 150, "item1_num_": 1, "item2_sort_param_": 8, "item2_category_": 9, "item2_id_": 110, "item2_num_": 10, "item3_sort_param_": 7, "item3_category_": 5, "item3_id_": 11, "item3_num_": 3, "item4_sort_param_": 6, "item4_category_": 5, "item4_id_": 10, "item4_num_": 30, "item5_sort_param_": 5, "item5_category_": 2, "item5_id_": 0, "item5_num_": 5000000, "item6_sort_param_": -1, "item6_category_": -1, "item6_id_": -1, "item6_num_": -1, "item7_sort_param_": -1, "item7_category_": -1, "item7_id_": -1, "item7_num_": -1, "item8_sort_param_": -1, "item8_category_": -1, "item8_id_": -1, "item8_num_": -1, "item9_sort_param_": -1, "item9_category_": -1, "item9_id_": -1, "item9_num_": -1}, {"login_bonus_first_id_": 6, "item_day_id_": 3, "day_type_": 1, "demo_id_": -1, "item1_sort_param_": 9, "item1_category_": 9, "item1_id_": 110, "item1_num_": 10, "item2_sort_param_": 8, "item2_category_": 5, "item2_id_": 11, "item2_num_": 3, "item3_sort_param_": 7, "item3_category_": 5, "item3_id_": 10, "item3_num_": 30, "item4_sort_param_": 6, "item4_category_": 2, "item4_id_": 0, "item4_num_": 5000000, "item5_sort_param_": 5, "item5_category_": 31, "item5_id_": 100, "item5_num_": 1, "item6_sort_param_": -1, "item6_category_": -1, "item6_id_": -1, "item6_num_": -1, "item7_sort_param_": -1, "item7_category_": -1, "item7_id_": -1, "item7_num_": -1, "item8_sort_param_": -1, "item8_category_": -1, "item8_id_": -1, "item8_num_": -1, "item9_sort_param_": -1, "item9_category_": -1, "item9_id_": -1, "item9_num_": -1}, {"login_bonus_first_id_": 6, "item_day_id_": 4, "day_type_": 1, "demo_id_": -1, "item1_sort_param_": 9, "item1_category_": 9, "item1_id_": 150, "item1_num_": 1, "item2_sort_param_": 8, "item2_category_": 9, "item2_id_": 110, "item2_num_": 10, "item3_sort_param_": 7, "item3_category_": 5, "item3_id_": 11, "item3_num_": 3, "item4_sort_param_": 6, "item4_category_": 5, "item4_id_": 10, "item4_num_": 30, "item5_sort_param_": 5, "item5_category_": 2, "item5_id_": 0, "item5_num_": 5000000, "item6_sort_param_": -1, "item6_category_": -1, "item6_id_": -1, "item6_num_": -1, "item7_sort_param_": -1, "item7_category_": -1, "item7_id_": -1, "item7_num_": -1, "item8_sort_param_": -1, "item8_category_": -1, "item8_id_": -1, "item8_num_": -1, "item9_sort_param_": -1, "item9_category_": -1, "item9_id_": -1, "item9_num_": -1}, {"login_bonus_first_id_": 6, "item_day_id_": 5, "day_type_": 1, "demo_id_": -1, "item1_sort_param_": 9, "item1_category_": 9, "item1_id_": 110, "item1_num_": 10, "item2_sort_param_": 8, "item2_category_": 5, "item2_id_": 11, "item2_num_": 3, "item3_sort_param_": 7, "item3_category_": 5, "item3_id_": 10, "item3_num_": 30, "item4_sort_param_": 6, "item4_category_": 2, "item4_id_": 0, "item4_num_": 5000000, "item5_sort_param_": 5, "item5_category_": 31, "item5_id_": 100, "item5_num_": 1, "item6_sort_param_": -1, "item6_category_": -1, "item6_id_": -1, "item6_num_": -1, "item7_sort_param_": -1, "item7_category_": -1, "item7_id_": -1, "item7_num_": -1, "item8_sort_param_": -1, "item8_category_": -1, "item8_id_": -1, "item8_num_": -1, "item9_sort_param_": -1, "item9_category_": -1, "item9_id_": -1, "item9_num_": -1}, {"login_bonus_first_id_": 6, "item_day_id_": 6, "day_type_": 1, "demo_id_": -1, "item1_sort_param_": 9, "item1_category_": 9, "item1_id_": 150, "item1_num_": 1, "item2_sort_param_": 8, "item2_category_": 9, "item2_id_": 110, "item2_num_": 10, "item3_sort_param_": 7, "item3_category_": 5, "item3_id_": 11, "item3_num_": 3, "item4_sort_param_": 6, "item4_category_": 5, "item4_id_": 10, "item4_num_": 30, "item5_sort_param_": 5, "item5_category_": 2, "item5_id_": 0, "item5_num_": 5000000, "item6_sort_param_": -1, "item6_category_": -1, "item6_id_": -1, "item6_num_": -1, "item7_sort_param_": -1, "item7_category_": -1, "item7_id_": -1, "item7_num_": -1, "item8_sort_param_": -1, "item8_category_": -1, "item8_id_": -1, "item8_num_": -1, "item9_sort_param_": -1, "item9_category_": -1, "item9_id_": -1, "item9_num_": -1}, {"login_bonus_first_id_": 6, "item_day_id_": 7, "day_type_": 1, "demo_id_": -1, "item1_sort_param_": 9, "item1_category_": 1, "item1_id_": 0, "item1_num_": 500, "item2_sort_param_": 8, "item2_category_": 9, "item2_id_": 110, "item2_num_": 10, "item3_sort_param_": 7, "item3_category_": 5, "item3_id_": 11, "item3_num_": 3, "item4_sort_param_": 6, "item4_category_": 5, "item4_id_": 10, "item4_num_": 30, "item5_sort_param_": 5, "item5_category_": 2, "item5_id_": 0, "item5_num_": 5000000, "item6_sort_param_": -1, "item6_category_": -1, "item6_id_": -1, "item6_num_": -1, "item7_sort_param_": -1, "item7_category_": -1, "item7_id_": -1, "item7_num_": -1, "item8_sort_param_": -1, "item8_category_": -1, "item8_id_": -1, "item8_num_": -1, "item9_sort_param_": -1, "item9_category_": -1, "item9_id_": -1, "item9_num_": -1}, {"login_bonus_first_id_": 6, "item_day_id_": 8, "day_type_": 1, "demo_id_": -1, "item1_sort_param_": 9, "item1_category_": 9, "item1_id_": 150, "item1_num_": 1, "item2_sort_param_": 8, "item2_category_": 9, "item2_id_": 110, "item2_num_": 10, "item3_sort_param_": 7, "item3_category_": 5, "item3_id_": 11, "item3_num_": 6, "item4_sort_param_": 6, "item4_category_": 5, "item4_id_": 10, "item4_num_": 30, "item5_sort_param_": 5, "item5_category_": 2, "item5_id_": 0, "item5_num_": 5000000, "item6_sort_param_": -1, "item6_category_": -1, "item6_id_": -1, "item6_num_": -1, "item7_sort_param_": -1, "item7_category_": -1, "item7_id_": -1, "item7_num_": -1, "item8_sort_param_": -1, "item8_category_": -1, "item8_id_": -1, "item8_num_": -1, "item9_sort_param_": -1, "item9_category_": -1, "item9_id_": -1, "item9_num_": -1}, {"login_bonus_first_id_": 6, "item_day_id_": 9, "day_type_": 1, "demo_id_": -1, "item1_sort_param_": 9, "item1_category_": 9, "item1_id_": 150, "item1_num_": 1, "item2_sort_param_": 8, "item2_category_": 9, "item2_id_": 110, "item2_num_": 10, "item3_sort_param_": 7, "item3_category_": 5, "item3_id_": 11, "item3_num_": 3, "item4_sort_param_": 6, "item4_category_": 5, "item4_id_": 10, "item4_num_": 30, "item5_sort_param_": 5, "item5_category_": 2, "item5_id_": 0, "item5_num_": 5000000, "item6_sort_param_": -1, "item6_category_": -1, "item6_id_": -1, "item6_num_": -1, "item7_sort_param_": -1, "item7_category_": -1, "item7_id_": -1, "item7_num_": -1, "item8_sort_param_": -1, "item8_category_": -1, "item8_id_": -1, "item8_num_": -1, "item9_sort_param_": -1, "item9_category_": -1, "item9_id_": -1, "item9_num_": -1}, {"login_bonus_first_id_": 6, "item_day_id_": 10, "day_type_": 1, "demo_id_": -1, "item1_sort_param_": 9, "item1_category_": 9, "item1_id_": 110, "item1_num_": 10, "item2_sort_param_": 8, "item2_category_": 5, "item2_id_": 11, "item2_num_": 3, "item3_sort_param_": 7, "item3_category_": 5, "item3_id_": 10, "item3_num_": 30, "item4_sort_param_": 6, "item4_category_": 2, "item4_id_": 0, "item4_num_": 5000000, "item5_sort_param_": 5, "item5_category_": 31, "item5_id_": 100, "item5_num_": 1, "item6_sort_param_": -1, "item6_category_": -1, "item6_id_": -1, "item6_num_": -1, "item7_sort_param_": -1, "item7_category_": -1, "item7_id_": -1, "item7_num_": -1, "item8_sort_param_": -1, "item8_category_": -1, "item8_id_": -1, "item8_num_": -1, "item9_sort_param_": -1, "item9_category_": -1, "item9_id_": -1, "item9_num_": -1}, {"login_bonus_first_id_": 6, "item_day_id_": 11, "day_type_": 1, "demo_id_": -1, "item1_sort_param_": 9, "item1_category_": 9, "item1_id_": 150, "item1_num_": 1, "item2_sort_param_": 8, "item2_category_": 9, "item2_id_": 110, "item2_num_": 10, "item3_sort_param_": 7, "item3_category_": 5, "item3_id_": 11, "item3_num_": 3, "item4_sort_param_": 6, "item4_category_": 5, "item4_id_": 10, "item4_num_": 30, "item5_sort_param_": 5, "item5_category_": 2, "item5_id_": 0, "item5_num_": 5000000, "item6_sort_param_": -1, "item6_category_": -1, "item6_id_": -1, "item6_num_": -1, "item7_sort_param_": -1, "item7_category_": -1, "item7_id_": -1, "item7_num_": -1, "item8_sort_param_": -1, "item8_category_": -1, "item8_id_": -1, "item8_num_": -1, "item9_sort_param_": -1, "item9_category_": -1, "item9_id_": -1, "item9_num_": -1}, {"login_bonus_first_id_": 6, "item_day_id_": 12, "day_type_": 1, "demo_id_": -1, "item1_sort_param_": 9, "item1_category_": 9, "item1_id_": 110, "item1_num_": 10, "item2_sort_param_": 8, "item2_category_": 5, "item2_id_": 11, "item2_num_": 3, "item3_sort_param_": 7, "item3_category_": 5, "item3_id_": 10, "item3_num_": 30, "item4_sort_param_": 6, "item4_category_": 2, "item4_id_": 0, "item4_num_": 5000000, "item5_sort_param_": 5, "item5_category_": 31, "item5_id_": 100, "item5_num_": 1, "item6_sort_param_": -1, "item6_category_": -1, "item6_id_": -1, "item6_num_": -1, "item7_sort_param_": -1, "item7_category_": -1, "item7_id_": -1, "item7_num_": -1, "item8_sort_param_": -1, "item8_category_": -1, "item8_id_": -1, "item8_num_": -1, "item9_sort_param_": -1, "item9_category_": -1, "item9_id_": -1, "item9_num_": -1}, {"login_bonus_first_id_": 6, "item_day_id_": 13, "day_type_": 1, "demo_id_": -1, "item1_sort_param_": 9, "item1_category_": 9, "item1_id_": 150, "item1_num_": 1, "item2_sort_param_": 8, "item2_category_": 9, "item2_id_": 110, "item2_num_": 10, "item3_sort_param_": 7, "item3_category_": 5, "item3_id_": 11, "item3_num_": 3, "item4_sort_param_": 6, "item4_category_": 5, "item4_id_": 10, "item4_num_": 30, "item5_sort_param_": 5, "item5_category_": 2, "item5_id_": 0, "item5_num_": 5000000, "item6_sort_param_": -1, "item6_category_": -1, "item6_id_": -1, "item6_num_": -1, "item7_sort_param_": -1, "item7_category_": -1, "item7_id_": -1, "item7_num_": -1, "item8_sort_param_": -1, "item8_category_": -1, "item8_id_": -1, "item8_num_": -1, "item9_sort_param_": -1, "item9_category_": -1, "item9_id_": -1, "item9_num_": -1}, {"login_bonus_first_id_": 6, "item_day_id_": 14, "day_type_": 1, "demo_id_": -1, "item1_sort_param_": 9, "item1_category_": 1, "item1_id_": 0, "item1_num_": 500, "item2_sort_param_": 8, "item2_category_": 9, "item2_id_": 110, "item2_num_": 10, "item3_sort_param_": 7, "item3_category_": 5, "item3_id_": 11, "item3_num_": 3, "item4_sort_param_": 6, "item4_category_": 5, "item4_id_": 10, "item4_num_": 30, "item5_sort_param_": 5, "item5_category_": 2, "item5_id_": 0, "item5_num_": 5000000, "item6_sort_param_": -1, "item6_category_": -1, "item6_id_": -1, "item6_num_": -1, "item7_sort_param_": -1, "item7_category_": -1, "item7_id_": -1, "item7_num_": -1, "item8_sort_param_": -1, "item8_category_": -1, "item8_id_": -1, "item8_num_": -1, "item9_sort_param_": -1, "item9_category_": -1, "item9_id_": -1, "item9_num_": -1}, {"login_bonus_first_id_": 7, "item_day_id_": 1, "day_type_": 1, "demo_id_": 70001010, "item1_sort_param_": 9, "item1_category_": 9, "item1_id_": 150, "item1_num_": 1, "item2_sort_param_": 8, "item2_category_": 9, "item2_id_": 110, "item2_num_": 10, "item3_sort_param_": 7, "item3_category_": 5, "item3_id_": 11, "item3_num_": 6, "item4_sort_param_": 6, "item4_category_": 5, "item4_id_": 10, "item4_num_": 30, "item5_sort_param_": 5, "item5_category_": 2, "item5_id_": 0, "item5_num_": 5000000, "item6_sort_param_": -1, "item6_category_": -1, "item6_id_": -1, "item6_num_": -1, "item7_sort_param_": -1, "item7_category_": -1, "item7_id_": -1, "item7_num_": -1, "item8_sort_param_": -1, "item8_category_": -1, "item8_id_": -1, "item8_num_": -1, "item9_sort_param_": -1, "item9_category_": -1, "item9_id_": -1, "item9_num_": -1}, {"login_bonus_first_id_": 7, "item_day_id_": 2, "day_type_": 1, "demo_id_": 70001020, "item1_sort_param_": 9, "item1_category_": 9, "item1_id_": 150, "item1_num_": 1, "item2_sort_param_": 8, "item2_category_": 9, "item2_id_": 110, "item2_num_": 10, "item3_sort_param_": 7, "item3_category_": 5, "item3_id_": 11, "item3_num_": 3, "item4_sort_param_": 6, "item4_category_": 5, "item4_id_": 10, "item4_num_": 30, "item5_sort_param_": 5, "item5_category_": 2, "item5_id_": 0, "item5_num_": 5000000, "item6_sort_param_": -1, "item6_category_": -1, "item6_id_": -1, "item6_num_": -1, "item7_sort_param_": -1, "item7_category_": -1, "item7_id_": -1, "item7_num_": -1, "item8_sort_param_": -1, "item8_category_": -1, "item8_id_": -1, "item8_num_": -1, "item9_sort_param_": -1, "item9_category_": -1, "item9_id_": -1, "item9_num_": -1}, {"login_bonus_first_id_": 7, "item_day_id_": 3, "day_type_": 1, "demo_id_": 70001030, "item1_sort_param_": 9, "item1_category_": 9, "item1_id_": 110, "item1_num_": 10, "item2_sort_param_": 8, "item2_category_": 5, "item2_id_": 11, "item2_num_": 3, "item3_sort_param_": 7, "item3_category_": 5, "item3_id_": 10, "item3_num_": 30, "item4_sort_param_": 6, "item4_category_": 2, "item4_id_": 0, "item4_num_": 5000000, "item5_sort_param_": 5, "item5_category_": 31, "item5_id_": 100, "item5_num_": 1, "item6_sort_param_": -1, "item6_category_": -1, "item6_id_": -1, "item6_num_": -1, "item7_sort_param_": -1, "item7_category_": -1, "item7_id_": -1, "item7_num_": -1, "item8_sort_param_": -1, "item8_category_": -1, "item8_id_": -1, "item8_num_": -1, "item9_sort_param_": -1, "item9_category_": -1, "item9_id_": -1, "item9_num_": -1}, {"login_bonus_first_id_": 7, "item_day_id_": 4, "day_type_": 1, "demo_id_": 70001040, "item1_sort_param_": 9, "item1_category_": 9, "item1_id_": 150, "item1_num_": 1, "item2_sort_param_": 8, "item2_category_": 9, "item2_id_": 110, "item2_num_": 10, "item3_sort_param_": 7, "item3_category_": 5, "item3_id_": 11, "item3_num_": 3, "item4_sort_param_": 6, "item4_category_": 5, "item4_id_": 10, "item4_num_": 30, "item5_sort_param_": 5, "item5_category_": 2, "item5_id_": 0, "item5_num_": 5000000, "item6_sort_param_": -1, "item6_category_": -1, "item6_id_": -1, "item6_num_": -1, "item7_sort_param_": -1, "item7_category_": -1, "item7_id_": -1, "item7_num_": -1, "item8_sort_param_": -1, "item8_category_": -1, "item8_id_": -1, "item8_num_": -1, "item9_sort_param_": -1, "item9_category_": -1, "item9_id_": -1, "item9_num_": -1}, {"login_bonus_first_id_": 7, "item_day_id_": 5, "day_type_": 1, "demo_id_": 70001050, "item1_sort_param_": 9, "item1_category_": 9, "item1_id_": 110, "item1_num_": 10, "item2_sort_param_": 8, "item2_category_": 5, "item2_id_": 11, "item2_num_": 3, "item3_sort_param_": 7, "item3_category_": 5, "item3_id_": 10, "item3_num_": 30, "item4_sort_param_": 6, "item4_category_": 2, "item4_id_": 0, "item4_num_": 5000000, "item5_sort_param_": 5, "item5_category_": 31, "item5_id_": 100, "item5_num_": 1, "item6_sort_param_": -1, "item6_category_": -1, "item6_id_": -1, "item6_num_": -1, "item7_sort_param_": -1, "item7_category_": -1, "item7_id_": -1, "item7_num_": -1, "item8_sort_param_": -1, "item8_category_": -1, "item8_id_": -1, "item8_num_": -1, "item9_sort_param_": -1, "item9_category_": -1, "item9_id_": -1, "item9_num_": -1}, {"login_bonus_first_id_": 7, "item_day_id_": 6, "day_type_": 1, "demo_id_": 70001060, "item1_sort_param_": 9, "item1_category_": 9, "item1_id_": 150, "item1_num_": 1, "item2_sort_param_": 8, "item2_category_": 9, "item2_id_": 110, "item2_num_": 10, "item3_sort_param_": 7, "item3_category_": 5, "item3_id_": 11, "item3_num_": 3, "item4_sort_param_": 6, "item4_category_": 5, "item4_id_": 10, "item4_num_": 30, "item5_sort_param_": 5, "item5_category_": 2, "item5_id_": 0, "item5_num_": 5000000, "item6_sort_param_": -1, "item6_category_": -1, "item6_id_": -1, "item6_num_": -1, "item7_sort_param_": -1, "item7_category_": -1, "item7_id_": -1, "item7_num_": -1, "item8_sort_param_": -1, "item8_category_": -1, "item8_id_": -1, "item8_num_": -1, "item9_sort_param_": -1, "item9_category_": -1, "item9_id_": -1, "item9_num_": -1}, {"login_bonus_first_id_": 7, "item_day_id_": 7, "day_type_": 1, "demo_id_": 70001070, "item1_sort_param_": 9, "item1_category_": 1, "item1_id_": 0, "item1_num_": 500, "item2_sort_param_": 8, "item2_category_": 9, "item2_id_": 110, "item2_num_": 10, "item3_sort_param_": 7, "item3_category_": 5, "item3_id_": 11, "item3_num_": 3, "item4_sort_param_": 6, "item4_category_": 5, "item4_id_": 10, "item4_num_": 30, "item5_sort_param_": 5, "item5_category_": 2, "item5_id_": 0, "item5_num_": 5000000, "item6_sort_param_": -1, "item6_category_": -1, "item6_id_": -1, "item6_num_": -1, "item7_sort_param_": -1, "item7_category_": -1, "item7_id_": -1, "item7_num_": -1, "item8_sort_param_": -1, "item8_category_": -1, "item8_id_": -1, "item8_num_": -1, "item9_sort_param_": -1, "item9_category_": -1, "item9_id_": -1, "item9_num_": -1}, {"login_bonus_first_id_": 7, "item_day_id_": 8, "day_type_": 1, "demo_id_": 70001080, "item1_sort_param_": 9, "item1_category_": 9, "item1_id_": 150, "item1_num_": 1, "item2_sort_param_": 8, "item2_category_": 9, "item2_id_": 110, "item2_num_": 10, "item3_sort_param_": 7, "item3_category_": 5, "item3_id_": 11, "item3_num_": 6, "item4_sort_param_": 6, "item4_category_": 5, "item4_id_": 10, "item4_num_": 30, "item5_sort_param_": 5, "item5_category_": 2, "item5_id_": 0, "item5_num_": 5000000, "item6_sort_param_": -1, "item6_category_": -1, "item6_id_": -1, "item6_num_": -1, "item7_sort_param_": -1, "item7_category_": -1, "item7_id_": -1, "item7_num_": -1, "item8_sort_param_": -1, "item8_category_": -1, "item8_id_": -1, "item8_num_": -1, "item9_sort_param_": -1, "item9_category_": -1, "item9_id_": -1, "item9_num_": -1}, {"login_bonus_first_id_": 7, "item_day_id_": 9, "day_type_": 1, "demo_id_": 70001090, "item1_sort_param_": 9, "item1_category_": 9, "item1_id_": 150, "item1_num_": 1, "item2_sort_param_": 8, "item2_category_": 9, "item2_id_": 110, "item2_num_": 10, "item3_sort_param_": 7, "item3_category_": 5, "item3_id_": 11, "item3_num_": 3, "item4_sort_param_": 6, "item4_category_": 5, "item4_id_": 10, "item4_num_": 30, "item5_sort_param_": 5, "item5_category_": 2, "item5_id_": 0, "item5_num_": 5000000, "item6_sort_param_": -1, "item6_category_": -1, "item6_id_": -1, "item6_num_": -1, "item7_sort_param_": -1, "item7_category_": -1, "item7_id_": -1, "item7_num_": -1, "item8_sort_param_": -1, "item8_category_": -1, "item8_id_": -1, "item8_num_": -1, "item9_sort_param_": -1, "item9_category_": -1, "item9_id_": -1, "item9_num_": -1}, {"login_bonus_first_id_": 7, "item_day_id_": 10, "day_type_": 1, "demo_id_": 70001100, "item1_sort_param_": 9, "item1_category_": 9, "item1_id_": 110, "item1_num_": 10, "item2_sort_param_": 8, "item2_category_": 5, "item2_id_": 11, "item2_num_": 3, "item3_sort_param_": 7, "item3_category_": 5, "item3_id_": 10, "item3_num_": 30, "item4_sort_param_": 6, "item4_category_": 2, "item4_id_": 0, "item4_num_": 5000000, "item5_sort_param_": 5, "item5_category_": 31, "item5_id_": 100, "item5_num_": 1, "item6_sort_param_": -1, "item6_category_": -1, "item6_id_": -1, "item6_num_": -1, "item7_sort_param_": -1, "item7_category_": -1, "item7_id_": -1, "item7_num_": -1, "item8_sort_param_": -1, "item8_category_": -1, "item8_id_": -1, "item8_num_": -1, "item9_sort_param_": -1, "item9_category_": -1, "item9_id_": -1, "item9_num_": -1}, {"login_bonus_first_id_": 7, "item_day_id_": 11, "day_type_": 1, "demo_id_": 70001110, "item1_sort_param_": 9, "item1_category_": 9, "item1_id_": 150, "item1_num_": 1, "item2_sort_param_": 8, "item2_category_": 9, "item2_id_": 110, "item2_num_": 10, "item3_sort_param_": 7, "item3_category_": 5, "item3_id_": 11, "item3_num_": 3, "item4_sort_param_": 6, "item4_category_": 5, "item4_id_": 10, "item4_num_": 30, "item5_sort_param_": 5, "item5_category_": 2, "item5_id_": 0, "item5_num_": 5000000, "item6_sort_param_": -1, "item6_category_": -1, "item6_id_": -1, "item6_num_": -1, "item7_sort_param_": -1, "item7_category_": -1, "item7_id_": -1, "item7_num_": -1, "item8_sort_param_": -1, "item8_category_": -1, "item8_id_": -1, "item8_num_": -1, "item9_sort_param_": -1, "item9_category_": -1, "item9_id_": -1, "item9_num_": -1}, {"login_bonus_first_id_": 7, "item_day_id_": 12, "day_type_": 1, "demo_id_": 70001120, "item1_sort_param_": 9, "item1_category_": 9, "item1_id_": 110, "item1_num_": 10, "item2_sort_param_": 8, "item2_category_": 5, "item2_id_": 11, "item2_num_": 3, "item3_sort_param_": 7, "item3_category_": 5, "item3_id_": 10, "item3_num_": 30, "item4_sort_param_": 6, "item4_category_": 2, "item4_id_": 0, "item4_num_": 5000000, "item5_sort_param_": 5, "item5_category_": 31, "item5_id_": 100, "item5_num_": 1, "item6_sort_param_": -1, "item6_category_": -1, "item6_id_": -1, "item6_num_": -1, "item7_sort_param_": -1, "item7_category_": -1, "item7_id_": -1, "item7_num_": -1, "item8_sort_param_": -1, "item8_category_": -1, "item8_id_": -1, "item8_num_": -1, "item9_sort_param_": -1, "item9_category_": -1, "item9_id_": -1, "item9_num_": -1}, {"login_bonus_first_id_": 7, "item_day_id_": 13, "day_type_": 1, "demo_id_": 70001130, "item1_sort_param_": 9, "item1_category_": 9, "item1_id_": 150, "item1_num_": 1, "item2_sort_param_": 8, "item2_category_": 9, "item2_id_": 110, "item2_num_": 10, "item3_sort_param_": 7, "item3_category_": 5, "item3_id_": 11, "item3_num_": 3, "item4_sort_param_": 6, "item4_category_": 5, "item4_id_": 10, "item4_num_": 30, "item5_sort_param_": 5, "item5_category_": 2, "item5_id_": 0, "item5_num_": 5000000, "item6_sort_param_": -1, "item6_category_": -1, "item6_id_": -1, "item6_num_": -1, "item7_sort_param_": -1, "item7_category_": -1, "item7_id_": -1, "item7_num_": -1, "item8_sort_param_": -1, "item8_category_": -1, "item8_id_": -1, "item8_num_": -1, "item9_sort_param_": -1, "item9_category_": -1, "item9_id_": -1, "item9_num_": -1}, {"login_bonus_first_id_": 7, "item_day_id_": 14, "day_type_": 1, "demo_id_": 70001140, "item1_sort_param_": 9, "item1_category_": 1, "item1_id_": 0, "item1_num_": 500, "item2_sort_param_": 8, "item2_category_": 9, "item2_id_": 110, "item2_num_": 10, "item3_sort_param_": 7, "item3_category_": 5, "item3_id_": 11, "item3_num_": 3, "item4_sort_param_": 6, "item4_category_": 5, "item4_id_": 10, "item4_num_": 30, "item5_sort_param_": 5, "item5_category_": 2, "item5_id_": 0, "item5_num_": 5000000, "item6_sort_param_": -1, "item6_category_": -1, "item6_id_": -1, "item6_num_": -1, "item7_sort_param_": -1, "item7_category_": -1, "item7_id_": -1, "item7_num_": -1, "item8_sort_param_": -1, "item8_category_": -1, "item8_id_": -1, "item8_num_": -1, "item9_sort_param_": -1, "item9_category_": -1, "item9_id_": -1, "item9_num_": -1}, {"login_bonus_first_id_": 8, "item_day_id_": 1, "day_type_": 1, "demo_id_": 70001010, "item1_sort_param_": 8, "item1_category_": 9, "item1_id_": 150, "item1_num_": 1, "item2_sort_param_": 7, "item2_category_": 9, "item2_id_": 110, "item2_num_": 10, "item3_sort_param_": 6, "item3_category_": 5, "item3_id_": 11, "item3_num_": 6, "item4_sort_param_": 5, "item4_category_": 5, "item4_id_": 10, "item4_num_": 30, "item5_sort_param_": 4, "item5_category_": 2, "item5_id_": 0, "item5_num_": 5000000, "item6_sort_param_": -1, "item6_category_": -1, "item6_id_": -1, "item6_num_": -1, "item7_sort_param_": -1, "item7_category_": -1, "item7_id_": -1, "item7_num_": -1, "item8_sort_param_": -1, "item8_category_": -1, "item8_id_": -1, "item8_num_": -1, "item9_sort_param_": -1, "item9_category_": -1, "item9_id_": -1, "item9_num_": -1}, {"login_bonus_first_id_": 8, "item_day_id_": 2, "day_type_": 1, "demo_id_": 70001020, "item1_sort_param_": 8, "item1_category_": 9, "item1_id_": 150, "item1_num_": 3, "item2_sort_param_": 7, "item2_category_": 9, "item2_id_": 110, "item2_num_": 10, "item3_sort_param_": 6, "item3_category_": 5, "item3_id_": 11, "item3_num_": 3, "item4_sort_param_": 5, "item4_category_": 5, "item4_id_": 10, "item4_num_": 30, "item5_sort_param_": 4, "item5_category_": 2, "item5_id_": 0, "item5_num_": 5000000, "item6_sort_param_": -1, "item6_category_": -1, "item6_id_": -1, "item6_num_": -1, "item7_sort_param_": -1, "item7_category_": -1, "item7_id_": -1, "item7_num_": -1, "item8_sort_param_": -1, "item8_category_": -1, "item8_id_": -1, "item8_num_": -1, "item9_sort_param_": -1, "item9_category_": -1, "item9_id_": -1, "item9_num_": -1}, {"login_bonus_first_id_": 8, "item_day_id_": 3, "day_type_": 1, "demo_id_": 70001030, "item1_sort_param_": 8, "item1_category_": 9, "item1_id_": 110, "item1_num_": 10, "item2_sort_param_": 7, "item2_category_": 5, "item2_id_": 11, "item2_num_": 3, "item3_sort_param_": 6, "item3_category_": 5, "item3_id_": 10, "item3_num_": 30, "item4_sort_param_": 5, "item4_category_": 2, "item4_id_": 0, "item4_num_": 5000000, "item5_sort_param_": 4, "item5_category_": 31, "item5_id_": 100, "item5_num_": 1, "item6_sort_param_": -1, "item6_category_": -1, "item6_id_": -1, "item6_num_": -1, "item7_sort_param_": -1, "item7_category_": -1, "item7_id_": -1, "item7_num_": -1, "item8_sort_param_": -1, "item8_category_": -1, "item8_id_": -1, "item8_num_": -1, "item9_sort_param_": -1, "item9_category_": -1, "item9_id_": -1, "item9_num_": -1}, {"login_bonus_first_id_": 8, "item_day_id_": 4, "day_type_": 1, "demo_id_": 70001040, "item1_sort_param_": 8, "item1_category_": 9, "item1_id_": 150, "item1_num_": 6, "item2_sort_param_": 7, "item2_category_": 9, "item2_id_": 110, "item2_num_": 10, "item3_sort_param_": 6, "item3_category_": 5, "item3_id_": 11, "item3_num_": 3, "item4_sort_param_": 5, "item4_category_": 5, "item4_id_": 10, "item4_num_": 30, "item5_sort_param_": 4, "item5_category_": 2, "item5_id_": 0, "item5_num_": 5000000, "item6_sort_param_": 9, "item6_category_": 3, "item6_id_": 385, "item6_num_": 1000, "item7_sort_param_": -1, "item7_category_": -1, "item7_id_": -1, "item7_num_": -1, "item8_sort_param_": -1, "item8_category_": -1, "item8_id_": -1, "item8_num_": -1, "item9_sort_param_": -1, "item9_category_": -1, "item9_id_": -1, "item9_num_": -1}, {"login_bonus_first_id_": 8, "item_day_id_": 5, "day_type_": 1, "demo_id_": 70001050, "item1_sort_param_": 8, "item1_category_": 9, "item1_id_": 110, "item1_num_": 10, "item2_sort_param_": 7, "item2_category_": 5, "item2_id_": 11, "item2_num_": 3, "item3_sort_param_": 6, "item3_category_": 5, "item3_id_": 10, "item3_num_": 30, "item4_sort_param_": 5, "item4_category_": 2, "item4_id_": 0, "item4_num_": 5000000, "item5_sort_param_": 4, "item5_category_": 31, "item5_id_": 100, "item5_num_": 1, "item6_sort_param_": 9, "item6_category_": 3, "item6_id_": 385, "item6_num_": 500, "item7_sort_param_": -1, "item7_category_": -1, "item7_id_": -1, "item7_num_": -1, "item8_sort_param_": -1, "item8_category_": -1, "item8_id_": -1, "item8_num_": -1, "item9_sort_param_": -1, "item9_category_": -1, "item9_id_": -1, "item9_num_": -1}, {"login_bonus_first_id_": 8, "item_day_id_": 6, "day_type_": 1, "demo_id_": 70001060, "item1_sort_param_": 8, "item1_category_": 9, "item1_id_": 150, "item1_num_": 1, "item2_sort_param_": 7, "item2_category_": 9, "item2_id_": 110, "item2_num_": 10, "item3_sort_param_": 6, "item3_category_": 5, "item3_id_": 11, "item3_num_": 3, "item4_sort_param_": 5, "item4_category_": 5, "item4_id_": 10, "item4_num_": 30, "item5_sort_param_": 4, "item5_category_": 2, "item5_id_": 0, "item5_num_": 5000000, "item6_sort_param_": -1, "item6_category_": -1, "item6_id_": -1, "item6_num_": -1, "item7_sort_param_": -1, "item7_category_": -1, "item7_id_": -1, "item7_num_": -1, "item8_sort_param_": -1, "item8_category_": -1, "item8_id_": -1, "item8_num_": -1, "item9_sort_param_": -1, "item9_category_": -1, "item9_id_": -1, "item9_num_": -1}, {"login_bonus_first_id_": 8, "item_day_id_": 7, "day_type_": 1, "demo_id_": 70001070, "item1_sort_param_": 8, "item1_category_": 1, "item1_id_": 0, "item1_num_": 500, "item2_sort_param_": 7, "item2_category_": 9, "item2_id_": 110, "item2_num_": 10, "item3_sort_param_": 6, "item3_category_": 5, "item3_id_": 11, "item3_num_": 3, "item4_sort_param_": 5, "item4_category_": 5, "item4_id_": 10, "item4_num_": 30, "item5_sort_param_": 4, "item5_category_": 2, "item5_id_": 0, "item5_num_": 5000000, "item6_sort_param_": -1, "item6_category_": -1, "item6_id_": -1, "item6_num_": -1, "item7_sort_param_": -1, "item7_category_": -1, "item7_id_": -1, "item7_num_": -1, "item8_sort_param_": -1, "item8_category_": -1, "item8_id_": -1, "item8_num_": -1, "item9_sort_param_": -1, "item9_category_": -1, "item9_id_": -1, "item9_num_": -1}, {"login_bonus_first_id_": 8, "item_day_id_": 8, "day_type_": 1, "demo_id_": 70001080, "item1_sort_param_": 8, "item1_category_": 9, "item1_id_": 150, "item1_num_": 3, "item2_sort_param_": 7, "item2_category_": 9, "item2_id_": 110, "item2_num_": 10, "item3_sort_param_": 6, "item3_category_": 5, "item3_id_": 11, "item3_num_": 6, "item4_sort_param_": 5, "item4_category_": 5, "item4_id_": 10, "item4_num_": 30, "item5_sort_param_": 4, "item5_category_": 2, "item5_id_": 0, "item5_num_": 5000000, "item6_sort_param_": 9, "item6_category_": 3, "item6_id_": 385, "item6_num_": 500, "item7_sort_param_": -1, "item7_category_": -1, "item7_id_": -1, "item7_num_": -1, "item8_sort_param_": -1, "item8_category_": -1, "item8_id_": -1, "item8_num_": -1, "item9_sort_param_": -1, "item9_category_": -1, "item9_id_": -1, "item9_num_": -1}, {"login_bonus_first_id_": 8, "item_day_id_": 9, "day_type_": 1, "demo_id_": 70001090, "item1_sort_param_": 8, "item1_category_": 9, "item1_id_": 150, "item1_num_": 6, "item2_sort_param_": 7, "item2_category_": 9, "item2_id_": 110, "item2_num_": 10, "item3_sort_param_": 6, "item3_category_": 5, "item3_id_": 11, "item3_num_": 3, "item4_sort_param_": 5, "item4_category_": 5, "item4_id_": 10, "item4_num_": 30, "item5_sort_param_": 4, "item5_category_": 2, "item5_id_": 0, "item5_num_": 5000000, "item6_sort_param_": -1, "item6_category_": -1, "item6_id_": -1, "item6_num_": -1, "item7_sort_param_": -1, "item7_category_": -1, "item7_id_": -1, "item7_num_": -1, "item8_sort_param_": -1, "item8_category_": -1, "item8_id_": -1, "item8_num_": -1, "item9_sort_param_": -1, "item9_category_": -1, "item9_id_": -1, "item9_num_": -1}, {"login_bonus_first_id_": 8, "item_day_id_": 10, "day_type_": 1, "demo_id_": 70001100, "item1_sort_param_": 8, "item1_category_": 9, "item1_id_": 110, "item1_num_": 10, "item2_sort_param_": 7, "item2_category_": 5, "item2_id_": 11, "item2_num_": 3, "item3_sort_param_": 6, "item3_category_": 5, "item3_id_": 10, "item3_num_": 30, "item4_sort_param_": 5, "item4_category_": 2, "item4_id_": 0, "item4_num_": 5000000, "item5_sort_param_": 4, "item5_category_": 31, "item5_id_": 100, "item5_num_": 1, "item6_sort_param_": 9, "item6_category_": 3, "item6_id_": 385, "item6_num_": 500, "item7_sort_param_": -1, "item7_category_": -1, "item7_id_": -1, "item7_num_": -1, "item8_sort_param_": -1, "item8_category_": -1, "item8_id_": -1, "item8_num_": -1, "item9_sort_param_": -1, "item9_category_": -1, "item9_id_": -1, "item9_num_": -1}, {"login_bonus_first_id_": 8, "item_day_id_": 11, "day_type_": 1, "demo_id_": 70001110, "item1_sort_param_": 8, "item1_category_": 9, "item1_id_": 150, "item1_num_": 5, "item2_sort_param_": 7, "item2_category_": 9, "item2_id_": 110, "item2_num_": 10, "item3_sort_param_": 6, "item3_category_": 5, "item3_id_": 11, "item3_num_": 3, "item4_sort_param_": 5, "item4_category_": 5, "item4_id_": 10, "item4_num_": 30, "item5_sort_param_": 4, "item5_category_": 2, "item5_id_": 0, "item5_num_": 5000000, "item6_sort_param_": -1, "item6_category_": -1, "item6_id_": -1, "item6_num_": -1, "item7_sort_param_": -1, "item7_category_": -1, "item7_id_": -1, "item7_num_": -1, "item8_sort_param_": -1, "item8_category_": -1, "item8_id_": -1, "item8_num_": -1, "item9_sort_param_": -1, "item9_category_": -1, "item9_id_": -1, "item9_num_": -1}, {"login_bonus_first_id_": 8, "item_day_id_": 12, "day_type_": 1, "demo_id_": 70001120, "item1_sort_param_": 8, "item1_category_": 9, "item1_id_": 110, "item1_num_": 10, "item2_sort_param_": 7, "item2_category_": 5, "item2_id_": 11, "item2_num_": 3, "item3_sort_param_": 6, "item3_category_": 5, "item3_id_": 10, "item3_num_": 30, "item4_sort_param_": 5, "item4_category_": 2, "item4_id_": 0, "item4_num_": 5000000, "item5_sort_param_": 4, "item5_category_": 31, "item5_id_": 100, "item5_num_": 1, "item6_sort_param_": -1, "item6_category_": -1, "item6_id_": -1, "item6_num_": -1, "item7_sort_param_": -1, "item7_category_": -1, "item7_id_": -1, "item7_num_": -1, "item8_sort_param_": -1, "item8_category_": -1, "item8_id_": -1, "item8_num_": -1, "item9_sort_param_": -1, "item9_category_": -1, "item9_id_": -1, "item9_num_": -1}, {"login_bonus_first_id_": 8, "item_day_id_": 13, "day_type_": 1, "demo_id_": 70001130, "item1_sort_param_": 8, "item1_category_": 9, "item1_id_": 150, "item1_num_": 5, "item2_sort_param_": 7, "item2_category_": 9, "item2_id_": 110, "item2_num_": 10, "item3_sort_param_": 6, "item3_category_": 5, "item3_id_": 11, "item3_num_": 3, "item4_sort_param_": 5, "item4_category_": 5, "item4_id_": 10, "item4_num_": 30, "item5_sort_param_": 4, "item5_category_": 2, "item5_id_": 0, "item5_num_": 5000000, "item6_sort_param_": 9, "item6_category_": 3, "item6_id_": 385, "item6_num_": 1000, "item7_sort_param_": -1, "item7_category_": -1, "item7_id_": -1, "item7_num_": -1, "item8_sort_param_": -1, "item8_category_": -1, "item8_id_": -1, "item8_num_": -1, "item9_sort_param_": -1, "item9_category_": -1, "item9_id_": -1, "item9_num_": -1}, {"login_bonus_first_id_": 8, "item_day_id_": 14, "day_type_": 1, "demo_id_": 70001140, "item1_sort_param_": 8, "item1_category_": 1, "item1_id_": 0, "item1_num_": 500, "item2_sort_param_": 7, "item2_category_": 9, "item2_id_": 110, "item2_num_": 10, "item3_sort_param_": 6, "item3_category_": 5, "item3_id_": 11, "item3_num_": 3, "item4_sort_param_": 5, "item4_category_": 5, "item4_id_": 10, "item4_num_": 30, "item5_sort_param_": 4, "item5_category_": 2, "item5_id_": 0, "item5_num_": 5000000, "item6_sort_param_": -1, "item6_category_": -1, "item6_id_": -1, "item6_num_": -1, "item7_sort_param_": -1, "item7_category_": -1, "item7_id_": -1, "item7_num_": -1, "item8_sort_param_": -1, "item8_category_": -1, "item8_id_": -1, "item8_num_": -1, "item9_sort_param_": -1, "item9_category_": -1, "item9_id_": -1, "item9_num_": -1}]