[{"cluster_id_": 0, "tutorial_name_id_": 0, "tutorial_dialogue_id_": 0, "facial_asset_name_": "tutorial_chara001"}, {"cluster_id_": 101, "tutorial_name_id_": 1, "tutorial_dialogue_id_": 1, "facial_asset_name_": "tutorial_chara001"}, {"cluster_id_": 102, "tutorial_name_id_": 2, "tutorial_dialogue_id_": 2, "facial_asset_name_": "tutorial_chara001"}, {"cluster_id_": 103, "tutorial_name_id_": 3, "tutorial_dialogue_id_": 3, "facial_asset_name_": "tutorial_chara001"}, {"cluster_id_": 104, "tutorial_name_id_": 4, "tutorial_dialogue_id_": 4, "facial_asset_name_": "tutorial_chara001"}, {"cluster_id_": 105, "tutorial_name_id_": 5, "tutorial_dialogue_id_": 5, "facial_asset_name_": "tutorial_chara001"}, {"cluster_id_": 106, "tutorial_name_id_": 6, "tutorial_dialogue_id_": 6, "facial_asset_name_": "tutorial_chara001"}, {"cluster_id_": 107, "tutorial_name_id_": 7, "tutorial_dialogue_id_": 7, "facial_asset_name_": "tutorial_chara001"}, {"cluster_id_": 108, "tutorial_name_id_": 8, "tutorial_dialogue_id_": 8, "facial_asset_name_": "tutorial_chara001"}, {"cluster_id_": 109, "tutorial_name_id_": 9, "tutorial_dialogue_id_": 9, "facial_asset_name_": "tutorial_chara001"}]