[{"story_master_id_": 580001010, "demo_table_id_": 0, "tutorial_detail_id_": 14035, "advantage_detail1_id_": 0, "advantage_detail2_id_": -1, "advantage_detail3_id_": -1, "advantage_detail4_id_": -1, "advantage_detail5_id_": -1}, {"story_master_id_": 580001020, "demo_table_id_": 0, "tutorial_detail_id_": 14008, "advantage_detail1_id_": -1, "advantage_detail2_id_": -1, "advantage_detail3_id_": -1, "advantage_detail4_id_": -1, "advantage_detail5_id_": -1}, {"story_master_id_": 580001030, "demo_table_id_": 1, "tutorial_detail_id_": 14009, "advantage_detail1_id_": -1, "advantage_detail2_id_": -1, "advantage_detail3_id_": -1, "advantage_detail4_id_": -1, "advantage_detail5_id_": -1}, {"story_master_id_": 580001040, "demo_table_id_": 2, "tutorial_detail_id_": 14010, "advantage_detail1_id_": -1, "advantage_detail2_id_": -1, "advantage_detail3_id_": -1, "advantage_detail4_id_": -1, "advantage_detail5_id_": -1}, {"story_master_id_": 580001050, "demo_table_id_": 3, "tutorial_detail_id_": 14011, "advantage_detail1_id_": -1, "advantage_detail2_id_": -1, "advantage_detail3_id_": -1, "advantage_detail4_id_": -1, "advantage_detail5_id_": -1}, {"story_master_id_": 580001060, "demo_table_id_": 106, "tutorial_detail_id_": 14012, "advantage_detail1_id_": 1, "advantage_detail2_id_": -1, "advantage_detail3_id_": -1, "advantage_detail4_id_": -1, "advantage_detail5_id_": -1}, {"story_master_id_": 580001070, "demo_table_id_": 107, "tutorial_detail_id_": 14013, "advantage_detail1_id_": 10, "advantage_detail2_id_": 11, "advantage_detail3_id_": -1, "advantage_detail4_id_": -1, "advantage_detail5_id_": -1}, {"story_master_id_": 580001080, "demo_table_id_": 108, "tutorial_detail_id_": 14014, "advantage_detail1_id_": 20, "advantage_detail2_id_": -1, "advantage_detail3_id_": -1, "advantage_detail4_id_": -1, "advantage_detail5_id_": -1}, {"story_master_id_": 580001090, "demo_table_id_": 109, "tutorial_detail_id_": 14015, "advantage_detail1_id_": 31, "advantage_detail2_id_": -1, "advantage_detail3_id_": -1, "advantage_detail4_id_": -1, "advantage_detail5_id_": -1}, {"story_master_id_": 580001100, "demo_table_id_": 110, "tutorial_detail_id_": 14026, "advantage_detail1_id_": 140, "advantage_detail2_id_": 141, "advantage_detail3_id_": -1, "advantage_detail4_id_": -1, "advantage_detail5_id_": -1}, {"story_master_id_": 580001110, "demo_table_id_": 111, "tutorial_detail_id_": 14016, "advantage_detail1_id_": 40, "advantage_detail2_id_": -1, "advantage_detail3_id_": -1, "advantage_detail4_id_": -1, "advantage_detail5_id_": -1}, {"story_master_id_": 580001120, "demo_table_id_": 112, "tutorial_detail_id_": 14017, "advantage_detail1_id_": 50, "advantage_detail2_id_": 51, "advantage_detail3_id_": 52, "advantage_detail4_id_": -1, "advantage_detail5_id_": -1}, {"story_master_id_": 580002140, "demo_table_id_": 214, "tutorial_detail_id_": 14018, "advantage_detail1_id_": 70, "advantage_detail2_id_": 71, "advantage_detail3_id_": 72, "advantage_detail4_id_": 73, "advantage_detail5_id_": -1}, {"story_master_id_": 580002010, "demo_table_id_": 201, "tutorial_detail_id_": 14019, "advantage_detail1_id_": 60, "advantage_detail2_id_": 61, "advantage_detail3_id_": 63, "advantage_detail4_id_": -1, "advantage_detail5_id_": -1}, {"story_master_id_": 580002020, "demo_table_id_": 202, "tutorial_detail_id_": 14020, "advantage_detail1_id_": 60, "advantage_detail2_id_": 61, "advantage_detail3_id_": 63, "advantage_detail4_id_": -1, "advantage_detail5_id_": -1}, {"story_master_id_": 580002030, "demo_table_id_": 203, "tutorial_detail_id_": 14021, "advantage_detail1_id_": 91, "advantage_detail2_id_": 92, "advantage_detail3_id_": 61, "advantage_detail4_id_": 63, "advantage_detail5_id_": -1}, {"story_master_id_": 580002150, "demo_table_id_": 215, "tutorial_detail_id_": 14022, "advantage_detail1_id_": 100, "advantage_detail2_id_": -1, "advantage_detail3_id_": -1, "advantage_detail4_id_": -1, "advantage_detail5_id_": -1}, {"story_master_id_": 580002040, "demo_table_id_": 204, "tutorial_detail_id_": 14023, "advantage_detail1_id_": 110, "advantage_detail2_id_": -1, "advantage_detail3_id_": -1, "advantage_detail4_id_": -1, "advantage_detail5_id_": -1}, {"story_master_id_": 580002050, "demo_table_id_": 205, "tutorial_detail_id_": 14024, "advantage_detail1_id_": 121, "advantage_detail2_id_": -1, "advantage_detail3_id_": -1, "advantage_detail4_id_": -1, "advantage_detail5_id_": -1}, {"story_master_id_": 580002060, "demo_table_id_": 206, "tutorial_detail_id_": 14025, "advantage_detail1_id_": 121, "advantage_detail2_id_": 130, "advantage_detail3_id_": -1, "advantage_detail4_id_": -1, "advantage_detail5_id_": -1}, {"story_master_id_": 580002070, "demo_table_id_": 207, "tutorial_detail_id_": 14027, "advantage_detail1_id_": 150, "advantage_detail2_id_": 151, "advantage_detail3_id_": -1, "advantage_detail4_id_": -1, "advantage_detail5_id_": -1}, {"story_master_id_": 580002080, "demo_table_id_": 208, "tutorial_detail_id_": 14028, "advantage_detail1_id_": 160, "advantage_detail2_id_": 161, "advantage_detail3_id_": -1, "advantage_detail4_id_": -1, "advantage_detail5_id_": -1}, {"story_master_id_": 580002090, "demo_table_id_": 209, "tutorial_detail_id_": 14029, "advantage_detail1_id_": 170, "advantage_detail2_id_": -1, "advantage_detail3_id_": -1, "advantage_detail4_id_": -1, "advantage_detail5_id_": -1}, {"story_master_id_": 580002100, "demo_table_id_": 210, "tutorial_detail_id_": 14030, "advantage_detail1_id_": 181, "advantage_detail2_id_": -1, "advantage_detail3_id_": -1, "advantage_detail4_id_": -1, "advantage_detail5_id_": -1}, {"story_master_id_": 580002110, "demo_table_id_": 211, "tutorial_detail_id_": 14031, "advantage_detail1_id_": 190, "advantage_detail2_id_": 191, "advantage_detail3_id_": 192, "advantage_detail4_id_": -1, "advantage_detail5_id_": -1}, {"story_master_id_": 580002120, "demo_table_id_": 212, "tutorial_detail_id_": 14032, "advantage_detail1_id_": 201, "advantage_detail2_id_": -1, "advantage_detail3_id_": -1, "advantage_detail4_id_": -1, "advantage_detail5_id_": -1}, {"story_master_id_": 580002130, "demo_table_id_": 213, "tutorial_detail_id_": 14033, "advantage_detail1_id_": 211, "advantage_detail2_id_": 212, "advantage_detail3_id_": -1, "advantage_detail4_id_": -1, "advantage_detail5_id_": -1}]