[{"id_": 58000101, "cluster_id_": 0}, {"id_": 58000102, "cluster_id_": 101}, {"id_": 58000103, "cluster_id_": 101}, {"id_": 58000104, "cluster_id_": 101}, {"id_": 58000105, "cluster_id_": 101}, {"id_": 58000106, "cluster_id_": 102}, {"id_": 58000107, "cluster_id_": 103}, {"id_": 58000108, "cluster_id_": 103}, {"id_": 58000109, "cluster_id_": 104}, {"id_": 58000110, "cluster_id_": 104}, {"id_": 58000111, "cluster_id_": 105}, {"id_": 58000112, "cluster_id_": 106}, {"id_": 58000214, "cluster_id_": 107}, {"id_": 58000201, "cluster_id_": 107}, {"id_": 58000202, "cluster_id_": 107}, {"id_": 58000203, "cluster_id_": 107}, {"id_": 58000215, "cluster_id_": 107}, {"id_": 58000204, "cluster_id_": 107}, {"id_": 58000205, "cluster_id_": 107}, {"id_": 58000206, "cluster_id_": 107}, {"id_": 58000207, "cluster_id_": 108}, {"id_": 58000208, "cluster_id_": 108}, {"id_": 58000209, "cluster_id_": 103}, {"id_": 58000210, "cluster_id_": 109}, {"id_": 58000211, "cluster_id_": 109}, {"id_": 58000212, "cluster_id_": 109}, {"id_": 58000213, "cluster_id_": 109}]