[{"demo_table_id_": 0, "table_": [{"id_": 1, "mode_type_": 0, "asset_name_": "01_Tutorial_01", "logo_type_": -1}, {"id_": 2, "mode_type_": 0, "asset_name_": "01_Tutorial_02", "logo_type_": -1}, {"id_": 3, "mode_type_": 4, "asset_name_": "01_Tutorial_task1", "logo_type_": -1}, {"id_": 4, "mode_type_": 1, "asset_name_": "00_indicator", "logo_type_": 0}, {"id_": 5, "mode_type_": 0, "asset_name_": "01_Tutorial_03", "logo_type_": -1}, {"id_": 6, "mode_type_": 0, "asset_name_": "01_Tutorial_04", "logo_type_": 1}]}, {"demo_table_id_": 106, "table_": [{"id_": 1, "mode_type_": 0, "asset_name_": "06_Damage_01", "logo_type_": -1}, {"id_": 2, "mode_type_": 0, "asset_name_": "06_Damage_02", "logo_type_": -1}, {"id_": 3, "mode_type_": 4, "asset_name_": "06_Damage_task1", "logo_type_": -1}, {"id_": 4, "mode_type_": 2, "asset_name_": "06_Damage_challenge", "logo_type_": 0}, {"id_": 5, "mode_type_": 0, "asset_name_": "06_Damage_03", "logo_type_": 1}]}, {"demo_table_id_": 107, "table_": [{"id_": 1, "mode_type_": 0, "asset_name_": "07_RisingRush_Hit_01", "logo_type_": -1}, {"id_": 2, "mode_type_": 4, "asset_name_": "07_RisingRush_Hit_task1", "logo_type_": -1}, {"id_": 3, "mode_type_": 2, "asset_name_": "07_RisingRushSuccees_challenge", "logo_type_": 0}, {"id_": 4, "mode_type_": 0, "asset_name_": "07_RisingRush_Hit_02", "logo_type_": 1}]}, {"demo_table_id_": 108, "table_": [{"id_": 1, "mode_type_": 0, "asset_name_": "08_RisingRush_Cut_01", "logo_type_": -1}, {"id_": 2, "mode_type_": 0, "asset_name_": "08_RisingRush_Cut_02", "logo_type_": -1}, {"id_": 3, "mode_type_": 4, "asset_name_": "08_RisingRush_Cut_task1", "logo_type_": -1}, {"id_": 4, "mode_type_": 2, "asset_name_": "08_RisingRushFaied_challenge", "logo_type_": 0}, {"id_": 5, "mode_type_": 0, "asset_name_": "08_RisingRush_Cut_03", "logo_type_": 1}]}, {"demo_table_id_": 109, "table_": [{"id_": 1, "mode_type_": 0, "asset_name_": "09_TapShot_01", "logo_type_": -1}, {"id_": 2, "mode_type_": 4, "asset_name_": "09_TapShot_task1", "logo_type_": -1}, {"id_": 3, "mode_type_": 3, "asset_name_": "09_AttackHit_Arts_CanNotVanish", "logo_type_": -1}, {"id_": 4, "mode_type_": 4, "asset_name_": "09_TapShot_task2", "logo_type_": -1}, {"id_": 5, "mode_type_": 2, "asset_name_": "09_AttackHit_Arts_CanNotVanish_challenge", "logo_type_": 0}, {"id_": 6, "mode_type_": 0, "asset_name_": "09_TapShot_02", "logo_type_": 1}]}, {"demo_table_id_": 110, "table_": [{"id_": 1, "mode_type_": 0, "asset_name_": "10_TapShot_Approach_01", "logo_type_": -1}, {"id_": 2, "mode_type_": 4, "asset_name_": "10_TapShot_Approach_task1", "logo_type_": -1}, {"id_": 3, "mode_type_": 2, "asset_name_": "10_Dodge_TapShot_Move_challenge", "logo_type_": 0}, {"id_": 4, "mode_type_": 0, "asset_name_": "10_TapShot_Approach_02", "logo_type_": 1}]}, {"demo_table_id_": 111, "table_": [{"id_": 1, "mode_type_": 0, "asset_name_": "11_Tackle_01", "logo_type_": -1}, {"id_": 2, "mode_type_": 0, "asset_name_": "11_Tackle_02", "logo_type_": -1}, {"id_": 3, "mode_type_": 4, "asset_name_": "11_Tackle_task1", "logo_type_": -1}, {"id_": 4, "mode_type_": 3, "asset_name_": "11_AttackHit_Tackle", "logo_type_": -1}, {"id_": 5, "mode_type_": 0, "asset_name_": "11_Tackle_03", "logo_type_": -1}, {"id_": 6, "mode_type_": 4, "asset_name_": "11_Tackle_task2", "logo_type_": -1}, {"id_": 7, "mode_type_": 2, "asset_name_": "11_AttackHit_Tackle _challenge", "logo_type_": 0}, {"id_": 8, "mode_type_": 0, "asset_name_": "11_Tackle_04", "logo_type_": 1}]}, {"demo_table_id_": 112, "table_": [{"id_": 1, "mode_type_": 0, "asset_name_": "12_QuickAttack_01", "logo_type_": -1}, {"id_": 2, "mode_type_": 0, "asset_name_": "12_QuickAttack_02", "logo_type_": -1}, {"id_": 3, "mode_type_": 4, "asset_name_": "12_QuickAttack_task1", "logo_type_": -1}, {"id_": 4, "mode_type_": 3, "asset_name_": "12_Quick_Attack_01", "logo_type_": -1}, {"id_": 5, "mode_type_": 4, "asset_name_": "12_QuickAttack_task2", "logo_type_": -1}, {"id_": 6, "mode_type_": 1, "asset_name_": "12_Quick_Attack_02", "logo_type_": -1}, {"id_": 7, "mode_type_": 0, "asset_name_": "12_QuickAttack_03", "logo_type_": -1}, {"id_": 8, "mode_type_": 4, "asset_name_": "12_QuickAttack_task3", "logo_type_": -1}, {"id_": 9, "mode_type_": 2, "asset_name_": "12_Quick_Attack_challenge", "logo_type_": 0}, {"id_": 10, "mode_type_": 0, "asset_name_": "12_QuickAttack_04", "logo_type_": 1}]}, {"demo_table_id_": 201, "table_": [{"id_": 1, "mode_type_": 0, "asset_name_": "13_Arts_Strike_cancel_01", "logo_type_": -1}, {"id_": 2, "mode_type_": 0, "asset_name_": "13_Arts_Strike_cancel_02", "logo_type_": -1}, {"id_": 3, "mode_type_": 0, "asset_name_": "13_Arts_Strike_cancel_03", "logo_type_": -1}, {"id_": 4, "mode_type_": 4, "asset_name_": "13_Arts_Strike_cancel_task1", "logo_type_": -1}, {"id_": 5, "mode_type_": 3, "asset_name_": "13_Arts_Strike_cancel", "logo_type_": -1}, {"id_": 6, "mode_type_": 0, "asset_name_": "13_Arts_Strike_cancel_04", "logo_type_": -1}, {"id_": 7, "mode_type_": 4, "asset_name_": "13_Arts_Strike_cancel_task2", "logo_type_": -1}, {"id_": 6, "mode_type_": 2, "asset_name_": "13_Arts_Strike_cancel_challenge", "logo_type_": 0}, {"id_": 7, "mode_type_": 0, "asset_name_": "13_Arts_Strike_cancel_05", "logo_type_": 1}]}, {"demo_table_id_": 202, "table_": [{"id_": 1, "mode_type_": 0, "asset_name_": "14_Arts_Shot_cancel_01", "logo_type_": -1}, {"id_": 2, "mode_type_": 4, "asset_name_": "14_Arts_Shot_cancel_task1", "logo_type_": -1}, {"id_": 3, "mode_type_": 3, "asset_name_": "14_Arts_Shot_cancel", "logo_type_": -1}, {"id_": 4, "mode_type_": 0, "asset_name_": "14_Arts_Shot_cancel_02", "logo_type_": -1}, {"id_": 5, "mode_type_": 4, "asset_name_": "14_Arts_Shot_cancel_task2", "logo_type_": -1}, {"id_": 6, "mode_type_": 2, "asset_name_": "14_Arts_Shot_cancel_challenge", "logo_type_": 0}, {"id_": 7, "mode_type_": 0, "asset_name_": "14_Arts_Shot_cancel_03", "logo_type_": 1}]}, {"demo_table_id_": 203, "table_": [{"id_": 1, "mode_type_": 0, "asset_name_": "15_Arts_Shot_cancel_Hard_01", "logo_type_": -1}, {"id_": 2, "mode_type_": 0, "asset_name_": "15_Arts_Shot_cancel_Hard_02", "logo_type_": -1}, {"id_": 3, "mode_type_": 0, "asset_name_": "15_Arts_Shot_cancel_Hard_03", "logo_type_": -1}, {"id_": 4, "mode_type_": 4, "asset_name_": "15_Arts_Shot_cancel_Hard_task1", "logo_type_": -1}, {"id_": 5, "mode_type_": 3, "asset_name_": "15_Arts_Shot_cancel_Hard", "logo_type_": -1}, {"id_": 6, "mode_type_": 0, "asset_name_": "15_Arts_Shot_cancel_Hard_04", "logo_type_": -1}, {"id_": 7, "mode_type_": 4, "asset_name_": "15_Arts_Shot_cancel_Hard_task2", "logo_type_": -1}, {"id_": 8, "mode_type_": 2, "asset_name_": "15_Arts_Shot_cancel_Hard_challenge", "logo_type_": 0}, {"id_": 9, "mode_type_": 0, "asset_name_": "15_Arts_Shot_cancel_Hard_05", "logo_type_": 1}]}, {"demo_table_id_": 204, "table_": [{"id_": 1, "mode_type_": 0, "asset_name_": "17_UltimateArtsCombo_01", "logo_type_": -1}, {"id_": 2, "mode_type_": 4, "asset_name_": "17_UltimateArtsCombo_task1", "logo_type_": -1}, {"id_": 3, "mode_type_": 3, "asset_name_": "17_UltimateArtsCombo", "logo_type_": -1}, {"id_": 4, "mode_type_": 0, "asset_name_": "17_UltimateArtsCombo_02", "logo_type_": -1}, {"id_": 5, "mode_type_": 4, "asset_name_": "17_UltimateArtsCombo_task2", "logo_type_": -1}, {"id_": 6, "mode_type_": 2, "asset_name_": "17_UltimateArtsCombo_challenge", "logo_type_": 0}, {"id_": 7, "mode_type_": 0, "asset_name_": "17_UltimateArtsCombo_03", "logo_type_": 1}]}, {"demo_table_id_": 205, "table_": [{"id_": 1, "mode_type_": 0, "asset_name_": "18_Character_change_combo_01", "logo_type_": -1}, {"id_": 2, "mode_type_": 4, "asset_name_": "18_Character_change_combo_task1", "logo_type_": -1}, {"id_": 3, "mode_type_": 3, "asset_name_": "18_Character_change_combo", "logo_type_": -1}, {"id_": 4, "mode_type_": 0, "asset_name_": "18_Character_change_combo_02", "logo_type_": -1}, {"id_": 5, "mode_type_": 4, "asset_name_": "18_Character_change_combo_task2", "logo_type_": -1}, {"id_": 6, "mode_type_": 2, "asset_name_": "18_Character_change_combo_challenge", "logo_type_": 0}, {"id_": 7, "mode_type_": 0, "asset_name_": "18_Character_change_combo_03", "logo_type_": 1}]}, {"demo_table_id_": 206, "table_": [{"id_": 1, "mode_type_": 0, "asset_name_": "19_Character_change_combo_Hard_01", "logo_type_": -1}, {"id_": 2, "mode_type_": 4, "asset_name_": "19_Character_change_combo_Hard_task1", "logo_type_": -1}, {"id_": 3, "mode_type_": 3, "asset_name_": "19_Character_change_combo_Hard", "logo_type_": -1}, {"id_": 4, "mode_type_": 0, "asset_name_": "19_Character_change_combo_Hard_02", "logo_type_": -1}, {"id_": 5, "mode_type_": 4, "asset_name_": "19_Character_change_combo_Hard_task2", "logo_type_": -1}, {"id_": 6, "mode_type_": 2, "asset_name_": "19_Character_change_combo_Hard_challenge", "logo_type_": 0}, {"id_": 7, "mode_type_": 0, "asset_name_": "19_Character_change_combo_Hard_03", "logo_type_": 1}]}, {"demo_table_id_": 207, "table_": [{"id_": 1, "mode_type_": 0, "asset_name_": "20_Character_change_01", "logo_type_": -1}, {"id_": 2, "mode_type_": 3, "asset_name_": "20_VanishChangeVanishing", "logo_type_": -1}, {"id_": 3, "mode_type_": 0, "asset_name_": "20_Character_change_02", "logo_type_": -1}, {"id_": 4, "mode_type_": 4, "asset_name_": "20_Character_change_task1", "logo_type_": -1}, {"id_": 5, "mode_type_": 2, "asset_name_": "20_VanishChangeVanishing_challenge", "logo_type_": 0}, {"id_": 6, "mode_type_": 0, "asset_name_": "20_Character_change_03", "logo_type_": 1}]}, {"demo_table_id_": 208, "table_": [{"id_": 1, "mode_type_": 0, "asset_name_": "21_Fastest_Dodge_01", "logo_type_": -1}, {"id_": 2, "mode_type_": 4, "asset_name_": "21_fastest dodge_task1", "logo_type_": -1}, {"id_": 3, "mode_type_": 1, "asset_name_": "21_fastest dodge", "logo_type_": -1}, {"id_": 4, "mode_type_": 0, "asset_name_": "21_Fastest_Dodge_02", "logo_type_": 0}, {"id_": 5, "mode_type_": 0, "asset_name_": "21_Fastest_Dodge_03", "logo_type_": 1}]}, {"demo_table_id_": 209, "table_": [{"id_": 1, "mode_type_": 0, "asset_name_": "22_RisingRush_Hit_Hard_01", "logo_type_": -1}, {"id_": 2, "mode_type_": 0, "asset_name_": "22_RisingRush_Hit_Hard_02", "logo_type_": -1}, {"id_": 3, "mode_type_": 0, "asset_name_": "22_RisingRush_Hit_Hard_03", "logo_type_": -1}, {"id_": 4, "mode_type_": 4, "asset_name_": "22_RisingRush_Hit_Hard_task1", "logo_type_": -1}, {"id_": 5, "mode_type_": 3, "asset_name_": "22_ArtsCounter_RisingRush_01", "logo_type_": -1}, {"id_": 6, "mode_type_": 0, "asset_name_": "22_RisingRush_Hit_Hard_04", "logo_type_": -1}, {"id_": 7, "mode_type_": 1, "asset_name_": "22_ArtsCounter_RisingRush_02", "logo_type_": -1}, {"id_": 8, "mode_type_": 0, "asset_name_": "22_RisingRush_Hit_Hard_05", "logo_type_": -1}, {"id_": 9, "mode_type_": 4, "asset_name_": "22_RisingRush_Hit_Hard_task2", "logo_type_": -1}, {"id_": 10, "mode_type_": 2, "asset_name_": "22_ArtsCounter_RisingRush_challenge", "logo_type_": 1}]}, {"demo_table_id_": 210, "table_": [{"id_": 1, "mode_type_": 0, "asset_name_": "23_UseExtraCover_01", "logo_type_": -1}, {"id_": 2, "mode_type_": 4, "asset_name_": "23_UseExtraCover_task1", "logo_type_": -1}, {"id_": 3, "mode_type_": 3, "asset_name_": "23_UseExtraCover", "logo_type_": -1}, {"id_": 4, "mode_type_": 0, "asset_name_": "23_UseExtraCover_02", "logo_type_": -1}, {"id_": 5, "mode_type_": 4, "asset_name_": "23_UseExtraCover_task2", "logo_type_": -1}, {"id_": 6, "mode_type_": 2, "asset_name_": "23_UseExtraCover_challenge", "logo_type_": 0}, {"id_": 7, "mode_type_": 0, "asset_name_": "23_UseExtraCover_03", "logo_type_": 1}]}, {"demo_table_id_": 211, "table_": [{"id_": 1, "mode_type_": 0, "asset_name_": "24_ExtraChange_measures_01", "logo_type_": -1}, {"id_": 2, "mode_type_": 4, "asset_name_": "24_ExtraChange_task1", "logo_type_": -1}, {"id_": 3, "mode_type_": 3, "asset_name_": "24_Special_cover_change_measures_01", "logo_type_": -1}, {"id_": 4, "mode_type_": 4, "asset_name_": "24_ExtraChange_task2", "logo_type_": -1}, {"id_": 5, "mode_type_": 1, "asset_name_": "24_Special_cover_change_measures_02", "logo_type_": -1}, {"id_": 6, "mode_type_": 0, "asset_name_": "24_ExtraChange_measures_02", "logo_type_": -1}, {"id_": 7, "mode_type_": 4, "asset_name_": "24_ExtraChange_task3", "logo_type_": -1}, {"id_": 8, "mode_type_": 2, "asset_name_": "24_Special_cover_change_measures_challenge", "logo_type_": 0}, {"id_": 9, "mode_type_": 0, "asset_name_": "24_ExtraChange_measures_03", "logo_type_": 1}]}, {"demo_table_id_": 212, "table_": [{"id_": 1, "mode_type_": 0, "asset_name_": "25_armor_01", "logo_type_": -1}, {"id_": 2, "mode_type_": 4, "asset_name_": "25_armor_task1", "logo_type_": -1}, {"id_": 3, "mode_type_": 3, "asset_name_": "25_Armor", "logo_type_": -1}, {"id_": 4, "mode_type_": 0, "asset_name_": "25_armor_02", "logo_type_": -1}, {"id_": 5, "mode_type_": 4, "asset_name_": "25_armor_task2", "logo_type_": -1}, {"id_": 6, "mode_type_": 2, "asset_name_": "25_Armor_challenge", "logo_type_": 0}, {"id_": 7, "mode_type_": 0, "asset_name_": "25_armor_03", "logo_type_": 1}]}, {"demo_table_id_": 213, "table_": [{"id_": 1, "mode_type_": 0, "asset_name_": "26_counter_01", "logo_type_": -1}, {"id_": 2, "mode_type_": 4, "asset_name_": "26_counter_task1", "logo_type_": -1}, {"id_": 3, "mode_type_": 3, "asset_name_": "26_Counter_ExtraArts", "logo_type_": -1}, {"id_": 4, "mode_type_": 0, "asset_name_": "26_counter_02", "logo_type_": -1}, {"id_": 5, "mode_type_": 4, "asset_name_": "26_counter_task2", "logo_type_": -1}, {"id_": 6, "mode_type_": 2, "asset_name_": "26_Counter_ExtraArts_challenge", "logo_type_": 0}, {"id_": 7, "mode_type_": 0, "asset_name_": "26_counter_03", "logo_type_": 1}]}, {"demo_table_id_": 214, "table_": [{"id_": 1, "mode_type_": 0, "asset_name_": "27_Arts_cancel_01", "logo_type_": -1}, {"id_": 2, "mode_type_": 4, "asset_name_": "27_Arts_cancel_task1", "logo_type_": -1}, {"id_": 3, "mode_type_": 3, "asset_name_": "27_ShotArts_SideStepRecovery", "logo_type_": -1}, {"id_": 4, "mode_type_": 0, "asset_name_": "27_Arts_cancel_02", "logo_type_": -1}, {"id_": 5, "mode_type_": 4, "asset_name_": "27_Arts_cancel_task2", "logo_type_": -1}, {"id_": 6, "mode_type_": 2, "asset_name_": "27_ShotArts_SideStepRecovery_challenge", "logo_type_": 0}, {"id_": 7, "mode_type_": 0, "asset_name_": "27_Arts_cancel_03", "logo_type_": 1}]}, {"demo_table_id_": 215, "table_": [{"id_": 1, "mode_type_": 0, "asset_name_": "16_Arts_Shot_cancel_Counter_01", "logo_type_": -1}, {"id_": 2, "mode_type_": 4, "asset_name_": "16_Arts_Shot_cancel_Counter_task1", "logo_type_": -1}, {"id_": 3, "mode_type_": 3, "asset_name_": "16_ShotArtsCounterCombo", "logo_type_": -1}, {"id_": 4, "mode_type_": 0, "asset_name_": "16_Arts_Shot_cancel_Counter_02", "logo_type_": -1}, {"id_": 5, "mode_type_": 4, "asset_name_": "16_Arts_Shot_cancel_Counter_task2", "logo_type_": -1}, {"id_": 6, "mode_type_": 2, "asset_name_": "16_ShotArtsCounterCombo_challenge", "logo_type_": 0}, {"id_": 7, "mode_type_": 0, "asset_name_": "16_Arts_Shot_cancel_Counter_03", "logo_type_": 1}]}]