[{"mission_set_id_": 2010, "mission_daily_id_": 0, "mission_id_": 1239}, {"mission_set_id_": 2010, "mission_daily_id_": 0, "mission_id_": 1240}, {"mission_set_id_": 2010, "mission_daily_id_": 0, "mission_id_": 1241}, {"mission_set_id_": 2010, "mission_daily_id_": 0, "mission_id_": 1242}, {"mission_set_id_": 2010, "mission_daily_id_": 0, "mission_id_": 1243}, {"mission_set_id_": 2010, "mission_daily_id_": 0, "mission_id_": 1244}, {"mission_set_id_": 2010, "mission_daily_id_": 0, "mission_id_": 1245}, {"mission_set_id_": 2010, "mission_daily_id_": 0, "mission_id_": 1246}, {"mission_set_id_": 2010, "mission_daily_id_": 0, "mission_id_": 1247}, {"mission_set_id_": 2010, "mission_daily_id_": 0, "mission_id_": 1248}, {"mission_set_id_": 2010, "mission_daily_id_": 0, "mission_id_": 1249}, {"mission_set_id_": 2010, "mission_daily_id_": 0, "mission_id_": 1250}, {"mission_set_id_": 2011, "mission_daily_id_": 0, "mission_id_": 1251}, {"mission_set_id_": 2011, "mission_daily_id_": 0, "mission_id_": 1252}, {"mission_set_id_": 2011, "mission_daily_id_": 0, "mission_id_": 1253}, {"mission_set_id_": 2011, "mission_daily_id_": 0, "mission_id_": 1254}, {"mission_set_id_": 2011, "mission_daily_id_": 0, "mission_id_": 1255}, {"mission_set_id_": 2011, "mission_daily_id_": 0, "mission_id_": 1256}, {"mission_set_id_": 2011, "mission_daily_id_": 0, "mission_id_": 1257}, {"mission_set_id_": 2011, "mission_daily_id_": 0, "mission_id_": 1258}, {"mission_set_id_": 2011, "mission_daily_id_": 0, "mission_id_": 1259}, {"mission_set_id_": 2011, "mission_daily_id_": 0, "mission_id_": 1260}, {"mission_set_id_": 2011, "mission_daily_id_": 0, "mission_id_": 1261}, {"mission_set_id_": 2011, "mission_daily_id_": 0, "mission_id_": 1262}, {"mission_set_id_": 2012, "mission_daily_id_": 0, "mission_id_": 1263}, {"mission_set_id_": 2012, "mission_daily_id_": 0, "mission_id_": 1264}, {"mission_set_id_": 2012, "mission_daily_id_": 0, "mission_id_": 1265}, {"mission_set_id_": 2012, "mission_daily_id_": 0, "mission_id_": 1266}, {"mission_set_id_": 2012, "mission_daily_id_": 0, "mission_id_": 1267}, {"mission_set_id_": 2012, "mission_daily_id_": 0, "mission_id_": 1268}, {"mission_set_id_": 2012, "mission_daily_id_": 0, "mission_id_": 1269}, {"mission_set_id_": 2012, "mission_daily_id_": 0, "mission_id_": 1270}, {"mission_set_id_": 2012, "mission_daily_id_": 0, "mission_id_": 1271}, {"mission_set_id_": 2012, "mission_daily_id_": 0, "mission_id_": 1272}, {"mission_set_id_": 2012, "mission_daily_id_": 0, "mission_id_": 1273}, {"mission_set_id_": 2012, "mission_daily_id_": 0, "mission_id_": 1274}, {"mission_set_id_": 2013, "mission_daily_id_": 0, "mission_id_": 1275}, {"mission_set_id_": 2013, "mission_daily_id_": 0, "mission_id_": 1276}, {"mission_set_id_": 2013, "mission_daily_id_": 0, "mission_id_": 1277}, {"mission_set_id_": 2013, "mission_daily_id_": 0, "mission_id_": 1278}, {"mission_set_id_": 2013, "mission_daily_id_": 0, "mission_id_": 1279}, {"mission_set_id_": 2013, "mission_daily_id_": 0, "mission_id_": 1280}, {"mission_set_id_": 2013, "mission_daily_id_": 0, "mission_id_": 1281}, {"mission_set_id_": 2013, "mission_daily_id_": 0, "mission_id_": 1282}, {"mission_set_id_": 2013, "mission_daily_id_": 0, "mission_id_": 1283}, {"mission_set_id_": 2013, "mission_daily_id_": 0, "mission_id_": 1284}, {"mission_set_id_": 2013, "mission_daily_id_": 0, "mission_id_": 1285}, {"mission_set_id_": 2014, "mission_daily_id_": 0, "mission_id_": 1286}, {"mission_set_id_": 2014, "mission_daily_id_": 0, "mission_id_": 1287}, {"mission_set_id_": 2014, "mission_daily_id_": 0, "mission_id_": 1288}, {"mission_set_id_": 2014, "mission_daily_id_": 0, "mission_id_": 1289}, {"mission_set_id_": 2014, "mission_daily_id_": 0, "mission_id_": 1290}, {"mission_set_id_": 2014, "mission_daily_id_": 0, "mission_id_": 1291}, {"mission_set_id_": 2014, "mission_daily_id_": 0, "mission_id_": 1292}, {"mission_set_id_": 2014, "mission_daily_id_": 0, "mission_id_": 1293}, {"mission_set_id_": 2014, "mission_daily_id_": 0, "mission_id_": 1294}, {"mission_set_id_": 2014, "mission_daily_id_": 0, "mission_id_": 1295}, {"mission_set_id_": 2014, "mission_daily_id_": 0, "mission_id_": 1296}, {"mission_set_id_": 2014, "mission_daily_id_": 0, "mission_id_": 1297}, {"mission_set_id_": 2015, "mission_daily_id_": 0, "mission_id_": 1298}, {"mission_set_id_": 2015, "mission_daily_id_": 0, "mission_id_": 1299}, {"mission_set_id_": 2015, "mission_daily_id_": 0, "mission_id_": 1300}, {"mission_set_id_": 2015, "mission_daily_id_": 0, "mission_id_": 1301}, {"mission_set_id_": 2015, "mission_daily_id_": 0, "mission_id_": 1302}, {"mission_set_id_": 2015, "mission_daily_id_": 0, "mission_id_": 1303}, {"mission_set_id_": 2015, "mission_daily_id_": 0, "mission_id_": 1304}, {"mission_set_id_": 2015, "mission_daily_id_": 0, "mission_id_": 1305}, {"mission_set_id_": 2015, "mission_daily_id_": 0, "mission_id_": 1306}, {"mission_set_id_": 2015, "mission_daily_id_": 0, "mission_id_": 1307}, {"mission_set_id_": 2015, "mission_daily_id_": 0, "mission_id_": 1308}, {"mission_set_id_": 2015, "mission_daily_id_": 0, "mission_id_": 1309}, {"mission_set_id_": 2016, "mission_daily_id_": 0, "mission_id_": 1310}, {"mission_set_id_": 2016, "mission_daily_id_": 0, "mission_id_": 1311}, {"mission_set_id_": 2016, "mission_daily_id_": 0, "mission_id_": 1312}, {"mission_set_id_": 2016, "mission_daily_id_": 0, "mission_id_": 1313}, {"mission_set_id_": 2016, "mission_daily_id_": 0, "mission_id_": 1314}, {"mission_set_id_": 2016, "mission_daily_id_": 0, "mission_id_": 1315}, {"mission_set_id_": 2016, "mission_daily_id_": 0, "mission_id_": 1316}, {"mission_set_id_": 2017, "mission_daily_id_": 0, "mission_id_": 1317}, {"mission_set_id_": 2017, "mission_daily_id_": 0, "mission_id_": 1318}, {"mission_set_id_": 2017, "mission_daily_id_": 0, "mission_id_": 1319}, {"mission_set_id_": 2017, "mission_daily_id_": 0, "mission_id_": 1320}, {"mission_set_id_": 2017, "mission_daily_id_": 0, "mission_id_": 1321}, {"mission_set_id_": 2017, "mission_daily_id_": 0, "mission_id_": 1322}, {"mission_set_id_": 2017, "mission_daily_id_": 0, "mission_id_": 1323}, {"mission_set_id_": 2018, "mission_daily_id_": 0, "mission_id_": 1324}, {"mission_set_id_": 2018, "mission_daily_id_": 0, "mission_id_": 1325}, {"mission_set_id_": 2018, "mission_daily_id_": 0, "mission_id_": 1326}, {"mission_set_id_": 2018, "mission_daily_id_": 0, "mission_id_": 1327}, {"mission_set_id_": 2018, "mission_daily_id_": 0, "mission_id_": 1328}, {"mission_set_id_": 2018, "mission_daily_id_": 0, "mission_id_": 1329}, {"mission_set_id_": 2018, "mission_daily_id_": 0, "mission_id_": 1330}, {"mission_set_id_": 2019, "mission_daily_id_": 0, "mission_id_": 1331}, {"mission_set_id_": 2019, "mission_daily_id_": 0, "mission_id_": 1332}, {"mission_set_id_": 2019, "mission_daily_id_": 0, "mission_id_": 1333}, {"mission_set_id_": 2019, "mission_daily_id_": 0, "mission_id_": 1334}, {"mission_set_id_": 2019, "mission_daily_id_": 0, "mission_id_": 1335}, {"mission_set_id_": 2019, "mission_daily_id_": 0, "mission_id_": 1336}, {"mission_set_id_": 2019, "mission_daily_id_": 0, "mission_id_": 1337}, {"mission_set_id_": 2020, "mission_daily_id_": 0, "mission_id_": 1338}, {"mission_set_id_": 2020, "mission_daily_id_": 0, "mission_id_": 1339}, {"mission_set_id_": 2020, "mission_daily_id_": 0, "mission_id_": 1340}, {"mission_set_id_": 2020, "mission_daily_id_": 0, "mission_id_": 1341}, {"mission_set_id_": 2020, "mission_daily_id_": 0, "mission_id_": 1342}, {"mission_set_id_": 2020, "mission_daily_id_": 0, "mission_id_": 1343}, {"mission_set_id_": 2020, "mission_daily_id_": 0, "mission_id_": 1344}, {"mission_set_id_": 2021, "mission_daily_id_": 0, "mission_id_": 1345}, {"mission_set_id_": 2021, "mission_daily_id_": 0, "mission_id_": 1346}, {"mission_set_id_": 2021, "mission_daily_id_": 0, "mission_id_": 1347}, {"mission_set_id_": 2021, "mission_daily_id_": 0, "mission_id_": 1348}, {"mission_set_id_": 2021, "mission_daily_id_": 0, "mission_id_": 1349}, {"mission_set_id_": 2021, "mission_daily_id_": 0, "mission_id_": 1350}, {"mission_set_id_": 2021, "mission_daily_id_": 0, "mission_id_": 1351}, {"mission_set_id_": 2022, "mission_daily_id_": 0, "mission_id_": 1352}, {"mission_set_id_": 2022, "mission_daily_id_": 0, "mission_id_": 1353}, {"mission_set_id_": 2022, "mission_daily_id_": 0, "mission_id_": 1354}, {"mission_set_id_": 2022, "mission_daily_id_": 0, "mission_id_": 1355}, {"mission_set_id_": 2022, "mission_daily_id_": 0, "mission_id_": 1356}, {"mission_set_id_": 2022, "mission_daily_id_": 0, "mission_id_": 1357}, {"mission_set_id_": 2022, "mission_daily_id_": 0, "mission_id_": 1358}, {"mission_set_id_": 2023, "mission_daily_id_": 0, "mission_id_": 1359}, {"mission_set_id_": 2023, "mission_daily_id_": 0, "mission_id_": 1360}, {"mission_set_id_": 2023, "mission_daily_id_": 0, "mission_id_": 1361}, {"mission_set_id_": 2023, "mission_daily_id_": 0, "mission_id_": 1362}, {"mission_set_id_": 2023, "mission_daily_id_": 0, "mission_id_": 1363}, {"mission_set_id_": 2023, "mission_daily_id_": 0, "mission_id_": 1364}, {"mission_set_id_": 2023, "mission_daily_id_": 0, "mission_id_": 1365}, {"mission_set_id_": 2023, "mission_daily_id_": 0, "mission_id_": 1366}, {"mission_set_id_": 2024, "mission_daily_id_": 0, "mission_id_": 1367}, {"mission_set_id_": 2024, "mission_daily_id_": 0, "mission_id_": 1368}, {"mission_set_id_": 2024, "mission_daily_id_": 0, "mission_id_": 1369}, {"mission_set_id_": 2024, "mission_daily_id_": 0, "mission_id_": 1370}, {"mission_set_id_": 2024, "mission_daily_id_": 0, "mission_id_": 1371}, {"mission_set_id_": 2024, "mission_daily_id_": 0, "mission_id_": 1372}, {"mission_set_id_": 2024, "mission_daily_id_": 0, "mission_id_": 1373}, {"mission_set_id_": 2025, "mission_daily_id_": 0, "mission_id_": 1374}, {"mission_set_id_": 2025, "mission_daily_id_": 0, "mission_id_": 1375}, {"mission_set_id_": 2025, "mission_daily_id_": 0, "mission_id_": 1376}, {"mission_set_id_": 2025, "mission_daily_id_": 0, "mission_id_": 1377}, {"mission_set_id_": 2025, "mission_daily_id_": 0, "mission_id_": 1378}, {"mission_set_id_": 2025, "mission_daily_id_": 0, "mission_id_": 1379}, {"mission_set_id_": 2025, "mission_daily_id_": 0, "mission_id_": 1380}, {"mission_set_id_": 2025, "mission_daily_id_": 0, "mission_id_": 1381}, {"mission_set_id_": 2026, "mission_daily_id_": 0, "mission_id_": 1382}, {"mission_set_id_": 2026, "mission_daily_id_": 0, "mission_id_": 1383}, {"mission_set_id_": 2026, "mission_daily_id_": 0, "mission_id_": 1384}, {"mission_set_id_": 2026, "mission_daily_id_": 0, "mission_id_": 1385}, {"mission_set_id_": 2026, "mission_daily_id_": 0, "mission_id_": 1386}, {"mission_set_id_": 2026, "mission_daily_id_": 0, "mission_id_": 1387}, {"mission_set_id_": 2026, "mission_daily_id_": 0, "mission_id_": 1388}, {"mission_set_id_": 2026, "mission_daily_id_": 0, "mission_id_": 1389}, {"mission_set_id_": 2026, "mission_daily_id_": 0, "mission_id_": 1390}, {"mission_set_id_": 2027, "mission_daily_id_": 0, "mission_id_": 1391}, {"mission_set_id_": 2027, "mission_daily_id_": 0, "mission_id_": 1392}, {"mission_set_id_": 2027, "mission_daily_id_": 0, "mission_id_": 1393}, {"mission_set_id_": 2027, "mission_daily_id_": 0, "mission_id_": 1394}, {"mission_set_id_": 2027, "mission_daily_id_": 0, "mission_id_": 1395}, {"mission_set_id_": 2027, "mission_daily_id_": 0, "mission_id_": 1396}, {"mission_set_id_": 2027, "mission_daily_id_": 0, "mission_id_": 1397}, {"mission_set_id_": 2027, "mission_daily_id_": 0, "mission_id_": 1398}, {"mission_set_id_": 2028, "mission_daily_id_": 0, "mission_id_": 1399}, {"mission_set_id_": 2028, "mission_daily_id_": 0, "mission_id_": 1400}, {"mission_set_id_": 2028, "mission_daily_id_": 0, "mission_id_": 1401}, {"mission_set_id_": 2028, "mission_daily_id_": 0, "mission_id_": 1402}, {"mission_set_id_": 2028, "mission_daily_id_": 0, "mission_id_": 1403}, {"mission_set_id_": 2028, "mission_daily_id_": 0, "mission_id_": 1404}, {"mission_set_id_": 2028, "mission_daily_id_": 0, "mission_id_": 1405}, {"mission_set_id_": 2028, "mission_daily_id_": 0, "mission_id_": 1406}, {"mission_set_id_": 2029, "mission_daily_id_": 0, "mission_id_": 1407}, {"mission_set_id_": 2029, "mission_daily_id_": 0, "mission_id_": 1408}, {"mission_set_id_": 2029, "mission_daily_id_": 0, "mission_id_": 1409}, {"mission_set_id_": 2029, "mission_daily_id_": 0, "mission_id_": 1410}, {"mission_set_id_": 2029, "mission_daily_id_": 0, "mission_id_": 1411}, {"mission_set_id_": 2029, "mission_daily_id_": 0, "mission_id_": 1412}, {"mission_set_id_": 2029, "mission_daily_id_": 0, "mission_id_": 1413}, {"mission_set_id_": 2029, "mission_daily_id_": 0, "mission_id_": 1414}, {"mission_set_id_": 2030, "mission_daily_id_": 0, "mission_id_": 1415}, {"mission_set_id_": 2030, "mission_daily_id_": 0, "mission_id_": 1416}, {"mission_set_id_": 2030, "mission_daily_id_": 0, "mission_id_": 1417}, {"mission_set_id_": 2030, "mission_daily_id_": 0, "mission_id_": 1418}, {"mission_set_id_": 2030, "mission_daily_id_": 0, "mission_id_": 1419}, {"mission_set_id_": 2030, "mission_daily_id_": 0, "mission_id_": 1420}, {"mission_set_id_": 2030, "mission_daily_id_": 0, "mission_id_": 1421}, {"mission_set_id_": 2030, "mission_daily_id_": 0, "mission_id_": 1422}, {"mission_set_id_": 2030, "mission_daily_id_": 0, "mission_id_": 1423}, {"mission_set_id_": 2031, "mission_daily_id_": 0, "mission_id_": 1424}, {"mission_set_id_": 2031, "mission_daily_id_": 0, "mission_id_": 1425}, {"mission_set_id_": 2031, "mission_daily_id_": 0, "mission_id_": 1426}, {"mission_set_id_": 2031, "mission_daily_id_": 0, "mission_id_": 1427}, {"mission_set_id_": 2031, "mission_daily_id_": 0, "mission_id_": 1428}, {"mission_set_id_": 2031, "mission_daily_id_": 0, "mission_id_": 1429}, {"mission_set_id_": 2031, "mission_daily_id_": 0, "mission_id_": 1430}, {"mission_set_id_": 2032, "mission_daily_id_": 0, "mission_id_": 1432}, {"mission_set_id_": 2032, "mission_daily_id_": 0, "mission_id_": 1433}, {"mission_set_id_": 2032, "mission_daily_id_": 0, "mission_id_": 1434}, {"mission_set_id_": 2032, "mission_daily_id_": 0, "mission_id_": 1435}, {"mission_set_id_": 2032, "mission_daily_id_": 0, "mission_id_": 1436}, {"mission_set_id_": 2032, "mission_daily_id_": 0, "mission_id_": 1437}, {"mission_set_id_": 2033, "mission_daily_id_": 0, "mission_id_": 1439}, {"mission_set_id_": 2033, "mission_daily_id_": 0, "mission_id_": 1440}, {"mission_set_id_": 2033, "mission_daily_id_": 0, "mission_id_": 1441}, {"mission_set_id_": 2033, "mission_daily_id_": 0, "mission_id_": 1442}, {"mission_set_id_": 2033, "mission_daily_id_": 0, "mission_id_": 1443}, {"mission_set_id_": 2033, "mission_daily_id_": 0, "mission_id_": 1444}, {"mission_set_id_": 2034, "mission_daily_id_": 0, "mission_id_": 1446}, {"mission_set_id_": 2034, "mission_daily_id_": 0, "mission_id_": 1447}, {"mission_set_id_": 2034, "mission_daily_id_": 0, "mission_id_": 1448}, {"mission_set_id_": 2034, "mission_daily_id_": 0, "mission_id_": 1449}, {"mission_set_id_": 2034, "mission_daily_id_": 0, "mission_id_": 1450}, {"mission_set_id_": 2034, "mission_daily_id_": 0, "mission_id_": 1451}, {"mission_set_id_": 2035, "mission_daily_id_": 0, "mission_id_": 1453}, {"mission_set_id_": 2035, "mission_daily_id_": 0, "mission_id_": 1454}, {"mission_set_id_": 2035, "mission_daily_id_": 0, "mission_id_": 1455}, {"mission_set_id_": 2035, "mission_daily_id_": 0, "mission_id_": 1456}, {"mission_set_id_": 2035, "mission_daily_id_": 0, "mission_id_": 1457}, {"mission_set_id_": 2035, "mission_daily_id_": 0, "mission_id_": 1458}, {"mission_set_id_": 2036, "mission_daily_id_": 0, "mission_id_": 1460}, {"mission_set_id_": 2036, "mission_daily_id_": 0, "mission_id_": 1461}, {"mission_set_id_": 2036, "mission_daily_id_": 0, "mission_id_": 1462}, {"mission_set_id_": 2036, "mission_daily_id_": 0, "mission_id_": 1463}, {"mission_set_id_": 2036, "mission_daily_id_": 0, "mission_id_": 1464}, {"mission_set_id_": 2036, "mission_daily_id_": 0, "mission_id_": 1465}, {"mission_set_id_": 2037, "mission_daily_id_": 0, "mission_id_": 1467}, {"mission_set_id_": 2037, "mission_daily_id_": 0, "mission_id_": 1468}, {"mission_set_id_": 2037, "mission_daily_id_": 0, "mission_id_": 1469}, {"mission_set_id_": 2037, "mission_daily_id_": 0, "mission_id_": 1470}, {"mission_set_id_": 2037, "mission_daily_id_": 0, "mission_id_": 1471}, {"mission_set_id_": 2037, "mission_daily_id_": 0, "mission_id_": 1472}, {"mission_set_id_": 2038, "mission_daily_id_": 0, "mission_id_": 1474}, {"mission_set_id_": 2038, "mission_daily_id_": 0, "mission_id_": 1475}, {"mission_set_id_": 2038, "mission_daily_id_": 0, "mission_id_": 1476}, {"mission_set_id_": 2038, "mission_daily_id_": 0, "mission_id_": 1477}, {"mission_set_id_": 2038, "mission_daily_id_": 0, "mission_id_": 1478}, {"mission_set_id_": 2038, "mission_daily_id_": 0, "mission_id_": 1479}, {"mission_set_id_": 2039, "mission_daily_id_": 0, "mission_id_": 1481}, {"mission_set_id_": 2039, "mission_daily_id_": 0, "mission_id_": 1482}, {"mission_set_id_": 2039, "mission_daily_id_": 0, "mission_id_": 1483}, {"mission_set_id_": 2039, "mission_daily_id_": 0, "mission_id_": 1484}, {"mission_set_id_": 2039, "mission_daily_id_": 0, "mission_id_": 1485}, {"mission_set_id_": 2039, "mission_daily_id_": 0, "mission_id_": 1486}, {"mission_set_id_": 2040, "mission_daily_id_": 0, "mission_id_": 1488}, {"mission_set_id_": 2040, "mission_daily_id_": 0, "mission_id_": 1489}, {"mission_set_id_": 2040, "mission_daily_id_": 0, "mission_id_": 1490}, {"mission_set_id_": 2040, "mission_daily_id_": 0, "mission_id_": 1491}, {"mission_set_id_": 2040, "mission_daily_id_": 0, "mission_id_": 1492}, {"mission_set_id_": 2040, "mission_daily_id_": 0, "mission_id_": 1493}, {"mission_set_id_": 2041, "mission_daily_id_": 0, "mission_id_": 1495}, {"mission_set_id_": 2041, "mission_daily_id_": 0, "mission_id_": 1496}, {"mission_set_id_": 2041, "mission_daily_id_": 0, "mission_id_": 1497}, {"mission_set_id_": 2041, "mission_daily_id_": 0, "mission_id_": 1498}, {"mission_set_id_": 2041, "mission_daily_id_": 0, "mission_id_": 1499}, {"mission_set_id_": 2041, "mission_daily_id_": 0, "mission_id_": 1500}, {"mission_set_id_": 2042, "mission_daily_id_": 0, "mission_id_": 1502}, {"mission_set_id_": 2042, "mission_daily_id_": 0, "mission_id_": 1503}, {"mission_set_id_": 2042, "mission_daily_id_": 0, "mission_id_": 1504}, {"mission_set_id_": 2042, "mission_daily_id_": 0, "mission_id_": 1505}, {"mission_set_id_": 2042, "mission_daily_id_": 0, "mission_id_": 1506}, {"mission_set_id_": 2042, "mission_daily_id_": 0, "mission_id_": 1507}, {"mission_set_id_": 2043, "mission_daily_id_": 0, "mission_id_": 1509}, {"mission_set_id_": 2043, "mission_daily_id_": 0, "mission_id_": 1510}, {"mission_set_id_": 2043, "mission_daily_id_": 0, "mission_id_": 1511}, {"mission_set_id_": 2043, "mission_daily_id_": 0, "mission_id_": 1512}, {"mission_set_id_": 2043, "mission_daily_id_": 0, "mission_id_": 1513}, {"mission_set_id_": 2043, "mission_daily_id_": 0, "mission_id_": 1514}, {"mission_set_id_": 2044, "mission_daily_id_": 0, "mission_id_": 1516}, {"mission_set_id_": 2044, "mission_daily_id_": 0, "mission_id_": 1517}, {"mission_set_id_": 2044, "mission_daily_id_": 0, "mission_id_": 1518}, {"mission_set_id_": 2044, "mission_daily_id_": 0, "mission_id_": 1519}, {"mission_set_id_": 2044, "mission_daily_id_": 0, "mission_id_": 1520}, {"mission_set_id_": 2044, "mission_daily_id_": 0, "mission_id_": 1521}]