[{"missionplan_id_": 1, "missionplan_group_id_": 1, "stampsheet_type_": -1, "order_num_": 1, "icon_name_": "pvp", "missionplan_name_": 10000, "missionplan_explain_name_": 8515, "missionplan_difficulty_level_": 5, "missionplan_reward_level_": 5, "missionplan_unlock_type_": 2, "missionplan_limittime_": 336, "complete_end_flag_": 0, "mission_set_id_": 10000, "missionplan_freereward_id_": 1001, "missionplan_premiumreward_id_": 5001, "start_date_": "1900/1/1  0:00:00", "end_date_": "2100/1/1  0:00:00"}, {"missionplan_id_": 2, "missionplan_group_id_": 1, "stampsheet_type_": -1, "order_num_": 2, "icon_name_": "pve", "missionplan_name_": 10001, "missionplan_explain_name_": 8516, "missionplan_difficulty_level_": 3, "missionplan_reward_level_": 4, "missionplan_unlock_type_": 2, "missionplan_limittime_": 336, "complete_end_flag_": 0, "mission_set_id_": 10001, "missionplan_freereward_id_": 1002, "missionplan_premiumreward_id_": 5002, "start_date_": "1900/1/1  0:00:00", "end_date_": "2100/1/1  0:00:00"}, {"missionplan_id_": 3, "missionplan_group_id_": 1, "stampsheet_type_": -1, "order_num_": 3, "icon_name_": "easy", "missionplan_name_": 10002, "missionplan_explain_name_": 8517, "missionplan_difficulty_level_": 1, "missionplan_reward_level_": 3, "missionplan_unlock_type_": 2, "missionplan_limittime_": 336, "complete_end_flag_": 0, "mission_set_id_": 10002, "missionplan_freereward_id_": 1003, "missionplan_premiumreward_id_": 5003, "start_date_": "1900/1/1  0:00:00", "end_date_": "2100/1/1  0:00:00"}, {"missionplan_id_": 100, "missionplan_group_id_": 100, "stampsheet_type_": 1, "order_num_": 1, "icon_name_": "easy", "missionplan_name_": 10003, "missionplan_explain_name_": 8517, "missionplan_difficulty_level_": 1, "missionplan_reward_level_": 3, "missionplan_unlock_type_": 3, "missionplan_limittime_": 360, "complete_end_flag_": 1, "mission_set_id_": -1, "missionplan_freereward_id_": 10000, "missionplan_premiumreward_id_": -1, "start_date_": "2022/3/16  15:00:00", "end_date_": "2100/1/1  0:00:00"}]