[{"mission_condition_id_": 0, "mission_condition_text_id_": 0, "update_func_type_": 0, "update_mode_type_": 0}, {"mission_condition_id_": 1, "mission_condition_text_id_": 1, "update_func_type_": 1, "update_mode_type_": 0}, {"mission_condition_id_": 2, "mission_condition_text_id_": 2, "update_func_type_": 1, "update_mode_type_": 0}, {"mission_condition_id_": 3, "mission_condition_text_id_": 3, "update_func_type_": 0, "update_mode_type_": 0}, {"mission_condition_id_": 4, "mission_condition_text_id_": 4, "update_func_type_": 0, "update_mode_type_": 0}, {"mission_condition_id_": 5, "mission_condition_text_id_": 5, "update_func_type_": 0, "update_mode_type_": 0}, {"mission_condition_id_": 6, "mission_condition_text_id_": 6, "update_func_type_": 0, "update_mode_type_": 0}, {"mission_condition_id_": 7, "mission_condition_text_id_": 7, "update_func_type_": 0, "update_mode_type_": 0}, {"mission_condition_id_": 8, "mission_condition_text_id_": 8, "update_func_type_": 0, "update_mode_type_": 0}, {"mission_condition_id_": 9, "mission_condition_text_id_": 9, "update_func_type_": 0, "update_mode_type_": 0}, {"mission_condition_id_": 10, "mission_condition_text_id_": 10, "update_func_type_": 0, "update_mode_type_": 0}, {"mission_condition_id_": 11, "mission_condition_text_id_": 11, "update_func_type_": 0, "update_mode_type_": 0}, {"mission_condition_id_": 12, "mission_condition_text_id_": 12, "update_func_type_": 0, "update_mode_type_": 0}, {"mission_condition_id_": 13, "mission_condition_text_id_": 13, "update_func_type_": 0, "update_mode_type_": 0}, {"mission_condition_id_": 14, "mission_condition_text_id_": 14, "update_func_type_": 0, "update_mode_type_": 0}, {"mission_condition_id_": 15, "mission_condition_text_id_": 15, "update_func_type_": 0, "update_mode_type_": 0}, {"mission_condition_id_": 16, "mission_condition_text_id_": 16, "update_func_type_": 0, "update_mode_type_": 0}, {"mission_condition_id_": 17, "mission_condition_text_id_": 17, "update_func_type_": 0, "update_mode_type_": 0}, {"mission_condition_id_": 18, "mission_condition_text_id_": 18, "update_func_type_": 0, "update_mode_type_": 0}, {"mission_condition_id_": 19, "mission_condition_text_id_": 19, "update_func_type_": 0, "update_mode_type_": 0}, {"mission_condition_id_": 20, "mission_condition_text_id_": 20, "update_func_type_": 0, "update_mode_type_": 0}, {"mission_condition_id_": 21, "mission_condition_text_id_": 21, "update_func_type_": 0, "update_mode_type_": 0}, {"mission_condition_id_": 22, "mission_condition_text_id_": 22, "update_func_type_": 0, "update_mode_type_": 0}, {"mission_condition_id_": 23, "mission_condition_text_id_": 23, "update_func_type_": 0, "update_mode_type_": 0}, {"mission_condition_id_": 24, "mission_condition_text_id_": 24, "update_func_type_": 0, "update_mode_type_": 0}, {"mission_condition_id_": 25, "mission_condition_text_id_": 25, "update_func_type_": 0, "update_mode_type_": 0}, {"mission_condition_id_": 26, "mission_condition_text_id_": 26, "update_func_type_": 0, "update_mode_type_": 0}, {"mission_condition_id_": 27, "mission_condition_text_id_": 27, "update_func_type_": 0, "update_mode_type_": 0}, {"mission_condition_id_": 28, "mission_condition_text_id_": 28, "update_func_type_": 0, "update_mode_type_": 0}, {"mission_condition_id_": 29, "mission_condition_text_id_": 29, "update_func_type_": 0, "update_mode_type_": 0}, {"mission_condition_id_": 30, "mission_condition_text_id_": 30, "update_func_type_": 0, "update_mode_type_": 0}, {"mission_condition_id_": 31, "mission_condition_text_id_": 31, "update_func_type_": 0, "update_mode_type_": 0}, {"mission_condition_id_": 32, "mission_condition_text_id_": 32, "update_func_type_": 0, "update_mode_type_": 0}, {"mission_condition_id_": 33, "mission_condition_text_id_": 33, "update_func_type_": 0, "update_mode_type_": 0}, {"mission_condition_id_": 34, "mission_condition_text_id_": 34, "update_func_type_": 0, "update_mode_type_": 0}, {"mission_condition_id_": 35, "mission_condition_text_id_": 35, "update_func_type_": 0, "update_mode_type_": 0}, {"mission_condition_id_": 36, "mission_condition_text_id_": 36, "update_func_type_": 0, "update_mode_type_": 0}, {"mission_condition_id_": 37, "mission_condition_text_id_": 37, "update_func_type_": 0, "update_mode_type_": 0}, {"mission_condition_id_": 38, "mission_condition_text_id_": 38, "update_func_type_": 0, "update_mode_type_": 0}, {"mission_condition_id_": 39, "mission_condition_text_id_": 39, "update_func_type_": 0, "update_mode_type_": 0}, {"mission_condition_id_": 40, "mission_condition_text_id_": 40, "update_func_type_": 0, "update_mode_type_": 0}, {"mission_condition_id_": 41, "mission_condition_text_id_": 41, "update_func_type_": 0, "update_mode_type_": 0}, {"mission_condition_id_": 42, "mission_condition_text_id_": 42, "update_func_type_": 0, "update_mode_type_": 0}, {"mission_condition_id_": 43, "mission_condition_text_id_": 43, "update_func_type_": 0, "update_mode_type_": 0}, {"mission_condition_id_": 44, "mission_condition_text_id_": 44, "update_func_type_": 0, "update_mode_type_": 0}, {"mission_condition_id_": 45, "mission_condition_text_id_": 45, "update_func_type_": 0, "update_mode_type_": 0}, {"mission_condition_id_": 46, "mission_condition_text_id_": 46, "update_func_type_": 0, "update_mode_type_": 0}, {"mission_condition_id_": 47, "mission_condition_text_id_": 47, "update_func_type_": 0, "update_mode_type_": 0}, {"mission_condition_id_": 48, "mission_condition_text_id_": 48, "update_func_type_": 0, "update_mode_type_": 0}, {"mission_condition_id_": 49, "mission_condition_text_id_": 49, "update_func_type_": 0, "update_mode_type_": 0}, {"mission_condition_id_": 50, "mission_condition_text_id_": 50, "update_func_type_": 0, "update_mode_type_": 0}, {"mission_condition_id_": 51, "mission_condition_text_id_": 51, "update_func_type_": 0, "update_mode_type_": 0}, {"mission_condition_id_": 52, "mission_condition_text_id_": 52, "update_func_type_": 0, "update_mode_type_": 0}, {"mission_condition_id_": 53, "mission_condition_text_id_": 53, "update_func_type_": 0, "update_mode_type_": 0}, {"mission_condition_id_": 54, "mission_condition_text_id_": 54, "update_func_type_": 0, "update_mode_type_": 0}, {"mission_condition_id_": 55, "mission_condition_text_id_": 55, "update_func_type_": 0, "update_mode_type_": 0}, {"mission_condition_id_": 56, "mission_condition_text_id_": 56, "update_func_type_": 0, "update_mode_type_": 0}, {"mission_condition_id_": 57, "mission_condition_text_id_": 57, "update_func_type_": 0, "update_mode_type_": 0}, {"mission_condition_id_": 58, "mission_condition_text_id_": 58, "update_func_type_": 0, "update_mode_type_": 0}, {"mission_condition_id_": 59, "mission_condition_text_id_": 59, "update_func_type_": 0, "update_mode_type_": 0}, {"mission_condition_id_": 60, "mission_condition_text_id_": 60, "update_func_type_": 0, "update_mode_type_": 0}, {"mission_condition_id_": 61, "mission_condition_text_id_": 61, "update_func_type_": 0, "update_mode_type_": 0}, {"mission_condition_id_": 62, "mission_condition_text_id_": 62, "update_func_type_": 0, "update_mode_type_": 0}, {"mission_condition_id_": 63, "mission_condition_text_id_": 63, "update_func_type_": 0, "update_mode_type_": 0}, {"mission_condition_id_": 64, "mission_condition_text_id_": 64, "update_func_type_": 0, "update_mode_type_": 0}, {"mission_condition_id_": 65, "mission_condition_text_id_": 65, "update_func_type_": 0, "update_mode_type_": 0}, {"mission_condition_id_": 66, "mission_condition_text_id_": 66, "update_func_type_": 0, "update_mode_type_": 0}, {"mission_condition_id_": 67, "mission_condition_text_id_": 67, "update_func_type_": 0, "update_mode_type_": 0}, {"mission_condition_id_": 68, "mission_condition_text_id_": 68, "update_func_type_": 0, "update_mode_type_": 0}, {"mission_condition_id_": 69, "mission_condition_text_id_": 69, "update_func_type_": 0, "update_mode_type_": 0}, {"mission_condition_id_": 70, "mission_condition_text_id_": 70, "update_func_type_": 0, "update_mode_type_": 0}, {"mission_condition_id_": 71, "mission_condition_text_id_": 71, "update_func_type_": 0, "update_mode_type_": 0}, {"mission_condition_id_": 72, "mission_condition_text_id_": 72, "update_func_type_": 0, "update_mode_type_": 0}, {"mission_condition_id_": 73, "mission_condition_text_id_": 73, "update_func_type_": 0, "update_mode_type_": 0}, {"mission_condition_id_": 74, "mission_condition_text_id_": 74, "update_func_type_": 0, "update_mode_type_": 0}, {"mission_condition_id_": 75, "mission_condition_text_id_": 75, "update_func_type_": 0, "update_mode_type_": 0}, {"mission_condition_id_": 76, "mission_condition_text_id_": 76, "update_func_type_": 0, "update_mode_type_": 0}, {"mission_condition_id_": 77, "mission_condition_text_id_": 77, "update_func_type_": 0, "update_mode_type_": 0}, {"mission_condition_id_": 78, "mission_condition_text_id_": 78, "update_func_type_": 0, "update_mode_type_": 0}, {"mission_condition_id_": 79, "mission_condition_text_id_": 79, "update_func_type_": 0, "update_mode_type_": 0}, {"mission_condition_id_": 80, "mission_condition_text_id_": 80, "update_func_type_": 0, "update_mode_type_": 0}, {"mission_condition_id_": 81, "mission_condition_text_id_": 81, "update_func_type_": 0, "update_mode_type_": 0}, {"mission_condition_id_": 82, "mission_condition_text_id_": 82, "update_func_type_": 0, "update_mode_type_": 0}, {"mission_condition_id_": 83, "mission_condition_text_id_": 83, "update_func_type_": 0, "update_mode_type_": 0}, {"mission_condition_id_": 84, "mission_condition_text_id_": 84, "update_func_type_": 0, "update_mode_type_": 0}, {"mission_condition_id_": 85, "mission_condition_text_id_": 85, "update_func_type_": 0, "update_mode_type_": 0}, {"mission_condition_id_": 86, "mission_condition_text_id_": 86, "update_func_type_": 0, "update_mode_type_": 0}, {"mission_condition_id_": 87, "mission_condition_text_id_": 87, "update_func_type_": 0, "update_mode_type_": 0}, {"mission_condition_id_": 88, "mission_condition_text_id_": 88, "update_func_type_": 0, "update_mode_type_": 0}, {"mission_condition_id_": 89, "mission_condition_text_id_": 89, "update_func_type_": 0, "update_mode_type_": 0}, {"mission_condition_id_": 90, "mission_condition_text_id_": 90, "update_func_type_": 0, "update_mode_type_": 0}, {"mission_condition_id_": 91, "mission_condition_text_id_": 91, "update_func_type_": 0, "update_mode_type_": 0}, {"mission_condition_id_": 92, "mission_condition_text_id_": 92, "update_func_type_": 1, "update_mode_type_": 0}, {"mission_condition_id_": 93, "mission_condition_text_id_": 93, "update_func_type_": 1, "update_mode_type_": 0}, {"mission_condition_id_": 94, "mission_condition_text_id_": 94, "update_func_type_": 0, "update_mode_type_": 0}, {"mission_condition_id_": 95, "mission_condition_text_id_": 95, "update_func_type_": 0, "update_mode_type_": 0}, {"mission_condition_id_": 96, "mission_condition_text_id_": 96, "update_func_type_": 0, "update_mode_type_": 0}, {"mission_condition_id_": 97, "mission_condition_text_id_": 97, "update_func_type_": 0, "update_mode_type_": 0}, {"mission_condition_id_": 98, "mission_condition_text_id_": 98, "update_func_type_": 0, "update_mode_type_": 0}, {"mission_condition_id_": 99, "mission_condition_text_id_": 99, "update_func_type_": 0, "update_mode_type_": 0}, {"mission_condition_id_": 100, "mission_condition_text_id_": 100, "update_func_type_": 0, "update_mode_type_": 0}, {"mission_condition_id_": 101, "mission_condition_text_id_": 101, "update_func_type_": 0, "update_mode_type_": 0}, {"mission_condition_id_": 102, "mission_condition_text_id_": 102, "update_func_type_": 0, "update_mode_type_": 0}, {"mission_condition_id_": 103, "mission_condition_text_id_": 103, "update_func_type_": 0, "update_mode_type_": 0}, {"mission_condition_id_": 104, "mission_condition_text_id_": 104, "update_func_type_": 0, "update_mode_type_": 0}, {"mission_condition_id_": 105, "mission_condition_text_id_": 105, "update_func_type_": 0, "update_mode_type_": 0}, {"mission_condition_id_": 106, "mission_condition_text_id_": 106, "update_func_type_": 0, "update_mode_type_": 0}, {"mission_condition_id_": 107, "mission_condition_text_id_": 107, "update_func_type_": 0, "update_mode_type_": 0}, {"mission_condition_id_": 108, "mission_condition_text_id_": 108, "update_func_type_": 0, "update_mode_type_": 0}, {"mission_condition_id_": 109, "mission_condition_text_id_": 109, "update_func_type_": 1, "update_mode_type_": 0}, {"mission_condition_id_": 110, "mission_condition_text_id_": 110, "update_func_type_": 0, "update_mode_type_": 0}, {"mission_condition_id_": 111, "mission_condition_text_id_": 111, "update_func_type_": 0, "update_mode_type_": 0}, {"mission_condition_id_": 112, "mission_condition_text_id_": 112, "update_func_type_": 0, "update_mode_type_": 0}, {"mission_condition_id_": 113, "mission_condition_text_id_": 113, "update_func_type_": 0, "update_mode_type_": 0}, {"mission_condition_id_": 114, "mission_condition_text_id_": 114, "update_func_type_": 0, "update_mode_type_": 0}, {"mission_condition_id_": 115, "mission_condition_text_id_": 115, "update_func_type_": 0, "update_mode_type_": 0}, {"mission_condition_id_": 116, "mission_condition_text_id_": 116, "update_func_type_": 0, "update_mode_type_": 0}, {"mission_condition_id_": 117, "mission_condition_text_id_": 117, "update_func_type_": 0, "update_mode_type_": 0}, {"mission_condition_id_": 118, "mission_condition_text_id_": 118, "update_func_type_": 0, "update_mode_type_": 0}, {"mission_condition_id_": 119, "mission_condition_text_id_": 119, "update_func_type_": 0, "update_mode_type_": 0}, {"mission_condition_id_": 120, "mission_condition_text_id_": 120, "update_func_type_": 0, "update_mode_type_": 0}, {"mission_condition_id_": 121, "mission_condition_text_id_": 121, "update_func_type_": 0, "update_mode_type_": 0}, {"mission_condition_id_": 122, "mission_condition_text_id_": 122, "update_func_type_": 0, "update_mode_type_": 0}, {"mission_condition_id_": 123, "mission_condition_text_id_": 123, "update_func_type_": 0, "update_mode_type_": 0}, {"mission_condition_id_": 124, "mission_condition_text_id_": 124, "update_func_type_": 0, "update_mode_type_": 0}, {"mission_condition_id_": 125, "mission_condition_text_id_": 125, "update_func_type_": 0, "update_mode_type_": 0}, {"mission_condition_id_": 126, "mission_condition_text_id_": 126, "update_func_type_": 0, "update_mode_type_": 0}, {"mission_condition_id_": 127, "mission_condition_text_id_": 127, "update_func_type_": 0, "update_mode_type_": 0}, {"mission_condition_id_": 128, "mission_condition_text_id_": 128, "update_func_type_": 0, "update_mode_type_": 0}, {"mission_condition_id_": 129, "mission_condition_text_id_": 129, "update_func_type_": 0, "update_mode_type_": 0}, {"mission_condition_id_": 130, "mission_condition_text_id_": 130, "update_func_type_": 0, "update_mode_type_": 0}, {"mission_condition_id_": 131, "mission_condition_text_id_": 131, "update_func_type_": 0, "update_mode_type_": 0}, {"mission_condition_id_": 132, "mission_condition_text_id_": 132, "update_func_type_": 1, "update_mode_type_": 1}, {"mission_condition_id_": 133, "mission_condition_text_id_": 133, "update_func_type_": 1, "update_mode_type_": 1}, {"mission_condition_id_": 134, "mission_condition_text_id_": 134, "update_func_type_": 1, "update_mode_type_": 1}, {"mission_condition_id_": 135, "mission_condition_text_id_": 135, "update_func_type_": 1, "update_mode_type_": 1}, {"mission_condition_id_": 136, "mission_condition_text_id_": 136, "update_func_type_": 1, "update_mode_type_": 1}, {"mission_condition_id_": 137, "mission_condition_text_id_": 137, "update_func_type_": 1, "update_mode_type_": 1}, {"mission_condition_id_": 138, "mission_condition_text_id_": 138, "update_func_type_": 1, "update_mode_type_": 1}, {"mission_condition_id_": 139, "mission_condition_text_id_": 139, "update_func_type_": 1, "update_mode_type_": 1}, {"mission_condition_id_": 140, "mission_condition_text_id_": 140, "update_func_type_": 1, "update_mode_type_": 1}, {"mission_condition_id_": 141, "mission_condition_text_id_": 141, "update_func_type_": 1, "update_mode_type_": 1}, {"mission_condition_id_": 142, "mission_condition_text_id_": 142, "update_func_type_": 1, "update_mode_type_": 1}, {"mission_condition_id_": 143, "mission_condition_text_id_": 143, "update_func_type_": 1, "update_mode_type_": 1}, {"mission_condition_id_": 144, "mission_condition_text_id_": 144, "update_func_type_": 1, "update_mode_type_": 1}, {"mission_condition_id_": 145, "mission_condition_text_id_": 145, "update_func_type_": 1, "update_mode_type_": 1}, {"mission_condition_id_": 146, "mission_condition_text_id_": 146, "update_func_type_": 1, "update_mode_type_": 1}, {"mission_condition_id_": 147, "mission_condition_text_id_": 147, "update_func_type_": 1, "update_mode_type_": 1}, {"mission_condition_id_": 148, "mission_condition_text_id_": 148, "update_func_type_": 1, "update_mode_type_": 1}, {"mission_condition_id_": 149, "mission_condition_text_id_": 149, "update_func_type_": 1, "update_mode_type_": 1}, {"mission_condition_id_": 150, "mission_condition_text_id_": 150, "update_func_type_": 1, "update_mode_type_": 1}, {"mission_condition_id_": 151, "mission_condition_text_id_": 151, "update_func_type_": 1, "update_mode_type_": 1}, {"mission_condition_id_": 152, "mission_condition_text_id_": 152, "update_func_type_": 1, "update_mode_type_": 1}, {"mission_condition_id_": 153, "mission_condition_text_id_": 153, "update_func_type_": 1, "update_mode_type_": 1}, {"mission_condition_id_": 154, "mission_condition_text_id_": 154, "update_func_type_": 1, "update_mode_type_": 1}, {"mission_condition_id_": 155, "mission_condition_text_id_": 155, "update_func_type_": 1, "update_mode_type_": 1}, {"mission_condition_id_": 156, "mission_condition_text_id_": 156, "update_func_type_": 1, "update_mode_type_": 1}, {"mission_condition_id_": 157, "mission_condition_text_id_": 157, "update_func_type_": 1, "update_mode_type_": 1}, {"mission_condition_id_": 158, "mission_condition_text_id_": 158, "update_func_type_": 1, "update_mode_type_": 1}, {"mission_condition_id_": 159, "mission_condition_text_id_": 159, "update_func_type_": 1, "update_mode_type_": 1}, {"mission_condition_id_": 160, "mission_condition_text_id_": 160, "update_func_type_": 1, "update_mode_type_": 1}, {"mission_condition_id_": 161, "mission_condition_text_id_": 161, "update_func_type_": 1, "update_mode_type_": 1}, {"mission_condition_id_": 162, "mission_condition_text_id_": 162, "update_func_type_": 1, "update_mode_type_": 1}, {"mission_condition_id_": 163, "mission_condition_text_id_": 163, "update_func_type_": 1, "update_mode_type_": 1}, {"mission_condition_id_": 164, "mission_condition_text_id_": 164, "update_func_type_": 0, "update_mode_type_": 0}, {"mission_condition_id_": 165, "mission_condition_text_id_": 165, "update_func_type_": 1, "update_mode_type_": 0}, {"mission_condition_id_": 166, "mission_condition_text_id_": 166, "update_func_type_": 0, "update_mode_type_": 0}, {"mission_condition_id_": 167, "mission_condition_text_id_": 167, "update_func_type_": 1, "update_mode_type_": 0}, {"mission_condition_id_": 168, "mission_condition_text_id_": 168, "update_func_type_": 0, "update_mode_type_": 0}, {"mission_condition_id_": 169, "mission_condition_text_id_": 169, "update_func_type_": 1, "update_mode_type_": 0}, {"mission_condition_id_": 170, "mission_condition_text_id_": 170, "update_func_type_": 0, "update_mode_type_": 0}, {"mission_condition_id_": 171, "mission_condition_text_id_": 171, "update_func_type_": 1, "update_mode_type_": 0}, {"mission_condition_id_": 172, "mission_condition_text_id_": 172, "update_func_type_": 1, "update_mode_type_": 1}, {"mission_condition_id_": 173, "mission_condition_text_id_": 173, "update_func_type_": 0, "update_mode_type_": 0}, {"mission_condition_id_": 174, "mission_condition_text_id_": 174, "update_func_type_": 1, "update_mode_type_": 0}, {"mission_condition_id_": 175, "mission_condition_text_id_": 175, "update_func_type_": 1, "update_mode_type_": 0}, {"mission_condition_id_": 176, "mission_condition_text_id_": 176, "update_func_type_": 0, "update_mode_type_": 0}, {"mission_condition_id_": 177, "mission_condition_text_id_": 177, "update_func_type_": 0, "update_mode_type_": 0}, {"mission_condition_id_": 178, "mission_condition_text_id_": 178, "update_func_type_": 0, "update_mode_type_": 0}, {"mission_condition_id_": 179, "mission_condition_text_id_": 179, "update_func_type_": 0, "update_mode_type_": 0}, {"mission_condition_id_": 180, "mission_condition_text_id_": 180, "update_func_type_": 1, "update_mode_type_": 0}, {"mission_condition_id_": 181, "mission_condition_text_id_": 181, "update_func_type_": 1, "update_mode_type_": 0}, {"mission_condition_id_": 182, "mission_condition_text_id_": 182, "update_func_type_": 1, "update_mode_type_": 0}, {"mission_condition_id_": 183, "mission_condition_text_id_": 183, "update_func_type_": 1, "update_mode_type_": 0}, {"mission_condition_id_": 184, "mission_condition_text_id_": 184, "update_func_type_": 1, "update_mode_type_": 0}, {"mission_condition_id_": 185, "mission_condition_text_id_": 185, "update_func_type_": 1, "update_mode_type_": 0}, {"mission_condition_id_": 186, "mission_condition_text_id_": 186, "update_func_type_": 1, "update_mode_type_": 0}, {"mission_condition_id_": 187, "mission_condition_text_id_": 187, "update_func_type_": 0, "update_mode_type_": 0}, {"mission_condition_id_": 188, "mission_condition_text_id_": 188, "update_func_type_": 0, "update_mode_type_": 0}, {"mission_condition_id_": 189, "mission_condition_text_id_": 189, "update_func_type_": 0, "update_mode_type_": 0}, {"mission_condition_id_": 190, "mission_condition_text_id_": 190, "update_func_type_": 0, "update_mode_type_": 0}, {"mission_condition_id_": 191, "mission_condition_text_id_": 191, "update_func_type_": 0, "update_mode_type_": 0}, {"mission_condition_id_": 192, "mission_condition_text_id_": 192, "update_func_type_": 0, "update_mode_type_": 0}, {"mission_condition_id_": 193, "mission_condition_text_id_": 193, "update_func_type_": 0, "update_mode_type_": 0}, {"mission_condition_id_": 194, "mission_condition_text_id_": 194, "update_func_type_": 0, "update_mode_type_": 0}, {"mission_condition_id_": 195, "mission_condition_text_id_": 195, "update_func_type_": 0, "update_mode_type_": 0}, {"mission_condition_id_": 196, "mission_condition_text_id_": 196, "update_func_type_": 0, "update_mode_type_": 0}, {"mission_condition_id_": 197, "mission_condition_text_id_": 197, "update_func_type_": 0, "update_mode_type_": 0}, {"mission_condition_id_": 198, "mission_condition_text_id_": 198, "update_func_type_": 0, "update_mode_type_": 0}, {"mission_condition_id_": 199, "mission_condition_text_id_": 199, "update_func_type_": 1, "update_mode_type_": 0}, {"mission_condition_id_": 200, "mission_condition_text_id_": 200, "update_func_type_": 0, "update_mode_type_": 0}, {"mission_condition_id_": 201, "mission_condition_text_id_": 201, "update_func_type_": 0, "update_mode_type_": 0}, {"mission_condition_id_": 202, "mission_condition_text_id_": 202, "update_func_type_": 0, "update_mode_type_": 0}, {"mission_condition_id_": 203, "mission_condition_text_id_": 203, "update_func_type_": 0, "update_mode_type_": 0}, {"mission_condition_id_": 204, "mission_condition_text_id_": 204, "update_func_type_": 0, "update_mode_type_": 0}, {"mission_condition_id_": 205, "mission_condition_text_id_": 205, "update_func_type_": 0, "update_mode_type_": 0}, {"mission_condition_id_": 206, "mission_condition_text_id_": 206, "update_func_type_": 0, "update_mode_type_": 0}, {"mission_condition_id_": 207, "mission_condition_text_id_": 207, "update_func_type_": 0, "update_mode_type_": 0}, {"mission_condition_id_": 208, "mission_condition_text_id_": 208, "update_func_type_": 0, "update_mode_type_": 0}, {"mission_condition_id_": 209, "mission_condition_text_id_": 209, "update_func_type_": 0, "update_mode_type_": 0}, {"mission_condition_id_": 210, "mission_condition_text_id_": 210, "update_func_type_": 0, "update_mode_type_": 0}, {"mission_condition_id_": 211, "mission_condition_text_id_": 211, "update_func_type_": 0, "update_mode_type_": 0}, {"mission_condition_id_": 212, "mission_condition_text_id_": 212, "update_func_type_": 0, "update_mode_type_": 0}, {"mission_condition_id_": 213, "mission_condition_text_id_": 213, "update_func_type_": 0, "update_mode_type_": 0}, {"mission_condition_id_": 214, "mission_condition_text_id_": 214, "update_func_type_": 0, "update_mode_type_": 0}, {"mission_condition_id_": 215, "mission_condition_text_id_": 215, "update_func_type_": 0, "update_mode_type_": 0}, {"mission_condition_id_": 216, "mission_condition_text_id_": 216, "update_func_type_": 0, "update_mode_type_": 0}, {"mission_condition_id_": 217, "mission_condition_text_id_": 217, "update_func_type_": 0, "update_mode_type_": 0}, {"mission_condition_id_": 218, "mission_condition_text_id_": 218, "update_func_type_": 0, "update_mode_type_": 0}, {"mission_condition_id_": 219, "mission_condition_text_id_": 219, "update_func_type_": 1, "update_mode_type_": 0}, {"mission_condition_id_": 220, "mission_condition_text_id_": 220, "update_func_type_": 1, "update_mode_type_": 0}, {"mission_condition_id_": 221, "mission_condition_text_id_": 221, "update_func_type_": 1, "update_mode_type_": 0}, {"mission_condition_id_": 222, "mission_condition_text_id_": 222, "update_func_type_": 1, "update_mode_type_": 0}, {"mission_condition_id_": 223, "mission_condition_text_id_": 223, "update_func_type_": 1, "update_mode_type_": 0}, {"mission_condition_id_": 224, "mission_condition_text_id_": 224, "update_func_type_": 1, "update_mode_type_": 0}, {"mission_condition_id_": 225, "mission_condition_text_id_": 225, "update_func_type_": 1, "update_mode_type_": 0}, {"mission_condition_id_": 226, "mission_condition_text_id_": 226, "update_func_type_": 1, "update_mode_type_": 0}, {"mission_condition_id_": 227, "mission_condition_text_id_": 227, "update_func_type_": 1, "update_mode_type_": 0}, {"mission_condition_id_": 228, "mission_condition_text_id_": 228, "update_func_type_": 1, "update_mode_type_": 0}, {"mission_condition_id_": 229, "mission_condition_text_id_": 229, "update_func_type_": 1, "update_mode_type_": 0}, {"mission_condition_id_": 230, "mission_condition_text_id_": 230, "update_func_type_": 1, "update_mode_type_": 0}, {"mission_condition_id_": 231, "mission_condition_text_id_": 231, "update_func_type_": 1, "update_mode_type_": 0}, {"mission_condition_id_": 232, "mission_condition_text_id_": 232, "update_func_type_": 1, "update_mode_type_": 0}, {"mission_condition_id_": 233, "mission_condition_text_id_": 233, "update_func_type_": 1, "update_mode_type_": 0}, {"mission_condition_id_": 234, "mission_condition_text_id_": 234, "update_func_type_": 1, "update_mode_type_": 0}, {"mission_condition_id_": 235, "mission_condition_text_id_": 235, "update_func_type_": 1, "update_mode_type_": 0}, {"mission_condition_id_": 236, "mission_condition_text_id_": 236, "update_func_type_": 1, "update_mode_type_": 0}, {"mission_condition_id_": 237, "mission_condition_text_id_": 237, "update_func_type_": 1, "update_mode_type_": 0}, {"mission_condition_id_": 238, "mission_condition_text_id_": 238, "update_func_type_": 1, "update_mode_type_": 0}, {"mission_condition_id_": 239, "mission_condition_text_id_": 239, "update_func_type_": 0, "update_mode_type_": 0}, {"mission_condition_id_": 240, "mission_condition_text_id_": 240, "update_func_type_": 0, "update_mode_type_": 0}, {"mission_condition_id_": 241, "mission_condition_text_id_": 241, "update_func_type_": 0, "update_mode_type_": 0}, {"mission_condition_id_": 242, "mission_condition_text_id_": 242, "update_func_type_": 0, "update_mode_type_": 0}, {"mission_condition_id_": 243, "mission_condition_text_id_": 243, "update_func_type_": 0, "update_mode_type_": 0}, {"mission_condition_id_": 244, "mission_condition_text_id_": 244, "update_func_type_": 0, "update_mode_type_": 0}, {"mission_condition_id_": 245, "mission_condition_text_id_": 245, "update_func_type_": 0, "update_mode_type_": 0}, {"mission_condition_id_": 246, "mission_condition_text_id_": 246, "update_func_type_": 0, "update_mode_type_": 0}, {"mission_condition_id_": 247, "mission_condition_text_id_": 247, "update_func_type_": 1, "update_mode_type_": 0}, {"mission_condition_id_": 249, "mission_condition_text_id_": 249, "update_func_type_": 0, "update_mode_type_": 0}, {"mission_condition_id_": 250, "mission_condition_text_id_": 250, "update_func_type_": 0, "update_mode_type_": 0}, {"mission_condition_id_": 251, "mission_condition_text_id_": 251, "update_func_type_": 0, "update_mode_type_": 0}, {"mission_condition_id_": 252, "mission_condition_text_id_": 252, "update_func_type_": 0, "update_mode_type_": 0}, {"mission_condition_id_": 253, "mission_condition_text_id_": 253, "update_func_type_": 0, "update_mode_type_": 0}, {"mission_condition_id_": 286, "mission_condition_text_id_": 286, "update_func_type_": 0, "update_mode_type_": 0}, {"mission_condition_id_": 287, "mission_condition_text_id_": 287, "update_func_type_": 0, "update_mode_type_": 0}, {"mission_condition_id_": 288, "mission_condition_text_id_": 288, "update_func_type_": 0, "update_mode_type_": 0}, {"mission_condition_id_": 289, "mission_condition_text_id_": 289, "update_func_type_": 0, "update_mode_type_": 0}, {"mission_condition_id_": 292, "mission_condition_text_id_": 292, "update_func_type_": 0, "update_mode_type_": 0}, {"mission_condition_id_": 300, "mission_condition_text_id_": 300, "update_func_type_": 1, "update_mode_type_": 0}, {"mission_condition_id_": 301, "mission_condition_text_id_": 301, "update_func_type_": 1, "update_mode_type_": 0}, {"mission_condition_id_": 309, "mission_condition_text_id_": 309, "update_func_type_": 0, "update_mode_type_": 0}, {"mission_condition_id_": 310, "mission_condition_text_id_": 310, "update_func_type_": 0, "update_mode_type_": 0}, {"mission_condition_id_": 311, "mission_condition_text_id_": 311, "update_func_type_": 0, "update_mode_type_": 0}, {"mission_condition_id_": 312, "mission_condition_text_id_": 312, "update_func_type_": 0, "update_mode_type_": 0}, {"mission_condition_id_": 314, "mission_condition_text_id_": 314, "update_func_type_": 0, "update_mode_type_": 0}, {"mission_condition_id_": 315, "mission_condition_text_id_": 315, "update_func_type_": 0, "update_mode_type_": 0}, {"mission_condition_id_": 316, "mission_condition_text_id_": 316, "update_func_type_": 0, "update_mode_type_": 0}, {"mission_condition_id_": 317, "mission_condition_text_id_": 317, "update_func_type_": 0, "update_mode_type_": 0}, {"mission_condition_id_": 318, "mission_condition_text_id_": 318, "update_func_type_": 0, "update_mode_type_": 0}, {"mission_condition_id_": 319, "mission_condition_text_id_": 319, "update_func_type_": 0, "update_mode_type_": 0}, {"mission_condition_id_": 320, "mission_condition_text_id_": 320, "update_func_type_": 0, "update_mode_type_": 0}, {"mission_condition_id_": 321, "mission_condition_text_id_": 321, "update_func_type_": 0, "update_mode_type_": 0}, {"mission_condition_id_": 322, "mission_condition_text_id_": 322, "update_func_type_": 1, "update_mode_type_": 0}, {"mission_condition_id_": 323, "mission_condition_text_id_": 323, "update_func_type_": 0, "update_mode_type_": 0}, {"mission_condition_id_": 324, "mission_condition_text_id_": 324, "update_func_type_": 0, "update_mode_type_": 0}, {"mission_condition_id_": 325, "mission_condition_text_id_": 325, "update_func_type_": 0, "update_mode_type_": 0}, {"mission_condition_id_": 326, "mission_condition_text_id_": 326, "update_func_type_": 0, "update_mode_type_": 0}, {"mission_condition_id_": 327, "mission_condition_text_id_": 327, "update_func_type_": 0, "update_mode_type_": 0}, {"mission_condition_id_": 328, "mission_condition_text_id_": 328, "update_func_type_": 0, "update_mode_type_": 0}, {"mission_condition_id_": 329, "mission_condition_text_id_": 329, "update_func_type_": 0, "update_mode_type_": 0}, {"mission_condition_id_": 330, "mission_condition_text_id_": 330, "update_func_type_": 0, "update_mode_type_": 0}, {"mission_condition_id_": 331, "mission_condition_text_id_": 331, "update_func_type_": 0, "update_mode_type_": 0}, {"mission_condition_id_": 332, "mission_condition_text_id_": 332, "update_func_type_": 0, "update_mode_type_": 0}, {"mission_condition_id_": 333, "mission_condition_text_id_": 333, "update_func_type_": 0, "update_mode_type_": 0}, {"mission_condition_id_": 334, "mission_condition_text_id_": 334, "update_func_type_": 1, "update_mode_type_": 0}]