[{"missionplan_reward_id_": 10000, "table_": [{"missionplan_level_": 1, "need_missionpoint_": 1, "pickup_flag_": 1, "reward_item1_category_id_": 1, "reward_item1_id_": 0, "reward_item1_count_": 10, "reward_item2_category_id_": -1, "reward_item2_id_": -1, "reward_item2_count_": -1, "reward_item3_category_id_": -1, "reward_item3_id_": -1, "reward_item3_count_": -1}, {"missionplan_level_": 2, "need_missionpoint_": 2, "pickup_flag_": 1, "reward_item1_category_id_": 1, "reward_item1_id_": 0, "reward_item1_count_": 10, "reward_item2_category_id_": -1, "reward_item2_id_": -1, "reward_item2_count_": -1, "reward_item3_category_id_": -1, "reward_item3_id_": -1, "reward_item3_count_": -1}, {"missionplan_level_": 3, "need_missionpoint_": 3, "pickup_flag_": 1, "reward_item1_category_id_": 1, "reward_item1_id_": 0, "reward_item1_count_": 30, "reward_item2_category_id_": -1, "reward_item2_id_": -1, "reward_item2_count_": -1, "reward_item3_category_id_": -1, "reward_item3_id_": -1, "reward_item3_count_": -1}, {"missionplan_level_": 4, "need_missionpoint_": 4, "pickup_flag_": 0, "reward_item1_category_id_": 31, "reward_item1_id_": 9, "reward_item1_count_": 1, "reward_item2_category_id_": -1, "reward_item2_id_": -1, "reward_item2_count_": -1, "reward_item3_category_id_": -1, "reward_item3_id_": -1, "reward_item3_count_": -1}, {"missionplan_level_": 5, "need_missionpoint_": 5, "pickup_flag_": 1, "reward_item1_category_id_": 1, "reward_item1_id_": 0, "reward_item1_count_": 50, "reward_item2_category_id_": -1, "reward_item2_id_": -1, "reward_item2_count_": -1, "reward_item3_category_id_": -1, "reward_item3_id_": -1, "reward_item3_count_": -1}, {"missionplan_level_": 6, "need_missionpoint_": 6, "pickup_flag_": 0, "reward_item1_category_id_": 31, "reward_item1_id_": 9, "reward_item1_count_": 1, "reward_item2_category_id_": -1, "reward_item2_id_": -1, "reward_item2_count_": -1, "reward_item3_category_id_": -1, "reward_item3_id_": -1, "reward_item3_count_": -1}, {"missionplan_level_": 7, "need_missionpoint_": 7, "pickup_flag_": 1, "reward_item1_category_id_": 1, "reward_item1_id_": 0, "reward_item1_count_": 100, "reward_item2_category_id_": -1, "reward_item2_id_": -1, "reward_item2_count_": -1, "reward_item3_category_id_": -1, "reward_item3_id_": -1, "reward_item3_count_": -1}, {"missionplan_level_": 8, "need_missionpoint_": 8, "pickup_flag_": 0, "reward_item1_category_id_": 31, "reward_item1_id_": 9, "reward_item1_count_": 1, "reward_item2_category_id_": -1, "reward_item2_id_": -1, "reward_item2_count_": -1, "reward_item3_category_id_": -1, "reward_item3_id_": -1, "reward_item3_count_": -1}, {"missionplan_level_": 9, "need_missionpoint_": 9, "pickup_flag_": 1, "reward_item1_category_id_": 1, "reward_item1_id_": 0, "reward_item1_count_": 100, "reward_item2_category_id_": -1, "reward_item2_id_": -1, "reward_item2_count_": -1, "reward_item3_category_id_": -1, "reward_item3_id_": -1, "reward_item3_count_": -1}, {"missionplan_level_": 10, "need_missionpoint_": 10, "pickup_flag_": 0, "reward_item1_category_id_": 31, "reward_item1_id_": 9, "reward_item1_count_": 1, "reward_item2_category_id_": -1, "reward_item2_id_": -1, "reward_item2_count_": -1, "reward_item3_category_id_": -1, "reward_item3_id_": -1, "reward_item3_count_": -1}, {"missionplan_level_": 11, "need_missionpoint_": 11, "pickup_flag_": 0, "reward_item1_category_id_": 31, "reward_item1_id_": 9, "reward_item1_count_": 1, "reward_item2_category_id_": -1, "reward_item2_id_": -1, "reward_item2_count_": -1, "reward_item3_category_id_": -1, "reward_item3_id_": -1, "reward_item3_count_": -1}, {"missionplan_level_": 12, "need_missionpoint_": 12, "pickup_flag_": 1, "reward_item1_category_id_": 1, "reward_item1_id_": 0, "reward_item1_count_": 200, "reward_item2_category_id_": -1, "reward_item2_id_": -1, "reward_item2_count_": -1, "reward_item3_category_id_": -1, "reward_item3_id_": -1, "reward_item3_count_": -1}, {"missionplan_level_": 13, "need_missionpoint_": 13, "pickup_flag_": 0, "reward_item1_category_id_": 31, "reward_item1_id_": 9, "reward_item1_count_": 1, "reward_item2_category_id_": -1, "reward_item2_id_": -1, "reward_item2_count_": -1, "reward_item3_category_id_": -1, "reward_item3_id_": -1, "reward_item3_count_": -1}, {"missionplan_level_": 14, "need_missionpoint_": 14, "pickup_flag_": 1, "reward_item1_category_id_": 1, "reward_item1_id_": 0, "reward_item1_count_": 500, "reward_item2_category_id_": -1, "reward_item2_id_": -1, "reward_item2_count_": -1, "reward_item3_category_id_": -1, "reward_item3_id_": -1, "reward_item3_count_": -1}]}, {"missionplan_reward_id_": 1001, "table_": [{"missionplan_level_": 1, "need_missionpoint_": 10, "pickup_flag_": 0, "reward_item1_category_id_": 1, "reward_item1_id_": 0, "reward_item1_count_": 50, "reward_item2_category_id_": -1, "reward_item2_id_": -1, "reward_item2_count_": -1, "reward_item3_category_id_": -1, "reward_item3_id_": -1, "reward_item3_count_": -1}, {"missionplan_level_": 2, "need_missionpoint_": 20, "pickup_flag_": 0, "reward_item1_category_id_": 1, "reward_item1_id_": 0, "reward_item1_count_": 50, "reward_item2_category_id_": -1, "reward_item2_id_": -1, "reward_item2_count_": -1, "reward_item3_category_id_": -1, "reward_item3_id_": -1, "reward_item3_count_": -1}, {"missionplan_level_": 3, "need_missionpoint_": 30, "pickup_flag_": 0, "reward_item1_category_id_": 1, "reward_item1_id_": 0, "reward_item1_count_": 50, "reward_item2_category_id_": -1, "reward_item2_id_": -1, "reward_item2_count_": -1, "reward_item3_category_id_": -1, "reward_item3_id_": -1, "reward_item3_count_": -1}, {"missionplan_level_": 4, "need_missionpoint_": 40, "pickup_flag_": 0, "reward_item1_category_id_": 1, "reward_item1_id_": 0, "reward_item1_count_": 50, "reward_item2_category_id_": -1, "reward_item2_id_": -1, "reward_item2_count_": -1, "reward_item3_category_id_": -1, "reward_item3_id_": -1, "reward_item3_count_": -1}, {"missionplan_level_": 5, "need_missionpoint_": 50, "pickup_flag_": 0, "reward_item1_category_id_": 1, "reward_item1_id_": 0, "reward_item1_count_": 100, "reward_item2_category_id_": -1, "reward_item2_id_": -1, "reward_item2_count_": -1, "reward_item3_category_id_": -1, "reward_item3_id_": -1, "reward_item3_count_": -1}, {"missionplan_level_": 6, "need_missionpoint_": 60, "pickup_flag_": 0, "reward_item1_category_id_": 1, "reward_item1_id_": 0, "reward_item1_count_": 100, "reward_item2_category_id_": -1, "reward_item2_id_": -1, "reward_item2_count_": -1, "reward_item3_category_id_": -1, "reward_item3_id_": -1, "reward_item3_count_": -1}, {"missionplan_level_": 7, "need_missionpoint_": 70, "pickup_flag_": 0, "reward_item1_category_id_": 1, "reward_item1_id_": 0, "reward_item1_count_": 100, "reward_item2_category_id_": -1, "reward_item2_id_": -1, "reward_item2_count_": -1, "reward_item3_category_id_": -1, "reward_item3_id_": -1, "reward_item3_count_": -1}]}, {"missionplan_reward_id_": 5001, "table_": [{"missionplan_level_": 1, "need_missionpoint_": 10, "pickup_flag_": 0, "reward_item1_category_id_": 1, "reward_item1_id_": 0, "reward_item1_count_": 100, "reward_item2_category_id_": -1, "reward_item2_id_": -1, "reward_item2_count_": -1, "reward_item3_category_id_": -1, "reward_item3_id_": -1, "reward_item3_count_": -1}, {"missionplan_level_": 2, "need_missionpoint_": 20, "pickup_flag_": 0, "reward_item1_category_id_": 1, "reward_item1_id_": 0, "reward_item1_count_": 100, "reward_item2_category_id_": -1, "reward_item2_id_": -1, "reward_item2_count_": -1, "reward_item3_category_id_": -1, "reward_item3_id_": -1, "reward_item3_count_": -1}, {"missionplan_level_": 3, "need_missionpoint_": 30, "pickup_flag_": 0, "reward_item1_category_id_": 1, "reward_item1_id_": 0, "reward_item1_count_": 100, "reward_item2_category_id_": -1, "reward_item2_id_": -1, "reward_item2_count_": -1, "reward_item3_category_id_": -1, "reward_item3_id_": -1, "reward_item3_count_": -1}, {"missionplan_level_": 4, "need_missionpoint_": 40, "pickup_flag_": 0, "reward_item1_category_id_": 1, "reward_item1_id_": 0, "reward_item1_count_": 200, "reward_item2_category_id_": -1, "reward_item2_id_": -1, "reward_item2_count_": -1, "reward_item3_category_id_": -1, "reward_item3_id_": -1, "reward_item3_count_": -1}, {"missionplan_level_": 5, "need_missionpoint_": 50, "pickup_flag_": 0, "reward_item1_category_id_": 1, "reward_item1_id_": 0, "reward_item1_count_": 200, "reward_item2_category_id_": -1, "reward_item2_id_": -1, "reward_item2_count_": -1, "reward_item3_category_id_": -1, "reward_item3_id_": -1, "reward_item3_count_": -1}, {"missionplan_level_": 6, "need_missionpoint_": 60, "pickup_flag_": 0, "reward_item1_category_id_": 1, "reward_item1_id_": 0, "reward_item1_count_": 300, "reward_item2_category_id_": -1, "reward_item2_id_": -1, "reward_item2_count_": -1, "reward_item3_category_id_": -1, "reward_item3_id_": -1, "reward_item3_count_": -1}, {"missionplan_level_": 7, "need_missionpoint_": 70, "pickup_flag_": 0, "reward_item1_category_id_": 1, "reward_item1_id_": 0, "reward_item1_count_": 500, "reward_item2_category_id_": -1, "reward_item2_id_": -1, "reward_item2_count_": -1, "reward_item3_category_id_": -1, "reward_item3_id_": -1, "reward_item3_count_": -1}]}, {"missionplan_reward_id_": 1002, "table_": [{"missionplan_level_": 1, "need_missionpoint_": 10, "pickup_flag_": 0, "reward_item1_category_id_": 1, "reward_item1_id_": 0, "reward_item1_count_": 40, "reward_item2_category_id_": -1, "reward_item2_id_": -1, "reward_item2_count_": -1, "reward_item3_category_id_": -1, "reward_item3_id_": -1, "reward_item3_count_": -1}, {"missionplan_level_": 2, "need_missionpoint_": 20, "pickup_flag_": 0, "reward_item1_category_id_": 1, "reward_item1_id_": 0, "reward_item1_count_": 40, "reward_item2_category_id_": -1, "reward_item2_id_": -1, "reward_item2_count_": -1, "reward_item3_category_id_": -1, "reward_item3_id_": -1, "reward_item3_count_": -1}, {"missionplan_level_": 3, "need_missionpoint_": 30, "pickup_flag_": 0, "reward_item1_category_id_": 1, "reward_item1_id_": 0, "reward_item1_count_": 40, "reward_item2_category_id_": -1, "reward_item2_id_": -1, "reward_item2_count_": -1, "reward_item3_category_id_": -1, "reward_item3_id_": -1, "reward_item3_count_": -1}, {"missionplan_level_": 4, "need_missionpoint_": 40, "pickup_flag_": 0, "reward_item1_category_id_": 1, "reward_item1_id_": 0, "reward_item1_count_": 40, "reward_item2_category_id_": -1, "reward_item2_id_": -1, "reward_item2_count_": -1, "reward_item3_category_id_": -1, "reward_item3_id_": -1, "reward_item3_count_": -1}, {"missionplan_level_": 5, "need_missionpoint_": 50, "pickup_flag_": 0, "reward_item1_category_id_": 1, "reward_item1_id_": 0, "reward_item1_count_": 70, "reward_item2_category_id_": -1, "reward_item2_id_": -1, "reward_item2_count_": -1, "reward_item3_category_id_": -1, "reward_item3_id_": -1, "reward_item3_count_": -1}, {"missionplan_level_": 6, "need_missionpoint_": 60, "pickup_flag_": 0, "reward_item1_category_id_": 1, "reward_item1_id_": 0, "reward_item1_count_": 70, "reward_item2_category_id_": -1, "reward_item2_id_": -1, "reward_item2_count_": -1, "reward_item3_category_id_": -1, "reward_item3_id_": -1, "reward_item3_count_": -1}, {"missionplan_level_": 7, "need_missionpoint_": 70, "pickup_flag_": 0, "reward_item1_category_id_": 1, "reward_item1_id_": 0, "reward_item1_count_": 100, "reward_item2_category_id_": -1, "reward_item2_id_": -1, "reward_item2_count_": -1, "reward_item3_category_id_": -1, "reward_item3_id_": -1, "reward_item3_count_": -1}]}, {"missionplan_reward_id_": 5002, "table_": [{"missionplan_level_": 1, "need_missionpoint_": 10, "pickup_flag_": 0, "reward_item1_category_id_": 1, "reward_item1_id_": 0, "reward_item1_count_": 100, "reward_item2_category_id_": -1, "reward_item2_id_": -1, "reward_item2_count_": -1, "reward_item3_category_id_": -1, "reward_item3_id_": -1, "reward_item3_count_": -1}, {"missionplan_level_": 2, "need_missionpoint_": 20, "pickup_flag_": 0, "reward_item1_category_id_": 1, "reward_item1_id_": 0, "reward_item1_count_": 100, "reward_item2_category_id_": -1, "reward_item2_id_": -1, "reward_item2_count_": -1, "reward_item3_category_id_": -1, "reward_item3_id_": -1, "reward_item3_count_": -1}, {"missionplan_level_": 3, "need_missionpoint_": 30, "pickup_flag_": 0, "reward_item1_category_id_": 1, "reward_item1_id_": 0, "reward_item1_count_": 100, "reward_item2_category_id_": -1, "reward_item2_id_": -1, "reward_item2_count_": -1, "reward_item3_category_id_": -1, "reward_item3_id_": -1, "reward_item3_count_": -1}, {"missionplan_level_": 4, "need_missionpoint_": 40, "pickup_flag_": 0, "reward_item1_category_id_": 1, "reward_item1_id_": 0, "reward_item1_count_": 200, "reward_item2_category_id_": -1, "reward_item2_id_": -1, "reward_item2_count_": -1, "reward_item3_category_id_": -1, "reward_item3_id_": -1, "reward_item3_count_": -1}, {"missionplan_level_": 5, "need_missionpoint_": 50, "pickup_flag_": 0, "reward_item1_category_id_": 1, "reward_item1_id_": 0, "reward_item1_count_": 200, "reward_item2_category_id_": -1, "reward_item2_id_": -1, "reward_item2_count_": -1, "reward_item3_category_id_": -1, "reward_item3_id_": -1, "reward_item3_count_": -1}, {"missionplan_level_": 6, "need_missionpoint_": 60, "pickup_flag_": 0, "reward_item1_category_id_": 1, "reward_item1_id_": 0, "reward_item1_count_": 200, "reward_item2_category_id_": -1, "reward_item2_id_": -1, "reward_item2_count_": -1, "reward_item3_category_id_": -1, "reward_item3_id_": -1, "reward_item3_count_": -1}, {"missionplan_level_": 7, "need_missionpoint_": 70, "pickup_flag_": 0, "reward_item1_category_id_": 1, "reward_item1_id_": 0, "reward_item1_count_": 300, "reward_item2_category_id_": -1, "reward_item2_id_": -1, "reward_item2_count_": -1, "reward_item3_category_id_": -1, "reward_item3_id_": -1, "reward_item3_count_": -1}]}, {"missionplan_reward_id_": 1003, "table_": [{"missionplan_level_": 1, "need_missionpoint_": 10, "pickup_flag_": 0, "reward_item1_category_id_": 1, "reward_item1_id_": 0, "reward_item1_count_": 20, "reward_item2_category_id_": -1, "reward_item2_id_": -1, "reward_item2_count_": -1, "reward_item3_category_id_": -1, "reward_item3_id_": -1, "reward_item3_count_": -1}, {"missionplan_level_": 2, "need_missionpoint_": 20, "pickup_flag_": 0, "reward_item1_category_id_": 1, "reward_item1_id_": 0, "reward_item1_count_": 20, "reward_item2_category_id_": -1, "reward_item2_id_": -1, "reward_item2_count_": -1, "reward_item3_category_id_": -1, "reward_item3_id_": -1, "reward_item3_count_": -1}, {"missionplan_level_": 3, "need_missionpoint_": 30, "pickup_flag_": 0, "reward_item1_category_id_": 1, "reward_item1_id_": 0, "reward_item1_count_": 20, "reward_item2_category_id_": -1, "reward_item2_id_": -1, "reward_item2_count_": -1, "reward_item3_category_id_": -1, "reward_item3_id_": -1, "reward_item3_count_": -1}, {"missionplan_level_": 4, "need_missionpoint_": 40, "pickup_flag_": 0, "reward_item1_category_id_": 1, "reward_item1_id_": 0, "reward_item1_count_": 20, "reward_item2_category_id_": -1, "reward_item2_id_": -1, "reward_item2_count_": -1, "reward_item3_category_id_": -1, "reward_item3_id_": -1, "reward_item3_count_": -1}, {"missionplan_level_": 5, "need_missionpoint_": 50, "pickup_flag_": 0, "reward_item1_category_id_": 1, "reward_item1_id_": 0, "reward_item1_count_": 20, "reward_item2_category_id_": -1, "reward_item2_id_": -1, "reward_item2_count_": -1, "reward_item3_category_id_": -1, "reward_item3_id_": -1, "reward_item3_count_": -1}, {"missionplan_level_": 6, "need_missionpoint_": 60, "pickup_flag_": 0, "reward_item1_category_id_": 1, "reward_item1_id_": 0, "reward_item1_count_": 50, "reward_item2_category_id_": -1, "reward_item2_id_": -1, "reward_item2_count_": -1, "reward_item3_category_id_": -1, "reward_item3_id_": -1, "reward_item3_count_": -1}, {"missionplan_level_": 7, "need_missionpoint_": 70, "pickup_flag_": 0, "reward_item1_category_id_": 1, "reward_item1_id_": 0, "reward_item1_count_": 100, "reward_item2_category_id_": -1, "reward_item2_id_": -1, "reward_item2_count_": -1, "reward_item3_category_id_": -1, "reward_item3_id_": -1, "reward_item3_count_": -1}]}, {"missionplan_reward_id_": 5003, "table_": [{"missionplan_level_": 1, "need_missionpoint_": 10, "pickup_flag_": 0, "reward_item1_category_id_": 1, "reward_item1_id_": 0, "reward_item1_count_": 100, "reward_item2_category_id_": -1, "reward_item2_id_": -1, "reward_item2_count_": -1, "reward_item3_category_id_": -1, "reward_item3_id_": -1, "reward_item3_count_": -1}, {"missionplan_level_": 2, "need_missionpoint_": 20, "pickup_flag_": 0, "reward_item1_category_id_": 1, "reward_item1_id_": 0, "reward_item1_count_": 100, "reward_item2_category_id_": -1, "reward_item2_id_": -1, "reward_item2_count_": -1, "reward_item3_category_id_": -1, "reward_item3_id_": -1, "reward_item3_count_": -1}, {"missionplan_level_": 3, "need_missionpoint_": 30, "pickup_flag_": 0, "reward_item1_category_id_": 1, "reward_item1_id_": 0, "reward_item1_count_": 100, "reward_item2_category_id_": -1, "reward_item2_id_": -1, "reward_item2_count_": -1, "reward_item3_category_id_": -1, "reward_item3_id_": -1, "reward_item3_count_": -1}, {"missionplan_level_": 4, "need_missionpoint_": 40, "pickup_flag_": 0, "reward_item1_category_id_": 1, "reward_item1_id_": 0, "reward_item1_count_": 100, "reward_item2_category_id_": -1, "reward_item2_id_": -1, "reward_item2_count_": -1, "reward_item3_category_id_": -1, "reward_item3_id_": -1, "reward_item3_count_": -1}, {"missionplan_level_": 5, "need_missionpoint_": 50, "pickup_flag_": 0, "reward_item1_category_id_": 1, "reward_item1_id_": 0, "reward_item1_count_": 100, "reward_item2_category_id_": -1, "reward_item2_id_": -1, "reward_item2_count_": -1, "reward_item3_category_id_": -1, "reward_item3_id_": -1, "reward_item3_count_": -1}, {"missionplan_level_": 6, "need_missionpoint_": 60, "pickup_flag_": 0, "reward_item1_category_id_": 1, "reward_item1_id_": 0, "reward_item1_count_": 200, "reward_item2_category_id_": -1, "reward_item2_id_": -1, "reward_item2_count_": -1, "reward_item3_category_id_": -1, "reward_item3_id_": -1, "reward_item3_count_": -1}, {"missionplan_level_": 7, "need_missionpoint_": 70, "pickup_flag_": 0, "reward_item1_category_id_": 1, "reward_item1_id_": 0, "reward_item1_count_": 300, "reward_item2_category_id_": -1, "reward_item2_id_": -1, "reward_item2_count_": -1, "reward_item3_category_id_": -1, "reward_item3_id_": -1, "reward_item3_count_": -1}]}]