[{"id_": 0, "mission_type_": 1, "char_asset_name_": "mission_none_6", "voice_id_": 702, "probability_": 4, "message_type_": 3, "message_id_": 0, "begin_date_": "2018/1/1  0:00:00", "end_date_": "2030/1/1  15:00:00", "release_flag_": 1}, {"id_": 1, "mission_type_": 2, "char_asset_name_": "mission_none_6", "voice_id_": 701, "probability_": 4, "message_type_": 3, "message_id_": 1, "begin_date_": "2018/1/1  0:00:00", "end_date_": "2030/1/1  15:00:00", "release_flag_": 1}, {"id_": 2, "mission_type_": 3, "char_asset_name_": "mission_none_6", "voice_id_": 702, "probability_": 4, "message_type_": 2, "message_id_": 1, "begin_date_": "2018/1/1  0:00:00", "end_date_": "2030/1/1  15:00:00", "release_flag_": 1}, {"id_": 3, "mission_type_": 4, "char_asset_name_": "mission_none_6", "voice_id_": 700, "probability_": 4, "message_type_": 2, "message_id_": 1, "begin_date_": "2018/1/1  0:00:00", "end_date_": "2030/1/1  15:00:00", "release_flag_": 1}, {"id_": 4, "mission_type_": 5, "char_asset_name_": "mission_none_6", "voice_id_": 701, "probability_": 4, "message_type_": 1, "message_id_": 1, "begin_date_": "2018/1/1  0:00:00", "end_date_": "2030/1/1  15:00:00", "release_flag_": 1}, {"id_": 5, "mission_type_": 6, "char_asset_name_": "mission_none_6", "voice_id_": 702, "probability_": 4, "message_type_": 1, "message_id_": 1, "begin_date_": "2018/1/1  0:00:00", "end_date_": "2030/1/1  15:00:00", "release_flag_": 1}, {"id_": 6, "mission_type_": 7, "char_asset_name_": "mission_none_6", "voice_id_": 703, "probability_": 4, "message_type_": 1, "message_id_": 1, "begin_date_": "2018/1/1  0:00:00", "end_date_": "2030/1/1  15:00:00", "release_flag_": 1}, {"id_": 7, "mission_type_": 8, "char_asset_name_": "mission_none_6", "voice_id_": 703, "probability_": 4, "message_type_": 1, "message_id_": 3, "begin_date_": "2018/1/1  0:00:00", "end_date_": "2030/1/1  15:00:00", "release_flag_": 1}]