[{"mission_set_unlock_id_": 343, "mission_set_id_": 343, "unlock_item_type_": 1, "unlock_item_id_": 0, "unlock_item_num_": 2000, "unlock_count_flag_": 1, "begin_date_": "2020/9/16  15:00:00", "end_date_": "2020/9/26  15:00:00"}, {"mission_set_unlock_id_": 344, "mission_set_id_": 344, "unlock_item_type_": 1, "unlock_item_id_": 0, "unlock_item_num_": 2000, "unlock_count_flag_": 1, "begin_date_": "2020/9/16  15:00:00", "end_date_": "2020/9/26  15:00:00"}, {"mission_set_unlock_id_": 301, "mission_set_id_": 301, "unlock_item_type_": 1, "unlock_item_id_": 0, "unlock_item_num_": 2000, "unlock_count_flag_": 1, "begin_date_": "2020/10/14  15:00:00", "end_date_": "2020/10/29  15:00:00"}, {"mission_set_unlock_id_": 302, "mission_set_id_": 302, "unlock_item_type_": 1, "unlock_item_id_": 0, "unlock_item_num_": 2000, "unlock_count_flag_": 1, "begin_date_": "2020/10/14  15:00:00", "end_date_": "2020/10/29  15:00:00"}, {"mission_set_unlock_id_": 303, "mission_set_id_": 303, "unlock_item_type_": 1, "unlock_item_id_": 0, "unlock_item_num_": 2000, "unlock_count_flag_": 1, "begin_date_": "2020/10/14  15:00:00", "end_date_": "2020/10/29  15:00:00"}, {"mission_set_unlock_id_": 363, "mission_set_id_": 363, "unlock_item_type_": 1, "unlock_item_id_": 0, "unlock_item_num_": 2000, "unlock_count_flag_": 1, "begin_date_": "2020/11/11  15:00:00", "end_date_": "2020/11/26  15:00:00"}, {"mission_set_unlock_id_": 364, "mission_set_id_": 364, "unlock_item_type_": 1, "unlock_item_id_": 0, "unlock_item_num_": 2000, "unlock_count_flag_": 1, "begin_date_": "2020/11/11  15:00:00", "end_date_": "2020/11/26  15:00:00"}, {"mission_set_unlock_id_": 328, "mission_set_id_": 328, "unlock_item_type_": 1, "unlock_item_id_": 0, "unlock_item_num_": 2000, "unlock_count_flag_": 0, "begin_date_": "2021/1/31  15:00:00", "end_date_": "2021/2/21  15:00:00"}, {"mission_set_unlock_id_": 177, "mission_set_id_": 177, "unlock_item_type_": 1, "unlock_item_id_": 0, "unlock_item_num_": 2000, "unlock_count_flag_": 0, "begin_date_": "2021/1/31  15:00:00", "end_date_": "2021/2/21  15:00:00"}, {"mission_set_unlock_id_": 380, "mission_set_id_": 380, "unlock_item_type_": 1, "unlock_item_id_": 0, "unlock_item_num_": 2000, "unlock_count_flag_": 0, "begin_date_": "2021/2/28  15:00:00", "end_date_": "2021/3/21  15:00:00"}, {"mission_set_unlock_id_": 381, "mission_set_id_": 381, "unlock_item_type_": 1, "unlock_item_id_": 0, "unlock_item_num_": 2000, "unlock_count_flag_": 0, "begin_date_": "2021/2/28  15:00:00", "end_date_": "2021/3/21  15:00:00"}, {"mission_set_unlock_id_": 386, "mission_set_id_": 386, "unlock_item_type_": 1, "unlock_item_id_": 0, "unlock_item_num_": 2000, "unlock_count_flag_": 0, "begin_date_": "2021/3/31  15:00:00", "end_date_": "2021/4/21  15:00:00"}, {"mission_set_unlock_id_": 337, "mission_set_id_": 337, "unlock_item_type_": 1, "unlock_item_id_": 0, "unlock_item_num_": 2000, "unlock_count_flag_": 0, "begin_date_": "2021/3/31  15:00:00", "end_date_": "2021/4/21  15:00:00"}, {"mission_set_unlock_id_": 389, "mission_set_id_": 389, "unlock_item_type_": 1, "unlock_item_id_": 0, "unlock_item_num_": 2000, "unlock_count_flag_": 0, "begin_date_": "2021/4/30  15:00:00", "end_date_": "2021/5/15  15:00:00"}, {"mission_set_unlock_id_": 390, "mission_set_id_": 390, "unlock_item_type_": 1, "unlock_item_id_": 0, "unlock_item_num_": 2000, "unlock_count_flag_": 0, "begin_date_": "2021/4/30  15:00:00", "end_date_": "2021/5/15  15:00:00"}, {"mission_set_unlock_id_": 424, "mission_set_id_": 424, "unlock_item_type_": 1, "unlock_item_id_": 0, "unlock_item_num_": 2000, "unlock_count_flag_": 0, "begin_date_": "2021/7/31  15:00:00", "end_date_": "2021/8/15  15:00:00"}, {"mission_set_unlock_id_": 425, "mission_set_id_": 425, "unlock_item_type_": 1, "unlock_item_id_": 0, "unlock_item_num_": 2000, "unlock_count_flag_": 0, "begin_date_": "2021/7/31  15:00:00", "end_date_": "2021/8/15  15:00:00"}, {"mission_set_unlock_id_": 430, "mission_set_id_": 430, "unlock_item_type_": 1, "unlock_item_id_": 0, "unlock_item_num_": 2000, "unlock_count_flag_": 0, "begin_date_": "2021/9/1  15:00:00", "end_date_": "2021/9/16  15:00:00"}, {"mission_set_unlock_id_": 431, "mission_set_id_": 431, "unlock_item_type_": 1, "unlock_item_id_": 0, "unlock_item_num_": 2000, "unlock_count_flag_": 0, "begin_date_": "2021/9/1  15:00:00", "end_date_": "2021/9/16  15:00:00"}, {"mission_set_unlock_id_": 441, "mission_set_id_": 441, "unlock_item_type_": 1, "unlock_item_id_": 0, "unlock_item_num_": 2000, "unlock_count_flag_": 0, "begin_date_": "2021/9/30  15:00:00", "end_date_": "2021/10/15  15:00:00"}, {"mission_set_unlock_id_": 163, "mission_set_id_": 163, "unlock_item_type_": 1, "unlock_item_id_": 0, "unlock_item_num_": 2000, "unlock_count_flag_": 0, "begin_date_": "2021/9/30  15:00:00", "end_date_": "2021/10/15  15:00:00"}, {"mission_set_unlock_id_": 444, "mission_set_id_": 444, "unlock_item_type_": 1, "unlock_item_id_": 0, "unlock_item_num_": 2000, "unlock_count_flag_": 0, "begin_date_": "2021/10/31  15:00:00", "end_date_": "2021/11/15  15:00:00"}, {"mission_set_unlock_id_": 445, "mission_set_id_": 445, "unlock_item_type_": 1, "unlock_item_id_": 0, "unlock_item_num_": 2000, "unlock_count_flag_": 0, "begin_date_": "2021/10/31  15:00:00", "end_date_": "2021/11/15  15:00:00"}, {"mission_set_unlock_id_": 459, "mission_set_id_": 459, "unlock_item_type_": 1, "unlock_item_id_": 0, "unlock_item_num_": 2000, "unlock_count_flag_": 0, "begin_date_": "2022/1/31  15:00:00", "end_date_": "2022/2/15  15:00:00"}, {"mission_set_unlock_id_": 460, "mission_set_id_": 460, "unlock_item_type_": 1, "unlock_item_id_": 0, "unlock_item_num_": 2000, "unlock_count_flag_": 0, "begin_date_": "2022/1/31  15:00:00", "end_date_": "2022/2/15  15:00:00"}, {"mission_set_unlock_id_": 469, "mission_set_id_": 469, "unlock_item_type_": 1, "unlock_item_id_": 0, "unlock_item_num_": 2000, "unlock_count_flag_": 0, "begin_date_": "2022/3/31  15:00:00", "end_date_": "2022/4/15  15:00:00"}, {"mission_set_unlock_id_": 470, "mission_set_id_": 470, "unlock_item_type_": 1, "unlock_item_id_": 0, "unlock_item_num_": 2000, "unlock_count_flag_": 0, "begin_date_": "2022/3/31  15:00:00", "end_date_": "2022/4/15  15:00:00"}, {"mission_set_unlock_id_": 488, "mission_set_id_": 488, "unlock_item_type_": 1, "unlock_item_id_": 0, "unlock_item_num_": 2000, "unlock_count_flag_": 0, "begin_date_": "2022/7/31  15:00:00", "end_date_": "2022/8/31  15:00:00"}, {"mission_set_unlock_id_": 489, "mission_set_id_": 489, "unlock_item_type_": 1, "unlock_item_id_": 0, "unlock_item_num_": 2000, "unlock_count_flag_": 0, "begin_date_": "2022/7/31  15:00:00", "end_date_": "2022/8/31  15:00:00"}, {"mission_set_unlock_id_": 498, "mission_set_id_": 498, "unlock_item_type_": 1, "unlock_item_id_": 0, "unlock_item_num_": 2000, "unlock_count_flag_": 0, "begin_date_": "2022/8/31  15:00:00", "end_date_": "2022/9/15  15:00:00"}, {"mission_set_unlock_id_": 499, "mission_set_id_": 499, "unlock_item_type_": 1, "unlock_item_id_": 0, "unlock_item_num_": 2000, "unlock_count_flag_": 0, "begin_date_": "2022/8/31  15:00:00", "end_date_": "2022/9/15  15:00:00"}, {"mission_set_unlock_id_": 4000, "mission_set_id_": 4000, "unlock_item_type_": 1, "unlock_item_id_": 0, "unlock_item_num_": 500, "unlock_count_flag_": 1, "begin_date_": "2020/9/23  15:00:00", "end_date_": "2020/9/29  15:00:00"}, {"mission_set_unlock_id_": 4001, "mission_set_id_": 4001, "unlock_item_type_": 1, "unlock_item_id_": 0, "unlock_item_num_": 500, "unlock_count_flag_": 1, "begin_date_": "2020/9/23  15:00:00", "end_date_": "2020/9/29  15:00:00"}, {"mission_set_unlock_id_": 4002, "mission_set_id_": 4002, "unlock_item_type_": 1, "unlock_item_id_": 0, "unlock_item_num_": 500, "unlock_count_flag_": 1, "begin_date_": "2020/9/23  15:00:00", "end_date_": "2020/9/29  15:00:00"}, {"mission_set_unlock_id_": 4003, "mission_set_id_": 4003, "unlock_item_type_": 1, "unlock_item_id_": 0, "unlock_item_num_": 500, "unlock_count_flag_": 1, "begin_date_": "2020/9/23  15:00:00", "end_date_": "2020/9/29  15:00:00"}, {"mission_set_unlock_id_": 4004, "mission_set_id_": 4004, "unlock_item_type_": 1, "unlock_item_id_": 0, "unlock_item_num_": 500, "unlock_count_flag_": 1, "begin_date_": "2020/9/23  15:00:00", "end_date_": "2020/9/29  15:00:00"}, {"mission_set_unlock_id_": 4005, "mission_set_id_": 4005, "unlock_item_type_": 1, "unlock_item_id_": 0, "unlock_item_num_": 500, "unlock_count_flag_": 1, "begin_date_": "2020/10/21  15:00:00", "end_date_": "2020/10/27  15:00:00"}, {"mission_set_unlock_id_": 4006, "mission_set_id_": 4006, "unlock_item_type_": 1, "unlock_item_id_": 0, "unlock_item_num_": 500, "unlock_count_flag_": 1, "begin_date_": "2020/10/21  15:00:00", "end_date_": "2020/10/27  15:00:00"}, {"mission_set_unlock_id_": 4007, "mission_set_id_": 4007, "unlock_item_type_": 1, "unlock_item_id_": 0, "unlock_item_num_": 500, "unlock_count_flag_": 0, "begin_date_": "2021/1/6  15:00:00", "end_date_": "2021/1/16  15:00:00"}, {"mission_set_unlock_id_": 4008, "mission_set_id_": 4008, "unlock_item_type_": 1, "unlock_item_id_": 0, "unlock_item_num_": 500, "unlock_count_flag_": 0, "begin_date_": "2021/1/6  15:00:00", "end_date_": "2021/1/16  15:00:00"}, {"mission_set_unlock_id_": 4009, "mission_set_id_": 4009, "unlock_item_type_": 1, "unlock_item_id_": 0, "unlock_item_num_": 500, "unlock_count_flag_": 0, "begin_date_": "2021/1/6  15:00:00", "end_date_": "2021/1/16  15:00:00"}, {"mission_set_unlock_id_": 4010, "mission_set_id_": 4010, "unlock_item_type_": 1, "unlock_item_id_": 0, "unlock_item_num_": 500, "unlock_count_flag_": 0, "begin_date_": "2021/1/6  15:00:00", "end_date_": "2021/1/16  15:00:00"}, {"mission_set_unlock_id_": 4011, "mission_set_id_": 4011, "unlock_item_type_": 1, "unlock_item_id_": 0, "unlock_item_num_": 500, "unlock_count_flag_": 0, "begin_date_": "2021/1/6  15:00:00", "end_date_": "2021/1/16  15:00:00"}, {"mission_set_unlock_id_": 4012, "mission_set_id_": 4012, "unlock_item_type_": 1, "unlock_item_id_": 0, "unlock_item_num_": 500, "unlock_count_flag_": 0, "begin_date_": "2021/2/24  15:00:00", "end_date_": "2021/3/6  15:00:00"}, {"mission_set_unlock_id_": 4013, "mission_set_id_": 4013, "unlock_item_type_": 1, "unlock_item_id_": 0, "unlock_item_num_": 500, "unlock_count_flag_": 0, "begin_date_": "2021/2/24  15:00:00", "end_date_": "2021/3/6  15:00:00"}, {"mission_set_unlock_id_": 4014, "mission_set_id_": 4014, "unlock_item_type_": 1, "unlock_item_id_": 0, "unlock_item_num_": 500, "unlock_count_flag_": 0, "begin_date_": "2021/2/24  15:00:00", "end_date_": "2021/3/6  15:00:00"}, {"mission_set_unlock_id_": 4015, "mission_set_id_": 4015, "unlock_item_type_": 1, "unlock_item_id_": 0, "unlock_item_num_": 500, "unlock_count_flag_": 0, "begin_date_": "2021/2/24  15:00:00", "end_date_": "2021/3/6  15:00:00"}, {"mission_set_unlock_id_": 4016, "mission_set_id_": 4016, "unlock_item_type_": 1, "unlock_item_id_": 0, "unlock_item_num_": 500, "unlock_count_flag_": 0, "begin_date_": "2021/2/24  15:00:00", "end_date_": "2021/3/6  15:00:00"}, {"mission_set_unlock_id_": 4017, "mission_set_id_": 4017, "unlock_item_type_": 1, "unlock_item_id_": 0, "unlock_item_num_": 500, "unlock_count_flag_": 0, "begin_date_": "2021/5/30  15:00:00", "end_date_": "2021/7/14  15:00:00"}, {"mission_set_unlock_id_": 4018, "mission_set_id_": 4018, "unlock_item_type_": 1, "unlock_item_id_": 0, "unlock_item_num_": 500, "unlock_count_flag_": 0, "begin_date_": "2021/5/30  15:00:00", "end_date_": "2021/7/14  15:00:00"}, {"mission_set_unlock_id_": 4019, "mission_set_id_": 4019, "unlock_item_type_": 1, "unlock_item_id_": 0, "unlock_item_num_": 500, "unlock_count_flag_": 0, "begin_date_": "2021/5/30  15:00:00", "end_date_": "2021/7/14  15:00:00"}, {"mission_set_unlock_id_": 4020, "mission_set_id_": 4020, "unlock_item_type_": 1, "unlock_item_id_": 0, "unlock_item_num_": 500, "unlock_count_flag_": 0, "begin_date_": "2021/5/30  15:00:00", "end_date_": "2021/7/14  15:00:00"}, {"mission_set_unlock_id_": 4021, "mission_set_id_": 4021, "unlock_item_type_": 1, "unlock_item_id_": 0, "unlock_item_num_": 500, "unlock_count_flag_": 0, "begin_date_": "2021/5/30  15:00:00", "end_date_": "2021/7/14  15:00:00"}, {"mission_set_unlock_id_": 4100, "mission_set_id_": 4100, "unlock_item_type_": 1, "unlock_item_id_": 0, "unlock_item_num_": 2000, "unlock_count_flag_": 0, "begin_date_": "2020/12/16  15:00:00", "end_date_": "2020/12/23  15:00:00"}, {"mission_set_unlock_id_": 4101, "mission_set_id_": 4101, "unlock_item_type_": 1, "unlock_item_id_": 0, "unlock_item_num_": 2000, "unlock_count_flag_": 1, "begin_date_": "2020/10/21  15:00:00", "end_date_": "2020/10/31  15:00:00"}, {"mission_set_unlock_id_": 4102, "mission_set_id_": 4102, "unlock_item_type_": 1, "unlock_item_id_": 0, "unlock_item_num_": 2000, "unlock_count_flag_": 0, "begin_date_": "2021/2/17  15:00:00", "end_date_": "2021/2/27  15:00:00"}, {"mission_set_unlock_id_": 4103, "mission_set_id_": 4103, "unlock_item_type_": 1, "unlock_item_id_": 0, "unlock_item_num_": 2000, "unlock_count_flag_": 0, "begin_date_": "2021/1/6  15:00:00", "end_date_": "2021/1/16  15:00:00"}, {"mission_set_unlock_id_": 4104, "mission_set_id_": 4104, "unlock_item_type_": 1, "unlock_item_id_": 0, "unlock_item_num_": 2000, "unlock_count_flag_": 0, "begin_date_": "2021/1/27  15:00:00", "end_date_": "2021/2/6  15:00:00"}, {"mission_set_unlock_id_": 4105, "mission_set_id_": 4105, "unlock_item_type_": 1, "unlock_item_id_": 0, "unlock_item_num_": 2000, "unlock_count_flag_": 0, "begin_date_": "2021/2/10  15:00:00", "end_date_": "2021/2/20  15:00:00"}, {"mission_set_unlock_id_": 4106, "mission_set_id_": 4106, "unlock_item_type_": 1, "unlock_item_id_": 0, "unlock_item_num_": 2000, "unlock_count_flag_": 0, "begin_date_": "2021/2/17  15:00:00", "end_date_": "2021/2/27  15:00:00"}, {"mission_set_unlock_id_": 4107, "mission_set_id_": 4107, "unlock_item_type_": 1, "unlock_item_id_": 0, "unlock_item_num_": 2000, "unlock_count_flag_": 0, "begin_date_": "2021/2/24  15:00:00", "end_date_": "2021/3/6  15:00:00"}, {"mission_set_unlock_id_": 4108, "mission_set_id_": 4108, "unlock_item_type_": 1, "unlock_item_id_": 0, "unlock_item_num_": 2000, "unlock_count_flag_": 0, "begin_date_": "2021/3/10  15:00:00", "end_date_": "2021/3/20  15:00:00"}, {"mission_set_unlock_id_": 4109, "mission_set_id_": 4109, "unlock_item_type_": 1, "unlock_item_id_": 0, "unlock_item_num_": 2000, "unlock_count_flag_": 0, "begin_date_": "2021/3/24  15:00:00", "end_date_": "2021/4/3  15:00:00"}, {"mission_set_unlock_id_": 4110, "mission_set_id_": 4110, "unlock_item_type_": 1, "unlock_item_id_": 0, "unlock_item_num_": 2000, "unlock_count_flag_": 0, "begin_date_": "2021/4/7  15:00:00", "end_date_": "2021/4/17  15:00:00"}, {"mission_set_unlock_id_": 4111, "mission_set_id_": 4111, "unlock_item_type_": 1, "unlock_item_id_": 0, "unlock_item_num_": 2000, "unlock_count_flag_": 0, "begin_date_": "2021/4/21  15:00:00", "end_date_": "2021/5/1  15:00:00"}, {"mission_set_unlock_id_": 4112, "mission_set_id_": 4112, "unlock_item_type_": 1, "unlock_item_id_": 0, "unlock_item_num_": 2000, "unlock_count_flag_": 0, "begin_date_": "2021/5/5  15:00:00", "end_date_": "2021/5/15  15:00:00"}, {"mission_set_unlock_id_": 4113, "mission_set_id_": 4113, "unlock_item_type_": 1, "unlock_item_id_": 0, "unlock_item_num_": 2000, "unlock_count_flag_": 0, "begin_date_": "2021/6/9  15:00:00", "end_date_": "2021/6/29  15:00:00"}, {"mission_set_unlock_id_": 4114, "mission_set_id_": 4114, "unlock_item_type_": 1, "unlock_item_id_": 0, "unlock_item_num_": 2000, "unlock_count_flag_": 0, "begin_date_": "2021/6/23  15:00:00", "end_date_": "2021/7/3  15:00:00"}, {"mission_set_unlock_id_": 4115, "mission_set_id_": 4115, "unlock_item_type_": 1, "unlock_item_id_": 0, "unlock_item_num_": 2000, "unlock_count_flag_": 0, "begin_date_": "2021/7/7  15:00:00", "end_date_": "2021/7/17  15:00:00"}, {"mission_set_unlock_id_": 4116, "mission_set_id_": 4116, "unlock_item_type_": 1, "unlock_item_id_": 0, "unlock_item_num_": 2000, "unlock_count_flag_": 0, "begin_date_": "2021/7/28  15:00:00", "end_date_": "2021/8/7  15:00:00"}, {"mission_set_unlock_id_": 4117, "mission_set_id_": 4117, "unlock_item_type_": 1, "unlock_item_id_": 0, "unlock_item_num_": 2000, "unlock_count_flag_": 0, "begin_date_": "2021/8/4  15:00:00", "end_date_": "2021/8/14  15:00:00"}, {"mission_set_unlock_id_": 4118, "mission_set_id_": 4118, "unlock_item_type_": 1, "unlock_item_id_": 0, "unlock_item_num_": 2000, "unlock_count_flag_": 0, "begin_date_": "2021/8/25  15:00:00", "end_date_": "2021/9/4  15:00:00"}, {"mission_set_unlock_id_": 4119, "mission_set_id_": 4119, "unlock_item_type_": 1, "unlock_item_id_": 0, "unlock_item_num_": 2000, "unlock_count_flag_": 0, "begin_date_": "2021/9/22  15:00:00", "end_date_": "2021/10/2  15:00:00"}, {"mission_set_unlock_id_": 4120, "mission_set_id_": 4120, "unlock_item_type_": 1, "unlock_item_id_": 0, "unlock_item_num_": 2000, "unlock_count_flag_": 0, "begin_date_": "2021/10/6  15:00:00", "end_date_": "2021/10/16  15:00:00"}, {"mission_set_unlock_id_": 4121, "mission_set_id_": 4121, "unlock_item_type_": 1, "unlock_item_id_": 0, "unlock_item_num_": 2000, "unlock_count_flag_": 0, "begin_date_": "2021/10/20  15:00:00", "end_date_": "2021/10/30  15:00:00"}, {"mission_set_unlock_id_": 4122, "mission_set_id_": 4122, "unlock_item_type_": 1, "unlock_item_id_": 0, "unlock_item_num_": 2000, "unlock_count_flag_": 0, "begin_date_": "2021/11/3  15:00:00", "end_date_": "2021/11/13  15:00:00"}, {"mission_set_unlock_id_": 4123, "mission_set_id_": 4123, "unlock_item_type_": 1, "unlock_item_id_": 0, "unlock_item_num_": 2000, "unlock_count_flag_": 0, "begin_date_": "2021/11/18  15:00:00", "end_date_": "2021/11/27  15:00:00"}, {"mission_set_unlock_id_": 4124, "mission_set_id_": 4124, "unlock_item_type_": 1, "unlock_item_id_": 0, "unlock_item_num_": 2000, "unlock_count_flag_": 0, "begin_date_": "2021/12/15  15:00:00", "end_date_": "2021/12/25  15:00:00"}, {"mission_set_unlock_id_": 4125, "mission_set_id_": 4125, "unlock_item_type_": 1, "unlock_item_id_": 0, "unlock_item_num_": 2000, "unlock_count_flag_": 0, "begin_date_": "2022/1/12  15:00:00", "end_date_": "2022/1/22  15:00:00"}, {"mission_set_unlock_id_": 4126, "mission_set_id_": 4126, "unlock_item_type_": 1, "unlock_item_id_": 0, "unlock_item_num_": 2000, "unlock_count_flag_": 0, "begin_date_": "2022/1/19  15:00:00", "end_date_": "2022/2/16  15:00:00"}, {"mission_set_unlock_id_": 4127, "mission_set_id_": 4127, "unlock_item_type_": 1, "unlock_item_id_": 0, "unlock_item_num_": 2000, "unlock_count_flag_": 0, "begin_date_": "2022/1/26  15:00:00", "end_date_": "2022/2/5  15:00:00"}, {"mission_set_unlock_id_": 4128, "mission_set_id_": 4128, "unlock_item_type_": 1, "unlock_item_id_": 0, "unlock_item_num_": 2000, "unlock_count_flag_": 0, "begin_date_": "2022/2/2  15:00:00", "end_date_": "2022/2/12  15:00:00"}, {"mission_set_unlock_id_": 4129, "mission_set_id_": 4129, "unlock_item_type_": 1, "unlock_item_id_": 0, "unlock_item_num_": 2000, "unlock_count_flag_": 0, "begin_date_": "2022/2/16  15:00:00", "end_date_": "2022/2/26  15:00:00"}, {"mission_set_unlock_id_": 4130, "mission_set_id_": 4130, "unlock_item_type_": 1, "unlock_item_id_": 0, "unlock_item_num_": 2000, "unlock_count_flag_": 0, "begin_date_": "2022/3/23  15:00:00", "end_date_": "2022/4/2  15:00:00"}, {"mission_set_unlock_id_": 4131, "mission_set_id_": 4131, "unlock_item_type_": 1, "unlock_item_id_": 0, "unlock_item_num_": 2000, "unlock_count_flag_": 0, "begin_date_": "2022/4/6  15:00:00", "end_date_": "2022/4/16  15:00:00"}, {"mission_set_unlock_id_": 4132, "mission_set_id_": 4132, "unlock_item_type_": 1, "unlock_item_id_": 0, "unlock_item_num_": 2000, "unlock_count_flag_": 0, "begin_date_": "2022/4/27  15:00:00", "end_date_": "2022/5/7  15:00:00"}, {"mission_set_unlock_id_": 4133, "mission_set_id_": 4133, "unlock_item_type_": 1, "unlock_item_id_": 0, "unlock_item_num_": 2000, "unlock_count_flag_": 0, "begin_date_": "2022/5/11  15:00:00", "end_date_": "2022/5/21  15:00:00"}, {"mission_set_unlock_id_": 4134, "mission_set_id_": 4134, "unlock_item_type_": 1, "unlock_item_id_": 0, "unlock_item_num_": 2000, "unlock_count_flag_": 0, "begin_date_": "2022/5/18  15:00:00", "end_date_": "2022/5/28  15:00:00"}, {"mission_set_unlock_id_": 4135, "mission_set_id_": 4135, "unlock_item_type_": 1, "unlock_item_id_": 0, "unlock_item_num_": 2000, "unlock_count_flag_": 0, "begin_date_": "2022/6/29  15:00:00", "end_date_": "2022/7/9  15:00:00"}, {"mission_set_unlock_id_": 4136, "mission_set_id_": 4136, "unlock_item_type_": 1, "unlock_item_id_": 0, "unlock_item_num_": 2000, "unlock_count_flag_": 0, "begin_date_": "2022/7/13  15:00:00", "end_date_": "2022/7/23  15:00:00"}, {"mission_set_unlock_id_": 4137, "mission_set_id_": 4137, "unlock_item_type_": 1, "unlock_item_id_": 0, "unlock_item_num_": 2000, "unlock_count_flag_": 0, "begin_date_": "2022/7/20  15:00:00", "end_date_": "2022/7/30  15:00:00"}, {"mission_set_unlock_id_": 4138, "mission_set_id_": 4138, "unlock_item_type_": 1, "unlock_item_id_": 0, "unlock_item_num_": 2000, "unlock_count_flag_": 0, "begin_date_": "2022/8/24  15:00:00", "end_date_": "2022/9/3  15:00:00"}, {"mission_set_unlock_id_": 4139, "mission_set_id_": 4139, "unlock_item_type_": 1, "unlock_item_id_": 0, "unlock_item_num_": 2000, "unlock_count_flag_": 0, "begin_date_": "2022/9/14  15:00:00", "end_date_": "2022/9/24  15:00:00"}, {"mission_set_unlock_id_": 4140, "mission_set_id_": 4140, "unlock_item_type_": 1, "unlock_item_id_": 0, "unlock_item_num_": 2000, "unlock_count_flag_": 0, "begin_date_": "2022/9/21  15:00:00", "end_date_": "2022/10/1  15:00:00"}, {"mission_set_unlock_id_": 4141, "mission_set_id_": 4141, "unlock_item_type_": 1, "unlock_item_id_": 0, "unlock_item_num_": 2000, "unlock_count_flag_": 0, "begin_date_": "2022/10/12  15:00:00", "end_date_": "2022/10/22  15:00:00"}, {"mission_set_unlock_id_": 4142, "mission_set_id_": 4142, "unlock_item_type_": 1, "unlock_item_id_": 0, "unlock_item_num_": 2000, "unlock_count_flag_": 0, "begin_date_": "2022/10/26  15:00:00", "end_date_": "2022/11/5  15:00:00"}, {"mission_set_unlock_id_": 4143, "mission_set_id_": 4143, "unlock_item_type_": 1, "unlock_item_id_": 0, "unlock_item_num_": 2000, "unlock_count_flag_": 0, "begin_date_": "2022/11/9  15:00:00", "end_date_": "2022/11/19  15:00:00"}, {"mission_set_unlock_id_": 4144, "mission_set_id_": 4144, "unlock_item_type_": 1, "unlock_item_id_": 0, "unlock_item_num_": 2000, "unlock_count_flag_": 0, "begin_date_": "2022/12/21  15:00:00", "end_date_": "2022/12/31  15:00:00"}, {"mission_set_unlock_id_": 4145, "mission_set_id_": 4145, "unlock_item_type_": 1, "unlock_item_id_": 0, "unlock_item_num_": 2000, "unlock_count_flag_": 0, "begin_date_": "2023/1/11  15:00:00", "end_date_": "2023/1/21  15:00:00"}, {"mission_set_unlock_id_": 4146, "mission_set_id_": 4146, "unlock_item_type_": 1, "unlock_item_id_": 0, "unlock_item_num_": 2000, "unlock_count_flag_": 0, "begin_date_": "2023/1/25  15:00:00", "end_date_": "2023/2/4  15:00:00"}, {"mission_set_unlock_id_": 4147, "mission_set_id_": 4147, "unlock_item_type_": 1, "unlock_item_id_": 0, "unlock_item_num_": 2000, "unlock_count_flag_": 0, "begin_date_": "2023/2/8  15:00:00", "end_date_": "2023/2/18  15:00:00"}, {"mission_set_unlock_id_": 4148, "mission_set_id_": 4148, "unlock_item_type_": 1, "unlock_item_id_": 0, "unlock_item_num_": 2000, "unlock_count_flag_": 0, "begin_date_": "2023/2/22  15:00:00", "end_date_": "2023/3/4  15:00:00"}, {"mission_set_unlock_id_": 4149, "mission_set_id_": 4149, "unlock_item_type_": 1, "unlock_item_id_": 0, "unlock_item_num_": 2000, "unlock_count_flag_": 0, "begin_date_": "2023/3/22  15:00:00", "end_date_": "2023/4/1  15:00:00"}, {"mission_set_unlock_id_": 4150, "mission_set_id_": 4150, "unlock_item_type_": 1, "unlock_item_id_": 0, "unlock_item_num_": 2000, "unlock_count_flag_": 0, "begin_date_": "2023/4/5  15:00:00", "end_date_": "2023/4/15  15:00:00"}, {"mission_set_unlock_id_": 4151, "mission_set_id_": 4151, "unlock_item_type_": 1, "unlock_item_id_": 0, "unlock_item_num_": 2000, "unlock_count_flag_": 0, "begin_date_": "2023/4/19  15:00:00", "end_date_": "2023/4/29  15:00:00"}, {"mission_set_unlock_id_": 4152, "mission_set_id_": 4152, "unlock_item_type_": 1, "unlock_item_id_": 0, "unlock_item_num_": 2000, "unlock_count_flag_": 0, "begin_date_": "2023/5/9  15:00:00", "end_date_": "2023/5/19  15:00:00"}, {"mission_set_unlock_id_": 4153, "mission_set_id_": 4153, "unlock_item_type_": 1, "unlock_item_id_": 0, "unlock_item_num_": 2000, "unlock_count_flag_": 0, "begin_date_": "2023/5/17  15:00:00", "end_date_": "2023/5/27  15:00:00"}, {"mission_set_unlock_id_": 4154, "mission_set_id_": 4154, "unlock_item_type_": 1, "unlock_item_id_": 0, "unlock_item_num_": 2000, "unlock_count_flag_": 0, "begin_date_": "2023/6/28  15:00:00", "end_date_": "2023/7/8  15:00:00"}, {"mission_set_unlock_id_": 7002, "mission_set_id_": 7002, "unlock_item_type_": 8, "unlock_item_id_": 60021, "unlock_item_num_": 30, "unlock_count_flag_": 1, "begin_date_": "2020/11/4  15:00:00", "end_date_": "2020/11/18  15:00:00"}, {"mission_set_unlock_id_": 5010, "mission_set_id_": 5010, "unlock_item_type_": 8, "unlock_item_id_": 5010, "unlock_item_num_": 1, "unlock_count_flag_": 1, "begin_date_": "2020/11/18  15:00:00", "end_date_": "2030/1/1  15:00:00"}, {"mission_set_unlock_id_": 3652, "mission_set_id_": 3652, "unlock_item_type_": 8, "unlock_item_id_": 3652, "unlock_item_num_": 1, "unlock_count_flag_": 0, "begin_date_": "2021/6/30  15:00:00", "end_date_": "2021/7/21  15:00:00"}, {"mission_set_unlock_id_": 3702, "mission_set_id_": 3702, "unlock_item_type_": 8, "unlock_item_id_": 60023, "unlock_item_num_": 50, "unlock_count_flag_": 0, "begin_date_": "2023/6/28  15:00:00", "end_date_": "2023/7/19  15:00:00"}, {"mission_set_unlock_id_": 3706, "mission_set_id_": 3706, "unlock_item_type_": 8, "unlock_item_id_": 60025, "unlock_item_num_": 50, "unlock_count_flag_": 0, "begin_date_": "2023/4/28  15:00:00", "end_date_": "2023/5/17  15:00:00"}, {"mission_set_unlock_id_": 3654, "mission_set_id_": 3654, "unlock_item_type_": 8, "unlock_item_id_": 60029, "unlock_item_num_": 1, "unlock_count_flag_": 0, "begin_date_": "2023/6/21  15:00:00", "end_date_": "2023/7/19  15:00:00"}, {"mission_set_unlock_id_": 5020, "mission_set_id_": 5020, "unlock_item_type_": 8, "unlock_item_id_": 27000, "unlock_item_num_": 1, "unlock_count_flag_": 0, "begin_date_": "2021/11/18  15:00:00", "end_date_": "2030/1/1  15:00:00"}, {"mission_set_unlock_id_": 5021, "mission_set_id_": 5021, "unlock_item_type_": 8, "unlock_item_id_": 27000, "unlock_item_num_": 1, "unlock_count_flag_": 0, "begin_date_": "2021/11/18  15:00:00", "end_date_": "2030/1/1  15:00:00"}, {"mission_set_unlock_id_": 5022, "mission_set_id_": 5022, "unlock_item_type_": 8, "unlock_item_id_": 27000, "unlock_item_num_": 1, "unlock_count_flag_": 0, "begin_date_": "2021/11/18  15:00:00", "end_date_": "2030/1/1  15:00:00"}, {"mission_set_unlock_id_": 7096, "mission_set_id_": 7096, "unlock_item_type_": 8, "unlock_item_id_": 23500, "unlock_item_num_": 1, "unlock_count_flag_": 0, "begin_date_": "2022/2/2  15:00:00", "end_date_": "2022/2/16  15:00:00"}, {"mission_set_unlock_id_": 7128, "mission_set_id_": 7128, "unlock_item_type_": 1, "unlock_item_id_": 0, "unlock_item_num_": 3000, "unlock_count_flag_": 0, "begin_date_": "2022/5/20  15:00:00", "end_date_": "2022/5/25  15:00:00"}]