[{"banner_id_": 343, "comeback_flag_": -1, "condition_id_": 0, "condition_param1_": 343, "condition_param2_": 100, "condition_param3_": -1, "limited_show_flag_": 1, "lock_show_flag_": 1}, {"banner_id_": 344, "comeback_flag_": -1, "condition_id_": 0, "condition_param1_": 344, "condition_param2_": 100, "condition_param3_": -1, "limited_show_flag_": 1, "lock_show_flag_": 1}, {"banner_id_": 301, "comeback_flag_": -1, "condition_id_": 0, "condition_param1_": 301, "condition_param2_": 100, "condition_param3_": -1, "limited_show_flag_": 1, "lock_show_flag_": 1}, {"banner_id_": 302, "comeback_flag_": -1, "condition_id_": 0, "condition_param1_": 302, "condition_param2_": 100, "condition_param3_": -1, "limited_show_flag_": 1, "lock_show_flag_": 1}, {"banner_id_": 303, "comeback_flag_": -1, "condition_id_": 0, "condition_param1_": 303, "condition_param2_": 100, "condition_param3_": -1, "limited_show_flag_": 1, "lock_show_flag_": 1}, {"banner_id_": 363, "comeback_flag_": -1, "condition_id_": 0, "condition_param1_": 363, "condition_param2_": 100, "condition_param3_": -1, "limited_show_flag_": 1, "lock_show_flag_": 1}, {"banner_id_": 364, "comeback_flag_": -1, "condition_id_": 0, "condition_param1_": 364, "condition_param2_": 100, "condition_param3_": -1, "limited_show_flag_": 1, "lock_show_flag_": 1}, {"banner_id_": 328, "comeback_flag_": -1, "condition_id_": 0, "condition_param1_": 328, "condition_param2_": 100, "condition_param3_": -1, "limited_show_flag_": 1, "lock_show_flag_": 1}, {"banner_id_": 177, "comeback_flag_": -1, "condition_id_": 0, "condition_param1_": 177, "condition_param2_": 100, "condition_param3_": -1, "limited_show_flag_": 1, "lock_show_flag_": 1}, {"banner_id_": 380, "comeback_flag_": -1, "condition_id_": 0, "condition_param1_": 380, "condition_param2_": 100, "condition_param3_": -1, "limited_show_flag_": 1, "lock_show_flag_": 1}, {"banner_id_": 381, "comeback_flag_": -1, "condition_id_": 0, "condition_param1_": 381, "condition_param2_": 100, "condition_param3_": -1, "limited_show_flag_": 1, "lock_show_flag_": 1}, {"banner_id_": 386, "comeback_flag_": -1, "condition_id_": 0, "condition_param1_": 386, "condition_param2_": 100, "condition_param3_": -1, "limited_show_flag_": 1, "lock_show_flag_": 1}, {"banner_id_": 337, "comeback_flag_": -1, "condition_id_": 0, "condition_param1_": 337, "condition_param2_": 100, "condition_param3_": -1, "limited_show_flag_": 1, "lock_show_flag_": 1}, {"banner_id_": 389, "comeback_flag_": -1, "condition_id_": 0, "condition_param1_": 389, "condition_param2_": 100, "condition_param3_": -1, "limited_show_flag_": 1, "lock_show_flag_": 1}, {"banner_id_": 390, "comeback_flag_": -1, "condition_id_": 0, "condition_param1_": 390, "condition_param2_": 100, "condition_param3_": -1, "limited_show_flag_": 1, "lock_show_flag_": 1}, {"banner_id_": 424, "comeback_flag_": -1, "condition_id_": 0, "condition_param1_": 424, "condition_param2_": 100, "condition_param3_": -1, "limited_show_flag_": 1, "lock_show_flag_": 1}, {"banner_id_": 425, "comeback_flag_": -1, "condition_id_": 0, "condition_param1_": 425, "condition_param2_": 100, "condition_param3_": -1, "limited_show_flag_": 1, "lock_show_flag_": 1}, {"banner_id_": 430, "comeback_flag_": -1, "condition_id_": 0, "condition_param1_": 430, "condition_param2_": 100, "condition_param3_": -1, "limited_show_flag_": 1, "lock_show_flag_": 1}, {"banner_id_": 431, "comeback_flag_": -1, "condition_id_": 0, "condition_param1_": 431, "condition_param2_": 100, "condition_param3_": -1, "limited_show_flag_": 1, "lock_show_flag_": 1}, {"banner_id_": 441, "comeback_flag_": -1, "condition_id_": 0, "condition_param1_": 441, "condition_param2_": 100, "condition_param3_": -1, "limited_show_flag_": 1, "lock_show_flag_": 1}, {"banner_id_": 163, "comeback_flag_": -1, "condition_id_": 0, "condition_param1_": 163, "condition_param2_": 100, "condition_param3_": -1, "limited_show_flag_": 1, "lock_show_flag_": 1}, {"banner_id_": 444, "comeback_flag_": -1, "condition_id_": 0, "condition_param1_": 444, "condition_param2_": 100, "condition_param3_": -1, "limited_show_flag_": 1, "lock_show_flag_": 1}, {"banner_id_": 445, "comeback_flag_": -1, "condition_id_": 0, "condition_param1_": 445, "condition_param2_": 100, "condition_param3_": -1, "limited_show_flag_": 1, "lock_show_flag_": 1}, {"banner_id_": 459, "comeback_flag_": -1, "condition_id_": 0, "condition_param1_": 459, "condition_param2_": 100, "condition_param3_": -1, "limited_show_flag_": 1, "lock_show_flag_": 1}, {"banner_id_": 460, "comeback_flag_": -1, "condition_id_": 0, "condition_param1_": 460, "condition_param2_": 100, "condition_param3_": -1, "limited_show_flag_": 1, "lock_show_flag_": 1}, {"banner_id_": 469, "comeback_flag_": -1, "condition_id_": 0, "condition_param1_": 469, "condition_param2_": 100, "condition_param3_": -1, "limited_show_flag_": 1, "lock_show_flag_": 1}, {"banner_id_": 470, "comeback_flag_": -1, "condition_id_": 0, "condition_param1_": 470, "condition_param2_": 100, "condition_param3_": -1, "limited_show_flag_": 1, "lock_show_flag_": 1}, {"banner_id_": 488, "comeback_flag_": -1, "condition_id_": 0, "condition_param1_": 488, "condition_param2_": 100, "condition_param3_": -1, "limited_show_flag_": 1, "lock_show_flag_": 1}, {"banner_id_": 489, "comeback_flag_": -1, "condition_id_": 0, "condition_param1_": 489, "condition_param2_": 100, "condition_param3_": -1, "limited_show_flag_": 1, "lock_show_flag_": 1}, {"banner_id_": 498, "comeback_flag_": -1, "condition_id_": 0, "condition_param1_": 498, "condition_param2_": 100, "condition_param3_": -1, "limited_show_flag_": 1, "lock_show_flag_": 1}, {"banner_id_": 499, "comeback_flag_": -1, "condition_id_": 0, "condition_param1_": 499, "condition_param2_": 100, "condition_param3_": -1, "limited_show_flag_": 1, "lock_show_flag_": 1}, {"banner_id_": 4000, "comeback_flag_": -1, "condition_id_": -1, "condition_param1_": -1, "condition_param2_": -1, "condition_param3_": -1, "limited_show_flag_": 1, "lock_show_flag_": 1}, {"banner_id_": 4001, "comeback_flag_": -1, "condition_id_": -1, "condition_param1_": -1, "condition_param2_": -1, "condition_param3_": -1, "limited_show_flag_": 1, "lock_show_flag_": 1}, {"banner_id_": 4002, "comeback_flag_": -1, "condition_id_": -1, "condition_param1_": -1, "condition_param2_": -1, "condition_param3_": -1, "limited_show_flag_": 1, "lock_show_flag_": 1}, {"banner_id_": 4003, "comeback_flag_": -1, "condition_id_": -1, "condition_param1_": -1, "condition_param2_": -1, "condition_param3_": -1, "limited_show_flag_": 1, "lock_show_flag_": 1}, {"banner_id_": 4004, "comeback_flag_": -1, "condition_id_": -1, "condition_param1_": -1, "condition_param2_": -1, "condition_param3_": -1, "limited_show_flag_": 1, "lock_show_flag_": 1}, {"banner_id_": 4005, "comeback_flag_": -1, "condition_id_": -1, "condition_param1_": -1, "condition_param2_": -1, "condition_param3_": -1, "limited_show_flag_": 1, "lock_show_flag_": 1}, {"banner_id_": 4006, "comeback_flag_": -1, "condition_id_": -1, "condition_param1_": -1, "condition_param2_": -1, "condition_param3_": -1, "limited_show_flag_": 1, "lock_show_flag_": 1}, {"banner_id_": 4007, "comeback_flag_": -1, "condition_id_": -1, "condition_param1_": -1, "condition_param2_": -1, "condition_param3_": -1, "limited_show_flag_": 1, "lock_show_flag_": 1}, {"banner_id_": 4008, "comeback_flag_": -1, "condition_id_": -1, "condition_param1_": -1, "condition_param2_": -1, "condition_param3_": -1, "limited_show_flag_": 1, "lock_show_flag_": 1}, {"banner_id_": 4009, "comeback_flag_": -1, "condition_id_": -1, "condition_param1_": -1, "condition_param2_": -1, "condition_param3_": -1, "limited_show_flag_": 1, "lock_show_flag_": 1}, {"banner_id_": 4010, "comeback_flag_": -1, "condition_id_": -1, "condition_param1_": -1, "condition_param2_": -1, "condition_param3_": -1, "limited_show_flag_": 1, "lock_show_flag_": 1}, {"banner_id_": 4011, "comeback_flag_": -1, "condition_id_": -1, "condition_param1_": -1, "condition_param2_": -1, "condition_param3_": -1, "limited_show_flag_": 1, "lock_show_flag_": 1}, {"banner_id_": 4012, "comeback_flag_": -1, "condition_id_": -1, "condition_param1_": -1, "condition_param2_": -1, "condition_param3_": -1, "limited_show_flag_": 1, "lock_show_flag_": 1}, {"banner_id_": 4013, "comeback_flag_": -1, "condition_id_": -1, "condition_param1_": -1, "condition_param2_": -1, "condition_param3_": -1, "limited_show_flag_": 1, "lock_show_flag_": 1}, {"banner_id_": 4014, "comeback_flag_": -1, "condition_id_": -1, "condition_param1_": -1, "condition_param2_": -1, "condition_param3_": -1, "limited_show_flag_": 1, "lock_show_flag_": 1}, {"banner_id_": 4015, "comeback_flag_": -1, "condition_id_": -1, "condition_param1_": -1, "condition_param2_": -1, "condition_param3_": -1, "limited_show_flag_": 1, "lock_show_flag_": 1}, {"banner_id_": 4016, "comeback_flag_": -1, "condition_id_": -1, "condition_param1_": -1, "condition_param2_": -1, "condition_param3_": -1, "limited_show_flag_": 1, "lock_show_flag_": 1}, {"banner_id_": 4017, "comeback_flag_": -1, "condition_id_": -1, "condition_param1_": -1, "condition_param2_": -1, "condition_param3_": -1, "limited_show_flag_": 1, "lock_show_flag_": 1}, {"banner_id_": 4018, "comeback_flag_": -1, "condition_id_": -1, "condition_param1_": -1, "condition_param2_": -1, "condition_param3_": -1, "limited_show_flag_": 1, "lock_show_flag_": 1}, {"banner_id_": 4019, "comeback_flag_": -1, "condition_id_": -1, "condition_param1_": -1, "condition_param2_": -1, "condition_param3_": -1, "limited_show_flag_": 1, "lock_show_flag_": 1}, {"banner_id_": 4020, "comeback_flag_": -1, "condition_id_": -1, "condition_param1_": -1, "condition_param2_": -1, "condition_param3_": -1, "limited_show_flag_": 1, "lock_show_flag_": 1}, {"banner_id_": 4021, "comeback_flag_": -1, "condition_id_": -1, "condition_param1_": -1, "condition_param2_": -1, "condition_param3_": -1, "limited_show_flag_": 1, "lock_show_flag_": 1}, {"banner_id_": 4100, "comeback_flag_": -1, "condition_id_": -1, "condition_param1_": -1, "condition_param2_": -1, "condition_param3_": -1, "limited_show_flag_": 1, "lock_show_flag_": 1}, {"banner_id_": 4101, "comeback_flag_": -1, "condition_id_": -1, "condition_param1_": -1, "condition_param2_": -1, "condition_param3_": -1, "limited_show_flag_": 1, "lock_show_flag_": 1}, {"banner_id_": 4102, "comeback_flag_": -1, "condition_id_": -1, "condition_param1_": -1, "condition_param2_": -1, "condition_param3_": -1, "limited_show_flag_": 1, "lock_show_flag_": 1}, {"banner_id_": 4103, "comeback_flag_": -1, "condition_id_": -1, "condition_param1_": -1, "condition_param2_": -1, "condition_param3_": -1, "limited_show_flag_": 1, "lock_show_flag_": 1}, {"banner_id_": 4104, "comeback_flag_": -1, "condition_id_": -1, "condition_param1_": -1, "condition_param2_": -1, "condition_param3_": -1, "limited_show_flag_": 1, "lock_show_flag_": 1}, {"banner_id_": 4105, "comeback_flag_": -1, "condition_id_": -1, "condition_param1_": -1, "condition_param2_": -1, "condition_param3_": -1, "limited_show_flag_": 1, "lock_show_flag_": 1}, {"banner_id_": 4106, "comeback_flag_": -1, "condition_id_": -1, "condition_param1_": -1, "condition_param2_": -1, "condition_param3_": -1, "limited_show_flag_": 1, "lock_show_flag_": 1}, {"banner_id_": 4107, "comeback_flag_": -1, "condition_id_": -1, "condition_param1_": -1, "condition_param2_": -1, "condition_param3_": -1, "limited_show_flag_": 1, "lock_show_flag_": 1}, {"banner_id_": 4108, "comeback_flag_": -1, "condition_id_": -1, "condition_param1_": -1, "condition_param2_": -1, "condition_param3_": -1, "limited_show_flag_": 1, "lock_show_flag_": 1}, {"banner_id_": 4109, "comeback_flag_": -1, "condition_id_": -1, "condition_param1_": -1, "condition_param2_": -1, "condition_param3_": -1, "limited_show_flag_": 1, "lock_show_flag_": 1}, {"banner_id_": 4110, "comeback_flag_": -1, "condition_id_": -1, "condition_param1_": -1, "condition_param2_": -1, "condition_param3_": -1, "limited_show_flag_": 1, "lock_show_flag_": 1}, {"banner_id_": 4111, "comeback_flag_": -1, "condition_id_": -1, "condition_param1_": -1, "condition_param2_": -1, "condition_param3_": -1, "limited_show_flag_": 1, "lock_show_flag_": 1}, {"banner_id_": 4112, "comeback_flag_": -1, "condition_id_": -1, "condition_param1_": -1, "condition_param2_": -1, "condition_param3_": -1, "limited_show_flag_": 1, "lock_show_flag_": 1}, {"banner_id_": 4113, "comeback_flag_": -1, "condition_id_": -1, "condition_param1_": -1, "condition_param2_": -1, "condition_param3_": -1, "limited_show_flag_": 1, "lock_show_flag_": 1}, {"banner_id_": 4114, "comeback_flag_": -1, "condition_id_": -1, "condition_param1_": -1, "condition_param2_": -1, "condition_param3_": -1, "limited_show_flag_": 1, "lock_show_flag_": 1}, {"banner_id_": 4115, "comeback_flag_": -1, "condition_id_": -1, "condition_param1_": -1, "condition_param2_": -1, "condition_param3_": -1, "limited_show_flag_": 1, "lock_show_flag_": 1}, {"banner_id_": 4116, "comeback_flag_": -1, "condition_id_": -1, "condition_param1_": -1, "condition_param2_": -1, "condition_param3_": -1, "limited_show_flag_": 1, "lock_show_flag_": 1}, {"banner_id_": 4117, "comeback_flag_": -1, "condition_id_": -1, "condition_param1_": -1, "condition_param2_": -1, "condition_param3_": -1, "limited_show_flag_": 1, "lock_show_flag_": 1}, {"banner_id_": 4118, "comeback_flag_": -1, "condition_id_": -1, "condition_param1_": -1, "condition_param2_": -1, "condition_param3_": -1, "limited_show_flag_": 1, "lock_show_flag_": 1}, {"banner_id_": 4119, "comeback_flag_": -1, "condition_id_": -1, "condition_param1_": -1, "condition_param2_": -1, "condition_param3_": -1, "limited_show_flag_": 1, "lock_show_flag_": 1}, {"banner_id_": 4120, "comeback_flag_": -1, "condition_id_": -1, "condition_param1_": -1, "condition_param2_": -1, "condition_param3_": -1, "limited_show_flag_": 1, "lock_show_flag_": 1}, {"banner_id_": 4121, "comeback_flag_": -1, "condition_id_": -1, "condition_param1_": -1, "condition_param2_": -1, "condition_param3_": -1, "limited_show_flag_": 1, "lock_show_flag_": 1}, {"banner_id_": 4122, "comeback_flag_": -1, "condition_id_": -1, "condition_param1_": -1, "condition_param2_": -1, "condition_param3_": -1, "limited_show_flag_": 1, "lock_show_flag_": 1}, {"banner_id_": 4123, "comeback_flag_": -1, "condition_id_": -1, "condition_param1_": -1, "condition_param2_": -1, "condition_param3_": -1, "limited_show_flag_": 1, "lock_show_flag_": 1}, {"banner_id_": 4124, "comeback_flag_": -1, "condition_id_": -1, "condition_param1_": -1, "condition_param2_": -1, "condition_param3_": -1, "limited_show_flag_": 1, "lock_show_flag_": 1}, {"banner_id_": 4125, "comeback_flag_": -1, "condition_id_": -1, "condition_param1_": -1, "condition_param2_": -1, "condition_param3_": -1, "limited_show_flag_": 1, "lock_show_flag_": 1}, {"banner_id_": 4126, "comeback_flag_": -1, "condition_id_": -1, "condition_param1_": -1, "condition_param2_": -1, "condition_param3_": -1, "limited_show_flag_": 1, "lock_show_flag_": 1}, {"banner_id_": 4127, "comeback_flag_": -1, "condition_id_": -1, "condition_param1_": -1, "condition_param2_": -1, "condition_param3_": -1, "limited_show_flag_": 1, "lock_show_flag_": 1}, {"banner_id_": 4128, "comeback_flag_": -1, "condition_id_": -1, "condition_param1_": -1, "condition_param2_": -1, "condition_param3_": -1, "limited_show_flag_": 1, "lock_show_flag_": 1}, {"banner_id_": 4129, "comeback_flag_": -1, "condition_id_": -1, "condition_param1_": -1, "condition_param2_": -1, "condition_param3_": -1, "limited_show_flag_": 1, "lock_show_flag_": 1}, {"banner_id_": 4130, "comeback_flag_": -1, "condition_id_": -1, "condition_param1_": -1, "condition_param2_": -1, "condition_param3_": -1, "limited_show_flag_": 1, "lock_show_flag_": 1}, {"banner_id_": 4131, "comeback_flag_": -1, "condition_id_": -1, "condition_param1_": -1, "condition_param2_": -1, "condition_param3_": -1, "limited_show_flag_": 1, "lock_show_flag_": 1}, {"banner_id_": 4132, "comeback_flag_": -1, "condition_id_": -1, "condition_param1_": -1, "condition_param2_": -1, "condition_param3_": -1, "limited_show_flag_": 1, "lock_show_flag_": 1}, {"banner_id_": 4133, "comeback_flag_": -1, "condition_id_": -1, "condition_param1_": -1, "condition_param2_": -1, "condition_param3_": -1, "limited_show_flag_": 1, "lock_show_flag_": 1}, {"banner_id_": 4134, "comeback_flag_": -1, "condition_id_": -1, "condition_param1_": -1, "condition_param2_": -1, "condition_param3_": -1, "limited_show_flag_": 1, "lock_show_flag_": 1}, {"banner_id_": 4135, "comeback_flag_": -1, "condition_id_": -1, "condition_param1_": -1, "condition_param2_": -1, "condition_param3_": -1, "limited_show_flag_": 1, "lock_show_flag_": 1}, {"banner_id_": 4136, "comeback_flag_": -1, "condition_id_": -1, "condition_param1_": -1, "condition_param2_": -1, "condition_param3_": -1, "limited_show_flag_": 1, "lock_show_flag_": 1}, {"banner_id_": 4137, "comeback_flag_": -1, "condition_id_": -1, "condition_param1_": -1, "condition_param2_": -1, "condition_param3_": -1, "limited_show_flag_": 1, "lock_show_flag_": 1}, {"banner_id_": 4138, "comeback_flag_": -1, "condition_id_": -1, "condition_param1_": -1, "condition_param2_": -1, "condition_param3_": -1, "limited_show_flag_": 1, "lock_show_flag_": 1}, {"banner_id_": 4139, "comeback_flag_": -1, "condition_id_": -1, "condition_param1_": -1, "condition_param2_": -1, "condition_param3_": -1, "limited_show_flag_": 1, "lock_show_flag_": 1}, {"banner_id_": 4140, "comeback_flag_": -1, "condition_id_": -1, "condition_param1_": -1, "condition_param2_": -1, "condition_param3_": -1, "limited_show_flag_": 1, "lock_show_flag_": 1}, {"banner_id_": 4141, "comeback_flag_": -1, "condition_id_": -1, "condition_param1_": -1, "condition_param2_": -1, "condition_param3_": -1, "limited_show_flag_": 1, "lock_show_flag_": 1}, {"banner_id_": 4142, "comeback_flag_": -1, "condition_id_": -1, "condition_param1_": -1, "condition_param2_": -1, "condition_param3_": -1, "limited_show_flag_": 1, "lock_show_flag_": 1}, {"banner_id_": 4143, "comeback_flag_": -1, "condition_id_": -1, "condition_param1_": -1, "condition_param2_": -1, "condition_param3_": -1, "limited_show_flag_": 1, "lock_show_flag_": 1}, {"banner_id_": 4144, "comeback_flag_": -1, "condition_id_": -1, "condition_param1_": -1, "condition_param2_": -1, "condition_param3_": -1, "limited_show_flag_": 1, "lock_show_flag_": 1}, {"banner_id_": 4145, "comeback_flag_": -1, "condition_id_": -1, "condition_param1_": -1, "condition_param2_": -1, "condition_param3_": -1, "limited_show_flag_": 1, "lock_show_flag_": 1}, {"banner_id_": 4146, "comeback_flag_": -1, "condition_id_": -1, "condition_param1_": -1, "condition_param2_": -1, "condition_param3_": -1, "limited_show_flag_": 1, "lock_show_flag_": 1}, {"banner_id_": 4147, "comeback_flag_": -1, "condition_id_": -1, "condition_param1_": -1, "condition_param2_": -1, "condition_param3_": -1, "limited_show_flag_": 1, "lock_show_flag_": 1}, {"banner_id_": 4148, "comeback_flag_": -1, "condition_id_": -1, "condition_param1_": -1, "condition_param2_": -1, "condition_param3_": -1, "limited_show_flag_": 1, "lock_show_flag_": 1}, {"banner_id_": 4149, "comeback_flag_": -1, "condition_id_": -1, "condition_param1_": -1, "condition_param2_": -1, "condition_param3_": -1, "limited_show_flag_": 1, "lock_show_flag_": 1}, {"banner_id_": 4150, "comeback_flag_": -1, "condition_id_": -1, "condition_param1_": -1, "condition_param2_": -1, "condition_param3_": -1, "limited_show_flag_": 1, "lock_show_flag_": 1}, {"banner_id_": 4151, "comeback_flag_": -1, "condition_id_": -1, "condition_param1_": -1, "condition_param2_": -1, "condition_param3_": -1, "limited_show_flag_": 1, "lock_show_flag_": 1}, {"banner_id_": 4152, "comeback_flag_": -1, "condition_id_": -1, "condition_param1_": -1, "condition_param2_": -1, "condition_param3_": -1, "limited_show_flag_": 1, "lock_show_flag_": 1}, {"banner_id_": 4153, "comeback_flag_": -1, "condition_id_": -1, "condition_param1_": -1, "condition_param2_": -1, "condition_param3_": -1, "limited_show_flag_": 1, "lock_show_flag_": 1}, {"banner_id_": 4154, "comeback_flag_": -1, "condition_id_": -1, "condition_param1_": -1, "condition_param2_": -1, "condition_param3_": -1, "limited_show_flag_": 1, "lock_show_flag_": 1}, {"banner_id_": 6002101, "comeback_flag_": -1, "condition_id_": -1, "condition_param1_": -1, "condition_param2_": -1, "condition_param3_": -1, "limited_show_flag_": 1, "lock_show_flag_": 1}, {"banner_id_": 5010, "comeback_flag_": -1, "condition_id_": -1, "condition_param1_": -1, "condition_param2_": -1, "condition_param3_": -1, "limited_show_flag_": 0, "lock_show_flag_": 1}, {"banner_id_": 2012022, "comeback_flag_": -1, "condition_id_": -1, "condition_param1_": -1, "condition_param2_": -1, "condition_param3_": -1, "limited_show_flag_": 1, "lock_show_flag_": 1}, {"banner_id_": 6002301, "comeback_flag_": -1, "condition_id_": -1, "condition_param1_": -1, "condition_param2_": -1, "condition_param3_": -1, "limited_show_flag_": 1, "lock_show_flag_": 1}, {"banner_id_": 6002501, "comeback_flag_": -1, "condition_id_": -1, "condition_param1_": -1, "condition_param2_": -1, "condition_param3_": -1, "limited_show_flag_": 1, "lock_show_flag_": 1}, {"banner_id_": 6002901, "comeback_flag_": -1, "condition_id_": -1, "condition_param1_": -1, "condition_param2_": -1, "condition_param3_": -1, "limited_show_flag_": 1, "lock_show_flag_": 1}, {"banner_id_": 2111170, "comeback_flag_": -1, "condition_id_": -1, "condition_param1_": -1, "condition_param2_": -1, "condition_param3_": -1, "limited_show_flag_": 0, "lock_show_flag_": 1}, {"banner_id_": 2111171, "comeback_flag_": -1, "condition_id_": -1, "condition_param1_": -1, "condition_param2_": -1, "condition_param3_": -1, "limited_show_flag_": 0, "lock_show_flag_": 1}, {"banner_id_": 2111172, "comeback_flag_": -1, "condition_id_": -1, "condition_param1_": -1, "condition_param2_": -1, "condition_param3_": -1, "limited_show_flag_": 0, "lock_show_flag_": 1}, {"banner_id_": 235002, "comeback_flag_": -1, "condition_id_": -1, "condition_param1_": -1, "condition_param2_": -1, "condition_param3_": -1, "limited_show_flag_": 1, "lock_show_flag_": 1}, {"banner_id_": 220520, "comeback_flag_": -1, "condition_id_": -1, "condition_param1_": -1, "condition_param2_": -1, "condition_param3_": -1, "limited_show_flag_": 1, "lock_show_flag_": 1}]