[{"banner_id_": 1, "item_category_id_1_": -1, "item_id_1_": -1, "item_category_id_2_": -1, "item_id_2_": -1, "begin_date_": "2021/3/30  15:00:00"}, {"banner_id_": 21000, "item_category_id_1_": 1, "item_id_1_": 0, "item_category_id_2_": 23, "item_id_2_": 2100010, "begin_date_": "2020/9/23  15:00:00"}, {"banner_id_": 21200, "item_category_id_1_": 1, "item_id_1_": 0, "item_category_id_2_": 32, "item_id_2_": 50009, "begin_date_": "2020/8/19  15:00:00"}, {"banner_id_": 21500, "item_category_id_1_": 1, "item_id_1_": 0, "item_category_id_2_": 32, "item_id_2_": 50010, "begin_date_": "2020/9/30  15:00:00"}, {"banner_id_": 24500, "item_category_id_1_": 1, "item_id_1_": 0, "item_category_id_2_": 3, "item_id_2_": 213, "begin_date_": "2021/4/21  15:00:00"}, {"banner_id_": 24900, "item_category_id_1_": 1, "item_id_1_": 0, "item_category_id_2_": 23, "item_id_2_": 2060011, "begin_date_": "2021/5/30  15:00:00"}, {"banner_id_": 22900, "item_category_id_1_": 1, "item_id_1_": 0, "item_category_id_2_": 8, "item_id_2_": 3652, "begin_date_": "2020/11/23  15:00:00"}, {"banner_id_": 2012022, "item_category_id_1_": 29, "item_id_1_": 193, "item_category_id_2_": -1, "item_id_2_": -1, "begin_date_": "2020/12/2  15:00:00"}, {"banner_id_": 25300, "item_category_id_1_": 1, "item_id_1_": 0, "item_category_id_2_": 23, "item_id_2_": 2100031, "begin_date_": "2021/6/16  15:00:00"}, {"banner_id_": 25500, "item_category_id_1_": 1, "item_id_1_": 0, "item_category_id_2_": 23, "item_id_2_": 2050031, "begin_date_": "2021/7/14  15:00:00"}, {"banner_id_": 60029, "item_category_id_1_": 8, "item_id_1_": 60029, "item_category_id_2_": -1, "item_id_2_": -1, "begin_date_": "2021/4/21  15:00:00"}, {"banner_id_": 6002901, "item_category_id_1_": 29, "item_id_1_": 213, "item_category_id_2_": -1, "item_id_2_": -1, "begin_date_": "2021/4/21  15:00:00"}, {"banner_id_": 5001, "item_category_id_1_": 1, "item_id_1_": 0, "item_category_id_2_": -1, "item_id_2_": -1, "begin_date_": "2020/12/30  15:00:00"}, {"banner_id_": 5004, "item_category_id_1_": 1, "item_id_1_": 0, "item_category_id_2_": -1, "item_id_2_": -1, "begin_date_": "2020/11/18  15:00:00"}, {"banner_id_": 60006, "item_category_id_1_": 1, "item_id_1_": 0, "item_category_id_2_": -1, "item_id_2_": -1, "begin_date_": "2021/2/10  15:00:00"}, {"banner_id_": 60023, "item_category_id_1_": 1, "item_id_1_": 0, "item_category_id_2_": -1, "item_id_2_": -1, "begin_date_": "2020/12/16  15:00:00"}, {"banner_id_": 6002301, "item_category_id_1_": 1, "item_id_1_": 0, "item_category_id_2_": 3, "item_id_2_": 373, "begin_date_": "2020/12/16  15:00:00"}, {"banner_id_": 60025, "item_category_id_1_": 1, "item_id_1_": 0, "item_category_id_2_": -1, "item_id_2_": -1, "begin_date_": "2021/2/20  15:00:00"}, {"banner_id_": 6002501, "item_category_id_1_": 1, "item_id_1_": 0, "item_category_id_2_": 3, "item_id_2_": 260, "begin_date_": "2021/2/20  15:00:00"}, {"banner_id_": 24800, "item_category_id_1_": 3, "item_id_1_": 401, "item_category_id_2_": 29, "item_id_2_": 15, "begin_date_": "2021/5/24  15:00:00"}, {"banner_id_": 24800, "item_category_id_1_": 3, "item_id_1_": 402, "item_category_id_2_": 29, "item_id_2_": 15, "begin_date_": "2021/5/25  15:00:00"}, {"banner_id_": 24800, "item_category_id_1_": 3, "item_id_1_": 403, "item_category_id_2_": 29, "item_id_2_": 15, "begin_date_": "2021/5/26  15:00:00"}, {"banner_id_": 24800, "item_category_id_1_": 3, "item_id_1_": 404, "item_category_id_2_": 29, "item_id_2_": 15, "begin_date_": "2021/5/27  15:00:00"}, {"banner_id_": 24800, "item_category_id_1_": 3, "item_id_1_": 405, "item_category_id_2_": 29, "item_id_2_": 15, "begin_date_": "2021/5/28  15:00:00"}, {"banner_id_": 24800, "item_category_id_1_": 3, "item_id_1_": 406, "item_category_id_2_": 29, "item_id_2_": 15, "begin_date_": "2021/5/29  15:00:00"}, {"banner_id_": 26600, "item_category_id_1_": 3, "item_id_1_": 261, "item_category_id_2_": -1, "item_id_2_": -1, "begin_date_": "2021/10/6  15:00:00"}, {"banner_id_": 26900, "item_category_id_1_": 3, "item_id_1_": 447, "item_category_id_2_": -1, "item_id_2_": -1, "begin_date_": "2021/11/10  15:00:00"}, {"banner_id_": 28000, "item_category_id_1_": 3, "item_id_1_": 455, "item_category_id_2_": 23, "item_id_2_": 2800001, "begin_date_": "2022/1/1  15:00:00"}, {"banner_id_": 28200, "item_category_id_1_": 3, "item_id_1_": 461, "item_category_id_2_": 23, "item_id_2_": 2820001, "begin_date_": "2022/2/9  15:00:00"}, {"banner_id_": 28400, "item_category_id_1_": 3, "item_id_1_": 466, "item_category_id_2_": 23, "item_id_2_": 2840001, "begin_date_": "2022/3/9  15:00:00"}, {"banner_id_": 28401, "item_category_id_1_": 3, "item_id_1_": 467, "item_category_id_2_": 23, "item_id_2_": 2840011, "begin_date_": "2022/3/9  15:00:00"}, {"banner_id_": 28600, "item_category_id_1_": 3, "item_id_1_": 471, "item_category_id_2_": 23, "item_id_2_": 2860001, "begin_date_": "2022/4/13  15:00:00"}, {"banner_id_": 28700, "item_category_id_1_": 3, "item_id_1_": 479, "item_category_id_2_": 3, "item_id_2_": 480, "begin_date_": "2022/5/28  15:00:00"}, {"banner_id_": 28800, "item_category_id_1_": 3, "item_id_1_": 474, "item_category_id_2_": 23, "item_id_2_": 2880001, "begin_date_": "2022/6/15  15:00:00"}, {"banner_id_": 28900, "item_category_id_1_": 3, "item_id_1_": 486, "item_category_id_2_": 23, "item_id_2_": 2890001, "begin_date_": "2022/7/6  15:00:00"}, {"banner_id_": 29000, "item_category_id_1_": 3, "item_id_1_": 490, "item_category_id_2_": 23, "item_id_2_": 2900001, "begin_date_": "2022/8/10  15:00:00"}, {"banner_id_": 29200, "item_category_id_1_": 3, "item_id_1_": 493, "item_category_id_2_": 23, "item_id_2_": 2920001, "begin_date_": "2022/9/7  15:00:00"}, {"banner_id_": 29300, "item_category_id_1_": 3, "item_id_1_": 507, "item_category_id_2_": 23, "item_id_2_": 2930001, "begin_date_": "2022/10/5  15:00:00"}, {"banner_id_": 29500, "item_category_id_1_": 3, "item_id_1_": 522, "item_category_id_2_": 23, "item_id_2_": 2950001, "begin_date_": "2022/11/2  15:00:00"}, {"banner_id_": 29600, "item_category_id_1_": 3, "item_id_1_": 516, "item_category_id_2_": 23, "item_id_2_": 2960001, "begin_date_": "2022/12/7  15:00:00"}, {"banner_id_": 29700, "item_category_id_1_": 3, "item_id_1_": 519, "item_category_id_2_": 23, "item_id_2_": 2970001, "begin_date_": "2022/12/31  15:00:00"}, {"banner_id_": 29900, "item_category_id_1_": 3, "item_id_1_": 526, "item_category_id_2_": 23, "item_id_2_": 2990001, "begin_date_": "2023/2/1  15:00:00"}, {"banner_id_": 100003, "item_category_id_1_": 3, "item_id_1_": 531, "item_category_id_2_": 23, "item_id_2_": 3000001, "begin_date_": "2023/3/1  15:00:00"}, {"banner_id_": 100008, "item_category_id_1_": 3, "item_id_1_": 503, "item_category_id_2_": 23, "item_id_2_": 3020001, "begin_date_": "2023/5/3  15:00:00"}, {"banner_id_": 100010, "item_category_id_1_": 3, "item_id_1_": 545, "item_category_id_2_": 3, "item_id_2_": 546, "begin_date_": "2023/5/27  15:00:00"}, {"banner_id_": 100011, "item_category_id_1_": 3, "item_id_1_": 547, "item_category_id_2_": 23, "item_id_2_": 3040001, "begin_date_": "2023/6/7  15:00:00"}, {"banner_id_": 100012, "item_category_id_1_": 3, "item_id_1_": 548, "item_category_id_2_": 23, "item_id_2_": 3050001, "begin_date_": "2023/6/7  15:00:00"}, {"banner_id_": 100013, "item_category_id_1_": 3, "item_id_1_": 455, "item_category_id_2_": 23, "item_id_2_": 2800001, "begin_date_": "2023/6/7  15:00:00"}, {"banner_id_": 100015, "item_category_id_1_": 3, "item_id_1_": 519, "item_category_id_2_": 23, "item_id_2_": 2970001, "begin_date_": "2023/7/5  15:00:00"}, {"banner_id_": 100016, "item_category_id_1_": 3, "item_id_1_": 553, "item_category_id_2_": 23, "item_id_2_": 3060001, "begin_date_": "2023/7/5  15:00:00"}, {"banner_id_": 5002, "item_category_id_1_": 1, "item_id_1_": 0, "item_category_id_2_": -1, "item_id_2_": -1, "begin_date_": "2020/9/2  15:00:00"}, {"banner_id_": 7009, "item_category_id_1_": 1, "item_id_1_": 0, "item_category_id_2_": 23, "item_id_2_": 5002001, "begin_date_": "2020/12/9  15:00:00"}, {"banner_id_": 19017, "item_category_id_1_": 1, "item_id_1_": 0, "item_category_id_2_": 23, "item_id_2_": 5000131, "begin_date_": "2021/11/1  15:00:00"}, {"banner_id_": 20400, "item_category_id_1_": 3, "item_id_1_": 201, "item_category_id_2_": 23, "item_id_2_": 2040001, "begin_date_": "2020/7/8  15:00:00"}, {"banner_id_": 20700, "item_category_id_1_": 1, "item_id_1_": 0, "item_category_id_2_": -1, "item_id_2_": -1, "begin_date_": "2020/8/12  15:00:00"}, {"banner_id_": 20900, "item_category_id_1_": 1, "item_id_1_": 0, "item_category_id_2_": 3, "item_id_2_": 162, "begin_date_": "2020/7/29  15:00:00"}, {"banner_id_": 21300, "item_category_id_1_": 3, "item_id_1_": 278, "item_category_id_2_": 29, "item_id_2_": 278, "begin_date_": "2021/9/8  15:00:00"}, {"banner_id_": 21600, "item_category_id_1_": 3, "item_id_1_": 329, "item_category_id_2_": 3, "item_id_2_": 330, "begin_date_": "2020/7/1  15:00:00"}, {"banner_id_": 21700, "item_category_id_1_": 1, "item_id_1_": 0, "item_category_id_2_": 23, "item_id_2_": 2170010, "begin_date_": "2020/7/29  15:00:00"}, {"banner_id_": 21800, "item_category_id_1_": 8, "item_id_1_": 21800, "item_category_id_2_": 8, "item_id_2_": 21801, "begin_date_": "2020/8/12  15:00:00"}, {"banner_id_": 22400, "item_category_id_1_": 1, "item_id_1_": 0, "item_category_id_2_": 8, "item_id_2_": 22401, "begin_date_": "2020/10/30  15:00:00"}, {"banner_id_": 23500, "item_category_id_1_": 1, "item_id_1_": 0, "item_category_id_2_": 3, "item_id_2_": 297, "begin_date_": "2021/1/20  15:00:00"}, {"banner_id_": 23900, "item_category_id_1_": 3, "item_id_1_": 251, "item_category_id_2_": 32, "item_id_2_": 60026, "begin_date_": "2021/3/3  15:00:00"}, {"banner_id_": 24300, "item_category_id_1_": 3, "item_id_1_": 172, "item_category_id_2_": -1, "item_id_2_": -1, "begin_date_": "2021/4/7  15:00:00"}, {"banner_id_": 24600, "item_category_id_1_": 3, "item_id_1_": 270, "item_category_id_2_": -1, "item_id_2_": -1, "begin_date_": "2021/5/5  15:00:00"}, {"banner_id_": 25200, "item_category_id_1_": 32, "item_id_1_": 60030, "item_category_id_2_": 23, "item_id_2_": 2520001, "begin_date_": "2021/6/9  15:00:00"}, {"banner_id_": 25600, "item_category_id_1_": 3, "item_id_1_": 400, "item_category_id_2_": -1, "item_id_2_": -1, "begin_date_": "2021/6/23  15:00:00"}, {"banner_id_": 25900, "item_category_id_1_": 3, "item_id_1_": 415, "item_category_id_2_": 23, "item_id_2_": 2590011, "begin_date_": "2021/7/21  15:00:00"}, {"banner_id_": 26000, "item_category_id_1_": 3, "item_id_1_": 204, "item_category_id_2_": 3, "item_id_2_": 205, "begin_date_": "2021/8/4  15:00:00"}, {"banner_id_": 50025, "item_category_id_1_": 8, "item_id_1_": 50025, "item_category_id_2_": 9, "item_id_2_": 3001, "begin_date_": "2021/6/16  15:00:00"}, {"banner_id_": 60009, "item_category_id_1_": 1, "item_id_1_": 0, "item_category_id_2_": 23, "item_id_2_": 6000921, "begin_date_": "2020/10/16  15:00:00"}, {"banner_id_": 60010, "item_category_id_1_": 1, "item_id_1_": 0, "item_category_id_2_": 23, "item_id_2_": 6001012, "begin_date_": "2020/9/30  15:00:00"}, {"banner_id_": 60012, "item_category_id_1_": 1, "item_id_1_": 0, "item_category_id_2_": -1, "item_id_2_": -1, "begin_date_": "2021/1/27  15:00:00"}, {"banner_id_": 60013, "item_category_id_1_": 1, "item_id_1_": 0, "item_category_id_2_": -1, "item_id_2_": -1, "begin_date_": "2020/8/19  15:00:00"}, {"banner_id_": 60016, "item_category_id_1_": 1, "item_id_1_": 0, "item_category_id_2_": -1, "item_id_2_": -1, "begin_date_": "2020/7/15  15:00:00"}, {"banner_id_": 60018, "item_category_id_1_": 1, "item_id_1_": 0, "item_category_id_2_": -1, "item_id_2_": -1, "begin_date_": "2020/9/2  15:00:00"}, {"banner_id_": 60021, "item_category_id_1_": 1, "item_id_1_": 0, "item_category_id_2_": -1, "item_id_2_": -1, "begin_date_": "2020/11/4  15:00:00"}, {"banner_id_": 6002101, "item_category_id_1_": 1, "item_id_1_": 0, "item_category_id_2_": 19, "item_id_2_": 1002, "begin_date_": "2020/11/4  15:00:00"}, {"banner_id_": 60022, "item_category_id_1_": 1, "item_id_1_": 0, "item_category_id_2_": -1, "item_id_2_": -1, "begin_date_": "2020/11/14  15:00:00"}, {"banner_id_": 60026, "item_category_id_1_": 3, "item_id_1_": 251, "item_category_id_2_": -1, "item_id_2_": -1, "begin_date_": "2021/3/3  15:00:00"}, {"banner_id_": 60027, "item_category_id_1_": 1, "item_id_1_": 0, "item_category_id_2_": -1, "item_id_2_": -1, "begin_date_": "2021/3/10  15:00:00"}, {"banner_id_": 60028, "item_category_id_1_": 23, "item_id_1_": 6002801, "item_category_id_2_": -1, "item_id_2_": -1, "begin_date_": "2021/4/28  15:00:00"}, {"banner_id_": 60030, "item_category_id_1_": 3, "item_id_1_": 192, "item_category_id_2_": 23, "item_id_2_": 6003001, "begin_date_": "2021/6/9  15:00:00"}, {"banner_id_": 60031, "item_category_id_1_": 1, "item_id_1_": 0, "item_category_id_2_": 23, "item_id_2_": 6003101, "begin_date_": "2021/6/21  15:00:00"}, {"banner_id_": 60032, "item_category_id_1_": 1, "item_id_1_": 0, "item_category_id_2_": 23, "item_id_2_": 6003201, "begin_date_": "2021/6/16  15:00:00"}, {"banner_id_": 201118, "item_category_id_1_": 1, "item_id_1_": 0, "item_category_id_2_": 8, "item_id_2_": 50020, "begin_date_": "2020/11/18  15:00:00"}, {"banner_id_": 20112702, "item_category_id_1_": 1, "item_id_1_": 0, "item_category_id_2_": 8, "item_id_2_": 50020, "begin_date_": "2020/11/27  15:00:00"}, {"banner_id_": 201202, "item_category_id_1_": 1, "item_id_1_": 0, "item_category_id_2_": 8, "item_id_2_": 50020, "begin_date_": "2020/12/2  15:00:00"}, {"banner_id_": 201216, "item_category_id_1_": 1, "item_id_1_": 0, "item_category_id_2_": 8, "item_id_2_": 50020, "begin_date_": "2020/12/16  15:00:00"}, {"banner_id_": 20122302, "item_category_id_1_": 1, "item_id_1_": 0, "item_category_id_2_": 8, "item_id_2_": 50020, "begin_date_": "2020/12/23  15:00:00"}, {"banner_id_": 201230, "item_category_id_1_": 1, "item_id_1_": 0, "item_category_id_2_": 8, "item_id_2_": 50020, "begin_date_": "2020/12/30  15:00:00"}, {"banner_id_": 21010602, "item_category_id_1_": 1, "item_id_1_": 0, "item_category_id_2_": 8, "item_id_2_": 50020, "begin_date_": "2021/1/6  15:00:00"}, {"banner_id_": 21022401, "item_category_id_1_": 8, "item_id_1_": 50021, "item_category_id_2_": -1, "item_id_2_": -1, "begin_date_": "2021/2/24  15:00:00"}, {"banner_id_": 21030301, "item_category_id_1_": 8, "item_id_1_": 50021, "item_category_id_2_": -1, "item_id_2_": -1, "begin_date_": "2021/3/3  15:00:00"}, {"banner_id_": 21031001, "item_category_id_1_": 8, "item_id_1_": 50021, "item_category_id_2_": -1, "item_id_2_": -1, "begin_date_": "2021/3/10  15:00:00"}, {"banner_id_": 2103102, "item_category_id_1_": 1, "item_id_1_": 0, "item_category_id_2_": 23, "item_id_2_": 1100, "begin_date_": "2021/3/10  15:00:00"}, {"banner_id_": 21031701, "item_category_id_1_": 8, "item_id_1_": 50021, "item_category_id_2_": -1, "item_id_2_": -1, "begin_date_": "2021/3/17  15:00:00"}, {"banner_id_": 21032401, "item_category_id_1_": 8, "item_id_1_": 50021, "item_category_id_2_": -1, "item_id_2_": -1, "begin_date_": "2021/3/24  15:00:00"}, {"banner_id_": 21033101, "item_category_id_1_": 8, "item_id_1_": 50021, "item_category_id_2_": -1, "item_id_2_": -1, "begin_date_": "2021/3/31  15:00:00"}, {"banner_id_": 21033102, "item_category_id_1_": 28, "item_id_1_": 538500100, "item_category_id_2_": 28, "item_id_2_": 538500020, "begin_date_": "2021/3/31  15:00:00"}, {"banner_id_": 21033103, "item_category_id_1_": 28, "item_id_1_": 538500100, "item_category_id_2_": 28, "item_id_2_": 538500020, "begin_date_": "2021/4/14  15:00:00"}, {"banner_id_": 21033104, "item_category_id_1_": 28, "item_id_1_": 538500100, "item_category_id_2_": 28, "item_id_2_": 538500020, "begin_date_": "2021/4/28  15:00:00"}, {"banner_id_": 210401, "item_category_id_1_": 25, "item_id_1_": 195, "item_category_id_2_": 25, "item_id_2_": 194, "begin_date_": "2021/4/1  15:00:00"}, {"banner_id_": 21040703, "item_category_id_1_": 1, "item_id_1_": 0, "item_category_id_2_": 23, "item_id_2_": 1101, "begin_date_": "2021/4/7  15:00:00"}, {"banner_id_": 21042804, "item_category_id_1_": 31, "item_id_1_": 100, "item_category_id_2_": 31, "item_id_2_": 4, "begin_date_": "2021/4/28  15:00:00"}, {"banner_id_": 21042803, "item_category_id_1_": 19, "item_id_1_": 3, "item_category_id_2_": 8, "item_id_2_": 7, "begin_date_": "2021/4/28  15:00:00"}, {"banner_id_": 21042802, "item_category_id_1_": 28, "item_id_1_": 202000100, "item_category_id_2_": 5, "item_id_2_": 10, "begin_date_": "2021/4/28  15:00:00"}, {"banner_id_": 21042801, "item_category_id_1_": 1, "item_id_1_": 0, "item_category_id_2_": 17, "item_id_2_": 0, "begin_date_": "2021/4/28  15:00:00"}, {"banner_id_": 21051202, "item_category_id_1_": 1, "item_id_1_": 0, "item_category_id_2_": 23, "item_id_2_": 1102, "begin_date_": "2021/5/12  15:00:00"}, {"banner_id_": 210519, "item_category_id_1_": 23, "item_id_1_": 5002801, "item_category_id_2_": -1, "item_id_2_": -1, "begin_date_": "2021/5/24  15:00:00"}, {"banner_id_": 210530, "item_category_id_1_": 1, "item_id_1_": 0, "item_category_id_2_": 8, "item_id_2_": 90006, "begin_date_": "2021/5/30  15:00:00"}, {"banner_id_": 210609, "item_category_id_1_": 1, "item_id_1_": 0, "item_category_id_2_": 9, "item_id_2_": 3001, "begin_date_": "2021/6/9  15:00:00"}, {"banner_id_": 210616, "item_category_id_1_": 1, "item_id_1_": 0, "item_category_id_2_": 9, "item_id_2_": 3001, "begin_date_": "2021/6/16  15:00:00"}, {"banner_id_": 210623, "item_category_id_1_": 1, "item_id_1_": 0, "item_category_id_2_": 8, "item_id_2_": 90007, "begin_date_": "2021/6/23  15:00:00"}, {"banner_id_": 210630, "item_category_id_1_": 1, "item_id_1_": 0, "item_category_id_2_": 9, "item_id_2_": 3001, "begin_date_": "2021/6/30  15:00:00"}, {"banner_id_": 21053001, "item_category_id_1_": 28, "item_id_1_": 203800600, "item_category_id_2_": 1, "item_id_2_": 0, "begin_date_": "2021/5/30  17:00:00"}, {"banner_id_": 21062302, "item_category_id_1_": 28, "item_id_1_": 540000100, "item_category_id_2_": 28, "item_id_2_": 540000020, "begin_date_": "2021/6/23  15:00:00"}, {"banner_id_": 21070701, "item_category_id_1_": 29, "item_id_1_": 50, "item_category_id_2_": -1, "item_id_2_": -1, "begin_date_": "2021/7/7  15:00:00"}, {"banner_id_": 21070702, "item_category_id_1_": 29, "item_id_1_": 50, "item_category_id_2_": -1, "item_id_2_": -1, "begin_date_": "2021/7/14  15:00:00"}, {"banner_id_": 21053001, "item_category_id_1_": 1, "item_id_1_": 0, "item_category_id_2_": 23, "item_id_2_": 2500011, "begin_date_": "2021/7/21  15:00:00"}, {"banner_id_": 210804, "item_category_id_1_": 1, "item_id_1_": 0, "item_category_id_2_": -1, "item_id_2_": -1, "begin_date_": "2021/8/4  15:00:00"}, {"banner_id_": 210818, "item_category_id_1_": 1, "item_id_1_": 0, "item_category_id_2_": 9, "item_id_2_": 3003, "begin_date_": "2021/8/18  15:00:00"}, {"banner_id_": 21092201, "item_category_id_1_": 1, "item_id_1_": 0, "item_category_id_2_": 9, "item_id_2_": 3004, "begin_date_": "2021/9/22  15:00:00"}, {"banner_id_": 21100601, "item_category_id_1_": 9, "item_id_1_": 3005, "item_category_id_2_": -1, "item_id_2_": -1, "begin_date_": "2021/10/6  15:00:00"}, {"banner_id_": 26700, "item_category_id_1_": 3, "item_id_1_": 443, "item_category_id_2_": -1, "item_id_2_": -1, "begin_date_": "2021/10/27  15:00:00"}, {"banner_id_": 21112401, "item_category_id_1_": 9, "item_id_1_": 3006, "item_category_id_2_": 28, "item_id_2_": 204100100, "begin_date_": "2021/11/24  15:00:00"}, {"banner_id_": 27300, "item_category_id_1_": 3, "item_id_1_": 224, "item_category_id_2_": -1, "item_id_2_": -1, "begin_date_": "2021/12/1  15:00:00"}, {"banner_id_": 27600, "item_category_id_1_": 3, "item_id_1_": 374, "item_category_id_2_": 23, "item_id_2_": 2760001, "begin_date_": "2021/12/8  15:00:00"}, {"banner_id_": 220101, "item_category_id_1_": 1, "item_id_1_": 0, "item_category_id_2_": 8, "item_id_2_": 50028, "begin_date_": "2022/1/1  15:00:00"}, {"banner_id_": 2202022, "item_category_id_1_": 1, "item_id_1_": 0, "item_category_id_2_": -1, "item_id_2_": -1, "begin_date_": "2022/2/2  15:00:00"}, {"banner_id_": 21100601, "item_category_id_1_": 9, "item_id_1_": 3007, "item_category_id_2_": -1, "item_id_2_": -1, "begin_date_": "2022/2/16  15:00:00"}, {"banner_id_": 220223, "item_category_id_1_": 1, "item_id_1_": 0, "item_category_id_2_": 25, "item_id_2_": 274, "begin_date_": "2022/2/23  15:00:00"}, {"banner_id_": 220309, "item_category_id_1_": 1, "item_id_1_": 0, "item_category_id_2_": 25, "item_id_2_": 275, "begin_date_": "2022/3/9  15:00:00"}, {"banner_id_": 22032302, "item_category_id_1_": 1, "item_id_1_": 0, "item_category_id_2_": 25, "item_id_2_": 277, "begin_date_": "2022/3/23  15:00:00"}, {"banner_id_": 21100601, "item_category_id_1_": 9, "item_id_1_": 3008, "item_category_id_2_": -1, "item_id_2_": -1, "begin_date_": "2022/3/14  15:00:00"}, {"banner_id_": 28500, "item_category_id_1_": 25, "item_id_1_": 131, "item_category_id_2_": 25, "item_id_2_": 298, "begin_date_": "2022/4/1  15:00:00"}, {"banner_id_": 21100601, "item_category_id_1_": 9, "item_id_1_": 3009, "item_category_id_2_": -1, "item_id_2_": -1, "begin_date_": "2022/4/22  15:00:00"}, {"banner_id_": 22042702, "item_category_id_1_": 3, "item_id_1_": 475, "item_category_id_2_": 9, "item_id_2_": 202, "begin_date_": "2022/4/27  15:00:00"}, {"banner_id_": 220430, "item_category_id_1_": 8, "item_id_1_": 15, "item_category_id_2_": -1, "item_id_2_": -1, "begin_date_": "2022/4/30  15:00:00"}, {"banner_id_": 200509, "item_category_id_1_": 9, "item_id_1_": 204, "item_category_id_2_": 23, "item_id_2_": 5000140, "begin_date_": "2022/5/9  15:00:00"}, {"banner_id_": 22051102, "item_category_id_1_": 1, "item_id_1_": 0, "item_category_id_2_": -1, "item_id_2_": -1, "begin_date_": "2022/5/11  15:00:00"}, {"banner_id_": 220520, "item_category_id_1_": 28, "item_id_1_": 203800600, "item_category_id_2_": 19, "item_id_2_": 3, "begin_date_": "2022/5/20  15:00:00"}, {"banner_id_": 19021, "item_category_id_1_": 1, "item_id_1_": 0, "item_category_id_2_": 23, "item_id_2_": 5000133, "begin_date_": "2022/5/18  15:00:00"}, {"banner_id_": 220528, "item_category_id_1_": 1, "item_id_1_": 0, "item_category_id_2_": 8, "item_id_2_": 50029, "begin_date_": "2022/5/28  15:00:00"}, {"banner_id_": 50033, "item_category_id_1_": 8, "item_id_1_": 50025, "item_category_id_2_": 8, "item_id_2_": 50029, "begin_date_": "2022/5/28  15:00:00"}, {"banner_id_": 220622, "item_category_id_1_": 9, "item_id_1_": 213, "item_category_id_2_": 8, "item_id_2_": 50029, "begin_date_": "2022/6/22  15:00:00"}, {"banner_id_": 19022, "item_category_id_1_": 1, "item_id_1_": 0, "item_category_id_2_": 8, "item_id_2_": 50029, "begin_date_": "2022/6/29  15:00:00"}, {"banner_id_": 220727, "item_category_id_1_": 1, "item_id_1_": 0, "item_category_id_2_": 9, "item_id_2_": 217, "begin_date_": "2022/7/27  15:00:00"}, {"banner_id_": 19023, "item_category_id_1_": 8, "item_id_1_": 50033, "item_category_id_2_": -1, "item_id_2_": -1, "begin_date_": "2022/8/3  15:00:00"}, {"banner_id_": 220831, "item_category_id_1_": 1, "item_id_1_": 0, "item_category_id_2_": 19, "item_id_2_": 3, "begin_date_": "2022/8/31  15:00:00"}, {"banner_id_": 220906, "item_category_id_1_": 19, "item_id_1_": 3, "item_category_id_2_": -1, "item_id_2_": -1, "begin_date_": "2022/9/6  15:00:00"}, {"banner_id_": 2209142, "item_category_id_1_": 9, "item_id_1_": 227, "item_category_id_2_": 8, "item_id_2_": 50036, "begin_date_": "2022/9/14  15:00:00"}, {"banner_id_": 19024, "item_category_id_1_": 8, "item_id_1_": 50036, "item_category_id_2_": -1, "item_id_2_": -1, "begin_date_": "2022/10/5  15:00:00"}, {"banner_id_": 221005, "item_category_id_1_": 8, "item_id_1_": 50037, "item_category_id_2_": -1, "item_id_2_": -1, "begin_date_": "2022/10/5  15:00:00"}, {"banner_id_": 221019, "item_category_id_1_": 19, "item_id_1_": 3027, "item_category_id_2_": 8, "item_id_2_": 50037, "begin_date_": "2022/10/19  15:00:00"}, {"banner_id_": 221102, "item_category_id_1_": 11, "item_id_1_": 14, "item_category_id_2_": 8, "item_id_2_": 50037, "begin_date_": "2022/11/2  15:00:00"}, {"banner_id_": 19025, "item_category_id_1_": 8, "item_id_1_": 50037, "item_category_id_2_": -1, "item_id_2_": -1, "begin_date_": "2022/11/2  15:00:00"}, {"banner_id_": 22110202, "item_category_id_1_": 1, "item_id_1_": 0, "item_category_id_2_": -1, "item_id_2_": -1, "begin_date_": "2022/11/9  15:00:00"}, {"banner_id_": 221125, "item_category_id_1_": 1, "item_id_1_": 0, "item_category_id_2_": 23, "item_id_2_": 5004910, "begin_date_": "2022/11/25  15:00:00"}, {"banner_id_": 72008, "item_category_id_1_": 23, "item_id_1_": 7200800, "item_category_id_2_": 19, "item_id_2_": 3, "begin_date_": "2022/11/25  15:00:00"}, {"banner_id_": 3001400, "item_category_id_1_": 23, "item_id_1_": 2500051, "item_category_id_2_": 19, "item_id_2_": 3, "begin_date_": "2022/11/25  15:00:00"}, {"banner_id_": 3001401, "item_category_id_1_": 23, "item_id_1_": 2500052, "item_category_id_2_": 19, "item_id_2_": 3, "begin_date_": "2022/12/21  15:00:00"}, {"banner_id_": 29800, "item_category_id_1_": 3, "item_id_1_": 299, "item_category_id_2_": 3, "item_id_2_": 297, "begin_date_": "2023/1/25  15:00:00"}, {"banner_id_": 230215, "item_category_id_1_": 1, "item_id_1_": 0, "item_category_id_2_": 8, "item_id_2_": 50054, "begin_date_": "2023/2/15  15:00:00"}, {"banner_id_": 100006, "item_category_id_1_": 23, "item_id_1_": 5005703, "item_category_id_2_": 23, "item_id_2_": 5005701, "begin_date_": "2023/4/1  15:00:00"}, {"banner_id_": 23040501, "item_category_id_1_": 1, "item_id_1_": 0, "item_category_id_2_": 8, "item_id_2_": 50056, "begin_date_": "2023/4/5  15:00:00"}, {"banner_id_": 2305092, "item_category_id_1_": 9, "item_id_1_": 250, "item_category_id_2_": 23, "item_id_2_": 5000146, "begin_date_": "2023/5/9  15:00:00"}, {"banner_id_": 230510, "item_category_id_1_": 9, "item_id_1_": 251, "item_category_id_2_": 19, "item_id_2_": 3, "begin_date_": "2023/5/10  15:00:00"}, {"banner_id_": 50062, "item_category_id_1_": 8, "item_id_1_": 50062, "item_category_id_2_": 8, "item_id_2_": 50058, "begin_date_": "2023/5/31  15:00:00"}, {"banner_id_": 230530, "item_category_id_1_": 1, "item_id_1_": 0, "item_category_id_2_": 23, "item_id_2_": 5000152, "begin_date_": "2023/5/27  15:00:00"}, {"banner_id_": 23052702, "item_category_id_1_": 1, "item_id_1_": 0, "item_category_id_2_": 16, "item_id_2_": 27, "begin_date_": "2023/5/27  15:00:00"}, {"banner_id_": 23052701, "item_category_id_1_": 23, "item_id_1_": 2500061, "item_category_id_2_": 8, "item_id_2_": 50058, "begin_date_": "2023/5/27  15:00:00"}, {"banner_id_": 23052701, "item_category_id_1_": 23, "item_id_1_": 2500062, "item_category_id_2_": 8, "item_id_2_": 50058, "begin_date_": "2023/6/21  15:00:00"}, {"banner_id_": 2305272, "item_category_id_1_": 8, "item_id_1_": 90012, "item_category_id_2_": 8, "item_id_2_": 90011, "begin_date_": "2023/6/3  15:00:00"}, {"banner_id_": 2305272, "item_category_id_1_": 8, "item_id_1_": 90013, "item_category_id_2_": 8, "item_id_2_": 90011, "begin_date_": "2023/6/24  15:00:00"}, {"banner_id_": 72009, "item_category_id_1_": 23, "item_id_1_": 5000156, "item_category_id_2_": 9, "item_id_2_": 261, "begin_date_": "2023/6/27  15:00:00"}, {"banner_id_": 101003, "item_category_id_1_": 23, "item_id_1_": 2940002, "item_category_id_2_": 31, "item_id_2_": 100, "begin_date_": "2023/6/21  15:00:00"}, {"banner_id_": 200715, "item_category_id_1_": 1, "item_id_1_": 0, "item_category_id_2_": 9, "item_id_2_": 117, "begin_date_": "2020/7/15  15:00:00"}, {"banner_id_": 200729, "item_category_id_1_": 1, "item_id_1_": 0, "item_category_id_2_": 9, "item_id_2_": 120, "begin_date_": "2020/7/29  15:00:00"}, {"banner_id_": 200826, "item_category_id_1_": 1, "item_id_1_": 0, "item_category_id_2_": 9, "item_id_2_": 125, "begin_date_": "2020/8/26  15:00:00"}, {"banner_id_": 200909, "item_category_id_1_": 1, "item_id_1_": 0, "item_category_id_2_": 9, "item_id_2_": 124, "begin_date_": "2020/9/9  15:00:00"}, {"banner_id_": 200909, "item_category_id_1_": 1, "item_id_1_": 0, "item_category_id_2_": 9, "item_id_2_": 127, "begin_date_": "2020/9/16  15:00:00"}, {"banner_id_": 200930, "item_category_id_1_": 1, "item_id_1_": 0, "item_category_id_2_": 9, "item_id_2_": 129, "begin_date_": "2020/9/30  15:00:00"}, {"banner_id_": 201014, "item_category_id_1_": 1, "item_id_1_": 0, "item_category_id_2_": 9, "item_id_2_": 130, "begin_date_": "2020/10/14  15:00:00"}, {"banner_id_": 201028, "item_category_id_1_": 1, "item_id_1_": 0, "item_category_id_2_": 9, "item_id_2_": 135, "begin_date_": "2020/10/28  15:00:00"}, {"banner_id_": 201111, "item_category_id_1_": 1, "item_id_1_": 0, "item_category_id_2_": 9, "item_id_2_": 136, "begin_date_": "2020/11/11  15:00:00"}, {"banner_id_": 201127, "item_category_id_1_": 1, "item_id_1_": 0, "item_category_id_2_": 9, "item_id_2_": 139, "begin_date_": "2020/11/27  15:00:00"}, {"banner_id_": 201127, "item_category_id_1_": 1, "item_id_1_": 0, "item_category_id_2_": 9, "item_id_2_": 137, "begin_date_": "2020/12/11  15:00:00"}, {"banner_id_": 201223, "item_category_id_1_": 1, "item_id_1_": 0, "item_category_id_2_": 9, "item_id_2_": 142, "begin_date_": "2020/12/23  15:00:00"}, {"banner_id_": 210106, "item_category_id_1_": 1, "item_id_1_": 0, "item_category_id_2_": 9, "item_id_2_": 140, "begin_date_": "2021/1/6  15:00:00"}, {"banner_id_": 210120, "item_category_id_1_": 1, "item_id_1_": 0, "item_category_id_2_": 9, "item_id_2_": 145, "begin_date_": "2021/1/20  15:00:00"}, {"banner_id_": 210120, "item_category_id_1_": 1, "item_id_1_": 0, "item_category_id_2_": 9, "item_id_2_": 147, "begin_date_": "2021/2/3  15:00:00"}, {"banner_id_": 210217, "item_category_id_1_": 1, "item_id_1_": 0, "item_category_id_2_": 9, "item_id_2_": 148, "begin_date_": "2021/2/17  15:00:00"}, {"banner_id_": 210217, "item_category_id_1_": 1, "item_id_1_": 0, "item_category_id_2_": 9, "item_id_2_": 153, "begin_date_": "2021/3/3  15:00:00"}, {"banner_id_": 210317, "item_category_id_1_": 1, "item_id_1_": 0, "item_category_id_2_": 9, "item_id_2_": 155, "begin_date_": "2021/3/17  15:00:00"}, {"banner_id_": 210317, "item_category_id_1_": 1, "item_id_1_": 0, "item_category_id_2_": 9, "item_id_2_": 156, "begin_date_": "2021/3/31  15:00:00"}, {"banner_id_": 210414, "item_category_id_1_": 1, "item_id_1_": 0, "item_category_id_2_": 9, "item_id_2_": 158, "begin_date_": "2021/4/14  15:00:00"}, {"banner_id_": 210414, "item_category_id_1_": 1, "item_id_1_": 0, "item_category_id_2_": 9, "item_id_2_": 160, "begin_date_": "2021/4/28  15:00:00"}, {"banner_id_": 210414, "item_category_id_1_": 1, "item_id_1_": 0, "item_category_id_2_": 9, "item_id_2_": 159, "begin_date_": "2021/5/5  15:00:00"}, {"banner_id_": 210512, "item_category_id_1_": 1, "item_id_1_": 0, "item_category_id_2_": 9, "item_id_2_": 159, "begin_date_": "2021/5/12  15:00:00"}, {"banner_id_": 210512, "item_category_id_1_": 1, "item_id_1_": 0, "item_category_id_2_": 9, "item_id_2_": 160, "begin_date_": "2021/5/26  15:00:00"}, {"banner_id_": 2105301, "item_category_id_1_": 9, "item_id_1_": 164, "item_category_id_2_": 8, "item_id_2_": 90006, "begin_date_": "2021/5/30  15:00:00"}, {"banner_id_": 2105301, "item_category_id_1_": 9, "item_id_1_": 162, "item_category_id_2_": 9, "item_id_2_": 3001, "begin_date_": "2021/6/7  15:00:00"}, {"banner_id_": 2105301, "item_category_id_1_": 9, "item_id_1_": 164, "item_category_id_2_": 9, "item_id_2_": 3001, "begin_date_": "2021/6/16  15:00:00"}, {"banner_id_": 2105301, "item_category_id_1_": 9, "item_id_1_": 162, "item_category_id_2_": 8, "item_id_2_": 90007, "begin_date_": "2021/6/23  15:00:00"}, {"banner_id_": 2106301, "item_category_id_1_": 1, "item_id_1_": 0, "item_category_id_2_": 9, "item_id_2_": 3001, "begin_date_": "2021/6/30  15:00:00"}, {"banner_id_": 2106301, "item_category_id_1_": 1, "item_id_1_": 0, "item_category_id_2_": 9, "item_id_2_": 167, "begin_date_": "2021/7/14  15:00:00"}, {"banner_id_": 2106301, "item_category_id_1_": 1, "item_id_1_": 0, "item_category_id_2_": 9, "item_id_2_": 3002, "begin_date_": "2021/7/21  15:00:00"}, {"banner_id_": 2108041, "item_category_id_1_": 1, "item_id_1_": 0, "item_category_id_2_": 9, "item_id_2_": 171, "begin_date_": "2021/8/4  15:00:00"}, {"banner_id_": 2108041, "item_category_id_1_": 1, "item_id_1_": 0, "item_category_id_2_": 9, "item_id_2_": 172, "begin_date_": "2021/8/18  15:00:00"}, {"banner_id_": 2108041, "item_category_id_1_": 1, "item_id_1_": 0, "item_category_id_2_": 9, "item_id_2_": 174, "begin_date_": "2021/9/1  15:00:00"}, {"banner_id_": 26500, "item_category_id_1_": 9, "item_id_1_": 175, "item_category_id_2_": 23, "item_id_2_": 5003311, "begin_date_": "2021/9/22  15:00:00"}, {"banner_id_": 2110131, "item_category_id_1_": 1, "item_id_1_": 0, "item_category_id_2_": 9, "item_id_2_": 178, "begin_date_": "2021/10/13  15:00:00"}, {"banner_id_": 2110131, "item_category_id_1_": 1, "item_id_1_": 0, "item_category_id_2_": 9, "item_id_2_": 181, "begin_date_": "2021/11/3  15:00:00"}, {"banner_id_": 2111101, "item_category_id_1_": 1, "item_id_1_": 0, "item_category_id_2_": 9, "item_id_2_": 181, "begin_date_": "2021/11/10  15:00:00"}, {"banner_id_": 2111241, "item_category_id_1_": 1, "item_id_1_": 0, "item_category_id_2_": 9, "item_id_2_": 186, "begin_date_": "2021/11/24  15:00:00"}, {"banner_id_": 2112241, "item_category_id_1_": 1, "item_id_1_": 0, "item_category_id_2_": 9, "item_id_2_": 186, "begin_date_": "2021/12/24  15:00:00"}, {"banner_id_": 2112241, "item_category_id_1_": 1, "item_id_1_": 0, "item_category_id_2_": 9, "item_id_2_": 3006, "begin_date_": "2022/1/5  15:00:00"}, {"banner_id_": 2201191, "item_category_id_1_": 1, "item_id_1_": 0, "item_category_id_2_": 9, "item_id_2_": 189, "begin_date_": "2022/1/19  15:00:00"}, {"banner_id_": 2202021, "item_category_id_1_": 1, "item_id_1_": 0, "item_category_id_2_": 9, "item_id_2_": 193, "begin_date_": "2022/2/2  15:00:00"}, {"banner_id_": 2202021, "item_category_id_1_": 1, "item_id_1_": 0, "item_category_id_2_": 9, "item_id_2_": 194, "begin_date_": "2022/2/23  15:00:00"}, {"banner_id_": 2203021, "item_category_id_1_": 1, "item_id_1_": 0, "item_category_id_2_": -1, "item_id_2_": -1, "begin_date_": "2022/3/2  15:00:00"}, {"banner_id_": 2203301, "item_category_id_1_": 1, "item_id_1_": 0, "item_category_id_2_": -1, "item_id_2_": -1, "begin_date_": "2022/3/30  15:00:00"}, {"banner_id_": 2203301, "item_category_id_1_": 1, "item_id_1_": 0, "item_category_id_2_": 9, "item_id_2_": 198, "begin_date_": "2022/4/6  15:00:00"}, {"banner_id_": 2204271, "item_category_id_1_": 1, "item_id_1_": 0, "item_category_id_2_": 9, "item_id_2_": 202, "begin_date_": "2022/4/27  15:00:00"}, {"banner_id_": 2205281, "item_category_id_1_": 8, "item_id_1_": 90008, "item_category_id_2_": 8, "item_id_2_": 50029, "begin_date_": "2022/5/28  15:00:00"}, {"banner_id_": 2205281, "item_category_id_1_": 1, "item_id_1_": 0, "item_category_id_2_": 8, "item_id_2_": 50029, "begin_date_": "2022/6/11  15:00:00"}, {"banner_id_": 2205281, "item_category_id_1_": 8, "item_id_1_": 90009, "item_category_id_2_": 8, "item_id_2_": 50029, "begin_date_": "2022/6/22  15:00:00"}, {"banner_id_": 2205281, "item_category_id_1_": 1, "item_id_1_": 0, "item_category_id_2_": 8, "item_id_2_": 50029, "begin_date_": "2022/7/2  15:00:00"}, {"banner_id_": 2207201, "item_category_id_1_": 1, "item_id_1_": 0, "item_category_id_2_": 8, "item_id_2_": 50029, "begin_date_": "2022/7/20  15:00:00"}, {"banner_id_": 2207271, "item_category_id_1_": 1, "item_id_1_": 0, "item_category_id_2_": 8, "item_id_2_": 50033, "begin_date_": "2022/7/27  15:00:00"}, {"banner_id_": 2207271, "item_category_id_1_": 9, "item_id_1_": 219, "item_category_id_2_": 8, "item_id_2_": 50033, "begin_date_": "2022/8/3  15:00:00"}, {"banner_id_": 2207271, "item_category_id_1_": 1, "item_id_1_": 0, "item_category_id_2_": 8, "item_id_2_": 50033, "begin_date_": "2022/8/17  15:00:00"}, {"banner_id_": 2208311, "item_category_id_1_": 9, "item_id_1_": 223, "item_category_id_2_": 8, "item_id_2_": 50036, "begin_date_": "2022/8/31  15:00:00"}, {"banner_id_": 2210191, "item_category_id_1_": 23, "item_id_1_": 5004601, "item_category_id_2_": 8, "item_id_2_": 50037, "begin_date_": "2022/10/19  15:00:00"}, {"banner_id_": 2211091, "item_category_id_1_": 23, "item_id_1_": 5004701, "item_category_id_2_": 8, "item_id_2_": 50038, "begin_date_": "2022/11/9  15:00:00"}, {"banner_id_": 2211251, "item_category_id_1_": 23, "item_id_1_": 5005001, "item_category_id_2_": 8, "item_id_2_": 50040, "begin_date_": "2022/11/25  15:00:00"}, {"banner_id_": 2212281, "item_category_id_1_": 23, "item_id_1_": 5005101, "item_category_id_2_": 8, "item_id_2_": 50040, "begin_date_": "2022/12/28  15:00:00"}, {"banner_id_": 2301251, "item_category_id_1_": 23, "item_id_1_": 5005201, "item_category_id_2_": 1, "item_id_2_": 0, "begin_date_": "2023/1/25  15:00:00"}, {"banner_id_": 2302221, "item_category_id_1_": 23, "item_id_1_": 5005301, "item_category_id_2_": 8, "item_id_2_": 50054, "begin_date_": "2023/2/22  15:00:00"}, {"banner_id_": 2303151, "item_category_id_1_": 23, "item_id_1_": 5005601, "item_category_id_2_": 8, "item_id_2_": 50055, "begin_date_": "2023/3/15  15:00:00"}, {"banner_id_": 2304051, "item_category_id_1_": 23, "item_id_1_": 5005901, "item_category_id_2_": 8, "item_id_2_": 50056, "begin_date_": "2023/4/5  15:00:00"}, {"banner_id_": 2305101, "item_category_id_1_": 23, "item_id_1_": 5006001, "item_category_id_2_": 1, "item_id_2_": 0, "begin_date_": "2023/5/10  15:00:00"}, {"banner_id_": 2305271, "item_category_id_1_": 1, "item_id_1_": 0, "item_category_id_2_": 8, "item_id_2_": 50058, "begin_date_": "2023/5/27  15:00:00"}, {"banner_id_": 2101, "item_category_id_1_": 1, "item_id_1_": 0, "item_category_id_2_": -1, "item_id_2_": -1, "begin_date_": "2021/1/1  15:00:00"}, {"banner_id_": 2103, "item_category_id_1_": 1, "item_id_1_": 0, "item_category_id_2_": -1, "item_id_2_": -1, "begin_date_": "2020/7/1  15:00:00"}, {"banner_id_": 2104, "item_category_id_1_": 1, "item_id_1_": 0, "item_category_id_2_": -1, "item_id_2_": -1, "begin_date_": "2020/9/1  15:00:00"}, {"banner_id_": 2105, "item_category_id_1_": 1, "item_id_1_": 0, "item_category_id_2_": -1, "item_id_2_": -1, "begin_date_": "2020/8/1  15:00:00"}, {"banner_id_": 2182, "item_category_id_1_": 1, "item_id_1_": 0, "item_category_id_2_": -1, "item_id_2_": -1, "begin_date_": "2023/1/1  15:00:00"}, {"banner_id_": 60033, "item_category_id_1_": 1, "item_id_1_": 0, "item_category_id_2_": -1, "item_id_2_": -1, "begin_date_": "2021/8/25  15:00:00"}, {"banner_id_": 60034, "item_category_id_1_": 1, "item_id_1_": 0, "item_category_id_2_": -1, "item_id_2_": -1, "begin_date_": "2021/9/8  15:00:00"}, {"banner_id_": 60035, "item_category_id_1_": 1, "item_id_1_": 0, "item_category_id_2_": -1, "item_id_2_": -1, "begin_date_": "2021/9/22  15:00:00"}, {"banner_id_": 60036, "item_category_id_1_": 1, "item_id_1_": 0, "item_category_id_2_": -1, "item_id_2_": -1, "begin_date_": "2021/10/6  15:00:00"}, {"banner_id_": 60037, "item_category_id_1_": 1, "item_id_1_": 0, "item_category_id_2_": 29, "item_id_2_": 149, "begin_date_": "2021/10/20  15:00:00"}, {"banner_id_": 60038, "item_category_id_1_": 1, "item_id_1_": 0, "item_category_id_2_": 29, "item_id_2_": 320, "begin_date_": "2021/11/3  15:00:00"}, {"banner_id_": 50005, "item_category_id_1_": 19, "item_id_1_": 3, "item_category_id_2_": 8, "item_id_2_": 4, "begin_date_": "2020/8/7  15:00:00"}, {"banner_id_": 50005, "item_category_id_1_": 9, "item_id_1_": 121, "item_category_id_2_": 8, "item_id_2_": 4, "begin_date_": "2020/8/10  15:00:00"}, {"banner_id_": 23000, "item_category_id_1_": 8, "item_id_1_": 22100, "item_category_id_2_": 28, "item_id_2_": 302900050, "begin_date_": "2020/12/5  15:00:00"}, {"banner_id_": 23200, "item_category_id_1_": 8, "item_id_1_": 23200, "item_category_id_2_": -1, "item_id_2_": -1, "begin_date_": "2020/12/31  20:00:00"}, {"banner_id_": 23400, "item_category_id_1_": 8, "item_id_1_": 23400, "item_category_id_2_": -1, "item_id_2_": -1, "begin_date_": "2021/1/23  15:00:00"}, {"banner_id_": 23700, "item_category_id_1_": 8, "item_id_1_": 23700, "item_category_id_2_": -1, "item_id_2_": -1, "begin_date_": "2021/2/20  15:00:00"}, {"banner_id_": 24100, "item_category_id_1_": 8, "item_id_1_": 23700, "item_category_id_2_": -1, "item_id_2_": -1, "begin_date_": "2021/3/20  15:00:00"}, {"banner_id_": 24400, "item_category_id_1_": 8, "item_id_1_": 23700, "item_category_id_2_": -1, "item_id_2_": -1, "begin_date_": "2021/4/17  15:00:00"}, {"banner_id_": 25110, "item_category_id_1_": 8, "item_id_1_": 25110, "item_category_id_2_": 9, "item_id_2_": 165, "begin_date_": "2021/6/5  15:00:00"}, {"banner_id_": 25120, "item_category_id_1_": 8, "item_id_1_": 25120, "item_category_id_2_": 9, "item_id_2_": 165, "begin_date_": "2021/6/12  15:00:00"}, {"banner_id_": 25130, "item_category_id_1_": 8, "item_id_1_": 25130, "item_category_id_2_": 9, "item_id_2_": 165, "begin_date_": "2021/6/19  15:00:00"}, {"banner_id_": 25140, "item_category_id_1_": 9, "item_id_1_": 3001, "item_category_id_2_": 9, "item_id_2_": 165, "begin_date_": "2021/6/26  15:00:00"}, {"banner_id_": 25150, "item_category_id_1_": 9, "item_id_1_": 3001, "item_category_id_2_": 9, "item_id_2_": 165, "begin_date_": "2021/7/3  15:00:00"}, {"banner_id_": 25800, "item_category_id_1_": 9, "item_id_1_": 3002, "item_category_id_2_": -1, "item_id_2_": -1, "begin_date_": "2021/7/24  15:00:00"}, {"banner_id_": 26200, "item_category_id_1_": 3, "item_id_1_": 427, "item_category_id_2_": -1, "item_id_2_": -1, "begin_date_": "2021/8/13  15:00:00"}, {"banner_id_": 26100, "item_category_id_1_": 8, "item_id_1_": 26100, "item_category_id_2_": -1, "item_id_2_": -1, "begin_date_": "2021/8/21  15:00:00"}, {"banner_id_": 80005, "item_category_id_1_": 1, "item_id_1_": 0, "item_category_id_2_": -1, "item_id_2_": -1, "begin_date_": "2021/11/5  15:00:00"}, {"banner_id_": 80006, "item_category_id_1_": 1, "item_id_1_": 0, "item_category_id_2_": -1, "item_id_2_": -1, "begin_date_": "2021/11/18  15:00:00"}, {"banner_id_": 27200, "item_category_id_1_": 8, "item_id_1_": 27200, "item_category_id_2_": 8, "item_id_2_": 50027, "begin_date_": "2021/11/26  15:00:00"}, {"banner_id_": 27400, "item_category_id_1_": 8, "item_id_1_": 27400, "item_category_id_2_": 8, "item_id_2_": 50027, "begin_date_": "2021/12/3  15:00:00"}, {"banner_id_": 27500, "item_category_id_1_": 8, "item_id_1_": 27500, "item_category_id_2_": 8, "item_id_2_": 50027, "begin_date_": "2021/12/10  15:00:00"}, {"banner_id_": 27800, "item_category_id_1_": 8, "item_id_1_": 27800, "item_category_id_2_": 8, "item_id_2_": 50027, "begin_date_": "2021/12/17  15:00:00"}, {"banner_id_": 27900, "item_category_id_1_": 8, "item_id_1_": 27900, "item_category_id_2_": 8, "item_id_2_": 50027, "begin_date_": "2021/12/24  15:00:00"}, {"banner_id_": 80007, "item_category_id_1_": 1, "item_id_1_": 0, "item_category_id_2_": 8, "item_id_2_": 50028, "begin_date_": "2021/12/31  15:00:00"}, {"banner_id_": 80009, "item_category_id_1_": 1, "item_id_1_": 0, "item_category_id_2_": -1, "item_id_2_": -1, "begin_date_": "2022/1/14  15:00:00"}, {"banner_id_": 80008, "item_category_id_1_": 1, "item_id_1_": 0, "item_category_id_2_": -1, "item_id_2_": -1, "begin_date_": "2022/1/21  15:00:00"}, {"banner_id_": 80010, "item_category_id_1_": 1, "item_id_1_": 0, "item_category_id_2_": -1, "item_id_2_": -1, "begin_date_": "2022/2/4  15:00:00"}, {"banner_id_": 80011, "item_category_id_1_": 1, "item_id_1_": 0, "item_category_id_2_": -1, "item_id_2_": -1, "begin_date_": "2022/2/28  15:00:00"}, {"banner_id_": 80012, "item_category_id_1_": 1, "item_id_1_": 0, "item_category_id_2_": -1, "item_id_2_": -1, "begin_date_": "2022/3/21  15:00:00"}, {"banner_id_": 80013, "item_category_id_1_": 1, "item_id_1_": 0, "item_category_id_2_": -1, "item_id_2_": -1, "begin_date_": "2022/5/4  15:00:00"}, {"banner_id_": 80014, "item_category_id_1_": 8, "item_id_1_": 80014, "item_category_id_2_": 9, "item_id_2_": 3010, "begin_date_": "2022/6/10  15:00:00"}, {"banner_id_": 80015, "item_category_id_1_": 8, "item_id_1_": 80015, "item_category_id_2_": 8, "item_id_2_": 50029, "begin_date_": "2022/6/29  15:00:00"}, {"banner_id_": 80016, "item_category_id_1_": 8, "item_id_1_": 80016, "item_category_id_2_": 8, "item_id_2_": 50029, "begin_date_": "2022/7/20  15:00:00"}, {"banner_id_": 80017, "item_category_id_1_": 8, "item_id_1_": 80017, "item_category_id_2_": 23, "item_id_2_": 2500041, "begin_date_": "2022/8/24  15:00:00"}, {"banner_id_": 80018, "item_category_id_1_": 8, "item_id_1_": 3002, "item_category_id_2_": 7, "item_id_2_": 1063, "begin_date_": "2022/9/21  15:00:00"}, {"banner_id_": 80019, "item_category_id_1_": 8, "item_id_1_": 50037, "item_category_id_2_": -1, "item_id_2_": -1, "begin_date_": "2022/10/21  15:00:00"}, {"banner_id_": 80020, "item_category_id_1_": 8, "item_id_1_": 50037, "item_category_id_2_": -1, "item_id_2_": -1, "begin_date_": "2022/10/28  15:00:00"}, {"banner_id_": 80021, "item_category_id_1_": 1, "item_id_1_": 0, "item_category_id_2_": 8, "item_id_2_": 50040, "begin_date_": "2022/11/28  15:00:00"}, {"banner_id_": 80022, "item_category_id_1_": 1, "item_id_1_": 0, "item_category_id_2_": 8, "item_id_2_": 50040, "begin_date_": "2022/12/16  15:00:00"}, {"banner_id_": 80023, "item_category_id_1_": 8, "item_id_1_": 80023, "item_category_id_2_": -1, "item_id_2_": -1, "begin_date_": "2022/12/23  15:00:00"}, {"banner_id_": 80024, "item_category_id_1_": 1, "item_id_1_": 0, "item_category_id_2_": 8, "item_id_2_": 50040, "begin_date_": "2022/12/31  15:00:00"}, {"banner_id_": 80025, "item_category_id_1_": 1, "item_id_1_": 0, "item_category_id_2_": 8, "item_id_2_": 80025, "begin_date_": "2023/1/20  15:00:00"}, {"banner_id_": 80026, "item_category_id_1_": 8, "item_id_1_": 80026, "item_category_id_2_": 23, "item_id_2_": 5000143, "begin_date_": "2023/2/17  15:00:00"}, {"banner_id_": 80027, "item_category_id_1_": 8, "item_id_1_": 80027, "item_category_id_2_": 23, "item_id_2_": 5000143, "begin_date_": "2023/2/17  15:00:00"}, {"banner_id_": 80028, "item_category_id_1_": 8, "item_id_1_": 80028, "item_category_id_2_": 23, "item_id_2_": 5000143, "begin_date_": "2023/2/17  15:00:00"}, {"banner_id_": 80029, "item_category_id_1_": 8, "item_id_1_": 80029, "item_category_id_2_": 23, "item_id_2_": 5000143, "begin_date_": "2023/2/17  15:00:00"}, {"banner_id_": 80030, "item_category_id_1_": 1, "item_id_1_": 0, "item_category_id_2_": 8, "item_id_2_": 80030, "begin_date_": "2023/4/14  15:00:00"}, {"banner_id_": 80031, "item_category_id_1_": 8, "item_id_1_": 82001, "item_category_id_2_": 8, "item_id_2_": 80031, "begin_date_": "2023/5/31  15:00:00"}, {"banner_id_": 80032, "item_category_id_1_": 8, "item_id_1_": 82001, "item_category_id_2_": 8, "item_id_2_": 80032, "begin_date_": "2023/6/7  15:00:00"}, {"banner_id_": 80033, "item_category_id_1_": 8, "item_id_1_": 82001, "item_category_id_2_": 8, "item_id_2_": 80033, "begin_date_": "2023/6/14  15:00:00"}, {"banner_id_": 80034, "item_category_id_1_": 8, "item_id_1_": 82001, "item_category_id_2_": 8, "item_id_2_": 80034, "begin_date_": "2023/6/21  15:00:00"}, {"banner_id_": 80035, "item_category_id_1_": 8, "item_id_1_": 82001, "item_category_id_2_": 8, "item_id_2_": 80035, "begin_date_": "2023/6/28  15:00:00"}, {"banner_id_": 80036, "item_category_id_1_": 8, "item_id_1_": 82001, "item_category_id_2_": 8, "item_id_2_": 80036, "begin_date_": "2023/7/5  15:00:00"}, {"banner_id_": 80037, "item_category_id_1_": 8, "item_id_1_": 82001, "item_category_id_2_": 8, "item_id_2_": 80037, "begin_date_": "2023/7/12  15:00:00"}, {"banner_id_": 200007, "item_category_id_1_": 1, "item_id_1_": 0, "item_category_id_2_": 9, "item_id_2_": 2001, "begin_date_": "2020/8/26  15:00:00"}, {"banner_id_": 200010, "item_category_id_1_": 1, "item_id_1_": 0, "item_category_id_2_": 9, "item_id_2_": 2002, "begin_date_": "2020/10/7  15:00:00"}, {"banner_id_": 200011, "item_category_id_1_": 3, "item_id_1_": 331, "item_category_id_2_": 23, "item_id_2_": 20001000, "begin_date_": "2020/7/1  15:00:00"}, {"banner_id_": 200012, "item_category_id_1_": 1, "item_id_1_": 0, "item_category_id_2_": 23, "item_id_2_": 20001109, "begin_date_": "2020/7/22  15:00:00"}, {"banner_id_": 200013, "item_category_id_1_": 1, "item_id_1_": 0, "item_category_id_2_": 23, "item_id_2_": 20001209, "begin_date_": "2020/8/12  15:00:00"}, {"banner_id_": 200014, "item_category_id_1_": 1, "item_id_1_": 0, "item_category_id_2_": 23, "item_id_2_": 20001310, "begin_date_": "2020/9/16  15:00:00"}, {"banner_id_": 200015, "item_category_id_1_": 1, "item_id_1_": 0, "item_category_id_2_": 23, "item_id_2_": 20001410, "begin_date_": "2020/10/28  15:00:00"}, {"banner_id_": 200016, "item_category_id_1_": 1, "item_id_1_": 0, "item_category_id_2_": 23, "item_id_2_": 20001610, "begin_date_": "2020/11/18  15:00:00"}, {"banner_id_": 200017, "item_category_id_1_": 1, "item_id_1_": 0, "item_category_id_2_": 9, "item_id_2_": 2003, "begin_date_": "2020/12/2  15:00:00"}, {"banner_id_": 200018, "item_category_id_1_": 1, "item_id_1_": 0, "item_category_id_2_": 23, "item_id_2_": 20001810, "begin_date_": "2020/12/23  15:00:00"}, {"banner_id_": 200019, "item_category_id_1_": 1, "item_id_1_": 0, "item_category_id_2_": 23, "item_id_2_": 20001910, "begin_date_": "2021/1/13  15:00:00"}, {"banner_id_": 200020, "item_category_id_1_": 1, "item_id_1_": 0, "item_category_id_2_": 23, "item_id_2_": 20002010, "begin_date_": "2021/3/17  15:00:00"}, {"banner_id_": 200021, "item_category_id_1_": 1, "item_id_1_": 0, "item_category_id_2_": 23, "item_id_2_": 20002110, "begin_date_": "2021/3/31  15:00:00"}, {"banner_id_": 200022, "item_category_id_1_": 1, "item_id_1_": 0, "item_category_id_2_": 23, "item_id_2_": 20002130, "begin_date_": "2021/4/21  15:00:00"}, {"banner_id_": 200023, "item_category_id_1_": 1, "item_id_1_": 0, "item_category_id_2_": 23, "item_id_2_": 20002210, "begin_date_": "2021/5/12  15:00:00"}, {"banner_id_": 200024, "item_category_id_1_": 1, "item_id_1_": 0, "item_category_id_2_": 23, "item_id_2_": 20002310, "begin_date_": "2021/5/30  15:00:00"}, {"banner_id_": 200027, "item_category_id_1_": 1, "item_id_1_": 0, "item_category_id_2_": 23, "item_id_2_": 20002410, "begin_date_": "2021/6/23  15:00:00"}, {"banner_id_": 200028, "item_category_id_1_": 1, "item_id_1_": 0, "item_category_id_2_": 23, "item_id_2_": 20002510, "begin_date_": "2021/7/14  15:00:00"}, {"banner_id_": 200029, "item_category_id_1_": 1, "item_id_1_": 0, "item_category_id_2_": 23, "item_id_2_": 20002610, "begin_date_": "2021/8/4  15:00:00"}, {"banner_id_": 200030, "item_category_id_1_": 1, "item_id_1_": 0, "item_category_id_2_": 23, "item_id_2_": 20002710, "begin_date_": "2021/8/25  15:00:00"}, {"banner_id_": 200031, "item_category_id_1_": 1, "item_id_1_": 0, "item_category_id_2_": 23, "item_id_2_": 20002810, "begin_date_": "2021/9/15  15:00:00"}, {"banner_id_": 200032, "item_category_id_1_": 1, "item_id_1_": 0, "item_category_id_2_": 23, "item_id_2_": 20002910, "begin_date_": "2021/10/6  15:00:00"}, {"banner_id_": 200033, "item_category_id_1_": 1, "item_id_1_": 0, "item_category_id_2_": 23, "item_id_2_": 20003010, "begin_date_": "2021/10/27  15:00:00"}, {"banner_id_": 200034, "item_category_id_1_": 1, "item_id_1_": 0, "item_category_id_2_": 23, "item_id_2_": 20003110, "begin_date_": "2021/11/17  15:00:00"}, {"banner_id_": 200035, "item_category_id_1_": 1, "item_id_1_": 0, "item_category_id_2_": 23, "item_id_2_": 20003210, "begin_date_": "2021/12/8  15:00:00"}, {"banner_id_": 200036, "item_category_id_1_": 1, "item_id_1_": 0, "item_category_id_2_": 23, "item_id_2_": 20003310, "begin_date_": "2021/12/29  15:00:00"}, {"banner_id_": 200037, "item_category_id_1_": 1, "item_id_1_": 0, "item_category_id_2_": 23, "item_id_2_": 20003410, "begin_date_": "2022/1/19  15:00:00"}, {"banner_id_": 200038, "item_category_id_1_": 1, "item_id_1_": 0, "item_category_id_2_": 23, "item_id_2_": 20003510, "begin_date_": "2022/2/9  15:00:00"}, {"banner_id_": 200039, "item_category_id_1_": 1, "item_id_1_": 0, "item_category_id_2_": 23, "item_id_2_": 20003610, "begin_date_": "2022/3/2  15:00:00"}, {"banner_id_": 200040, "item_category_id_1_": 1, "item_id_1_": 0, "item_category_id_2_": 23, "item_id_2_": 20003710, "begin_date_": "2022/3/23  15:00:00"}, {"banner_id_": 200041, "item_category_id_1_": 1, "item_id_1_": 0, "item_category_id_2_": 23, "item_id_2_": 20003810, "begin_date_": "2022/4/13  15:00:00"}, {"banner_id_": 200042, "item_category_id_1_": 1, "item_id_1_": 0, "item_category_id_2_": 23, "item_id_2_": 20003910, "begin_date_": "2022/5/4  15:00:00"}, {"banner_id_": 200043, "item_category_id_1_": 1, "item_id_1_": 0, "item_category_id_2_": 23, "item_id_2_": 20004010, "begin_date_": "2022/5/28  15:00:00"}, {"banner_id_": 200044, "item_category_id_1_": 1, "item_id_1_": 0, "item_category_id_2_": 23, "item_id_2_": 20004110, "begin_date_": "2022/6/22  15:00:00"}, {"banner_id_": 200045, "item_category_id_1_": 1, "item_id_1_": 0, "item_category_id_2_": 23, "item_id_2_": 20004210, "begin_date_": "2022/7/13  15:00:00"}, {"banner_id_": 200046, "item_category_id_1_": 8, "item_id_1_": 50034, "item_category_id_2_": -1, "item_id_2_": -1, "begin_date_": "2022/7/27  15:00:00"}, {"banner_id_": 200047, "item_category_id_1_": 1, "item_id_1_": 0, "item_category_id_2_": 23, "item_id_2_": 20004310, "begin_date_": "2022/8/17  15:00:00"}, {"banner_id_": 200048, "item_category_id_1_": 1, "item_id_1_": 0, "item_category_id_2_": 23, "item_id_2_": 20004410, "begin_date_": "2022/9/7  15:00:00"}, {"banner_id_": 200049, "item_category_id_1_": 1, "item_id_1_": 0, "item_category_id_2_": 23, "item_id_2_": 20004510, "begin_date_": "2022/9/28  15:00:00"}, {"banner_id_": 200050, "item_category_id_1_": 1, "item_id_1_": 0, "item_category_id_2_": 23, "item_id_2_": 20004710, "begin_date_": "2022/10/19  15:00:00"}, {"banner_id_": 200051, "item_category_id_1_": 1, "item_id_1_": 0, "item_category_id_2_": 23, "item_id_2_": 20004810, "begin_date_": "2022/11/16  15:00:00"}, {"banner_id_": 200052, "item_category_id_1_": 1, "item_id_1_": 0, "item_category_id_2_": 8, "item_id_2_": 50040, "begin_date_": "2022/12/7  15:00:00"}, {"banner_id_": 200053, "item_category_id_1_": 1, "item_id_1_": 0, "item_category_id_2_": 8, "item_id_2_": 50040, "begin_date_": "2022/12/31  15:00:00"}, {"banner_id_": 200054, "item_category_id_1_": 1, "item_id_1_": 0, "item_category_id_2_": 23, "item_id_2_": 20005110, "begin_date_": "2023/1/18  15:00:00"}, {"banner_id_": 200055, "item_category_id_1_": 1, "item_id_1_": 0, "item_category_id_2_": 23, "item_id_2_": 20005210, "begin_date_": "2023/2/1  15:00:00"}, {"banner_id_": 200056, "item_category_id_1_": 1, "item_id_1_": 0, "item_category_id_2_": 23, "item_id_2_": 20005310, "begin_date_": "2023/2/22  15:00:00"}, {"banner_id_": 200057, "item_category_id_1_": 1, "item_id_1_": 0, "item_category_id_2_": 23, "item_id_2_": 20005410, "begin_date_": "2023/3/1  15:00:00"}, {"banner_id_": 200058, "item_category_id_1_": 1, "item_id_1_": 0, "item_category_id_2_": 23, "item_id_2_": 20005510, "begin_date_": "2023/3/22  15:00:00"}, {"banner_id_": 200059, "item_category_id_1_": 1, "item_id_1_": 0, "item_category_id_2_": 23, "item_id_2_": 20005610, "begin_date_": "2023/4/12  15:00:00"}, {"banner_id_": 200060, "item_category_id_1_": 1, "item_id_1_": 0, "item_category_id_2_": 23, "item_id_2_": 20005710, "begin_date_": "2023/5/3  15:00:00"}, {"banner_id_": 200061, "item_category_id_1_": 1, "item_id_1_": 0, "item_category_id_2_": 9, "item_id_2_": 256, "begin_date_": "2023/5/27  15:00:00"}, {"banner_id_": 200062, "item_category_id_1_": 1, "item_id_1_": 0, "item_category_id_2_": 9, "item_id_2_": 256, "begin_date_": "2023/6/14  15:00:00"}, {"banner_id_": 200063, "item_category_id_1_": 1, "item_id_1_": 0, "item_category_id_2_": 9, "item_id_2_": 256, "begin_date_": "2023/7/5  15:00:00"}, {"banner_id_": 1003, "item_category_id_1_": 8, "item_id_1_": 5, "item_category_id_2_": 19, "item_id_2_": 3, "begin_date_": "2020/7/22  18:00:00"}, {"banner_id_": 1003, "item_category_id_1_": 23, "item_id_1_": 1300000, "item_category_id_2_": 8, "item_id_2_": 50054, "begin_date_": "2023/2/22  15:00:00"}, {"banner_id_": 1003, "item_category_id_1_": 8, "item_id_1_": 5, "item_category_id_2_": 19, "item_id_2_": 3, "begin_date_": "2023/3/8  15:00:00"}, {"banner_id_": 6001, "item_category_id_1_": 1, "item_id_1_": 0, "item_category_id_2_": 8, "item_id_2_": 60405, "begin_date_": "2020/11/25  15:00:00"}, {"banner_id_": 6001, "item_category_id_1_": 8, "item_id_1_": 60407, "item_category_id_2_": 8, "item_id_2_": 60406, "begin_date_": "2023/4/26  15:00:00"}, {"banner_id_": 6002, "item_category_id_1_": 1, "item_id_1_": 0, "item_category_id_2_": 8, "item_id_2_": 60501, "begin_date_": "2020/7/8  15:00:00"}, {"banner_id_": 6003, "item_category_id_1_": 1, "item_id_1_": 0, "item_category_id_2_": 8, "item_id_2_": 60503, "begin_date_": "2021/6/2  15:00:00"}, {"banner_id_": 20122301, "item_category_id_1_": 1, "item_id_1_": 0, "item_category_id_2_": 8, "item_id_2_": 60502, "begin_date_": "2020/12/23  15:00:00"}, {"banner_id_": 21033105, "item_category_id_1_": 1, "item_id_1_": 0, "item_category_id_2_": -1, "item_id_2_": -1, "begin_date_": "2021/3/31  15:00:00"}, {"banner_id_": 21041401, "item_category_id_1_": 1, "item_id_1_": 0, "item_category_id_2_": -1, "item_id_2_": -1, "begin_date_": "2021/4/14  18:00:00"}, {"banner_id_": 21063001, "item_category_id_1_": 1, "item_id_1_": 0, "item_category_id_2_": -1, "item_id_2_": -1, "begin_date_": "2021/6/30  18:00:00"}, {"banner_id_": 21071401, "item_category_id_1_": 1, "item_id_1_": 0, "item_category_id_2_": -1, "item_id_2_": -1, "begin_date_": "2021/7/14  18:00:00"}, {"banner_id_": 21072801, "item_category_id_1_": 1, "item_id_1_": 0, "item_category_id_2_": -1, "item_id_2_": -1, "begin_date_": "2021/7/28  18:00:00"}, {"banner_id_": 6028, "item_category_id_1_": 1, "item_id_1_": 0, "item_category_id_2_": 8, "item_id_2_": 60504, "begin_date_": "2021/12/1  15:00:00"}, {"banner_id_": 6029, "item_category_id_1_": 1, "item_id_1_": 0, "item_category_id_2_": 8, "item_id_2_": 60505, "begin_date_": "2021/12/15  18:00:00"}, {"banner_id_": 6030, "item_category_id_1_": 1, "item_id_1_": 0, "item_category_id_2_": 8, "item_id_2_": 61100, "begin_date_": "2021/12/28  18:00:00"}, {"banner_id_": 6041, "item_category_id_1_": 1, "item_id_1_": 0, "item_category_id_2_": 8, "item_id_2_": 50029, "begin_date_": "2022/6/8  15:00:00"}, {"banner_id_": 6042, "item_category_id_1_": 1, "item_id_1_": 0, "item_category_id_2_": 8, "item_id_2_": 50029, "begin_date_": "2022/6/29  19:00:00"}, {"banner_id_": 6043, "item_category_id_1_": 1, "item_id_1_": 0, "item_category_id_2_": 8, "item_id_2_": 60800, "begin_date_": "2022/8/3  15:00:00"}, {"banner_id_": 6050, "item_category_id_1_": 8, "item_id_1_": 61201, "item_category_id_2_": 19, "item_id_2_": 3, "begin_date_": "2022/10/19  15:00:00"}, {"banner_id_": 6049, "item_category_id_1_": 8, "item_id_1_": 61200, "item_category_id_2_": 19, "item_id_2_": 3, "begin_date_": "2022/11/2  19:00:00"}, {"banner_id_": 6052, "item_category_id_1_": 8, "item_id_1_": 61202, "item_category_id_2_": 8, "item_id_2_": 50040, "begin_date_": "2022/11/30  15:00:00"}, {"banner_id_": 6053, "item_category_id_1_": 8, "item_id_1_": 61203, "item_category_id_2_": 8, "item_id_2_": 50040, "begin_date_": "2022/12/14  18:00:00"}, {"banner_id_": 6054, "item_category_id_1_": 8, "item_id_1_": 61204, "item_category_id_2_": 8, "item_id_2_": 50040, "begin_date_": "2022/12/28  18:00:00"}, {"banner_id_": 6060, "item_category_id_1_": 8, "item_id_1_": 61205, "item_category_id_2_": 19, "item_id_2_": 3, "begin_date_": "2023/3/22  15:00:00"}, {"banner_id_": 230531, "item_category_id_1_": 1, "item_id_1_": 0, "item_category_id_2_": 28, "item_id_2_": 204100100, "begin_date_": "2023/5/31  15:00:00"}, {"banner_id_": 2306142, "item_category_id_1_": 8, "item_id_1_": 50058, "item_category_id_2_": 8, "item_id_2_": 5, "begin_date_": "2023/6/14  18:00:00"}, {"banner_id_": 2307052, "item_category_id_1_": 8, "item_id_1_": 50058, "item_category_id_2_": 8, "item_id_2_": 61210, "begin_date_": "2023/7/5  18:00:00"}, {"banner_id_": 220906, "item_category_id_1_": 23, "item_id_1_": 1200002, "item_category_id_2_": 19, "item_id_2_": 3, "begin_date_": "2022/10/7  15:00:00"}, {"banner_id_": 220906, "item_category_id_1_": 23, "item_id_1_": 1200005, "item_category_id_2_": 19, "item_id_2_": 3, "begin_date_": "2022/10/21  15:00:00"}, {"banner_id_": 220906, "item_category_id_1_": 23, "item_id_1_": 1200008, "item_category_id_2_": 19, "item_id_2_": 3, "begin_date_": "2022/11/4  15:00:00"}, {"banner_id_": 220906, "item_category_id_1_": 23, "item_id_1_": 1200011, "item_category_id_2_": 19, "item_id_2_": 3, "begin_date_": "2022/11/18  15:00:00"}, {"banner_id_": 220906, "item_category_id_1_": 23, "item_id_1_": 1200014, "item_category_id_2_": 19, "item_id_2_": 3, "begin_date_": "2022/12/2  15:00:00"}, {"banner_id_": 220906, "item_category_id_1_": 23, "item_id_1_": 1200017, "item_category_id_2_": 19, "item_id_2_": 3, "begin_date_": "2022/12/16  15:00:00"}, {"banner_id_": 6311, "item_category_id_1_": 23, "item_id_1_": 1200020, "item_category_id_2_": 19, "item_id_2_": 3, "begin_date_": "2022/12/30  15:00:00"}, {"banner_id_": 220906, "item_category_id_1_": 23, "item_id_1_": 1200023, "item_category_id_2_": 19, "item_id_2_": 3, "begin_date_": "2023/1/20  15:00:00"}, {"banner_id_": 220906, "item_category_id_1_": 23, "item_id_1_": 1200026, "item_category_id_2_": 19, "item_id_2_": 3, "begin_date_": "2023/2/3  15:00:00"}, {"banner_id_": 220906, "item_category_id_1_": 23, "item_id_1_": 1200029, "item_category_id_2_": 19, "item_id_2_": 3, "begin_date_": "2023/2/17  15:00:00"}, {"banner_id_": 220906, "item_category_id_1_": 23, "item_id_1_": 1200032, "item_category_id_2_": 19, "item_id_2_": 3, "begin_date_": "2023/3/3  15:00:00"}, {"banner_id_": 220906, "item_category_id_1_": 23, "item_id_1_": 1200035, "item_category_id_2_": 19, "item_id_2_": 3, "begin_date_": "2023/3/17  15:00:00"}, {"banner_id_": 220906, "item_category_id_1_": 23, "item_id_1_": 1200038, "item_category_id_2_": 19, "item_id_2_": 3, "begin_date_": "2023/4/7  15:00:00"}, {"banner_id_": 220906, "item_category_id_1_": 23, "item_id_1_": 1200041, "item_category_id_2_": 19, "item_id_2_": 3, "begin_date_": "2023/4/21  15:00:00"}, {"banner_id_": 220906, "item_category_id_1_": 23, "item_id_1_": 1200044, "item_category_id_2_": 19, "item_id_2_": 3, "begin_date_": "2023/5/5  15:00:00"}, {"banner_id_": 220906, "item_category_id_1_": 23, "item_id_1_": 1200047, "item_category_id_2_": 19, "item_id_2_": 3, "begin_date_": "2023/5/19  15:00:00"}, {"banner_id_": 220906, "item_category_id_1_": 23, "item_id_1_": 1200050, "item_category_id_2_": 19, "item_id_2_": 3, "begin_date_": "2023/6/2  15:00:00"}, {"banner_id_": 220906, "item_category_id_1_": 23, "item_id_1_": 1200053, "item_category_id_2_": 19, "item_id_2_": 3, "begin_date_": "2023/6/16  15:00:00"}, {"banner_id_": 220906, "item_category_id_1_": 23, "item_id_1_": 1200056, "item_category_id_2_": 19, "item_id_2_": 3, "begin_date_": "2023/6/30  15:00:00"}, {"banner_id_": 220906, "item_category_id_1_": 23, "item_id_1_": 1200059, "item_category_id_2_": 19, "item_id_2_": 3, "begin_date_": "2023/7/14  15:00:00"}, {"banner_id_": 71001, "item_category_id_1_": 9, "item_id_1_": 149, "item_category_id_2_": 9, "item_id_2_": 147, "begin_date_": "2021/1/31  15:00:00"}, {"banner_id_": 71002, "item_category_id_1_": 9, "item_id_1_": 154, "item_category_id_2_": 9, "item_id_2_": 153, "begin_date_": "2021/2/28  15:00:00"}, {"banner_id_": 71003, "item_category_id_1_": 9, "item_id_1_": 158, "item_category_id_2_": 9, "item_id_2_": 156, "begin_date_": "2021/3/31  15:00:00"}, {"banner_id_": 71004, "item_category_id_1_": 9, "item_id_1_": 158, "item_category_id_2_": 9, "item_id_2_": 159, "begin_date_": "2021/4/30  15:00:00"}, {"banner_id_": 11000, "item_category_id_1_": 1, "item_id_1_": 0, "item_category_id_2_": 8, "item_id_2_": 0, "begin_date_": "2021/3/30  15:00:00"}, {"banner_id_": 11000, "item_category_id_1_": 1, "item_id_1_": 0, "item_category_id_2_": 28, "item_id_2_": 540000200, "begin_date_": "2021/6/23  15:00:00"}, {"banner_id_": 11000, "item_category_id_1_": 1, "item_id_1_": 0, "item_category_id_2_": 8, "item_id_2_": 0, "begin_date_": "2021/8/4  15:00:00"}, {"banner_id_": 3001, "item_category_id_1_": 1, "item_id_1_": 0, "item_category_id_2_": 3, "item_id_2_": 90, "begin_date_": "2019/3/27  15:00:00"}, {"banner_id_": 3002, "item_category_id_1_": 1, "item_id_1_": 0, "item_category_id_2_": 3, "item_id_2_": 12, "begin_date_": "2019/3/27  15:00:00"}, {"banner_id_": 3003, "item_category_id_1_": 1, "item_id_1_": 0, "item_category_id_2_": 3, "item_id_2_": 138, "begin_date_": "2019/3/27  15:00:00"}, {"banner_id_": 3004, "item_category_id_1_": 1, "item_id_1_": 0, "item_category_id_2_": 3, "item_id_2_": 26, "begin_date_": "2020/8/12  15:00:00"}, {"banner_id_": 3005, "item_category_id_1_": 1, "item_id_1_": 0, "item_category_id_2_": 3, "item_id_2_": 28, "begin_date_": "2019/3/27  15:00:00"}, {"banner_id_": 3008, "item_category_id_1_": 1, "item_id_1_": 0, "item_category_id_2_": 3, "item_id_2_": 49, "begin_date_": "2020/9/9  15:00:00"}, {"banner_id_": 3009, "item_category_id_1_": 1, "item_id_1_": 0, "item_category_id_2_": 3, "item_id_2_": 48, "begin_date_": "2020/8/26  15:00:00"}, {"banner_id_": 3010, "item_category_id_1_": 1, "item_id_1_": 0, "item_category_id_2_": 3, "item_id_2_": 68, "begin_date_": "2020/8/12  15:00:00"}, {"banner_id_": 3011, "item_category_id_1_": 1, "item_id_1_": 0, "item_category_id_2_": 3, "item_id_2_": 71, "begin_date_": "2020/9/9  15:00:00"}, {"banner_id_": 3012, "item_category_id_1_": 1, "item_id_1_": 0, "item_category_id_2_": 3, "item_id_2_": 64, "begin_date_": "2020/7/15  15:00:00"}, {"banner_id_": 3013, "item_category_id_1_": 1, "item_id_1_": 0, "item_category_id_2_": 3, "item_id_2_": 96, "begin_date_": "2020/7/15  15:00:00"}, {"banner_id_": 3014, "item_category_id_1_": 1, "item_id_1_": 0, "item_category_id_2_": 3, "item_id_2_": 106, "begin_date_": "2020/10/28  15:00:00"}, {"banner_id_": 3015, "item_category_id_1_": 1, "item_id_1_": 0, "item_category_id_2_": 3, "item_id_2_": 138, "begin_date_": "2019/10/16  15:00:00"}, {"banner_id_": 3016, "item_category_id_1_": 1, "item_id_1_": 0, "item_category_id_2_": 3, "item_id_2_": 52, "begin_date_": "2020/9/23  15:00:00"}, {"banner_id_": 3024, "item_category_id_1_": 1, "item_id_1_": 0, "item_category_id_2_": 3, "item_id_2_": 54, "begin_date_": "2020/8/5  15:00:00"}, {"banner_id_": 3025, "item_category_id_1_": 1, "item_id_1_": 0, "item_category_id_2_": 3, "item_id_2_": 161, "begin_date_": "2019/8/28  15:00:00"}, {"banner_id_": 3026, "item_category_id_1_": 1, "item_id_1_": 0, "item_category_id_2_": 3, "item_id_2_": 119, "begin_date_": "2020/8/26  15:00:00"}, {"banner_id_": 3035, "item_category_id_1_": 1, "item_id_1_": 0, "item_category_id_2_": 3, "item_id_2_": 223, "begin_date_": "2020/9/23  15:00:00"}, {"banner_id_": 22000, "item_category_id_1_": 1, "item_id_1_": 0, "item_category_id_2_": 29, "item_id_2_": 90, "begin_date_": "2020/9/16  15:00:00"}, {"banner_id_": 22200, "item_category_id_1_": 1, "item_id_1_": 0, "item_category_id_2_": 29, "item_id_2_": 12, "begin_date_": "2020/10/14  15:00:00"}, {"banner_id_": 22600, "item_category_id_1_": 1, "item_id_1_": 0, "item_category_id_2_": 29, "item_id_2_": 138, "begin_date_": "2020/11/11  15:00:00"}, {"banner_id_": 22700, "item_category_id_1_": 1, "item_id_1_": 0, "item_category_id_2_": 29, "item_id_2_": 28, "begin_date_": "2020/12/9  15:00:00"}, {"banner_id_": 23300, "item_category_id_1_": 1, "item_id_1_": 0, "item_category_id_2_": 29, "item_id_2_": 147, "begin_date_": "2020/12/30  15:00:00"}, {"banner_id_": 23600, "item_category_id_1_": 1, "item_id_1_": 0, "item_category_id_2_": 29, "item_id_2_": 96, "begin_date_": "2021/2/10  15:00:00"}, {"banner_id_": 23800, "item_category_id_1_": 1, "item_id_1_": 0, "item_category_id_2_": 29, "item_id_2_": 196, "begin_date_": "2021/3/3  15:00:00"}, {"banner_id_": 24000, "item_category_id_1_": 1, "item_id_1_": 0, "item_category_id_2_": 29, "item_id_2_": 248, "begin_date_": "2021/3/17  15:00:00"}, {"banner_id_": 24000, "item_category_id_1_": 1, "item_id_1_": 0, "item_category_id_2_": 29, "item_id_2_": 235, "begin_date_": "2021/7/21  15:00:00"}, {"banner_id_": 24700, "item_category_id_1_": 1, "item_id_1_": 0, "item_category_id_2_": 29, "item_id_2_": 171, "begin_date_": "2021/5/19  15:00:00"}, {"banner_id_": 25400, "item_category_id_1_": 1, "item_id_1_": 0, "item_category_id_2_": 3, "item_id_2_": 214, "begin_date_": "2021/6/30  15:00:00"}, {"banner_id_": 25700, "item_category_id_1_": 1, "item_id_1_": 0, "item_category_id_2_": 3, "item_id_2_": 367, "begin_date_": "2021/7/28  15:00:00"}, {"banner_id_": 26300, "item_category_id_1_": 1, "item_id_1_": 0, "item_category_id_2_": 3, "item_id_2_": 66, "begin_date_": "2021/8/25  15:00:00"}, {"banner_id_": 26400, "item_category_id_1_": 1, "item_id_1_": 0, "item_category_id_2_": 3, "item_id_2_": 125, "begin_date_": "2021/9/15  15:00:00"}, {"banner_id_": 27100, "item_category_id_1_": 1, "item_id_1_": 0, "item_category_id_2_": 29, "item_id_2_": 223, "begin_date_": "2021/11/17  15:00:00"}, {"banner_id_": 27700, "item_category_id_1_": 1, "item_id_1_": 0, "item_category_id_2_": 3, "item_id_2_": 288, "begin_date_": "2021/12/24  15:00:00"}, {"banner_id_": 28300, "item_category_id_1_": 1, "item_id_1_": 0, "item_category_id_2_": 29, "item_id_2_": 71, "begin_date_": "2022/2/16  15:00:00"}, {"banner_id_": 29100, "item_category_id_1_": 1, "item_id_1_": 0, "item_category_id_2_": 29, "item_id_2_": 68, "begin_date_": "2022/8/24  15:00:00"}, {"banner_id_": 100004, "item_category_id_1_": 1, "item_id_1_": 0, "item_category_id_2_": 29, "item_id_2_": 64, "begin_date_": "2023/3/29  15:00:00"}, {"banner_id_": 343, "item_category_id_1_": 3, "item_id_1_": 343, "item_category_id_2_": 28, "item_id_2_": 203920100, "begin_date_": "2020/9/16  15:00:00"}, {"banner_id_": 344, "item_category_id_1_": 3, "item_id_1_": 344, "item_category_id_2_": 28, "item_id_2_": 203940100, "begin_date_": "2020/9/16  15:00:00"}, {"banner_id_": 301, "item_category_id_1_": 3, "item_id_1_": 301, "item_category_id_2_": 28, "item_id_2_": 203950100, "begin_date_": "2020/10/14  15:00:00"}, {"banner_id_": 302, "item_category_id_1_": 3, "item_id_1_": 302, "item_category_id_2_": 28, "item_id_2_": 203910100, "begin_date_": "2020/10/14  15:00:00"}, {"banner_id_": 303, "item_category_id_1_": 3, "item_id_1_": 303, "item_category_id_2_": 28, "item_id_2_": 203930100, "begin_date_": "2020/10/14  15:00:00"}, {"banner_id_": 363, "item_category_id_1_": 3, "item_id_1_": 363, "item_category_id_2_": 28, "item_id_2_": 203930100, "begin_date_": "2020/11/11  15:00:00"}, {"banner_id_": 364, "item_category_id_1_": 3, "item_id_1_": 364, "item_category_id_2_": 28, "item_id_2_": 203940100, "begin_date_": "2020/11/11  15:00:00"}, {"banner_id_": 328, "item_category_id_1_": 3, "item_id_1_": 328, "item_category_id_2_": 28, "item_id_2_": 203940100, "begin_date_": "2021/1/31  15:00:00"}, {"banner_id_": 177, "item_category_id_1_": 3, "item_id_1_": 177, "item_category_id_2_": 28, "item_id_2_": 203910100, "begin_date_": "2021/1/31  15:00:00"}, {"banner_id_": 380, "item_category_id_1_": 3, "item_id_1_": 380, "item_category_id_2_": 28, "item_id_2_": 203920100, "begin_date_": "2021/2/28  15:00:00"}, {"banner_id_": 381, "item_category_id_1_": 3, "item_id_1_": 381, "item_category_id_2_": 28, "item_id_2_": 203930100, "begin_date_": "2021/2/28  15:00:00"}, {"banner_id_": 386, "item_category_id_1_": 3, "item_id_1_": 386, "item_category_id_2_": 28, "item_id_2_": 203950100, "begin_date_": "2021/3/31  15:00:00"}, {"banner_id_": 337, "item_category_id_1_": 3, "item_id_1_": 337, "item_category_id_2_": 28, "item_id_2_": 203930100, "begin_date_": "2021/3/31  15:00:00"}, {"banner_id_": 390, "item_category_id_1_": 3, "item_id_1_": 390, "item_category_id_2_": 28, "item_id_2_": 203920100, "begin_date_": "2021/4/30  15:00:00"}, {"banner_id_": 389, "item_category_id_1_": 3, "item_id_1_": 389, "item_category_id_2_": 28, "item_id_2_": 203950100, "begin_date_": "2021/4/30  15:00:00"}, {"banner_id_": 424, "item_category_id_1_": 3, "item_id_1_": 424, "item_category_id_2_": 28, "item_id_2_": 203950100, "begin_date_": "2021/7/31  15:00:00"}, {"banner_id_": 425, "item_category_id_1_": 3, "item_id_1_": 425, "item_category_id_2_": 28, "item_id_2_": 203920100, "begin_date_": "2021/7/31  15:00:00"}, {"banner_id_": 430, "item_category_id_1_": 3, "item_id_1_": 430, "item_category_id_2_": 28, "item_id_2_": 203940100, "begin_date_": "2021/9/1  15:00:00"}, {"banner_id_": 431, "item_category_id_1_": 3, "item_id_1_": 431, "item_category_id_2_": 28, "item_id_2_": 203920100, "begin_date_": "2021/9/1  15:00:00"}, {"banner_id_": 441, "item_category_id_1_": 3, "item_id_1_": 441, "item_category_id_2_": 28, "item_id_2_": 203940100, "begin_date_": "2021/9/30  15:00:00"}, {"banner_id_": 163, "item_category_id_1_": 3, "item_id_1_": 163, "item_category_id_2_": 28, "item_id_2_": 203950100, "begin_date_": "2021/9/30  15:00:00"}, {"banner_id_": 444, "item_category_id_1_": 3, "item_id_1_": 444, "item_category_id_2_": 28, "item_id_2_": 203920100, "begin_date_": "2021/10/31  15:00:00"}, {"banner_id_": 445, "item_category_id_1_": 3, "item_id_1_": 445, "item_category_id_2_": 28, "item_id_2_": 203910100, "begin_date_": "2021/10/31  15:00:00"}, {"banner_id_": 459, "item_category_id_1_": 3, "item_id_1_": 459, "item_category_id_2_": 28, "item_id_2_": 203940100, "begin_date_": "2022/1/31  15:00:00"}, {"banner_id_": 460, "item_category_id_1_": 3, "item_id_1_": 460, "item_category_id_2_": 28, "item_id_2_": 203950100, "begin_date_": "2022/1/31  15:00:00"}, {"banner_id_": 469, "item_category_id_1_": 3, "item_id_1_": 469, "item_category_id_2_": 28, "item_id_2_": 203940100, "begin_date_": "2022/3/31  15:00:00"}, {"banner_id_": 470, "item_category_id_1_": 3, "item_id_1_": 470, "item_category_id_2_": 28, "item_id_2_": 203930100, "begin_date_": "2022/3/31  15:00:00"}, {"banner_id_": 488, "item_category_id_1_": 3, "item_id_1_": 488, "item_category_id_2_": 28, "item_id_2_": 203910100, "begin_date_": "2022/7/31  15:00:00"}, {"banner_id_": 489, "item_category_id_1_": 3, "item_id_1_": 489, "item_category_id_2_": 28, "item_id_2_": 203950100, "begin_date_": "2022/7/31  15:00:00"}, {"banner_id_": 498, "item_category_id_1_": 3, "item_id_1_": 498, "item_category_id_2_": 28, "item_id_2_": 203930100, "begin_date_": "2022/8/31  15:00:00"}, {"banner_id_": 499, "item_category_id_1_": 3, "item_id_1_": 499, "item_category_id_2_": 28, "item_id_2_": 203950100, "begin_date_": "2022/8/31  15:00:00"}, {"banner_id_": 4000, "item_category_id_1_": 4, "item_id_1_": 1000, "item_category_id_2_": 4, "item_id_2_": 0, "begin_date_": "2020/9/23  15:00:00"}, {"banner_id_": 4001, "item_category_id_1_": 4, "item_id_1_": 1010, "item_category_id_2_": 4, "item_id_2_": 10, "begin_date_": "2020/9/23  15:00:00"}, {"banner_id_": 4002, "item_category_id_1_": 4, "item_id_1_": 1020, "item_category_id_2_": 4, "item_id_2_": 20, "begin_date_": "2020/9/23  15:00:00"}, {"banner_id_": 4003, "item_category_id_1_": 4, "item_id_1_": 1030, "item_category_id_2_": 4, "item_id_2_": 30, "begin_date_": "2020/9/23  15:00:00"}, {"banner_id_": 4004, "item_category_id_1_": 4, "item_id_1_": 1040, "item_category_id_2_": 4, "item_id_2_": 40, "begin_date_": "2020/9/23  15:00:00"}, {"banner_id_": 4005, "item_category_id_1_": 4, "item_id_1_": 1000, "item_category_id_2_": 4, "item_id_2_": 0, "begin_date_": "2020/10/21  15:00:00"}, {"banner_id_": 4006, "item_category_id_1_": 4, "item_id_1_": 1020, "item_category_id_2_": 4, "item_id_2_": 20, "begin_date_": "2020/10/21  15:00:00"}, {"banner_id_": 4007, "item_category_id_1_": 4, "item_id_1_": 1000, "item_category_id_2_": 4, "item_id_2_": 0, "begin_date_": "2021/1/6  15:00:00"}, {"banner_id_": 4008, "item_category_id_1_": 4, "item_id_1_": 1010, "item_category_id_2_": 4, "item_id_2_": 10, "begin_date_": "2021/1/6  15:00:00"}, {"banner_id_": 4009, "item_category_id_1_": 4, "item_id_1_": 1020, "item_category_id_2_": 4, "item_id_2_": 20, "begin_date_": "2021/1/6  15:00:00"}, {"banner_id_": 4010, "item_category_id_1_": 4, "item_id_1_": 1030, "item_category_id_2_": 4, "item_id_2_": 30, "begin_date_": "2021/1/6  15:00:00"}, {"banner_id_": 4011, "item_category_id_1_": 4, "item_id_1_": 1040, "item_category_id_2_": 4, "item_id_2_": 40, "begin_date_": "2021/1/6  15:00:00"}, {"banner_id_": 4012, "item_category_id_1_": 4, "item_id_1_": 1000, "item_category_id_2_": 4, "item_id_2_": 0, "begin_date_": "2021/2/24  15:00:00"}, {"banner_id_": 4013, "item_category_id_1_": 4, "item_id_1_": 1010, "item_category_id_2_": 4, "item_id_2_": 10, "begin_date_": "2021/2/24  15:00:00"}, {"banner_id_": 4014, "item_category_id_1_": 4, "item_id_1_": 1020, "item_category_id_2_": 4, "item_id_2_": 20, "begin_date_": "2021/2/24  15:00:00"}, {"banner_id_": 4015, "item_category_id_1_": 4, "item_id_1_": 1030, "item_category_id_2_": 4, "item_id_2_": 30, "begin_date_": "2021/2/24  15:00:00"}, {"banner_id_": 4016, "item_category_id_1_": 4, "item_id_1_": 1040, "item_category_id_2_": 4, "item_id_2_": 40, "begin_date_": "2021/2/24  15:00:00"}, {"banner_id_": 4017, "item_category_id_1_": 4, "item_id_1_": 1000, "item_category_id_2_": 4, "item_id_2_": 0, "begin_date_": "2021/5/30  15:00:00"}, {"banner_id_": 4018, "item_category_id_1_": 4, "item_id_1_": 1010, "item_category_id_2_": 4, "item_id_2_": 10, "begin_date_": "2021/5/30  15:00:00"}, {"banner_id_": 4019, "item_category_id_1_": 4, "item_id_1_": 1020, "item_category_id_2_": 4, "item_id_2_": 20, "begin_date_": "2021/5/30  15:00:00"}, {"banner_id_": 4020, "item_category_id_1_": 4, "item_id_1_": 1030, "item_category_id_2_": 4, "item_id_2_": 30, "begin_date_": "2021/5/30  15:00:00"}, {"banner_id_": 4021, "item_category_id_1_": 4, "item_id_1_": 1040, "item_category_id_2_": 4, "item_id_2_": 40, "begin_date_": "2021/5/30  15:00:00"}, {"banner_id_": 4100, "item_category_id_1_": 3, "item_id_1_": 151, "item_category_id_2_": 29, "item_id_2_": 151, "begin_date_": "2020/10/7  15:00:00"}, {"banner_id_": 4101, "item_category_id_1_": 3, "item_id_1_": 112, "item_category_id_2_": 29, "item_id_2_": 112, "begin_date_": "2020/10/21  15:00:00"}, {"banner_id_": 4102, "item_category_id_1_": 3, "item_id_1_": 148, "item_category_id_2_": 29, "item_id_2_": 148, "begin_date_": "2020/12/9  15:00:00"}, {"banner_id_": 4103, "item_category_id_1_": 3, "item_id_1_": 185, "item_category_id_2_": 29, "item_id_2_": 185, "begin_date_": "2021/1/6  15:00:00"}, {"banner_id_": 4104, "item_category_id_1_": 3, "item_id_1_": 124, "item_category_id_2_": 29, "item_id_2_": 124, "begin_date_": "2021/1/27  15:00:00"}, {"banner_id_": 4105, "item_category_id_1_": 3, "item_id_1_": 32, "item_category_id_2_": 29, "item_id_2_": 32, "begin_date_": "2021/2/10  15:00:00"}, {"banner_id_": 4106, "item_category_id_1_": 3, "item_id_1_": 63, "item_category_id_2_": 29, "item_id_2_": 63, "begin_date_": "2021/2/17  15:00:00"}, {"banner_id_": 4107, "item_category_id_1_": 3, "item_id_1_": 208, "item_category_id_2_": 29, "item_id_2_": 208, "begin_date_": "2021/2/24  15:00:00"}, {"banner_id_": 4108, "item_category_id_1_": 3, "item_id_1_": 164, "item_category_id_2_": 29, "item_id_2_": 164, "begin_date_": "2021/3/10  15:00:00"}, {"banner_id_": 4109, "item_category_id_1_": 3, "item_id_1_": 241, "item_category_id_2_": 29, "item_id_2_": 241, "begin_date_": "2021/3/24  15:00:00"}, {"banner_id_": 4110, "item_category_id_1_": 3, "item_id_1_": 172, "item_category_id_2_": 29, "item_id_2_": 172, "begin_date_": "2021/4/7  15:00:00"}, {"banner_id_": 4111, "item_category_id_1_": 3, "item_id_1_": 271, "item_category_id_2_": 29, "item_id_2_": 271, "begin_date_": "2021/4/21  15:00:00"}, {"banner_id_": 4112, "item_category_id_1_": 3, "item_id_1_": 270, "item_category_id_2_": 29, "item_id_2_": 270, "begin_date_": "2021/5/5  15:00:00"}, {"banner_id_": 4113, "item_category_id_1_": 3, "item_id_1_": 192, "item_category_id_2_": 29, "item_id_2_": 192, "begin_date_": "2021/6/9  15:00:00"}, {"banner_id_": 4114, "item_category_id_1_": 3, "item_id_1_": 240, "item_category_id_2_": 29, "item_id_2_": 240, "begin_date_": "2021/6/23  15:00:00"}, {"banner_id_": 4115, "item_category_id_1_": 3, "item_id_1_": 50, "item_category_id_2_": 29, "item_id_2_": 50, "begin_date_": "2021/7/7  15:00:00"}, {"banner_id_": 4116, "item_category_id_1_": 3, "item_id_1_": 94, "item_category_id_2_": 29, "item_id_2_": 94, "begin_date_": "2021/7/28  15:00:00"}, {"banner_id_": 4117, "item_category_id_1_": 3, "item_id_1_": 205, "item_category_id_2_": 29, "item_id_2_": 205, "begin_date_": "2021/8/4  15:00:00"}, {"banner_id_": 4118, "item_category_id_1_": 3, "item_id_1_": 66, "item_category_id_2_": 29, "item_id_2_": 66, "begin_date_": "2021/8/25  15:00:00"}, {"banner_id_": 4119, "item_category_id_1_": 3, "item_id_1_": 125, "item_category_id_2_": 29, "item_id_2_": 125, "begin_date_": "2021/9/22  15:00:00"}, {"banner_id_": 4120, "item_category_id_1_": 3, "item_id_1_": 93, "item_category_id_2_": 29, "item_id_2_": 93, "begin_date_": "2021/10/6  15:00:00"}, {"banner_id_": 4121, "item_category_id_1_": 3, "item_id_1_": 149, "item_category_id_2_": 29, "item_id_2_": 149, "begin_date_": "2021/10/20  15:00:00"}, {"banner_id_": 4122, "item_category_id_1_": 3, "item_id_1_": 320, "item_category_id_2_": 29, "item_id_2_": 320, "begin_date_": "2021/11/3  15:00:00"}, {"banner_id_": 4123, "item_category_id_1_": 3, "item_id_1_": 77, "item_category_id_2_": 29, "item_id_2_": 77, "begin_date_": "2021/11/18  15:00:00"}, {"banner_id_": 4124, "item_category_id_1_": 3, "item_id_1_": 277, "item_category_id_2_": 29, "item_id_2_": 277, "begin_date_": "2021/12/15  15:00:00"}, {"banner_id_": 4125, "item_category_id_1_": 3, "item_id_1_": 206, "item_category_id_2_": 29, "item_id_2_": 206, "begin_date_": "2022/1/12  15:00:00"}, {"banner_id_": 4126, "item_category_id_1_": 3, "item_id_1_": 298, "item_category_id_2_": 29, "item_id_2_": 298, "begin_date_": "2022/1/19  15:00:00"}, {"banner_id_": 4127, "item_category_id_1_": 3, "item_id_1_": 152, "item_category_id_2_": 29, "item_id_2_": 152, "begin_date_": "2022/1/26  15:00:00"}, {"banner_id_": 4128, "item_category_id_1_": 3, "item_id_1_": 219, "item_category_id_2_": 29, "item_id_2_": 219, "begin_date_": "2022/2/2  15:00:00"}, {"banner_id_": 4129, "item_category_id_1_": 3, "item_id_1_": 128, "item_category_id_2_": 29, "item_id_2_": 128, "begin_date_": "2022/2/16  15:00:00"}, {"banner_id_": 4130, "item_category_id_1_": 3, "item_id_1_": 264, "item_category_id_2_": 29, "item_id_2_": 264, "begin_date_": "2022/3/23  15:00:00"}, {"banner_id_": 4131, "item_category_id_1_": 3, "item_id_1_": 109, "item_category_id_2_": 29, "item_id_2_": 109, "begin_date_": "2022/4/6  15:00:00"}, {"banner_id_": 4132, "item_category_id_1_": 3, "item_id_1_": 242, "item_category_id_2_": 29, "item_id_2_": 242, "begin_date_": "2022/4/27  15:00:00"}, {"banner_id_": 4133, "item_category_id_1_": 3, "item_id_1_": 349, "item_category_id_2_": 29, "item_id_2_": 349, "begin_date_": "2022/5/11  15:00:00"}, {"banner_id_": 4134, "item_category_id_1_": 3, "item_id_1_": 217, "item_category_id_2_": 29, "item_id_2_": 217, "begin_date_": "2022/5/18  15:00:00"}, {"banner_id_": 4135, "item_category_id_1_": 3, "item_id_1_": 4, "item_category_id_2_": 29, "item_id_2_": 4, "begin_date_": "2022/6/29  15:00:00"}, {"banner_id_": 4136, "item_category_id_1_": 3, "item_id_1_": 243, "item_category_id_2_": 29, "item_id_2_": 243, "begin_date_": "2022/7/13  15:00:00"}, {"banner_id_": 4137, "item_category_id_1_": 3, "item_id_1_": 186, "item_category_id_2_": 29, "item_id_2_": 186, "begin_date_": "2022/7/20  15:00:00"}, {"banner_id_": 4138, "item_category_id_1_": 3, "item_id_1_": 258, "item_category_id_2_": 29, "item_id_2_": 258, "begin_date_": "2022/8/24  15:00:00"}, {"banner_id_": 4139, "item_category_id_1_": 3, "item_id_1_": 75, "item_category_id_2_": 29, "item_id_2_": 75, "begin_date_": "2022/9/14  15:00:00"}, {"banner_id_": 4140, "item_category_id_1_": 3, "item_id_1_": 189, "item_category_id_2_": 29, "item_id_2_": 189, "begin_date_": "2022/9/21  15:00:00"}, {"banner_id_": 4141, "item_category_id_1_": 3, "item_id_1_": 38, "item_category_id_2_": 29, "item_id_2_": 38, "begin_date_": "2022/10/12  15:00:00"}, {"banner_id_": 4142, "item_category_id_1_": 3, "item_id_1_": 322, "item_category_id_2_": 29, "item_id_2_": 322, "begin_date_": "2022/10/26  15:00:00"}, {"banner_id_": 4143, "item_category_id_1_": 3, "item_id_1_": 290, "item_category_id_2_": 29, "item_id_2_": 290, "begin_date_": "2022/11/9  15:00:00"}, {"banner_id_": 4144, "item_category_id_1_": 3, "item_id_1_": 236, "item_category_id_2_": 29, "item_id_2_": 236, "begin_date_": "2022/12/21  15:00:00"}, {"banner_id_": 4145, "item_category_id_1_": 3, "item_id_1_": 302, "item_category_id_2_": 29, "item_id_2_": 302, "begin_date_": "2023/1/11  15:00:00"}, {"banner_id_": 4146, "item_category_id_1_": 3, "item_id_1_": 300, "item_category_id_2_": 29, "item_id_2_": 300, "begin_date_": "2023/1/25  15:00:00"}, {"banner_id_": 4147, "item_category_id_1_": 3, "item_id_1_": 293, "item_category_id_2_": 29, "item_id_2_": 293, "begin_date_": "2023/2/8  15:00:00"}, {"banner_id_": 4148, "item_category_id_1_": 3, "item_id_1_": 340, "item_category_id_2_": 29, "item_id_2_": 340, "begin_date_": "2023/2/22  15:00:00"}, {"banner_id_": 4149, "item_category_id_1_": 3, "item_id_1_": 384, "item_category_id_2_": 29, "item_id_2_": 384, "begin_date_": "2023/3/22  15:00:00"}, {"banner_id_": 4150, "item_category_id_1_": 3, "item_id_1_": 143, "item_category_id_2_": 29, "item_id_2_": 143, "begin_date_": "2023/4/5  15:00:00"}, {"banner_id_": 4151, "item_category_id_1_": 3, "item_id_1_": 150, "item_category_id_2_": 29, "item_id_2_": 150, "begin_date_": "2023/4/19  15:00:00"}, {"banner_id_": 4152, "item_category_id_1_": 3, "item_id_1_": 327, "item_category_id_2_": 29, "item_id_2_": 327, "begin_date_": "2023/5/9  15:00:00"}, {"banner_id_": 4153, "item_category_id_1_": 3, "item_id_1_": 199, "item_category_id_2_": 29, "item_id_2_": 199, "begin_date_": "2023/5/17  15:00:00"}, {"banner_id_": 4154, "item_category_id_1_": 3, "item_id_1_": 62, "item_category_id_2_": 29, "item_id_2_": 62, "begin_date_": "2023/6/28  15:00:00"}, {"banner_id_": 210728, "item_category_id_1_": 29, "item_id_1_": 94, "item_category_id_2_": -1, "item_id_2_": -1, "begin_date_": "2021/7/28  15:00:00"}, {"banner_id_": 21080402, "item_category_id_1_": 29, "item_id_1_": 205, "item_category_id_2_": -1, "item_id_2_": -1, "begin_date_": "2021/8/4  15:00:00"}, {"banner_id_": 210825, "item_category_id_1_": 29, "item_id_1_": 66, "item_category_id_2_": -1, "item_id_2_": -1, "begin_date_": "2021/8/25  15:00:00"}, {"banner_id_": 210922, "item_category_id_1_": 29, "item_id_1_": 125, "item_category_id_2_": -1, "item_id_2_": -1, "begin_date_": "2021/9/22  15:00:00"}, {"banner_id_": 211006, "item_category_id_1_": 29, "item_id_1_": 93, "item_category_id_2_": -1, "item_id_2_": -1, "begin_date_": "2021/10/6  15:00:00"}, {"banner_id_": 211020, "item_category_id_1_": 29, "item_id_1_": 149, "item_category_id_2_": -1, "item_id_2_": -1, "begin_date_": "2021/10/20  15:00:00"}, {"banner_id_": 211103, "item_category_id_1_": 29, "item_id_1_": 320, "item_category_id_2_": -1, "item_id_2_": -1, "begin_date_": "2021/11/3  15:00:00"}, {"banner_id_": 211117, "item_category_id_1_": 29, "item_id_1_": 77, "item_category_id_2_": -1, "item_id_2_": -1, "begin_date_": "2021/11/18  15:00:00"}, {"banner_id_": 211201, "item_category_id_1_": 29, "item_id_1_": 224, "item_category_id_2_": -1, "item_id_2_": -1, "begin_date_": "2021/12/1  15:00:00"}, {"banner_id_": 211215, "item_category_id_1_": 29, "item_id_1_": 277, "item_category_id_2_": -1, "item_id_2_": -1, "begin_date_": "2021/12/15  15:00:00"}, {"banner_id_": 220112, "item_category_id_1_": 29, "item_id_1_": 206, "item_category_id_2_": -1, "item_id_2_": -1, "begin_date_": "2022/1/12  15:00:00"}, {"banner_id_": 220119, "item_category_id_1_": 29, "item_id_1_": 298, "item_category_id_2_": -1, "item_id_2_": -1, "begin_date_": "2022/1/19  15:00:00"}, {"banner_id_": 220126, "item_category_id_1_": 29, "item_id_1_": 152, "item_category_id_2_": -1, "item_id_2_": -1, "begin_date_": "2022/1/26  15:00:00"}, {"banner_id_": 220202, "item_category_id_1_": 29, "item_id_1_": 219, "item_category_id_2_": -1, "item_id_2_": -1, "begin_date_": "2022/2/2  15:00:00"}, {"banner_id_": 220216, "item_category_id_1_": 29, "item_id_1_": 128, "item_category_id_2_": -1, "item_id_2_": -1, "begin_date_": "2022/2/16  15:00:00"}, {"banner_id_": 220302, "item_category_id_1_": 29, "item_id_1_": 265, "item_category_id_2_": -1, "item_id_2_": -1, "begin_date_": "2022/3/2  15:00:00"}, {"banner_id_": 220323, "item_category_id_1_": 29, "item_id_1_": 264, "item_category_id_2_": -1, "item_id_2_": -1, "begin_date_": "2022/3/23  15:00:00"}, {"banner_id_": 220406, "item_category_id_1_": 29, "item_id_1_": 109, "item_category_id_2_": -1, "item_id_2_": -1, "begin_date_": "2022/4/6  15:00:00"}, {"banner_id_": 220427, "item_category_id_1_": 29, "item_id_1_": 242, "item_category_id_2_": -1, "item_id_2_": -1, "begin_date_": "2022/4/27  15:00:00"}, {"banner_id_": 220511, "item_category_id_1_": 29, "item_id_1_": 349, "item_category_id_2_": -1, "item_id_2_": -1, "begin_date_": "2022/5/11  15:00:00"}, {"banner_id_": 220518, "item_category_id_1_": 29, "item_id_1_": 217, "item_category_id_2_": -1, "item_id_2_": -1, "begin_date_": "2022/5/18  15:00:00"}, {"banner_id_": 220608, "item_category_id_1_": 29, "item_id_1_": 318, "item_category_id_2_": -1, "item_id_2_": -1, "begin_date_": "2022/6/8  15:00:00"}, {"banner_id_": 220629, "item_category_id_1_": 29, "item_id_1_": 4, "item_category_id_2_": -1, "item_id_2_": -1, "begin_date_": "2022/6/29  15:00:00"}, {"banner_id_": 220713, "item_category_id_1_": 29, "item_id_1_": 243, "item_category_id_2_": -1, "item_id_2_": -1, "begin_date_": "2022/7/13  15:00:00"}, {"banner_id_": 220720, "item_category_id_1_": 29, "item_id_1_": 186, "item_category_id_2_": -1, "item_id_2_": -1, "begin_date_": "2022/7/20  15:00:00"}, {"banner_id_": 220803, "item_category_id_1_": 29, "item_id_1_": 346, "item_category_id_2_": -1, "item_id_2_": -1, "begin_date_": "2022/8/3  15:00:00"}, {"banner_id_": 220824, "item_category_id_1_": 29, "item_id_1_": 258, "item_category_id_2_": -1, "item_id_2_": -1, "begin_date_": "2022/8/24  15:00:00"}, {"banner_id_": 220914, "item_category_id_1_": 29, "item_id_1_": 75, "item_category_id_2_": -1, "item_id_2_": -1, "begin_date_": "2022/9/14  15:00:00"}, {"banner_id_": 220921, "item_category_id_1_": 29, "item_id_1_": 189, "item_category_id_2_": -1, "item_id_2_": -1, "begin_date_": "2022/9/21  15:00:00"}, {"banner_id_": 221012, "item_category_id_1_": 29, "item_id_1_": 38, "item_category_id_2_": -1, "item_id_2_": -1, "begin_date_": "2022/10/12  15:00:00"}, {"banner_id_": 221026, "item_category_id_1_": 29, "item_id_1_": 322, "item_category_id_2_": -1, "item_id_2_": -1, "begin_date_": "2022/10/26  15:00:00"}, {"banner_id_": 221109, "item_category_id_1_": 29, "item_id_1_": 290, "item_category_id_2_": -1, "item_id_2_": -1, "begin_date_": "2022/11/9  15:00:00"}, {"banner_id_": 221116, "item_category_id_1_": 29, "item_id_1_": 388, "item_category_id_2_": -1, "item_id_2_": -1, "begin_date_": "2022/11/16  15:00:00"}, {"banner_id_": 221207, "item_category_id_1_": 29, "item_id_1_": 383, "item_category_id_2_": -1, "item_id_2_": -1, "begin_date_": "2022/12/7  15:00:00"}, {"banner_id_": 221221, "item_category_id_1_": 29, "item_id_1_": 236, "item_category_id_2_": -1, "item_id_2_": -1, "begin_date_": "2022/12/21  15:00:00"}, {"banner_id_": 230111, "item_category_id_1_": 29, "item_id_1_": 302, "item_category_id_2_": -1, "item_id_2_": -1, "begin_date_": "2023/1/11  15:00:00"}, {"banner_id_": 230125, "item_category_id_1_": 29, "item_id_1_": 300, "item_category_id_2_": -1, "item_id_2_": -1, "begin_date_": "2023/1/25  15:00:00"}, {"banner_id_": 230208, "item_category_id_1_": 29, "item_id_1_": 293, "item_category_id_2_": -1, "item_id_2_": -1, "begin_date_": "2023/2/8  15:00:00"}, {"banner_id_": 230222, "item_category_id_1_": 29, "item_id_1_": 340, "item_category_id_2_": -1, "item_id_2_": -1, "begin_date_": "2023/2/22  15:00:00"}, {"banner_id_": 230308, "item_category_id_1_": 29, "item_id_1_": 428, "item_category_id_2_": -1, "item_id_2_": -1, "begin_date_": "2023/3/8  15:00:00"}, {"banner_id_": 230322, "item_category_id_1_": 29, "item_id_1_": 384, "item_category_id_2_": -1, "item_id_2_": -1, "begin_date_": "2023/3/22  15:00:00"}, {"banner_id_": 230405, "item_category_id_1_": 29, "item_id_1_": 143, "item_category_id_2_": -1, "item_id_2_": -1, "begin_date_": "2023/4/5  15:00:00"}, {"banner_id_": 230419, "item_category_id_1_": 29, "item_id_1_": 150, "item_category_id_2_": -1, "item_id_2_": -1, "begin_date_": "2023/4/19  15:00:00"}, {"banner_id_": 230509, "item_category_id_1_": 29, "item_id_1_": 327, "item_category_id_2_": -1, "item_id_2_": -1, "begin_date_": "2023/5/9  15:00:00"}, {"banner_id_": 230517, "item_category_id_1_": 29, "item_id_1_": 199, "item_category_id_2_": -1, "item_id_2_": -1, "begin_date_": "2023/5/17  15:00:00"}, {"banner_id_": 230614, "item_category_id_1_": 29, "item_id_1_": 366, "item_category_id_2_": -1, "item_id_2_": -1, "begin_date_": "2023/6/14  15:00:00"}, {"banner_id_": 230628, "item_category_id_1_": 29, "item_id_1_": 62, "item_category_id_2_": -1, "item_id_2_": -1, "begin_date_": "2023/6/28  15:00:00"}, {"banner_id_": 230705, "item_category_id_1_": 29, "item_id_1_": 451, "item_category_id_2_": -1, "item_id_2_": -1, "begin_date_": "2023/7/5  15:00:00"}, {"banner_id_": 1005, "item_category_id_1_": 1, "item_id_1_": 0, "item_category_id_2_": -1, "item_id_2_": -1, "begin_date_": "2018/7/31  15:00:00"}, {"banner_id_": 1267, "item_category_id_1_": -1, "item_id_1_": -1, "item_category_id_2_": -1, "item_id_2_": -1, "begin_date_": "2018/7/31  15:00:00"}, {"banner_id_": 3500, "item_category_id_1_": -1, "item_id_1_": -1, "item_category_id_2_": -1, "item_id_2_": -1, "begin_date_": "2019/12/4  15:00:00"}, {"banner_id_": 901, "item_category_id_1_": 9, "item_id_1_": 110, "item_category_id_2_": -1, "item_id_2_": -1, "begin_date_": "2020/5/27  15:00:00"}, {"banner_id_": 900, "item_category_id_1_": 19, "item_id_1_": 1000, "item_category_id_2_": 23, "item_id_2_": 50004011, "begin_date_": "2020/5/27  15:00:00"}, {"banner_id_": 5000, "item_category_id_1_": -1, "item_id_1_": -1, "item_category_id_2_": -1, "item_id_2_": -1, "begin_date_": "2020/11/18  15:00:00"}, {"banner_id_": 5010, "item_category_id_1_": 1, "item_id_1_": 0, "item_category_id_2_": 9, "item_id_2_": 205, "begin_date_": "2020/11/18  15:00:00"}, {"banner_id_": 15001, "item_category_id_1_": 1, "item_id_1_": 0, "item_category_id_2_": 7, "item_id_2_": 1594, "begin_date_": "2020/11/18  15:00:00"}, {"banner_id_": 23100, "item_category_id_1_": 1, "item_id_1_": 0, "item_category_id_2_": 3, "item_id_2_": 148, "begin_date_": "2020/12/9  15:00:00"}, {"banner_id_": 24200, "item_category_id_1_": 3, "item_id_1_": 385, "item_category_id_2_": -1, "item_id_2_": -1, "begin_date_": "2021/3/31  15:00:00"}, {"banner_id_": 2111170, "item_category_id_1_": 3, "item_id_1_": 112, "item_category_id_2_": 3, "item_id_2_": 305, "begin_date_": "2021/11/18  15:00:00"}, {"banner_id_": 2111171, "item_category_id_1_": 3, "item_id_1_": 168, "item_category_id_2_": 3, "item_id_2_": 218, "begin_date_": "2021/11/18  15:00:00"}, {"banner_id_": 2111172, "item_category_id_1_": 3, "item_id_1_": 164, "item_category_id_2_": 3, "item_id_2_": 238, "begin_date_": "2021/11/18  15:00:00"}, {"banner_id_": 235002, "item_category_id_1_": 3, "item_id_1_": 299, "item_category_id_2_": -1, "item_id_2_": -1, "begin_date_": "2022/2/2  15:00:00"}, {"banner_id_": 29400, "item_category_id_1_": 23, "item_id_1_": 2940001, "item_category_id_2_": 31, "item_id_2_": 100, "begin_date_": "2022/10/19  15:00:00"}, {"banner_id_": 2302152, "item_category_id_1_": 1, "item_id_1_": 0, "item_category_id_2_": 23, "item_id_2_": 63003, "begin_date_": "2023/2/15  15:00:00"}, {"banner_id_": 58001, "item_category_id_1_": 1, "item_id_1_": 0, "item_category_id_2_": 23, "item_id_2_": 5800101, "begin_date_": "2023/5/17  15:00:00"}]