[{"mission_set_id_": 0, "item_category_id_": 1, "item_id_": 0, "reward_display_priority_": 0}, {"mission_set_id_": 0, "item_category_id_": 9, "item_id_": 110, "reward_display_priority_": 1}, {"mission_set_id_": 0, "item_category_id_": 9, "item_id_": 8, "reward_display_priority_": 2}, {"mission_set_id_": 0, "item_category_id_": 9, "item_id_": 6, "reward_display_priority_": 3}, {"mission_set_id_": 0, "item_category_id_": 9, "item_id_": 18, "reward_display_priority_": 4}, {"mission_set_id_": 5000, "item_category_id_": 3, "item_id_": 16, "reward_display_priority_": 0}, {"mission_set_id_": 5000, "item_category_id_": 3, "item_id_": 14, "reward_display_priority_": 1}, {"mission_set_id_": 5000, "item_category_id_": 3, "item_id_": 207, "reward_display_priority_": 2}, {"mission_set_id_": 5000, "item_category_id_": 8, "item_id_": 5010, "reward_display_priority_": 3}]