[{"id_": 0, "condition_story_id_": 10010401, "preview_story_demo_id_": 40103060}, {"id_": 1, "condition_story_id_": 10010501, "preview_story_demo_id_": 40000000}, {"id_": 2, "condition_story_id_": 10010501, "preview_story_demo_id_": 40000001}, {"id_": 3, "condition_story_id_": 10010501, "preview_story_demo_id_": 40000002}, {"id_": 4, "condition_story_id_": 10010601, "preview_story_demo_id_": 40000000}, {"id_": 5, "condition_story_id_": 10010601, "preview_story_demo_id_": 40000001}, {"id_": 6, "condition_story_id_": 10010601, "preview_story_demo_id_": 40000002}, {"id_": 7, "condition_story_id_": 10010701, "preview_story_demo_id_": 40106060}, {"id_": 8, "condition_story_id_": 10010701, "preview_story_demo_id_": 40106061}, {"id_": 9, "condition_story_id_": 10010701, "preview_story_demo_id_": 40106062}, {"id_": 10, "condition_story_id_": 10020101, "preview_story_demo_id_": 40107060}, {"id_": 11, "condition_story_id_": 10020101, "preview_story_demo_id_": 40107061}, {"id_": 12, "condition_story_id_": 10020101, "preview_story_demo_id_": 40107062}, {"id_": 13, "condition_story_id_": 10020201, "preview_story_demo_id_": 40201000}, {"id_": 14, "condition_story_id_": 10020201, "preview_story_demo_id_": 40201001}, {"id_": 15, "condition_story_id_": 10020301, "preview_story_demo_id_": 40000001}, {"id_": 16, "condition_story_id_": 10020301, "preview_story_demo_id_": 40000002}, {"id_": 17, "condition_story_id_": 10020401, "preview_story_demo_id_": 40203000}, {"id_": 18, "condition_story_id_": 10020401, "preview_story_demo_id_": 40203001}, {"id_": 19, "condition_story_id_": 10020501, "preview_story_demo_id_": 40204000}, {"id_": 20, "condition_story_id_": 10020601, "preview_story_demo_id_": 40205000}, {"id_": 21, "condition_story_id_": 10020701, "preview_story_demo_id_": 40206000}, {"id_": 22, "condition_story_id_": 10020701, "preview_story_demo_id_": 40203001}, {"id_": 23, "condition_story_id_": 10020801, "preview_story_demo_id_": 40207000}, {"id_": 24, "condition_story_id_": 10030101, "preview_story_demo_id_": 40208000}, {"id_": 25, "condition_story_id_": 10030101, "preview_story_demo_id_": 40208001}, {"id_": 26, "condition_story_id_": 10030201, "preview_story_demo_id_": 40301000}, {"id_": 27, "condition_story_id_": 10030301, "preview_story_demo_id_": 40302000}, {"id_": 28, "condition_story_id_": 10030401, "preview_story_demo_id_": 40303000}, {"id_": 29, "condition_story_id_": 10030501, "preview_story_demo_id_": 40304000}, {"id_": 30, "condition_story_id_": 10030501, "preview_story_demo_id_": 40203001}, {"id_": 31, "condition_story_id_": 10030601, "preview_story_demo_id_": 40305000}, {"id_": 32, "condition_story_id_": 10030701, "preview_story_demo_id_": 40306000}, {"id_": 33, "condition_story_id_": 10040101, "preview_story_demo_id_": 40307000}, {"id_": 34, "condition_story_id_": 10040101, "preview_story_demo_id_": 40307001}, {"id_": 35, "condition_story_id_": 10040201, "preview_story_demo_id_": 40401000}, {"id_": 36, "condition_story_id_": 10040301, "preview_story_demo_id_": 40402000}, {"id_": 37, "condition_story_id_": 10040401, "preview_story_demo_id_": 40403000}, {"id_": 38, "condition_story_id_": 10040501, "preview_story_demo_id_": 40404000}, {"id_": 39, "condition_story_id_": 10040601, "preview_story_demo_id_": 40405000}, {"id_": 40, "condition_story_id_": 10040701, "preview_story_demo_id_": 40406000}, {"id_": 41, "condition_story_id_": 10040801, "preview_story_demo_id_": 40407000}, {"id_": 42, "condition_story_id_": 10050101, "preview_story_demo_id_": 40408000}, {"id_": 43, "condition_story_id_": 10050101, "preview_story_demo_id_": 40408001}, {"id_": 44, "condition_story_id_": 10050201, "preview_story_demo_id_": 40501000}, {"id_": 45, "condition_story_id_": 10050201, "preview_story_demo_id_": 40501001}, {"id_": 46, "condition_story_id_": 10050301, "preview_story_demo_id_": 40502000}, {"id_": 47, "condition_story_id_": 10050401, "preview_story_demo_id_": 40503000}, {"id_": 48, "condition_story_id_": 10050501, "preview_story_demo_id_": 40504000}, {"id_": 49, "condition_story_id_": 10060101, "preview_story_demo_id_": 40505000}, {"id_": 50, "condition_story_id_": 10060201, "preview_story_demo_id_": 40601000}, {"id_": 51, "condition_story_id_": 10060301, "preview_story_demo_id_": 40602000}, {"id_": 52, "condition_story_id_": 10060401, "preview_story_demo_id_": 40000002}, {"id_": 53, "condition_story_id_": 10060501, "preview_story_demo_id_": 40604000}, {"id_": 54, "condition_story_id_": 10070101, "preview_story_demo_id_": 40605000}, {"id_": 55, "condition_story_id_": 10070201, "preview_story_demo_id_": 40701000}, {"id_": 56, "condition_story_id_": 10070301, "preview_story_demo_id_": 40702000}, {"id_": 57, "condition_story_id_": 10070401, "preview_story_demo_id_": 40703000}, {"id_": 58, "condition_story_id_": 10070501, "preview_story_demo_id_": 40704000}, {"id_": 59, "condition_story_id_": 10070601, "preview_story_demo_id_": 40705000}, {"id_": 60, "condition_story_id_": 10070701, "preview_story_demo_id_": 40203001}, {"id_": 61, "condition_story_id_": 10080101, "preview_story_demo_id_": 40707000}, {"id_": 62, "condition_story_id_": 10080201, "preview_story_demo_id_": 40801000}, {"id_": 63, "condition_story_id_": 10080301, "preview_story_demo_id_": 40203001}, {"id_": 64, "condition_story_id_": 10080401, "preview_story_demo_id_": 40803000}, {"id_": 65, "condition_story_id_": 10080501, "preview_story_demo_id_": 40203001}, {"id_": 66, "condition_story_id_": 10080601, "preview_story_demo_id_": 40805000}, {"id_": 67, "condition_story_id_": 10090101, "preview_story_demo_id_": 40806000}, {"id_": 68, "condition_story_id_": 10090201, "preview_story_demo_id_": 40901000}, {"id_": 69, "condition_story_id_": 10090301, "preview_story_demo_id_": 40902000}, {"id_": 70, "condition_story_id_": 10090401, "preview_story_demo_id_": 40903000}, {"id_": 71, "condition_story_id_": 10090501, "preview_story_demo_id_": 40203001}, {"id_": 72, "condition_story_id_": 10100101, "preview_story_demo_id_": 40905000}, {"id_": 73, "condition_story_id_": 10100201, "preview_story_demo_id_": 41001000}, {"id_": 74, "condition_story_id_": 10100301, "preview_story_demo_id_": 41002000}, {"id_": 75, "condition_story_id_": 10100401, "preview_story_demo_id_": 41003000}, {"id_": 76, "condition_story_id_": 10100501, "preview_story_demo_id_": 41004000}, {"id_": 77, "condition_story_id_": 10110101, "preview_story_demo_id_": 41005000}, {"id_": 78, "condition_story_id_": 10110201, "preview_story_demo_id_": 41101000}, {"id_": 79, "condition_story_id_": 10110301, "preview_story_demo_id_": 41102000}, {"id_": 80, "condition_story_id_": 10110401, "preview_story_demo_id_": 40203001}, {"id_": 81, "condition_story_id_": 10110501, "preview_story_demo_id_": 41104000}, {"id_": 82, "condition_story_id_": 10120101, "preview_story_demo_id_": 40203001}, {"id_": 83, "condition_story_id_": 10120201, "preview_story_demo_id_": 41201000}, {"id_": 84, "condition_story_id_": 10120301, "preview_story_demo_id_": 41202000}, {"id_": 85, "condition_story_id_": 10120401, "preview_story_demo_id_": 41203000}, {"id_": 86, "condition_story_id_": 10120501, "preview_story_demo_id_": 40203001}, {"id_": 87, "condition_story_id_": 10130101, "preview_story_demo_id_": 41205000}, {"id_": 88, "condition_story_id_": 10130201, "preview_story_demo_id_": 41301000}, {"id_": 89, "condition_story_id_": 10130301, "preview_story_demo_id_": 41302000}, {"id_": 90, "condition_story_id_": 10130401, "preview_story_demo_id_": 40203001}, {"id_": 91, "condition_story_id_": 10130501, "preview_story_demo_id_": 41304000}, {"id_": 92, "condition_story_id_": 10130601, "preview_story_demo_id_": 41305000}, {"id_": 93, "condition_story_id_": 10130701, "preview_story_demo_id_": 41306000}, {"id_": 94, "condition_story_id_": 10140101, "preview_story_demo_id_": 41307000}, {"id_": 95, "condition_story_id_": 10140201, "preview_story_demo_id_": 41401000}, {"id_": 96, "condition_story_id_": 10140301, "preview_story_demo_id_": 41402000}, {"id_": 97, "condition_story_id_": 10140401, "preview_story_demo_id_": 41403000}, {"id_": 98, "condition_story_id_": 10140501, "preview_story_demo_id_": 41404000}, {"id_": 99, "condition_story_id_": 10140601, "preview_story_demo_id_": 41405000}]