[{"id_": 1, "story_master_id_": 10010101, "demo_number_": 1, "story_battle_demo_id_": 201}, {"id_": 2, "story_master_id_": 10010101, "demo_number_": 2, "story_battle_demo_id_": 202}, {"id_": 3, "story_master_id_": 10010101, "demo_number_": 3, "story_battle_demo_id_": 203}, {"id_": 4, "story_master_id_": 10010102, "demo_number_": 1, "story_battle_demo_id_": 301}, {"id_": 5, "story_master_id_": 10010102, "demo_number_": 2, "story_battle_demo_id_": 302}, {"id_": 6, "story_master_id_": 10010102, "demo_number_": 3, "story_battle_demo_id_": 303}, {"id_": 7, "story_master_id_": 10010102, "demo_number_": 4, "story_battle_demo_id_": 304}, {"id_": 8, "story_master_id_": 10010102, "demo_number_": 5, "story_battle_demo_id_": 305}, {"id_": 9, "story_master_id_": 10010102, "demo_number_": 6, "story_battle_demo_id_": 306}, {"id_": 10, "story_master_id_": 10010102, "demo_number_": 7, "story_battle_demo_id_": 307}, {"id_": 11, "story_master_id_": 10010102, "demo_number_": 8, "story_battle_demo_id_": 308}, {"id_": 14, "story_master_id_": 10040508, "demo_number_": 1, "story_battle_demo_id_": 501}]