[{"sort_no_": 1, "demo_id_": 50003019, "demo_version_": 1, "begin_date_": "2021/1/20  15:00:00", "end_date_": "2021/2/16  15:00:00"}, {"sort_no_": 3, "demo_id_": 30003019, "demo_version_": 1, "begin_date_": "2020/11/11  15:00:00", "end_date_": "2020/12/9  15:00:00"}, {"sort_no_": 4, "demo_id_": 30004019, "demo_version_": 1, "begin_date_": "2021/3/17  15:00:00", "end_date_": "2021/3/31  15:00:00"}, {"sort_no_": 5, "demo_id_": 30005019, "demo_version_": 1, "begin_date_": "2020/12/9  15:00:00", "end_date_": "2020/12/30  15:00:00"}, {"sort_no_": 10, "demo_id_": 30010019, "demo_version_": 1, "begin_date_": "2022/8/24  15:00:00", "end_date_": "2022/9/14  15:00:00"}, {"sort_no_": 11, "demo_id_": 30011019, "demo_version_": 1, "begin_date_": "2022/2/16  15:00:00", "end_date_": "2022/3/2  15:00:00"}, {"sort_no_": 12, "demo_id_": 30012019, "demo_version_": 1, "begin_date_": "2023/4/2  15:00:00", "end_date_": "2023/4/12  15:00:00"}, {"sort_no_": 13, "demo_id_": 30013019, "demo_version_": 1, "begin_date_": "2021/2/10  15:00:00", "end_date_": "2021/3/3  15:00:00"}, {"sort_no_": 16, "demo_id_": 30016019, "demo_version_": 1, "begin_date_": "2021/5/19  15:00:00", "end_date_": "2021/5/30  15:00:00"}, {"sort_no_": 17, "demo_id_": 30017019, "demo_version_": 1, "begin_date_": "2020/12/30  15:00:00", "end_date_": "2021/1/27  15:00:00"}, {"sort_no_": 23, "demo_id_": 50007020, "demo_version_": 1, "begin_date_": "2021/12/24  15:00:00", "end_date_": "2022/1/18  15:00:00"}, {"sort_no_": 961, "demo_id_": 30023019, "demo_version_": 1, "begin_date_": "2021/12/24  15:00:00", "end_date_": "2022/1/12  15:00:00"}, {"sort_no_": 27, "demo_id_": 30027019, "demo_version_": 1, "begin_date_": "2021/6/30  15:00:00", "end_date_": "2021/7/13  15:00:00"}, {"sort_no_": 30, "demo_id_": 30030019, "demo_version_": 1, "begin_date_": "2021/7/28  15:00:00", "end_date_": "2021/8/11  15:00:00"}, {"sort_no_": 31, "demo_id_": 30031019, "demo_version_": 1, "begin_date_": "2021/8/25  15:00:00", "end_date_": "2021/9/15  15:00:00"}, {"sort_no_": 35, "demo_id_": 30035019, "demo_version_": 1, "begin_date_": "2021/11/17  15:00:00", "end_date_": "2021/11/24  15:00:00"}, {"sort_no_": 32, "demo_id_": 30015019, "demo_version_": 1, "begin_date_": "2021/9/15  15:00:00", "end_date_": "2021/10/6  15:00:00"}, {"sort_no_": 50, "demo_id_": 30050019, "demo_version_": 1, "begin_date_": "2021/3/3  15:00:00", "end_date_": "2021/3/23  15:00:00"}, {"sort_no_": 1000, "demo_id_": 50005010, "demo_version_": 1, "begin_date_": "2020/11/27  15:00:00", "end_date_": "2020/12/16  15:00:00"}, {"sort_no_": 1001, "demo_id_": 50005020, "demo_version_": 1, "begin_date_": "2020/12/16  15:00:00", "end_date_": "2020/12/23  15:00:00"}, {"sort_no_": 1002, "demo_id_": 50005030, "demo_version_": 1, "begin_date_": "2020/12/23  15:00:00", "end_date_": "2021/1/5  15:00:00"}, {"sort_no_": 1003, "demo_id_": 60038500, "demo_version_": 1, "begin_date_": "2021/3/31  15:00:00", "end_date_": "2021/5/12  15:00:00"}, {"sort_no_": 1004, "demo_id_": 50006019, "demo_version_": 1, "begin_date_": "2021/5/30  15:00:00", "end_date_": "2021/7/14  15:00:00"}, {"sort_no_": 1005, "demo_id_": 50008019, "demo_version_": 1, "begin_date_": "2022/5/28  15:00:00", "end_date_": "2022/7/20  15:00:00"}, {"sort_no_": 1006, "demo_id_": 50009010, "demo_version_": 1, "begin_date_": "2022/11/25  15:00:00", "end_date_": "2022/12/28  15:00:00"}, {"sort_no_": 1007, "demo_id_": 50009020, "demo_version_": 1, "begin_date_": "2022/12/28  15:00:00", "end_date_": "2023/1/18  15:00:00"}, {"sort_no_": 1008, "demo_id_": 50010019, "demo_version_": 1, "begin_date_": "2023/4/1  15:00:00", "end_date_": "2023/4/2  15:00:00"}, {"sort_no_": 950, "demo_id_": 60040000, "demo_version_": 1, "begin_date_": "2021/6/23  15:00:00", "end_date_": "2021/8/4  15:00:00"}, {"sort_no_": 951, "demo_id_": 60044300, "demo_version_": 1, "begin_date_": "2021/10/27  15:00:00", "end_date_": "2021/11/17  15:00:00"}, {"sort_no_": 960, "demo_id_": 50007010, "demo_version_": 1, "begin_date_": "2021/11/24  15:00:00", "end_date_": "2021/12/24  15:00:00"}, {"sort_no_": 950, "demo_id_": 50012019, "demo_version_": 1, "begin_date_": "2023/5/27  15:00:00", "end_date_": "2023/7/19  15:00:00"}]