[{"story_event_id_": 21200, "comeback_flag_": -1, "condition_id_": 1, "condition_param1_": 32, "condition_param2_": 21200, "condition_param3_": 1, "lock_show_flag_": 1, "direction_flag_": 1, "initial_reward_display_": 0}, {"story_event_id_": 50009, "comeback_flag_": -1, "condition_id_": 1, "condition_param1_": 32, "condition_param2_": 50009, "condition_param3_": 1, "lock_show_flag_": 0, "direction_flag_": 1, "initial_reward_display_": 0}, {"story_event_id_": 15001, "comeback_flag_": -1, "condition_id_": 1, "condition_param1_": 32, "condition_param2_": 15001, "condition_param3_": 1, "lock_show_flag_": 1, "direction_flag_": 1, "initial_reward_display_": 0}, {"story_event_id_": 23100, "comeback_flag_": -1, "condition_id_": 1, "condition_param1_": 32, "condition_param2_": 23100, "condition_param3_": 1, "lock_show_flag_": 1, "direction_flag_": 1, "initial_reward_display_": 0}, {"story_event_id_": 60026, "comeback_flag_": -1, "condition_id_": 1, "condition_param1_": 32, "condition_param2_": 60026, "condition_param3_": 1, "lock_show_flag_": 1, "direction_flag_": 1, "initial_reward_display_": 0}, {"story_event_id_": 60029, "comeback_flag_": -1, "condition_id_": 1, "condition_param1_": 32, "condition_param2_": 60029, "condition_param3_": 1, "lock_show_flag_": 1, "direction_flag_": 1, "initial_reward_display_": 0}, {"story_event_id_": 21500, "comeback_flag_": -1, "condition_id_": 1, "condition_param1_": 32, "condition_param2_": 21500, "condition_param3_": 1, "lock_show_flag_": 1, "direction_flag_": 1, "initial_reward_display_": 0}, {"story_event_id_": 50010, "comeback_flag_": -1, "condition_id_": 1, "condition_param1_": 32, "condition_param2_": 50010, "condition_param3_": 1, "lock_show_flag_": 0, "direction_flag_": 1, "initial_reward_display_": 0}, {"story_event_id_": 60030, "comeback_flag_": -1, "condition_id_": 1, "condition_param1_": 32, "condition_param2_": 60030, "condition_param3_": 1, "lock_show_flag_": 1, "direction_flag_": 1, "initial_reward_display_": 0}, {"story_event_id_": 50012, "comeback_flag_": -1, "condition_id_": 1, "condition_param1_": 32, "condition_param2_": 50012, "condition_param3_": 1, "lock_show_flag_": 0, "direction_flag_": 1, "initial_reward_display_": 0}, {"story_event_id_": 19018, "comeback_flag_": 1, "condition_id_": -1, "condition_param1_": -1, "condition_param2_": -1, "condition_param3_": -1, "lock_show_flag_": 0, "direction_flag_": 1, "initial_reward_display_": 0}, {"story_event_id_": 26000, "comeback_flag_": -1, "condition_id_": 1, "condition_param1_": 32, "condition_param2_": 26000, "condition_param3_": 1, "lock_show_flag_": 1, "direction_flag_": 1, "initial_reward_display_": 0}, {"story_event_id_": 90001, "comeback_flag_": -1, "condition_id_": 1, "condition_param1_": 32, "condition_param2_": 90001, "condition_param3_": 1, "lock_show_flag_": 1, "direction_flag_": 1, "initial_reward_display_": 0}, {"story_event_id_": 90002, "comeback_flag_": -1, "condition_id_": 1, "condition_param1_": 32, "condition_param2_": 90002, "condition_param3_": 1, "lock_show_flag_": 1, "direction_flag_": 1, "initial_reward_display_": 0}, {"story_event_id_": 90003, "comeback_flag_": -1, "condition_id_": 1, "condition_param1_": 32, "condition_param2_": 90003, "condition_param3_": 1, "lock_show_flag_": 1, "direction_flag_": 1, "initial_reward_display_": 0}, {"story_event_id_": 90005, "comeback_flag_": -1, "condition_id_": 1, "condition_param1_": 32, "condition_param2_": 90005, "condition_param3_": 1, "lock_show_flag_": 1, "direction_flag_": 1, "initial_reward_display_": 0}, {"story_event_id_": 90006, "comeback_flag_": -1, "condition_id_": 1, "condition_param1_": 32, "condition_param2_": 90006, "condition_param3_": 1, "lock_show_flag_": 1, "direction_flag_": 1, "initial_reward_display_": 0}, {"story_event_id_": 90007, "comeback_flag_": -1, "condition_id_": 1, "condition_param1_": 32, "condition_param2_": 90007, "condition_param3_": 1, "lock_show_flag_": 1, "direction_flag_": 1, "initial_reward_display_": 0}]