[{"material_id_": 0, "material_category_id_1_": -1, "material_item_id_1_": -1, "material_num_1_": -1, "material_category_id_2_": -1, "material_item_id_2_": -1, "material_num_2_": -1, "material_category_id_3_": -1, "material_item_id_3_": -1, "material_num_3_": -1, "material_category_id_4_": -1, "material_item_id_4_": -1, "material_num_4_": -1, "material_category_id_5_": -1, "material_item_id_5_": -1, "material_num_5_": -1}, {"material_id_": 1, "material_category_id_1_": 27, "material_item_id_1_": 30, "material_num_1_": 26, "material_category_id_2_": 27, "material_item_id_2_": 130, "material_num_2_": 3, "material_category_id_3_": -1, "material_item_id_3_": -1, "material_num_3_": -1, "material_category_id_4_": -1, "material_item_id_4_": -1, "material_num_4_": -1, "material_category_id_5_": -1, "material_item_id_5_": -1, "material_num_5_": -1}, {"material_id_": 300, "material_category_id_1_": 27, "material_item_id_1_": 0, "material_num_1_": 18, "material_category_id_2_": -1, "material_item_id_2_": -1, "material_num_2_": -1, "material_category_id_3_": -1, "material_item_id_3_": -1, "material_num_3_": -1, "material_category_id_4_": -1, "material_item_id_4_": -1, "material_num_4_": -1, "material_category_id_5_": -1, "material_item_id_5_": -1, "material_num_5_": -1}, {"material_id_": 301, "material_category_id_1_": 27, "material_item_id_1_": 10, "material_num_1_": 18, "material_category_id_2_": -1, "material_item_id_2_": -1, "material_num_2_": -1, "material_category_id_3_": -1, "material_item_id_3_": -1, "material_num_3_": -1, "material_category_id_4_": -1, "material_item_id_4_": -1, "material_num_4_": -1, "material_category_id_5_": -1, "material_item_id_5_": -1, "material_num_5_": -1}, {"material_id_": 302, "material_category_id_1_": 27, "material_item_id_1_": 20, "material_num_1_": 18, "material_category_id_2_": -1, "material_item_id_2_": -1, "material_num_2_": -1, "material_category_id_3_": -1, "material_item_id_3_": -1, "material_num_3_": -1, "material_category_id_4_": -1, "material_item_id_4_": -1, "material_num_4_": -1, "material_category_id_5_": -1, "material_item_id_5_": -1, "material_num_5_": -1}, {"material_id_": 303, "material_category_id_1_": 27, "material_item_id_1_": 30, "material_num_1_": 18, "material_category_id_2_": -1, "material_item_id_2_": -1, "material_num_2_": -1, "material_category_id_3_": -1, "material_item_id_3_": -1, "material_num_3_": -1, "material_category_id_4_": -1, "material_item_id_4_": -1, "material_num_4_": -1, "material_category_id_5_": -1, "material_item_id_5_": -1, "material_num_5_": -1}, {"material_id_": 304, "material_category_id_1_": 27, "material_item_id_1_": 40, "material_num_1_": 18, "material_category_id_2_": -1, "material_item_id_2_": -1, "material_num_2_": -1, "material_category_id_3_": -1, "material_item_id_3_": -1, "material_num_3_": -1, "material_category_id_4_": -1, "material_item_id_4_": -1, "material_num_4_": -1, "material_category_id_5_": -1, "material_item_id_5_": -1, "material_num_5_": -1}, {"material_id_": 400, "material_category_id_1_": 27, "material_item_id_1_": 0, "material_num_1_": 26, "material_category_id_2_": 27, "material_item_id_2_": 100, "material_num_2_": 3, "material_category_id_3_": -1, "material_item_id_3_": -1, "material_num_3_": -1, "material_category_id_4_": -1, "material_item_id_4_": -1, "material_num_4_": -1, "material_category_id_5_": -1, "material_item_id_5_": -1, "material_num_5_": -1}, {"material_id_": 401, "material_category_id_1_": 27, "material_item_id_1_": 10, "material_num_1_": 26, "material_category_id_2_": 27, "material_item_id_2_": 110, "material_num_2_": 3, "material_category_id_3_": -1, "material_item_id_3_": -1, "material_num_3_": -1, "material_category_id_4_": -1, "material_item_id_4_": -1, "material_num_4_": -1, "material_category_id_5_": -1, "material_item_id_5_": -1, "material_num_5_": -1}, {"material_id_": 402, "material_category_id_1_": 27, "material_item_id_1_": 20, "material_num_1_": 26, "material_category_id_2_": 27, "material_item_id_2_": 120, "material_num_2_": 3, "material_category_id_3_": -1, "material_item_id_3_": -1, "material_num_3_": -1, "material_category_id_4_": -1, "material_item_id_4_": -1, "material_num_4_": -1, "material_category_id_5_": -1, "material_item_id_5_": -1, "material_num_5_": -1}, {"material_id_": 403, "material_category_id_1_": 27, "material_item_id_1_": 30, "material_num_1_": 26, "material_category_id_2_": 27, "material_item_id_2_": 130, "material_num_2_": 3, "material_category_id_3_": -1, "material_item_id_3_": -1, "material_num_3_": -1, "material_category_id_4_": -1, "material_item_id_4_": -1, "material_num_4_": -1, "material_category_id_5_": -1, "material_item_id_5_": -1, "material_num_5_": -1}, {"material_id_": 404, "material_category_id_1_": 27, "material_item_id_1_": 40, "material_num_1_": 26, "material_category_id_2_": 27, "material_item_id_2_": 140, "material_num_2_": 3, "material_category_id_3_": -1, "material_item_id_3_": -1, "material_num_3_": -1, "material_category_id_4_": -1, "material_item_id_4_": -1, "material_num_4_": -1, "material_category_id_5_": -1, "material_item_id_5_": -1, "material_num_5_": -1}, {"material_id_": 500, "material_category_id_1_": 27, "material_item_id_1_": 0, "material_num_1_": 42, "material_category_id_2_": 27, "material_item_id_2_": 100, "material_num_2_": 8, "material_category_id_3_": -1, "material_item_id_3_": -1, "material_num_3_": -1, "material_category_id_4_": -1, "material_item_id_4_": -1, "material_num_4_": -1, "material_category_id_5_": -1, "material_item_id_5_": -1, "material_num_5_": -1}, {"material_id_": 501, "material_category_id_1_": 27, "material_item_id_1_": 10, "material_num_1_": 42, "material_category_id_2_": 27, "material_item_id_2_": 110, "material_num_2_": 8, "material_category_id_3_": -1, "material_item_id_3_": -1, "material_num_3_": -1, "material_category_id_4_": -1, "material_item_id_4_": -1, "material_num_4_": -1, "material_category_id_5_": -1, "material_item_id_5_": -1, "material_num_5_": -1}, {"material_id_": 502, "material_category_id_1_": 27, "material_item_id_1_": 20, "material_num_1_": 42, "material_category_id_2_": 27, "material_item_id_2_": 120, "material_num_2_": 8, "material_category_id_3_": -1, "material_item_id_3_": -1, "material_num_3_": -1, "material_category_id_4_": -1, "material_item_id_4_": -1, "material_num_4_": -1, "material_category_id_5_": -1, "material_item_id_5_": -1, "material_num_5_": -1}, {"material_id_": 503, "material_category_id_1_": 27, "material_item_id_1_": 30, "material_num_1_": 42, "material_category_id_2_": 27, "material_item_id_2_": 130, "material_num_2_": 8, "material_category_id_3_": -1, "material_item_id_3_": -1, "material_num_3_": -1, "material_category_id_4_": -1, "material_item_id_4_": -1, "material_num_4_": -1, "material_category_id_5_": -1, "material_item_id_5_": -1, "material_num_5_": -1}, {"material_id_": 504, "material_category_id_1_": 27, "material_item_id_1_": 40, "material_num_1_": 42, "material_category_id_2_": 27, "material_item_id_2_": 140, "material_num_2_": 8, "material_category_id_3_": -1, "material_item_id_3_": -1, "material_num_3_": -1, "material_category_id_4_": -1, "material_item_id_4_": -1, "material_num_4_": -1, "material_category_id_5_": -1, "material_item_id_5_": -1, "material_num_5_": -1}, {"material_id_": 600, "material_category_id_1_": 27, "material_item_id_1_": 100, "material_num_1_": 5, "material_category_id_2_": 27, "material_item_id_2_": 110, "material_num_2_": 5, "material_category_id_3_": 27, "material_item_id_3_": 120, "material_num_3_": 5, "material_category_id_4_": 27, "material_item_id_4_": 130, "material_num_4_": 5, "material_category_id_5_": 27, "material_item_id_5_": 140, "material_num_5_": 5}]