[{"reward_table_id_": 1, "table_": [{"reward_id_": 0, "item_type_": 8, "item_id_": 2, "item_num_": 2000}, {"reward_id_": 1, "item_type_": 9, "item_id_": 18, "item_num_": 1}, {"reward_id_": 2, "item_type_": 9, "item_id_": 6, "item_num_": 2}, {"reward_id_": 3, "item_type_": 1, "item_id_": 0, "item_num_": 100}, {"reward_id_": 4, "item_type_": 27, "item_id_": 20, "item_num_": 20}, {"reward_id_": 5, "item_type_": 27, "item_id_": 120, "item_num_": 1}]}, {"reward_table_id_": 2, "table_": [{"reward_id_": 0, "item_type_": 8, "item_id_": 2, "item_num_": 1500}, {"reward_id_": 1, "item_type_": 9, "item_id_": 18, "item_num_": 1}, {"reward_id_": 2, "item_type_": 9, "item_id_": 6, "item_num_": 1}, {"reward_id_": 3, "item_type_": 27, "item_id_": 20, "item_num_": 5}, {"reward_id_": 4, "item_type_": 27, "item_id_": 120, "item_num_": 1}]}, {"reward_table_id_": 3, "table_": [{"reward_id_": 0, "item_type_": 8, "item_id_": 2, "item_num_": 1000}, {"reward_id_": 1, "item_type_": 9, "item_id_": 18, "item_num_": 1}, {"reward_id_": 2, "item_type_": 9, "item_id_": 6, "item_num_": 1}, {"reward_id_": 3, "item_type_": 27, "item_id_": 20, "item_num_": 4}, {"reward_id_": 4, "item_type_": 27, "item_id_": 120, "item_num_": 1}]}, {"reward_table_id_": 4, "table_": [{"reward_id_": 0, "item_type_": 8, "item_id_": 2, "item_num_": 500}, {"reward_id_": 1, "item_type_": 9, "item_id_": 18, "item_num_": 1}, {"reward_id_": 2, "item_type_": 9, "item_id_": 6, "item_num_": 1}, {"reward_id_": 3, "item_type_": 27, "item_id_": 20, "item_num_": 2}]}, {"reward_table_id_": 5, "table_": [{"reward_id_": 0, "item_type_": 8, "item_id_": 2, "item_num_": 300}]}, {"reward_table_id_": 6, "table_": [{"reward_id_": 0, "item_type_": 8, "item_id_": 2, "item_num_": 200}]}, {"reward_table_id_": 7, "table_": [{"reward_id_": 0, "item_type_": 8, "item_id_": 2, "item_num_": 100}]}, {"reward_table_id_": 8, "table_": [{"reward_id_": 0, "item_type_": 23, "item_id_": 4000101, "item_num_": 1}]}, {"reward_table_id_": 105, "table_": [{"reward_id_": 0, "item_type_": 8, "item_id_": 2, "item_num_": 1000}]}, {"reward_table_id_": 106, "table_": [{"reward_id_": 0, "item_type_": 8, "item_id_": 2, "item_num_": 300}]}, {"reward_table_id_": 107, "table_": [{"reward_id_": 0, "item_type_": 8, "item_id_": 2, "item_num_": 200}]}, {"reward_table_id_": 108, "table_": [{"reward_id_": 0, "item_type_": 23, "item_id_": 4000101, "item_num_": 1}, {"reward_id_": 1, "item_type_": 9, "item_id_": 46, "item_num_": 1}, {"reward_id_": 2, "item_type_": 8, "item_id_": 2, "item_num_": 2000}]}, {"reward_table_id_": 109, "table_": [{"reward_id_": 0, "item_type_": 9, "item_id_": 46, "item_num_": 1}, {"reward_id_": 1, "item_type_": 1, "item_id_": 0, "item_num_": 100}, {"reward_id_": 2, "item_type_": 27, "item_id_": 40, "item_num_": 100}, {"reward_id_": 3, "item_type_": 27, "item_id_": 140, "item_num_": 6}, {"reward_id_": 4, "item_type_": 4, "item_id_": 0, "item_num_": 100}, {"reward_id_": 5, "item_type_": 4, "item_id_": 10, "item_num_": 100}, {"reward_id_": 6, "item_type_": 4, "item_id_": 20, "item_num_": 100}, {"reward_id_": 7, "item_type_": 4, "item_id_": 30, "item_num_": 100}, {"reward_id_": 8, "item_type_": 4, "item_id_": 40, "item_num_": 100}, {"reward_id_": 9, "item_type_": 8, "item_id_": 2, "item_num_": 1000}]}, {"reward_table_id_": 110, "table_": [{"reward_id_": 0, "item_type_": 9, "item_id_": 46, "item_num_": 1}, {"reward_id_": 1, "item_type_": 19, "item_id_": 3, "item_num_": 1}]}, {"reward_table_id_": 111, "table_": [{"reward_id_": 0, "item_type_": 1, "item_id_": 0, "item_num_": 100}, {"reward_id_": 1, "item_type_": 8, "item_id_": 2, "item_num_": 400}]}, {"reward_table_id_": 112, "table_": [{"reward_id_": 0, "item_type_": 23, "item_id_": 4000101, "item_num_": 1}, {"reward_id_": 1, "item_type_": 9, "item_id_": 46, "item_num_": 2}]}, {"reward_table_id_": 113, "table_": [{"reward_id_": 0, "item_type_": 9, "item_id_": 46, "item_num_": 2}]}, {"reward_table_id_": 114, "table_": [{"reward_id_": 0, "item_type_": 9, "item_id_": 46, "item_num_": 2}, {"reward_id_": 1, "item_type_": 19, "item_id_": 3, "item_num_": 1}]}, {"reward_table_id_": 115, "table_": [{"reward_id_": 0, "item_type_": 9, "item_id_": 46, "item_num_": 1}]}, {"reward_table_id_": 116, "table_": [{"reward_id_": 0, "item_type_": 9, "item_id_": 46, "item_num_": 1}, {"reward_id_": 1, "item_type_": 19, "item_id_": 3, "item_num_": 1}]}, {"reward_table_id_": 117, "table_": [{"reward_id_": 0, "item_type_": 1, "item_id_": 0, "item_num_": 100}, {"reward_id_": 1, "item_type_": 9, "item_id_": 46, "item_num_": 1}, {"reward_id_": 2, "item_type_": 4, "item_id_": 21, "item_num_": 100}, {"reward_id_": 3, "item_type_": 4, "item_id_": 31, "item_num_": 100}, {"reward_id_": 4, "item_type_": 4, "item_id_": 41, "item_num_": 100}, {"reward_id_": 5, "item_type_": 27, "item_id_": 40, "item_num_": 125}, {"reward_id_": 6, "item_type_": 27, "item_id_": 140, "item_num_": 12}, {"reward_id_": 7, "item_type_": 8, "item_id_": 2, "item_num_": 4000}]}, {"reward_table_id_": 118, "table_": [{"reward_id_": 0, "item_type_": 9, "item_id_": 46, "item_num_": 1}, {"reward_id_": 1, "item_type_": 4, "item_id_": 1, "item_num_": 100}, {"reward_id_": 2, "item_type_": 4, "item_id_": 11, "item_num_": 100}, {"reward_id_": 3, "item_type_": 27, "item_id_": 40, "item_num_": 50}, {"reward_id_": 4, "item_type_": 27, "item_id_": 140, "item_num_": 12}, {"reward_id_": 5, "item_type_": 8, "item_id_": 2, "item_num_": 2500}]}, {"reward_table_id_": 119, "table_": [{"reward_id_": 0, "item_type_": 1, "item_id_": 0, "item_num_": 100}, {"reward_id_": 1, "item_type_": 9, "item_id_": 46, "item_num_": 1}, {"reward_id_": 3, "item_type_": 4, "item_id_": 22, "item_num_": 100}, {"reward_id_": 4, "item_type_": 4, "item_id_": 32, "item_num_": 100}, {"reward_id_": 5, "item_type_": 4, "item_id_": 42, "item_num_": 100}, {"reward_id_": 6, "item_type_": 27, "item_id_": 40, "item_num_": 150}, {"reward_id_": 7, "item_type_": 27, "item_id_": 140, "item_num_": 18}, {"reward_id_": 8, "item_type_": 8, "item_id_": 2, "item_num_": 6000}]}, {"reward_table_id_": 120, "table_": [{"reward_id_": 0, "item_type_": 9, "item_id_": 46, "item_num_": 1}, {"reward_id_": 1, "item_type_": 4, "item_id_": 2, "item_num_": 100}, {"reward_id_": 2, "item_type_": 4, "item_id_": 12, "item_num_": 100}, {"reward_id_": 3, "item_type_": 27, "item_id_": 40, "item_num_": 75}, {"reward_id_": 4, "item_type_": 27, "item_id_": 140, "item_num_": 12}, {"reward_id_": 5, "item_type_": 8, "item_id_": 2, "item_num_": 3000}]}, {"reward_table_id_": 121, "table_": [{"reward_id_": 0, "item_type_": 27, "item_id_": 40, "item_num_": 20}, {"reward_id_": 1, "item_type_": 27, "item_id_": 140, "item_num_": 6}, {"reward_id_": 2, "item_type_": 8, "item_id_": 2, "item_num_": 2000}]}, {"reward_table_id_": 122, "table_": [{"reward_id_": 0, "item_type_": 8, "item_id_": 2, "item_num_": 500}]}, {"reward_table_id_": 123, "table_": [{"reward_id_": 0, "item_type_": 1, "item_id_": 0, "item_num_": 100}, {"reward_id_": 1, "item_type_": 9, "item_id_": 46, "item_num_": 1}, {"reward_id_": 2, "item_type_": 27, "item_id_": 40, "item_num_": 175}, {"reward_id_": 3, "item_type_": 27, "item_id_": 140, "item_num_": 24}, {"reward_id_": 4, "item_type_": 8, "item_id_": 2, "item_num_": 7000}]}, {"reward_table_id_": 124, "table_": [{"reward_id_": 0, "item_type_": 9, "item_id_": 46, "item_num_": 1}, {"reward_id_": 1, "item_type_": 27, "item_id_": 40, "item_num_": 100}, {"reward_id_": 2, "item_type_": 27, "item_id_": 140, "item_num_": 18}, {"reward_id_": 3, "item_type_": 8, "item_id_": 2, "item_num_": 4500}]}, {"reward_table_id_": 125, "table_": [{"reward_id_": 0, "item_type_": 9, "item_id_": 46, "item_num_": 1}, {"reward_id_": 1, "item_type_": 27, "item_id_": 40, "item_num_": 20}, {"reward_id_": 2, "item_type_": 27, "item_id_": 140, "item_num_": 6}, {"reward_id_": 3, "item_type_": 8, "item_id_": 2, "item_num_": 3000}]}, {"reward_table_id_": 126, "table_": [{"reward_id_": 0, "item_type_": 9, "item_id_": 46, "item_num_": 1}, {"reward_id_": 1, "item_type_": 27, "item_id_": 40, "item_num_": 10}, {"reward_id_": 2, "item_type_": 8, "item_id_": 2, "item_num_": 1500}]}, {"reward_table_id_": 127, "table_": [{"reward_id_": 0, "item_type_": 1, "item_id_": 0, "item_num_": 100}, {"reward_id_": 1, "item_type_": 9, "item_id_": 46, "item_num_": 1}, {"reward_id_": 2, "item_type_": 27, "item_id_": 40, "item_num_": 175}, {"reward_id_": 3, "item_type_": 27, "item_id_": 140, "item_num_": 24}, {"reward_id_": 4, "item_type_": 8, "item_id_": 2, "item_num_": 10000}]}, {"reward_table_id_": 131, "table_": [{"reward_id_": 0, "item_type_": 9, "item_id_": 46, "item_num_": 1}, {"reward_id_": 1, "item_type_": 27, "item_id_": 40, "item_num_": 150}, {"reward_id_": 2, "item_type_": 27, "item_id_": 140, "item_num_": 18}, {"reward_id_": 3, "item_type_": 8, "item_id_": 2, "item_num_": 7500}]}, {"reward_table_id_": 132, "table_": [{"reward_id_": 0, "item_type_": 9, "item_id_": 46, "item_num_": 1}, {"reward_id_": 1, "item_type_": 27, "item_id_": 40, "item_num_": 20}, {"reward_id_": 2, "item_type_": 27, "item_id_": 140, "item_num_": 12}, {"reward_id_": 3, "item_type_": 8, "item_id_": 2, "item_num_": 4000}]}, {"reward_table_id_": 133, "table_": [{"reward_id_": 0, "item_type_": 9, "item_id_": 46, "item_num_": 1}, {"reward_id_": 1, "item_type_": 27, "item_id_": 40, "item_num_": 10}, {"reward_id_": 2, "item_type_": 8, "item_id_": 2, "item_num_": 2000}]}, {"reward_table_id_": 134, "table_": [{"reward_id_": 0, "item_type_": 8, "item_id_": 2, "item_num_": 1000}, {"reward_id_": 1, "item_type_": 27, "item_id_": 40, "item_num_": 10}]}, {"reward_table_id_": 135, "table_": [{"reward_id_": 0, "item_type_": 9, "item_id_": 46, "item_num_": 1}, {"reward_id_": 1, "item_type_": 1, "item_id_": 0, "item_num_": 100}, {"reward_id_": 2, "item_type_": 27, "item_id_": 20, "item_num_": 100}, {"reward_id_": 3, "item_type_": 27, "item_id_": 120, "item_num_": 6}, {"reward_id_": 4, "item_type_": 4, "item_id_": 0, "item_num_": 100}, {"reward_id_": 5, "item_type_": 4, "item_id_": 10, "item_num_": 100}, {"reward_id_": 6, "item_type_": 4, "item_id_": 20, "item_num_": 100}, {"reward_id_": 7, "item_type_": 4, "item_id_": 30, "item_num_": 100}, {"reward_id_": 8, "item_type_": 4, "item_id_": 40, "item_num_": 100}, {"reward_id_": 9, "item_type_": 8, "item_id_": 2, "item_num_": 1000}]}, {"reward_table_id_": 136, "table_": [{"reward_id_": 0, "item_type_": 1, "item_id_": 0, "item_num_": 100}, {"reward_id_": 1, "item_type_": 9, "item_id_": 46, "item_num_": 1}, {"reward_id_": 2, "item_type_": 4, "item_id_": 21, "item_num_": 100}, {"reward_id_": 3, "item_type_": 4, "item_id_": 31, "item_num_": 100}, {"reward_id_": 4, "item_type_": 4, "item_id_": 41, "item_num_": 100}, {"reward_id_": 5, "item_type_": 27, "item_id_": 20, "item_num_": 125}, {"reward_id_": 6, "item_type_": 27, "item_id_": 120, "item_num_": 12}, {"reward_id_": 7, "item_type_": 8, "item_id_": 2, "item_num_": 4000}]}, {"reward_table_id_": 137, "table_": [{"reward_id_": 0, "item_type_": 9, "item_id_": 46, "item_num_": 1}, {"reward_id_": 1, "item_type_": 4, "item_id_": 1, "item_num_": 100}, {"reward_id_": 2, "item_type_": 4, "item_id_": 11, "item_num_": 100}, {"reward_id_": 3, "item_type_": 27, "item_id_": 20, "item_num_": 50}, {"reward_id_": 4, "item_type_": 27, "item_id_": 120, "item_num_": 12}, {"reward_id_": 5, "item_type_": 8, "item_id_": 2, "item_num_": 2500}]}, {"reward_table_id_": 138, "table_": [{"reward_id_": 0, "item_type_": 1, "item_id_": 0, "item_num_": 100}, {"reward_id_": 1, "item_type_": 9, "item_id_": 46, "item_num_": 1}, {"reward_id_": 3, "item_type_": 4, "item_id_": 22, "item_num_": 100}, {"reward_id_": 4, "item_type_": 4, "item_id_": 32, "item_num_": 100}, {"reward_id_": 5, "item_type_": 4, "item_id_": 42, "item_num_": 100}, {"reward_id_": 6, "item_type_": 27, "item_id_": 20, "item_num_": 150}, {"reward_id_": 7, "item_type_": 27, "item_id_": 120, "item_num_": 18}, {"reward_id_": 8, "item_type_": 8, "item_id_": 2, "item_num_": 6000}]}, {"reward_table_id_": 139, "table_": [{"reward_id_": 0, "item_type_": 9, "item_id_": 46, "item_num_": 1}, {"reward_id_": 1, "item_type_": 4, "item_id_": 2, "item_num_": 100}, {"reward_id_": 2, "item_type_": 4, "item_id_": 12, "item_num_": 100}, {"reward_id_": 3, "item_type_": 27, "item_id_": 20, "item_num_": 75}, {"reward_id_": 4, "item_type_": 27, "item_id_": 120, "item_num_": 12}, {"reward_id_": 5, "item_type_": 8, "item_id_": 2, "item_num_": 3000}]}, {"reward_table_id_": 140, "table_": [{"reward_id_": 0, "item_type_": 27, "item_id_": 20, "item_num_": 20}, {"reward_id_": 1, "item_type_": 27, "item_id_": 120, "item_num_": 6}, {"reward_id_": 2, "item_type_": 8, "item_id_": 2, "item_num_": 2000}]}, {"reward_table_id_": 141, "table_": [{"reward_id_": 0, "item_type_": 8, "item_id_": 2, "item_num_": 1000}, {"reward_id_": 1, "item_type_": 27, "item_id_": 20, "item_num_": 10}]}, {"reward_table_id_": 142, "table_": [{"reward_id_": 0, "item_type_": 1, "item_id_": 0, "item_num_": 100}, {"reward_id_": 1, "item_type_": 9, "item_id_": 46, "item_num_": 1}, {"reward_id_": 2, "item_type_": 27, "item_id_": 20, "item_num_": 175}, {"reward_id_": 3, "item_type_": 27, "item_id_": 120, "item_num_": 24}, {"reward_id_": 4, "item_type_": 8, "item_id_": 2, "item_num_": 7000}]}, {"reward_table_id_": 143, "table_": [{"reward_id_": 0, "item_type_": 9, "item_id_": 46, "item_num_": 1}, {"reward_id_": 1, "item_type_": 27, "item_id_": 20, "item_num_": 100}, {"reward_id_": 2, "item_type_": 27, "item_id_": 120, "item_num_": 18}, {"reward_id_": 3, "item_type_": 8, "item_id_": 2, "item_num_": 4500}]}, {"reward_table_id_": 144, "table_": [{"reward_id_": 0, "item_type_": 9, "item_id_": 46, "item_num_": 1}, {"reward_id_": 1, "item_type_": 27, "item_id_": 20, "item_num_": 20}, {"reward_id_": 2, "item_type_": 27, "item_id_": 120, "item_num_": 6}, {"reward_id_": 3, "item_type_": 8, "item_id_": 2, "item_num_": 3000}]}, {"reward_table_id_": 145, "table_": [{"reward_id_": 0, "item_type_": 9, "item_id_": 46, "item_num_": 1}, {"reward_id_": 1, "item_type_": 27, "item_id_": 20, "item_num_": 10}, {"reward_id_": 2, "item_type_": 8, "item_id_": 2, "item_num_": 1500}]}, {"reward_table_id_": 146, "table_": [{"reward_id_": 0, "item_type_": 1, "item_id_": 0, "item_num_": 100}, {"reward_id_": 1, "item_type_": 9, "item_id_": 46, "item_num_": 1}, {"reward_id_": 2, "item_type_": 27, "item_id_": 20, "item_num_": 175}, {"reward_id_": 3, "item_type_": 27, "item_id_": 120, "item_num_": 24}, {"reward_id_": 4, "item_type_": 8, "item_id_": 2, "item_num_": 10000}]}, {"reward_table_id_": 147, "table_": [{"reward_id_": 0, "item_type_": 9, "item_id_": 46, "item_num_": 1}, {"reward_id_": 1, "item_type_": 27, "item_id_": 20, "item_num_": 150}, {"reward_id_": 2, "item_type_": 27, "item_id_": 120, "item_num_": 18}, {"reward_id_": 3, "item_type_": 8, "item_id_": 2, "item_num_": 7500}]}, {"reward_table_id_": 148, "table_": [{"reward_id_": 0, "item_type_": 9, "item_id_": 46, "item_num_": 1}, {"reward_id_": 1, "item_type_": 27, "item_id_": 20, "item_num_": 20}, {"reward_id_": 2, "item_type_": 27, "item_id_": 120, "item_num_": 12}, {"reward_id_": 3, "item_type_": 8, "item_id_": 2, "item_num_": 4000}]}, {"reward_table_id_": 149, "table_": [{"reward_id_": 0, "item_type_": 9, "item_id_": 46, "item_num_": 1}, {"reward_id_": 1, "item_type_": 27, "item_id_": 20, "item_num_": 10}, {"reward_id_": 2, "item_type_": 8, "item_id_": 2, "item_num_": 2000}]}, {"reward_table_id_": 150, "table_": [{"reward_id_": 0, "item_type_": 9, "item_id_": 46, "item_num_": 1}, {"reward_id_": 1, "item_type_": 1, "item_id_": 0, "item_num_": 100}, {"reward_id_": 2, "item_type_": 27, "item_id_": 10, "item_num_": 100}, {"reward_id_": 3, "item_type_": 27, "item_id_": 110, "item_num_": 6}, {"reward_id_": 4, "item_type_": 4, "item_id_": 0, "item_num_": 100}, {"reward_id_": 5, "item_type_": 4, "item_id_": 10, "item_num_": 100}, {"reward_id_": 6, "item_type_": 4, "item_id_": 20, "item_num_": 100}, {"reward_id_": 7, "item_type_": 4, "item_id_": 30, "item_num_": 100}, {"reward_id_": 8, "item_type_": 4, "item_id_": 40, "item_num_": 100}, {"reward_id_": 9, "item_type_": 8, "item_id_": 2, "item_num_": 1000}]}, {"reward_table_id_": 151, "table_": [{"reward_id_": 0, "item_type_": 1, "item_id_": 0, "item_num_": 100}, {"reward_id_": 1, "item_type_": 9, "item_id_": 46, "item_num_": 1}, {"reward_id_": 2, "item_type_": 4, "item_id_": 21, "item_num_": 100}, {"reward_id_": 3, "item_type_": 4, "item_id_": 31, "item_num_": 100}, {"reward_id_": 4, "item_type_": 4, "item_id_": 41, "item_num_": 100}, {"reward_id_": 5, "item_type_": 27, "item_id_": 10, "item_num_": 125}, {"reward_id_": 6, "item_type_": 27, "item_id_": 110, "item_num_": 12}, {"reward_id_": 7, "item_type_": 8, "item_id_": 2, "item_num_": 4000}]}, {"reward_table_id_": 152, "table_": [{"reward_id_": 0, "item_type_": 9, "item_id_": 46, "item_num_": 1}, {"reward_id_": 1, "item_type_": 4, "item_id_": 1, "item_num_": 100}, {"reward_id_": 2, "item_type_": 4, "item_id_": 11, "item_num_": 100}, {"reward_id_": 3, "item_type_": 27, "item_id_": 10, "item_num_": 50}, {"reward_id_": 4, "item_type_": 27, "item_id_": 110, "item_num_": 12}, {"reward_id_": 5, "item_type_": 8, "item_id_": 2, "item_num_": 2500}]}, {"reward_table_id_": 153, "table_": [{"reward_id_": 0, "item_type_": 1, "item_id_": 0, "item_num_": 100}, {"reward_id_": 1, "item_type_": 9, "item_id_": 46, "item_num_": 1}, {"reward_id_": 3, "item_type_": 4, "item_id_": 22, "item_num_": 100}, {"reward_id_": 4, "item_type_": 4, "item_id_": 32, "item_num_": 100}, {"reward_id_": 5, "item_type_": 4, "item_id_": 42, "item_num_": 100}, {"reward_id_": 6, "item_type_": 27, "item_id_": 10, "item_num_": 150}, {"reward_id_": 7, "item_type_": 27, "item_id_": 110, "item_num_": 18}, {"reward_id_": 8, "item_type_": 8, "item_id_": 2, "item_num_": 6000}]}, {"reward_table_id_": 154, "table_": [{"reward_id_": 0, "item_type_": 9, "item_id_": 46, "item_num_": 1}, {"reward_id_": 1, "item_type_": 4, "item_id_": 2, "item_num_": 100}, {"reward_id_": 2, "item_type_": 4, "item_id_": 12, "item_num_": 100}, {"reward_id_": 3, "item_type_": 27, "item_id_": 10, "item_num_": 75}, {"reward_id_": 4, "item_type_": 27, "item_id_": 110, "item_num_": 12}, {"reward_id_": 5, "item_type_": 8, "item_id_": 2, "item_num_": 3000}]}, {"reward_table_id_": 155, "table_": [{"reward_id_": 0, "item_type_": 27, "item_id_": 10, "item_num_": 20}, {"reward_id_": 1, "item_type_": 27, "item_id_": 110, "item_num_": 6}, {"reward_id_": 2, "item_type_": 8, "item_id_": 2, "item_num_": 2000}]}, {"reward_table_id_": 156, "table_": [{"reward_id_": 0, "item_type_": 8, "item_id_": 2, "item_num_": 1000}, {"reward_id_": 1, "item_type_": 27, "item_id_": 10, "item_num_": 10}]}, {"reward_table_id_": 157, "table_": [{"reward_id_": 0, "item_type_": 1, "item_id_": 0, "item_num_": 100}, {"reward_id_": 1, "item_type_": 9, "item_id_": 46, "item_num_": 1}, {"reward_id_": 2, "item_type_": 27, "item_id_": 10, "item_num_": 175}, {"reward_id_": 3, "item_type_": 27, "item_id_": 110, "item_num_": 24}, {"reward_id_": 4, "item_type_": 8, "item_id_": 2, "item_num_": 7000}]}, {"reward_table_id_": 158, "table_": [{"reward_id_": 0, "item_type_": 9, "item_id_": 46, "item_num_": 1}, {"reward_id_": 1, "item_type_": 27, "item_id_": 10, "item_num_": 100}, {"reward_id_": 2, "item_type_": 27, "item_id_": 110, "item_num_": 18}, {"reward_id_": 3, "item_type_": 8, "item_id_": 2, "item_num_": 4500}]}, {"reward_table_id_": 159, "table_": [{"reward_id_": 0, "item_type_": 9, "item_id_": 46, "item_num_": 1}, {"reward_id_": 1, "item_type_": 27, "item_id_": 10, "item_num_": 20}, {"reward_id_": 2, "item_type_": 27, "item_id_": 110, "item_num_": 6}, {"reward_id_": 3, "item_type_": 8, "item_id_": 2, "item_num_": 3000}]}, {"reward_table_id_": 160, "table_": [{"reward_id_": 0, "item_type_": 9, "item_id_": 46, "item_num_": 1}, {"reward_id_": 1, "item_type_": 27, "item_id_": 10, "item_num_": 10}, {"reward_id_": 2, "item_type_": 8, "item_id_": 2, "item_num_": 1500}]}, {"reward_table_id_": 161, "table_": [{"reward_id_": 0, "item_type_": 1, "item_id_": 0, "item_num_": 100}, {"reward_id_": 1, "item_type_": 9, "item_id_": 46, "item_num_": 1}, {"reward_id_": 2, "item_type_": 27, "item_id_": 10, "item_num_": 175}, {"reward_id_": 3, "item_type_": 27, "item_id_": 110, "item_num_": 24}, {"reward_id_": 4, "item_type_": 8, "item_id_": 2, "item_num_": 10000}]}, {"reward_table_id_": 162, "table_": [{"reward_id_": 0, "item_type_": 9, "item_id_": 46, "item_num_": 1}, {"reward_id_": 1, "item_type_": 27, "item_id_": 10, "item_num_": 150}, {"reward_id_": 2, "item_type_": 27, "item_id_": 110, "item_num_": 18}, {"reward_id_": 3, "item_type_": 8, "item_id_": 2, "item_num_": 7500}]}, {"reward_table_id_": 163, "table_": [{"reward_id_": 0, "item_type_": 9, "item_id_": 46, "item_num_": 1}, {"reward_id_": 1, "item_type_": 27, "item_id_": 10, "item_num_": 20}, {"reward_id_": 2, "item_type_": 27, "item_id_": 110, "item_num_": 12}, {"reward_id_": 3, "item_type_": 8, "item_id_": 2, "item_num_": 4000}]}, {"reward_table_id_": 164, "table_": [{"reward_id_": 0, "item_type_": 9, "item_id_": 46, "item_num_": 1}, {"reward_id_": 1, "item_type_": 27, "item_id_": 10, "item_num_": 10}, {"reward_id_": 2, "item_type_": 8, "item_id_": 2, "item_num_": 2000}]}, {"reward_table_id_": 165, "table_": [{"reward_id_": 0, "item_type_": 8, "item_id_": 2, "item_num_": 2000}]}, {"reward_table_id_": 166, "table_": [{"reward_id_": 0, "item_type_": 8, "item_id_": 2, "item_num_": 600}]}, {"reward_table_id_": 167, "table_": [{"reward_id_": 0, "item_type_": 8, "item_id_": 2, "item_num_": 400}]}, {"reward_table_id_": 168, "table_": [{"reward_id_": 0, "item_type_": 23, "item_id_": 4000101, "item_num_": 1}, {"reward_id_": 1, "item_type_": 9, "item_id_": 46, "item_num_": 1}, {"reward_id_": 2, "item_type_": 8, "item_id_": 2, "item_num_": 4000}]}, {"reward_table_id_": 169, "table_": [{"reward_id_": 0, "item_type_": 8, "item_id_": 2, "item_num_": 1000}]}, {"reward_table_id_": 170, "table_": [{"reward_id_": 0, "item_type_": 9, "item_id_": 46, "item_num_": 1}, {"reward_id_": 1, "item_type_": 1, "item_id_": 0, "item_num_": 100}, {"reward_id_": 2, "item_type_": 27, "item_id_": 10, "item_num_": 100}, {"reward_id_": 3, "item_type_": 27, "item_id_": 110, "item_num_": 6}, {"reward_id_": 4, "item_type_": 4, "item_id_": 0, "item_num_": 100}, {"reward_id_": 5, "item_type_": 4, "item_id_": 10, "item_num_": 100}, {"reward_id_": 6, "item_type_": 4, "item_id_": 20, "item_num_": 100}, {"reward_id_": 7, "item_type_": 4, "item_id_": 30, "item_num_": 100}, {"reward_id_": 8, "item_type_": 4, "item_id_": 40, "item_num_": 100}, {"reward_id_": 9, "item_type_": 8, "item_id_": 2, "item_num_": 2000}]}, {"reward_table_id_": 171, "table_": [{"reward_id_": 0, "item_type_": 1, "item_id_": 0, "item_num_": 100}, {"reward_id_": 1, "item_type_": 9, "item_id_": 46, "item_num_": 1}, {"reward_id_": 2, "item_type_": 4, "item_id_": 21, "item_num_": 100}, {"reward_id_": 3, "item_type_": 4, "item_id_": 31, "item_num_": 100}, {"reward_id_": 4, "item_type_": 4, "item_id_": 41, "item_num_": 100}, {"reward_id_": 5, "item_type_": 27, "item_id_": 10, "item_num_": 125}, {"reward_id_": 6, "item_type_": 27, "item_id_": 110, "item_num_": 12}, {"reward_id_": 7, "item_type_": 8, "item_id_": 2, "item_num_": 8000}]}, {"reward_table_id_": 172, "table_": [{"reward_id_": 0, "item_type_": 9, "item_id_": 46, "item_num_": 1}, {"reward_id_": 1, "item_type_": 4, "item_id_": 1, "item_num_": 100}, {"reward_id_": 2, "item_type_": 4, "item_id_": 11, "item_num_": 100}, {"reward_id_": 3, "item_type_": 27, "item_id_": 10, "item_num_": 50}, {"reward_id_": 4, "item_type_": 27, "item_id_": 110, "item_num_": 12}, {"reward_id_": 5, "item_type_": 8, "item_id_": 2, "item_num_": 5000}]}, {"reward_table_id_": 173, "table_": [{"reward_id_": 0, "item_type_": 1, "item_id_": 0, "item_num_": 100}, {"reward_id_": 1, "item_type_": 9, "item_id_": 46, "item_num_": 1}, {"reward_id_": 3, "item_type_": 4, "item_id_": 22, "item_num_": 100}, {"reward_id_": 4, "item_type_": 4, "item_id_": 32, "item_num_": 100}, {"reward_id_": 5, "item_type_": 4, "item_id_": 42, "item_num_": 100}, {"reward_id_": 6, "item_type_": 27, "item_id_": 10, "item_num_": 150}, {"reward_id_": 7, "item_type_": 27, "item_id_": 110, "item_num_": 18}, {"reward_id_": 8, "item_type_": 8, "item_id_": 2, "item_num_": 12000}]}, {"reward_table_id_": 174, "table_": [{"reward_id_": 0, "item_type_": 9, "item_id_": 46, "item_num_": 1}, {"reward_id_": 1, "item_type_": 4, "item_id_": 2, "item_num_": 100}, {"reward_id_": 2, "item_type_": 4, "item_id_": 12, "item_num_": 100}, {"reward_id_": 3, "item_type_": 27, "item_id_": 10, "item_num_": 75}, {"reward_id_": 4, "item_type_": 27, "item_id_": 110, "item_num_": 12}, {"reward_id_": 5, "item_type_": 8, "item_id_": 2, "item_num_": 6000}]}, {"reward_table_id_": 175, "table_": [{"reward_id_": 0, "item_type_": 27, "item_id_": 10, "item_num_": 20}, {"reward_id_": 1, "item_type_": 27, "item_id_": 110, "item_num_": 6}, {"reward_id_": 2, "item_type_": 8, "item_id_": 2, "item_num_": 4000}]}, {"reward_table_id_": 176, "table_": [{"reward_id_": 0, "item_type_": 8, "item_id_": 2, "item_num_": 2000}, {"reward_id_": 1, "item_type_": 27, "item_id_": 10, "item_num_": 10}]}, {"reward_table_id_": 177, "table_": [{"reward_id_": 0, "item_type_": 1, "item_id_": 0, "item_num_": 100}, {"reward_id_": 1, "item_type_": 9, "item_id_": 46, "item_num_": 1}, {"reward_id_": 2, "item_type_": 27, "item_id_": 10, "item_num_": 175}, {"reward_id_": 3, "item_type_": 27, "item_id_": 110, "item_num_": 24}, {"reward_id_": 4, "item_type_": 8, "item_id_": 2, "item_num_": 14000}]}, {"reward_table_id_": 178, "table_": [{"reward_id_": 0, "item_type_": 9, "item_id_": 46, "item_num_": 1}, {"reward_id_": 1, "item_type_": 27, "item_id_": 10, "item_num_": 100}, {"reward_id_": 2, "item_type_": 27, "item_id_": 110, "item_num_": 18}, {"reward_id_": 3, "item_type_": 8, "item_id_": 2, "item_num_": 9000}]}, {"reward_table_id_": 179, "table_": [{"reward_id_": 0, "item_type_": 9, "item_id_": 46, "item_num_": 1}, {"reward_id_": 1, "item_type_": 27, "item_id_": 10, "item_num_": 20}, {"reward_id_": 2, "item_type_": 27, "item_id_": 110, "item_num_": 6}, {"reward_id_": 3, "item_type_": 8, "item_id_": 2, "item_num_": 6000}]}, {"reward_table_id_": 180, "table_": [{"reward_id_": 0, "item_type_": 9, "item_id_": 46, "item_num_": 1}, {"reward_id_": 1, "item_type_": 27, "item_id_": 10, "item_num_": 10}, {"reward_id_": 2, "item_type_": 8, "item_id_": 2, "item_num_": 3000}]}, {"reward_table_id_": 181, "table_": [{"reward_id_": 0, "item_type_": 1, "item_id_": 0, "item_num_": 100}, {"reward_id_": 1, "item_type_": 9, "item_id_": 46, "item_num_": 1}, {"reward_id_": 2, "item_type_": 27, "item_id_": 10, "item_num_": 175}, {"reward_id_": 3, "item_type_": 27, "item_id_": 110, "item_num_": 24}, {"reward_id_": 4, "item_type_": 8, "item_id_": 2, "item_num_": 20000}]}, {"reward_table_id_": 182, "table_": [{"reward_id_": 0, "item_type_": 9, "item_id_": 46, "item_num_": 1}, {"reward_id_": 1, "item_type_": 27, "item_id_": 10, "item_num_": 150}, {"reward_id_": 2, "item_type_": 27, "item_id_": 110, "item_num_": 18}, {"reward_id_": 3, "item_type_": 8, "item_id_": 2, "item_num_": 15000}]}, {"reward_table_id_": 183, "table_": [{"reward_id_": 0, "item_type_": 9, "item_id_": 46, "item_num_": 1}, {"reward_id_": 1, "item_type_": 27, "item_id_": 10, "item_num_": 20}, {"reward_id_": 2, "item_type_": 27, "item_id_": 110, "item_num_": 12}, {"reward_id_": 3, "item_type_": 8, "item_id_": 2, "item_num_": 8000}]}, {"reward_table_id_": 184, "table_": [{"reward_id_": 0, "item_type_": 9, "item_id_": 46, "item_num_": 1}, {"reward_id_": 1, "item_type_": 27, "item_id_": 10, "item_num_": 10}, {"reward_id_": 2, "item_type_": 8, "item_id_": 2, "item_num_": 4000}]}, {"reward_table_id_": 185, "table_": [{"reward_id_": 0, "item_type_": 9, "item_id_": 46, "item_num_": 1}, {"reward_id_": 1, "item_type_": 1, "item_id_": 0, "item_num_": 100}, {"reward_id_": 2, "item_type_": 27, "item_id_": 0, "item_num_": 100}, {"reward_id_": 3, "item_type_": 27, "item_id_": 100, "item_num_": 6}, {"reward_id_": 4, "item_type_": 4, "item_id_": 0, "item_num_": 100}, {"reward_id_": 5, "item_type_": 4, "item_id_": 10, "item_num_": 100}, {"reward_id_": 6, "item_type_": 4, "item_id_": 20, "item_num_": 100}, {"reward_id_": 7, "item_type_": 4, "item_id_": 30, "item_num_": 100}, {"reward_id_": 8, "item_type_": 4, "item_id_": 40, "item_num_": 100}, {"reward_id_": 9, "item_type_": 8, "item_id_": 2, "item_num_": 1000}]}, {"reward_table_id_": 186, "table_": [{"reward_id_": 0, "item_type_": 1, "item_id_": 0, "item_num_": 100}, {"reward_id_": 1, "item_type_": 9, "item_id_": 46, "item_num_": 1}, {"reward_id_": 2, "item_type_": 4, "item_id_": 21, "item_num_": 100}, {"reward_id_": 3, "item_type_": 4, "item_id_": 31, "item_num_": 100}, {"reward_id_": 4, "item_type_": 4, "item_id_": 41, "item_num_": 100}, {"reward_id_": 5, "item_type_": 27, "item_id_": 0, "item_num_": 125}, {"reward_id_": 6, "item_type_": 27, "item_id_": 100, "item_num_": 12}, {"reward_id_": 7, "item_type_": 8, "item_id_": 2, "item_num_": 4000}]}, {"reward_table_id_": 187, "table_": [{"reward_id_": 0, "item_type_": 9, "item_id_": 46, "item_num_": 1}, {"reward_id_": 1, "item_type_": 4, "item_id_": 1, "item_num_": 100}, {"reward_id_": 2, "item_type_": 4, "item_id_": 11, "item_num_": 100}, {"reward_id_": 3, "item_type_": 27, "item_id_": 0, "item_num_": 50}, {"reward_id_": 4, "item_type_": 27, "item_id_": 100, "item_num_": 12}, {"reward_id_": 5, "item_type_": 8, "item_id_": 2, "item_num_": 2500}]}, {"reward_table_id_": 188, "table_": [{"reward_id_": 0, "item_type_": 1, "item_id_": 0, "item_num_": 100}, {"reward_id_": 1, "item_type_": 9, "item_id_": 46, "item_num_": 1}, {"reward_id_": 3, "item_type_": 4, "item_id_": 22, "item_num_": 100}, {"reward_id_": 4, "item_type_": 4, "item_id_": 32, "item_num_": 100}, {"reward_id_": 5, "item_type_": 4, "item_id_": 42, "item_num_": 100}, {"reward_id_": 6, "item_type_": 27, "item_id_": 0, "item_num_": 150}, {"reward_id_": 7, "item_type_": 27, "item_id_": 100, "item_num_": 18}, {"reward_id_": 8, "item_type_": 8, "item_id_": 2, "item_num_": 6000}]}, {"reward_table_id_": 189, "table_": [{"reward_id_": 0, "item_type_": 9, "item_id_": 46, "item_num_": 1}, {"reward_id_": 1, "item_type_": 4, "item_id_": 2, "item_num_": 100}, {"reward_id_": 2, "item_type_": 4, "item_id_": 12, "item_num_": 100}, {"reward_id_": 3, "item_type_": 27, "item_id_": 0, "item_num_": 75}, {"reward_id_": 4, "item_type_": 27, "item_id_": 100, "item_num_": 12}, {"reward_id_": 5, "item_type_": 8, "item_id_": 2, "item_num_": 3000}]}, {"reward_table_id_": 190, "table_": [{"reward_id_": 0, "item_type_": 27, "item_id_": 0, "item_num_": 20}, {"reward_id_": 1, "item_type_": 27, "item_id_": 100, "item_num_": 6}, {"reward_id_": 2, "item_type_": 8, "item_id_": 2, "item_num_": 2000}]}, {"reward_table_id_": 191, "table_": [{"reward_id_": 0, "item_type_": 8, "item_id_": 2, "item_num_": 1000}, {"reward_id_": 1, "item_type_": 27, "item_id_": 0, "item_num_": 10}]}, {"reward_table_id_": 192, "table_": [{"reward_id_": 0, "item_type_": 1, "item_id_": 0, "item_num_": 100}, {"reward_id_": 1, "item_type_": 9, "item_id_": 46, "item_num_": 1}, {"reward_id_": 2, "item_type_": 27, "item_id_": 0, "item_num_": 175}, {"reward_id_": 3, "item_type_": 27, "item_id_": 100, "item_num_": 24}, {"reward_id_": 4, "item_type_": 8, "item_id_": 2, "item_num_": 7000}]}, {"reward_table_id_": 193, "table_": [{"reward_id_": 0, "item_type_": 9, "item_id_": 46, "item_num_": 1}, {"reward_id_": 1, "item_type_": 27, "item_id_": 0, "item_num_": 100}, {"reward_id_": 2, "item_type_": 27, "item_id_": 100, "item_num_": 18}, {"reward_id_": 3, "item_type_": 8, "item_id_": 2, "item_num_": 4500}]}, {"reward_table_id_": 194, "table_": [{"reward_id_": 0, "item_type_": 9, "item_id_": 46, "item_num_": 1}, {"reward_id_": 1, "item_type_": 27, "item_id_": 0, "item_num_": 20}, {"reward_id_": 2, "item_type_": 27, "item_id_": 100, "item_num_": 6}, {"reward_id_": 3, "item_type_": 8, "item_id_": 2, "item_num_": 3000}]}, {"reward_table_id_": 195, "table_": [{"reward_id_": 0, "item_type_": 9, "item_id_": 46, "item_num_": 1}, {"reward_id_": 1, "item_type_": 27, "item_id_": 0, "item_num_": 10}, {"reward_id_": 2, "item_type_": 8, "item_id_": 2, "item_num_": 1500}]}, {"reward_table_id_": 196, "table_": [{"reward_id_": 0, "item_type_": 1, "item_id_": 0, "item_num_": 100}, {"reward_id_": 1, "item_type_": 9, "item_id_": 46, "item_num_": 1}, {"reward_id_": 2, "item_type_": 27, "item_id_": 0, "item_num_": 175}, {"reward_id_": 3, "item_type_": 27, "item_id_": 100, "item_num_": 24}, {"reward_id_": 4, "item_type_": 8, "item_id_": 2, "item_num_": 10000}]}, {"reward_table_id_": 197, "table_": [{"reward_id_": 0, "item_type_": 9, "item_id_": 46, "item_num_": 1}, {"reward_id_": 1, "item_type_": 27, "item_id_": 0, "item_num_": 150}, {"reward_id_": 2, "item_type_": 27, "item_id_": 100, "item_num_": 18}, {"reward_id_": 3, "item_type_": 8, "item_id_": 2, "item_num_": 7500}]}, {"reward_table_id_": 198, "table_": [{"reward_id_": 0, "item_type_": 9, "item_id_": 46, "item_num_": 1}, {"reward_id_": 1, "item_type_": 27, "item_id_": 0, "item_num_": 20}, {"reward_id_": 2, "item_type_": 27, "item_id_": 100, "item_num_": 12}, {"reward_id_": 3, "item_type_": 8, "item_id_": 2, "item_num_": 4000}]}, {"reward_table_id_": 199, "table_": [{"reward_id_": 0, "item_type_": 9, "item_id_": 46, "item_num_": 1}, {"reward_id_": 1, "item_type_": 27, "item_id_": 0, "item_num_": 10}, {"reward_id_": 2, "item_type_": 8, "item_id_": 2, "item_num_": 2000}]}, {"reward_table_id_": 1001, "table_": [{"reward_id_": 0, "item_type_": 8, "item_id_": 2, "item_num_": 4000}, {"reward_id_": 1, "item_type_": 9, "item_id_": 46, "item_num_": 1}, {"reward_id_": 2, "item_type_": 1, "item_id_": 0, "item_num_": 100}, {"reward_id_": 3, "item_type_": 27, "item_id_": 0, "item_num_": 100}, {"reward_id_": 4, "item_type_": 27, "item_id_": 100, "item_num_": 6}, {"reward_id_": 5, "item_type_": 4, "item_id_": 20, "item_num_": 100}, {"reward_id_": 6, "item_type_": 4, "item_id_": 30, "item_num_": 100}, {"reward_id_": 7, "item_type_": 4, "item_id_": 40, "item_num_": 100}]}, {"reward_table_id_": 1002, "table_": [{"reward_id_": 0, "item_type_": 8, "item_id_": 2, "item_num_": 3000}, {"reward_id_": 1, "item_type_": 27, "item_id_": 0, "item_num_": 25}, {"reward_id_": 2, "item_type_": 27, "item_id_": 100, "item_num_": 6}, {"reward_id_": 3, "item_type_": 4, "item_id_": 0, "item_num_": 100}, {"reward_id_": 4, "item_type_": 4, "item_id_": 10, "item_num_": 100}]}, {"reward_table_id_": 1003, "table_": [{"reward_id_": 0, "item_type_": 8, "item_id_": 2, "item_num_": 2000}, {"reward_id_": 1, "item_type_": 27, "item_id_": 0, "item_num_": 20}, {"reward_id_": 2, "item_type_": 27, "item_id_": 100, "item_num_": 6}]}, {"reward_table_id_": 1004, "table_": [{"reward_id_": 0, "item_type_": 8, "item_id_": 2, "item_num_": 1000}, {"reward_id_": 1, "item_type_": 27, "item_id_": 0, "item_num_": 10}]}, {"reward_table_id_": 2001, "table_": [{"reward_id_": 0, "item_type_": 8, "item_id_": 2, "item_num_": 5000}, {"reward_id_": 1, "item_type_": 9, "item_id_": 46, "item_num_": 1}, {"reward_id_": 2, "item_type_": 1, "item_id_": 0, "item_num_": 100}, {"reward_id_": 3, "item_type_": 27, "item_id_": 0, "item_num_": 125}, {"reward_id_": 4, "item_type_": 27, "item_id_": 100, "item_num_": 12}, {"reward_id_": 5, "item_type_": 4, "item_id_": 21, "item_num_": 100}, {"reward_id_": 6, "item_type_": 4, "item_id_": 31, "item_num_": 100}, {"reward_id_": 7, "item_type_": 4, "item_id_": 41, "item_num_": 100}]}, {"reward_table_id_": 2002, "table_": [{"reward_id_": 0, "item_type_": 8, "item_id_": 2, "item_num_": 4000}, {"reward_id_": 1, "item_type_": 9, "item_id_": 46, "item_num_": 1}, {"reward_id_": 2, "item_type_": 27, "item_id_": 0, "item_num_": 50}, {"reward_id_": 3, "item_type_": 27, "item_id_": 100, "item_num_": 12}, {"reward_id_": 4, "item_type_": 4, "item_id_": 1, "item_num_": 100}, {"reward_id_": 5, "item_type_": 4, "item_id_": 11, "item_num_": 100}]}, {"reward_table_id_": 3001, "table_": [{"reward_id_": 0, "item_type_": 8, "item_id_": 2, "item_num_": 6000}, {"reward_id_": 1, "item_type_": 9, "item_id_": 46, "item_num_": 1}, {"reward_id_": 2, "item_type_": 1, "item_id_": 0, "item_num_": 100}, {"reward_id_": 3, "item_type_": 27, "item_id_": 0, "item_num_": 150}, {"reward_id_": 4, "item_type_": 27, "item_id_": 100, "item_num_": 18}, {"reward_id_": 5, "item_type_": 4, "item_id_": 22, "item_num_": 100}, {"reward_id_": 6, "item_type_": 4, "item_id_": 32, "item_num_": 100}, {"reward_id_": 7, "item_type_": 4, "item_id_": 42, "item_num_": 100}]}, {"reward_table_id_": 3002, "table_": [{"reward_id_": 0, "item_type_": 8, "item_id_": 2, "item_num_": 4000}, {"reward_id_": 1, "item_type_": 9, "item_id_": 46, "item_num_": 1}, {"reward_id_": 2, "item_type_": 27, "item_id_": 0, "item_num_": 75}, {"reward_id_": 3, "item_type_": 27, "item_id_": 100, "item_num_": 12}, {"reward_id_": 4, "item_type_": 4, "item_id_": 2, "item_num_": 100}, {"reward_id_": 5, "item_type_": 4, "item_id_": 12, "item_num_": 100}]}, {"reward_table_id_": 4001, "table_": [{"reward_id_": 0, "item_type_": 8, "item_id_": 2, "item_num_": 7000}, {"reward_id_": 1, "item_type_": 9, "item_id_": 46, "item_num_": 1}, {"reward_id_": 2, "item_type_": 1, "item_id_": 0, "item_num_": 100}, {"reward_id_": 3, "item_type_": 27, "item_id_": 0, "item_num_": 175}, {"reward_id_": 4, "item_type_": 27, "item_id_": 100, "item_num_": 24}]}, {"reward_table_id_": 4002, "table_": [{"reward_id_": 0, "item_type_": 8, "item_id_": 2, "item_num_": 5000}, {"reward_id_": 1, "item_type_": 9, "item_id_": 46, "item_num_": 1}, {"reward_id_": 2, "item_type_": 27, "item_id_": 0, "item_num_": 100}, {"reward_id_": 3, "item_type_": 27, "item_id_": 100, "item_num_": 18}]}, {"reward_table_id_": 4003, "table_": [{"reward_id_": 0, "item_type_": 8, "item_id_": 2, "item_num_": 2000}, {"reward_id_": 1, "item_type_": 9, "item_id_": 46, "item_num_": 1}, {"reward_id_": 2, "item_type_": 27, "item_id_": 0, "item_num_": 20}, {"reward_id_": 3, "item_type_": 27, "item_id_": 100, "item_num_": 6}]}, {"reward_table_id_": 4004, "table_": [{"reward_id_": 0, "item_type_": 8, "item_id_": 2, "item_num_": 1000}, {"reward_id_": 1, "item_type_": 9, "item_id_": 46, "item_num_": 1}, {"reward_id_": 2, "item_type_": 27, "item_id_": 0, "item_num_": 10}]}, {"reward_table_id_": 5002, "table_": [{"reward_id_": 0, "item_type_": 8, "item_id_": 2, "item_num_": 6000}, {"reward_id_": 1, "item_type_": 9, "item_id_": 46, "item_num_": 1}, {"reward_id_": 2, "item_type_": 27, "item_id_": 0, "item_num_": 150}, {"reward_id_": 3, "item_type_": 27, "item_id_": 100, "item_num_": 18}]}, {"reward_table_id_": 5003, "table_": [{"reward_id_": 0, "item_type_": 8, "item_id_": 2, "item_num_": 2000}, {"reward_id_": 1, "item_type_": 9, "item_id_": 46, "item_num_": 1}, {"reward_id_": 2, "item_type_": 27, "item_id_": 0, "item_num_": 20}, {"reward_id_": 3, "item_type_": 27, "item_id_": 100, "item_num_": 12}]}, {"reward_table_id_": 1201, "table_": [{"reward_id_": 0, "item_type_": 8, "item_id_": 2, "item_num_": 4000}, {"reward_id_": 1, "item_type_": 9, "item_id_": 46, "item_num_": 1}, {"reward_id_": 2, "item_type_": 1, "item_id_": 0, "item_num_": 100}, {"reward_id_": 3, "item_type_": 27, "item_id_": 20, "item_num_": 100}, {"reward_id_": 4, "item_type_": 27, "item_id_": 120, "item_num_": 6}, {"reward_id_": 5, "item_type_": 4, "item_id_": 20, "item_num_": 100}, {"reward_id_": 6, "item_type_": 4, "item_id_": 30, "item_num_": 100}, {"reward_id_": 7, "item_type_": 4, "item_id_": 40, "item_num_": 100}]}, {"reward_table_id_": 1202, "table_": [{"reward_id_": 0, "item_type_": 8, "item_id_": 2, "item_num_": 3000}, {"reward_id_": 1, "item_type_": 27, "item_id_": 20, "item_num_": 25}, {"reward_id_": 2, "item_type_": 27, "item_id_": 120, "item_num_": 6}, {"reward_id_": 3, "item_type_": 4, "item_id_": 0, "item_num_": 100}, {"reward_id_": 4, "item_type_": 4, "item_id_": 10, "item_num_": 100}]}, {"reward_table_id_": 1203, "table_": [{"reward_id_": 0, "item_type_": 8, "item_id_": 2, "item_num_": 2000}, {"reward_id_": 1, "item_type_": 27, "item_id_": 20, "item_num_": 20}, {"reward_id_": 2, "item_type_": 27, "item_id_": 120, "item_num_": 6}]}, {"reward_table_id_": 1204, "table_": [{"reward_id_": 0, "item_type_": 8, "item_id_": 2, "item_num_": 1000}, {"reward_id_": 1, "item_type_": 27, "item_id_": 20, "item_num_": 10}]}, {"reward_table_id_": 2201, "table_": [{"reward_id_": 0, "item_type_": 8, "item_id_": 2, "item_num_": 5000}, {"reward_id_": 1, "item_type_": 9, "item_id_": 46, "item_num_": 1}, {"reward_id_": 2, "item_type_": 1, "item_id_": 0, "item_num_": 100}, {"reward_id_": 3, "item_type_": 27, "item_id_": 20, "item_num_": 125}, {"reward_id_": 4, "item_type_": 27, "item_id_": 120, "item_num_": 12}, {"reward_id_": 5, "item_type_": 4, "item_id_": 21, "item_num_": 100}, {"reward_id_": 6, "item_type_": 4, "item_id_": 31, "item_num_": 100}, {"reward_id_": 7, "item_type_": 4, "item_id_": 41, "item_num_": 100}]}, {"reward_table_id_": 2202, "table_": [{"reward_id_": 0, "item_type_": 8, "item_id_": 2, "item_num_": 4000}, {"reward_id_": 1, "item_type_": 9, "item_id_": 46, "item_num_": 1}, {"reward_id_": 2, "item_type_": 27, "item_id_": 20, "item_num_": 50}, {"reward_id_": 3, "item_type_": 27, "item_id_": 120, "item_num_": 12}, {"reward_id_": 4, "item_type_": 4, "item_id_": 1, "item_num_": 100}, {"reward_id_": 5, "item_type_": 4, "item_id_": 11, "item_num_": 100}]}, {"reward_table_id_": 3201, "table_": [{"reward_id_": 0, "item_type_": 8, "item_id_": 2, "item_num_": 6000}, {"reward_id_": 1, "item_type_": 9, "item_id_": 46, "item_num_": 1}, {"reward_id_": 2, "item_type_": 1, "item_id_": 0, "item_num_": 100}, {"reward_id_": 3, "item_type_": 27, "item_id_": 20, "item_num_": 150}, {"reward_id_": 4, "item_type_": 27, "item_id_": 120, "item_num_": 18}, {"reward_id_": 5, "item_type_": 4, "item_id_": 22, "item_num_": 100}, {"reward_id_": 6, "item_type_": 4, "item_id_": 32, "item_num_": 100}, {"reward_id_": 7, "item_type_": 4, "item_id_": 42, "item_num_": 100}]}, {"reward_table_id_": 3202, "table_": [{"reward_id_": 0, "item_type_": 8, "item_id_": 2, "item_num_": 4000}, {"reward_id_": 1, "item_type_": 9, "item_id_": 46, "item_num_": 1}, {"reward_id_": 2, "item_type_": 27, "item_id_": 20, "item_num_": 75}, {"reward_id_": 3, "item_type_": 27, "item_id_": 120, "item_num_": 12}, {"reward_id_": 4, "item_type_": 4, "item_id_": 2, "item_num_": 100}, {"reward_id_": 5, "item_type_": 4, "item_id_": 12, "item_num_": 100}]}, {"reward_table_id_": 4201, "table_": [{"reward_id_": 0, "item_type_": 8, "item_id_": 2, "item_num_": 7000}, {"reward_id_": 1, "item_type_": 9, "item_id_": 46, "item_num_": 1}, {"reward_id_": 2, "item_type_": 1, "item_id_": 0, "item_num_": 100}, {"reward_id_": 3, "item_type_": 27, "item_id_": 20, "item_num_": 175}, {"reward_id_": 4, "item_type_": 27, "item_id_": 120, "item_num_": 24}]}, {"reward_table_id_": 4202, "table_": [{"reward_id_": 0, "item_type_": 8, "item_id_": 2, "item_num_": 5000}, {"reward_id_": 1, "item_type_": 9, "item_id_": 46, "item_num_": 1}, {"reward_id_": 2, "item_type_": 27, "item_id_": 20, "item_num_": 100}, {"reward_id_": 3, "item_type_": 27, "item_id_": 120, "item_num_": 18}]}, {"reward_table_id_": 4203, "table_": [{"reward_id_": 0, "item_type_": 8, "item_id_": 2, "item_num_": 2000}, {"reward_id_": 1, "item_type_": 9, "item_id_": 46, "item_num_": 1}, {"reward_id_": 2, "item_type_": 27, "item_id_": 20, "item_num_": 20}, {"reward_id_": 3, "item_type_": 27, "item_id_": 120, "item_num_": 6}]}, {"reward_table_id_": 4204, "table_": [{"reward_id_": 0, "item_type_": 8, "item_id_": 2, "item_num_": 1000}, {"reward_id_": 1, "item_type_": 9, "item_id_": 46, "item_num_": 1}, {"reward_id_": 2, "item_type_": 27, "item_id_": 20, "item_num_": 10}]}, {"reward_table_id_": 5202, "table_": [{"reward_id_": 0, "item_type_": 8, "item_id_": 2, "item_num_": 6000}, {"reward_id_": 1, "item_type_": 9, "item_id_": 46, "item_num_": 1}, {"reward_id_": 2, "item_type_": 27, "item_id_": 20, "item_num_": 150}, {"reward_id_": 3, "item_type_": 27, "item_id_": 120, "item_num_": 18}]}, {"reward_table_id_": 5203, "table_": [{"reward_id_": 0, "item_type_": 8, "item_id_": 2, "item_num_": 2000}, {"reward_id_": 1, "item_type_": 9, "item_id_": 46, "item_num_": 1}, {"reward_id_": 2, "item_type_": 27, "item_id_": 20, "item_num_": 20}, {"reward_id_": 3, "item_type_": 27, "item_id_": 120, "item_num_": 12}]}, {"reward_table_id_": 6201, "table_": [{"reward_id_": 0, "item_type_": 8, "item_id_": 2, "item_num_": 8000}, {"reward_id_": 1, "item_type_": 9, "item_id_": 18, "item_num_": 1}, {"reward_id_": 2, "item_type_": 9, "item_id_": 6, "item_num_": 2}, {"reward_id_": 3, "item_type_": 1, "item_id_": 0, "item_num_": 100}, {"reward_id_": 4, "item_type_": 27, "item_id_": 20, "item_num_": 200}, {"reward_id_": 5, "item_type_": 27, "item_id_": 120, "item_num_": 30}]}, {"reward_table_id_": 6202, "table_": [{"reward_id_": 0, "item_type_": 8, "item_id_": 2, "item_num_": 6000}, {"reward_id_": 1, "item_type_": 9, "item_id_": 18, "item_num_": 1}, {"reward_id_": 2, "item_type_": 9, "item_id_": 6, "item_num_": 1}, {"reward_id_": 3, "item_type_": 27, "item_id_": 20, "item_num_": 175}, {"reward_id_": 4, "item_type_": 27, "item_id_": 120, "item_num_": 24}]}, {"reward_table_id_": 1101, "table_": [{"reward_id_": 0, "item_type_": 8, "item_id_": 2, "item_num_": 4000}, {"reward_id_": 1, "item_type_": 9, "item_id_": 46, "item_num_": 1}, {"reward_id_": 2, "item_type_": 1, "item_id_": 0, "item_num_": 100}, {"reward_id_": 3, "item_type_": 27, "item_id_": 10, "item_num_": 100}, {"reward_id_": 4, "item_type_": 27, "item_id_": 110, "item_num_": 6}, {"reward_id_": 5, "item_type_": 4, "item_id_": 20, "item_num_": 100}, {"reward_id_": 6, "item_type_": 4, "item_id_": 30, "item_num_": 100}, {"reward_id_": 7, "item_type_": 4, "item_id_": 40, "item_num_": 100}]}, {"reward_table_id_": 1102, "table_": [{"reward_id_": 0, "item_type_": 8, "item_id_": 2, "item_num_": 3000}, {"reward_id_": 1, "item_type_": 27, "item_id_": 10, "item_num_": 25}, {"reward_id_": 2, "item_type_": 27, "item_id_": 110, "item_num_": 6}, {"reward_id_": 3, "item_type_": 4, "item_id_": 0, "item_num_": 100}, {"reward_id_": 4, "item_type_": 4, "item_id_": 10, "item_num_": 100}]}, {"reward_table_id_": 1103, "table_": [{"reward_id_": 0, "item_type_": 8, "item_id_": 2, "item_num_": 2000}, {"reward_id_": 1, "item_type_": 27, "item_id_": 10, "item_num_": 20}, {"reward_id_": 2, "item_type_": 27, "item_id_": 110, "item_num_": 6}]}, {"reward_table_id_": 1104, "table_": [{"reward_id_": 0, "item_type_": 8, "item_id_": 2, "item_num_": 1000}, {"reward_id_": 1, "item_type_": 27, "item_id_": 10, "item_num_": 10}]}, {"reward_table_id_": 2101, "table_": [{"reward_id_": 0, "item_type_": 8, "item_id_": 2, "item_num_": 5000}, {"reward_id_": 1, "item_type_": 9, "item_id_": 46, "item_num_": 1}, {"reward_id_": 2, "item_type_": 1, "item_id_": 0, "item_num_": 100}, {"reward_id_": 3, "item_type_": 27, "item_id_": 10, "item_num_": 125}, {"reward_id_": 4, "item_type_": 27, "item_id_": 110, "item_num_": 12}, {"reward_id_": 5, "item_type_": 4, "item_id_": 21, "item_num_": 100}, {"reward_id_": 6, "item_type_": 4, "item_id_": 31, "item_num_": 100}, {"reward_id_": 7, "item_type_": 4, "item_id_": 41, "item_num_": 100}]}, {"reward_table_id_": 2102, "table_": [{"reward_id_": 0, "item_type_": 8, "item_id_": 2, "item_num_": 4000}, {"reward_id_": 1, "item_type_": 9, "item_id_": 46, "item_num_": 1}, {"reward_id_": 2, "item_type_": 27, "item_id_": 10, "item_num_": 50}, {"reward_id_": 3, "item_type_": 27, "item_id_": 110, "item_num_": 12}, {"reward_id_": 4, "item_type_": 4, "item_id_": 1, "item_num_": 100}, {"reward_id_": 5, "item_type_": 4, "item_id_": 11, "item_num_": 100}]}, {"reward_table_id_": 3101, "table_": [{"reward_id_": 0, "item_type_": 8, "item_id_": 2, "item_num_": 6000}, {"reward_id_": 1, "item_type_": 9, "item_id_": 46, "item_num_": 1}, {"reward_id_": 2, "item_type_": 1, "item_id_": 0, "item_num_": 100}, {"reward_id_": 3, "item_type_": 27, "item_id_": 10, "item_num_": 150}, {"reward_id_": 4, "item_type_": 27, "item_id_": 110, "item_num_": 18}, {"reward_id_": 5, "item_type_": 4, "item_id_": 22, "item_num_": 100}, {"reward_id_": 6, "item_type_": 4, "item_id_": 32, "item_num_": 100}, {"reward_id_": 7, "item_type_": 4, "item_id_": 42, "item_num_": 100}]}, {"reward_table_id_": 3102, "table_": [{"reward_id_": 0, "item_type_": 8, "item_id_": 2, "item_num_": 4000}, {"reward_id_": 1, "item_type_": 9, "item_id_": 46, "item_num_": 1}, {"reward_id_": 2, "item_type_": 27, "item_id_": 10, "item_num_": 75}, {"reward_id_": 3, "item_type_": 27, "item_id_": 110, "item_num_": 12}, {"reward_id_": 4, "item_type_": 4, "item_id_": 2, "item_num_": 100}, {"reward_id_": 5, "item_type_": 4, "item_id_": 12, "item_num_": 100}]}, {"reward_table_id_": 4101, "table_": [{"reward_id_": 0, "item_type_": 8, "item_id_": 2, "item_num_": 7000}, {"reward_id_": 1, "item_type_": 9, "item_id_": 46, "item_num_": 1}, {"reward_id_": 2, "item_type_": 1, "item_id_": 0, "item_num_": 100}, {"reward_id_": 3, "item_type_": 27, "item_id_": 10, "item_num_": 175}, {"reward_id_": 4, "item_type_": 27, "item_id_": 110, "item_num_": 24}]}, {"reward_table_id_": 4102, "table_": [{"reward_id_": 0, "item_type_": 8, "item_id_": 2, "item_num_": 5000}, {"reward_id_": 1, "item_type_": 9, "item_id_": 46, "item_num_": 1}, {"reward_id_": 2, "item_type_": 27, "item_id_": 10, "item_num_": 100}, {"reward_id_": 3, "item_type_": 27, "item_id_": 110, "item_num_": 18}]}, {"reward_table_id_": 4103, "table_": [{"reward_id_": 0, "item_type_": 8, "item_id_": 2, "item_num_": 2000}, {"reward_id_": 1, "item_type_": 9, "item_id_": 46, "item_num_": 1}, {"reward_id_": 2, "item_type_": 27, "item_id_": 10, "item_num_": 20}, {"reward_id_": 3, "item_type_": 27, "item_id_": 110, "item_num_": 6}]}, {"reward_table_id_": 4104, "table_": [{"reward_id_": 0, "item_type_": 8, "item_id_": 2, "item_num_": 1000}, {"reward_id_": 1, "item_type_": 9, "item_id_": 46, "item_num_": 1}, {"reward_id_": 2, "item_type_": 27, "item_id_": 10, "item_num_": 10}]}, {"reward_table_id_": 5102, "table_": [{"reward_id_": 0, "item_type_": 8, "item_id_": 2, "item_num_": 6000}, {"reward_id_": 1, "item_type_": 9, "item_id_": 46, "item_num_": 1}, {"reward_id_": 2, "item_type_": 27, "item_id_": 10, "item_num_": 150}, {"reward_id_": 3, "item_type_": 27, "item_id_": 110, "item_num_": 18}]}, {"reward_table_id_": 5103, "table_": [{"reward_id_": 0, "item_type_": 8, "item_id_": 2, "item_num_": 2000}, {"reward_id_": 1, "item_type_": 9, "item_id_": 46, "item_num_": 1}, {"reward_id_": 2, "item_type_": 27, "item_id_": 10, "item_num_": 20}, {"reward_id_": 3, "item_type_": 27, "item_id_": 110, "item_num_": 12}]}, {"reward_table_id_": 1301, "table_": [{"reward_id_": 0, "item_type_": 8, "item_id_": 2, "item_num_": 4000}, {"reward_id_": 1, "item_type_": 9, "item_id_": 46, "item_num_": 1}, {"reward_id_": 2, "item_type_": 1, "item_id_": 0, "item_num_": 100}, {"reward_id_": 3, "item_type_": 27, "item_id_": 30, "item_num_": 100}, {"reward_id_": 4, "item_type_": 27, "item_id_": 130, "item_num_": 6}, {"reward_id_": 5, "item_type_": 4, "item_id_": 20, "item_num_": 100}, {"reward_id_": 6, "item_type_": 4, "item_id_": 30, "item_num_": 100}, {"reward_id_": 7, "item_type_": 4, "item_id_": 40, "item_num_": 100}]}, {"reward_table_id_": 1302, "table_": [{"reward_id_": 0, "item_type_": 8, "item_id_": 2, "item_num_": 3000}, {"reward_id_": 1, "item_type_": 27, "item_id_": 30, "item_num_": 25}, {"reward_id_": 2, "item_type_": 27, "item_id_": 130, "item_num_": 6}, {"reward_id_": 3, "item_type_": 4, "item_id_": 0, "item_num_": 100}, {"reward_id_": 4, "item_type_": 4, "item_id_": 10, "item_num_": 100}]}, {"reward_table_id_": 1303, "table_": [{"reward_id_": 0, "item_type_": 8, "item_id_": 2, "item_num_": 2000}, {"reward_id_": 1, "item_type_": 27, "item_id_": 30, "item_num_": 20}, {"reward_id_": 2, "item_type_": 27, "item_id_": 130, "item_num_": 6}]}, {"reward_table_id_": 1304, "table_": [{"reward_id_": 0, "item_type_": 8, "item_id_": 2, "item_num_": 1000}, {"reward_id_": 1, "item_type_": 27, "item_id_": 30, "item_num_": 10}]}, {"reward_table_id_": 2301, "table_": [{"reward_id_": 0, "item_type_": 8, "item_id_": 2, "item_num_": 5000}, {"reward_id_": 1, "item_type_": 9, "item_id_": 46, "item_num_": 1}, {"reward_id_": 2, "item_type_": 1, "item_id_": 0, "item_num_": 100}, {"reward_id_": 3, "item_type_": 27, "item_id_": 30, "item_num_": 125}, {"reward_id_": 4, "item_type_": 27, "item_id_": 130, "item_num_": 12}, {"reward_id_": 5, "item_type_": 4, "item_id_": 21, "item_num_": 100}, {"reward_id_": 6, "item_type_": 4, "item_id_": 31, "item_num_": 100}, {"reward_id_": 7, "item_type_": 4, "item_id_": 41, "item_num_": 100}]}, {"reward_table_id_": 2302, "table_": [{"reward_id_": 0, "item_type_": 8, "item_id_": 2, "item_num_": 4000}, {"reward_id_": 1, "item_type_": 9, "item_id_": 46, "item_num_": 1}, {"reward_id_": 2, "item_type_": 27, "item_id_": 30, "item_num_": 50}, {"reward_id_": 3, "item_type_": 27, "item_id_": 130, "item_num_": 12}, {"reward_id_": 4, "item_type_": 4, "item_id_": 1, "item_num_": 100}, {"reward_id_": 5, "item_type_": 4, "item_id_": 11, "item_num_": 100}]}, {"reward_table_id_": 3301, "table_": [{"reward_id_": 0, "item_type_": 8, "item_id_": 2, "item_num_": 6000}, {"reward_id_": 1, "item_type_": 9, "item_id_": 46, "item_num_": 1}, {"reward_id_": 2, "item_type_": 1, "item_id_": 0, "item_num_": 100}, {"reward_id_": 3, "item_type_": 27, "item_id_": 30, "item_num_": 150}, {"reward_id_": 4, "item_type_": 27, "item_id_": 130, "item_num_": 18}, {"reward_id_": 5, "item_type_": 4, "item_id_": 22, "item_num_": 100}, {"reward_id_": 6, "item_type_": 4, "item_id_": 32, "item_num_": 100}, {"reward_id_": 7, "item_type_": 4, "item_id_": 42, "item_num_": 100}]}, {"reward_table_id_": 3302, "table_": [{"reward_id_": 0, "item_type_": 8, "item_id_": 2, "item_num_": 4000}, {"reward_id_": 1, "item_type_": 9, "item_id_": 46, "item_num_": 1}, {"reward_id_": 2, "item_type_": 27, "item_id_": 30, "item_num_": 75}, {"reward_id_": 3, "item_type_": 27, "item_id_": 130, "item_num_": 12}, {"reward_id_": 4, "item_type_": 4, "item_id_": 2, "item_num_": 100}, {"reward_id_": 5, "item_type_": 4, "item_id_": 12, "item_num_": 100}]}, {"reward_table_id_": 4301, "table_": [{"reward_id_": 0, "item_type_": 8, "item_id_": 2, "item_num_": 7000}, {"reward_id_": 1, "item_type_": 9, "item_id_": 46, "item_num_": 1}, {"reward_id_": 2, "item_type_": 1, "item_id_": 0, "item_num_": 100}, {"reward_id_": 3, "item_type_": 27, "item_id_": 30, "item_num_": 175}, {"reward_id_": 4, "item_type_": 27, "item_id_": 130, "item_num_": 24}]}, {"reward_table_id_": 4302, "table_": [{"reward_id_": 0, "item_type_": 8, "item_id_": 2, "item_num_": 5000}, {"reward_id_": 1, "item_type_": 9, "item_id_": 46, "item_num_": 1}, {"reward_id_": 2, "item_type_": 27, "item_id_": 30, "item_num_": 100}, {"reward_id_": 3, "item_type_": 27, "item_id_": 130, "item_num_": 18}]}, {"reward_table_id_": 4303, "table_": [{"reward_id_": 0, "item_type_": 8, "item_id_": 2, "item_num_": 2000}, {"reward_id_": 1, "item_type_": 9, "item_id_": 46, "item_num_": 1}, {"reward_id_": 2, "item_type_": 27, "item_id_": 30, "item_num_": 20}, {"reward_id_": 3, "item_type_": 27, "item_id_": 130, "item_num_": 6}]}, {"reward_table_id_": 4304, "table_": [{"reward_id_": 0, "item_type_": 8, "item_id_": 2, "item_num_": 1000}, {"reward_id_": 1, "item_type_": 9, "item_id_": 46, "item_num_": 1}, {"reward_id_": 2, "item_type_": 27, "item_id_": 30, "item_num_": 10}]}, {"reward_table_id_": 5302, "table_": [{"reward_id_": 0, "item_type_": 8, "item_id_": 2, "item_num_": 6000}, {"reward_id_": 1, "item_type_": 9, "item_id_": 46, "item_num_": 1}, {"reward_id_": 2, "item_type_": 27, "item_id_": 30, "item_num_": 150}, {"reward_id_": 3, "item_type_": 27, "item_id_": 130, "item_num_": 18}]}, {"reward_table_id_": 5303, "table_": [{"reward_id_": 0, "item_type_": 8, "item_id_": 2, "item_num_": 2000}, {"reward_id_": 1, "item_type_": 9, "item_id_": 46, "item_num_": 1}, {"reward_id_": 2, "item_type_": 27, "item_id_": 30, "item_num_": 20}, {"reward_id_": 3, "item_type_": 27, "item_id_": 130, "item_num_": 12}]}, {"reward_table_id_": 1401, "table_": [{"reward_id_": 0, "item_type_": 8, "item_id_": 2, "item_num_": 4000}, {"reward_id_": 1, "item_type_": 9, "item_id_": 46, "item_num_": 1}, {"reward_id_": 2, "item_type_": 1, "item_id_": 0, "item_num_": 100}, {"reward_id_": 3, "item_type_": 27, "item_id_": 40, "item_num_": 100}, {"reward_id_": 4, "item_type_": 27, "item_id_": 140, "item_num_": 6}, {"reward_id_": 5, "item_type_": 4, "item_id_": 20, "item_num_": 100}, {"reward_id_": 6, "item_type_": 4, "item_id_": 30, "item_num_": 100}, {"reward_id_": 7, "item_type_": 4, "item_id_": 40, "item_num_": 100}]}, {"reward_table_id_": 1402, "table_": [{"reward_id_": 0, "item_type_": 8, "item_id_": 2, "item_num_": 3000}, {"reward_id_": 1, "item_type_": 27, "item_id_": 40, "item_num_": 25}, {"reward_id_": 2, "item_type_": 27, "item_id_": 140, "item_num_": 6}, {"reward_id_": 3, "item_type_": 4, "item_id_": 0, "item_num_": 100}, {"reward_id_": 4, "item_type_": 4, "item_id_": 10, "item_num_": 100}]}, {"reward_table_id_": 1403, "table_": [{"reward_id_": 0, "item_type_": 8, "item_id_": 2, "item_num_": 2000}, {"reward_id_": 1, "item_type_": 27, "item_id_": 40, "item_num_": 20}, {"reward_id_": 2, "item_type_": 27, "item_id_": 140, "item_num_": 6}]}, {"reward_table_id_": 1404, "table_": [{"reward_id_": 0, "item_type_": 8, "item_id_": 2, "item_num_": 1000}, {"reward_id_": 1, "item_type_": 27, "item_id_": 40, "item_num_": 10}]}, {"reward_table_id_": 2401, "table_": [{"reward_id_": 0, "item_type_": 8, "item_id_": 2, "item_num_": 5000}, {"reward_id_": 1, "item_type_": 9, "item_id_": 46, "item_num_": 1}, {"reward_id_": 2, "item_type_": 1, "item_id_": 0, "item_num_": 100}, {"reward_id_": 3, "item_type_": 27, "item_id_": 40, "item_num_": 125}, {"reward_id_": 4, "item_type_": 27, "item_id_": 140, "item_num_": 12}, {"reward_id_": 5, "item_type_": 4, "item_id_": 21, "item_num_": 100}, {"reward_id_": 6, "item_type_": 4, "item_id_": 31, "item_num_": 100}, {"reward_id_": 7, "item_type_": 4, "item_id_": 41, "item_num_": 100}]}, {"reward_table_id_": 2402, "table_": [{"reward_id_": 0, "item_type_": 8, "item_id_": 2, "item_num_": 4000}, {"reward_id_": 1, "item_type_": 9, "item_id_": 46, "item_num_": 1}, {"reward_id_": 2, "item_type_": 27, "item_id_": 40, "item_num_": 50}, {"reward_id_": 3, "item_type_": 27, "item_id_": 140, "item_num_": 12}, {"reward_id_": 4, "item_type_": 4, "item_id_": 1, "item_num_": 100}, {"reward_id_": 5, "item_type_": 4, "item_id_": 11, "item_num_": 100}]}, {"reward_table_id_": 3401, "table_": [{"reward_id_": 0, "item_type_": 8, "item_id_": 2, "item_num_": 6000}, {"reward_id_": 1, "item_type_": 9, "item_id_": 46, "item_num_": 1}, {"reward_id_": 2, "item_type_": 1, "item_id_": 0, "item_num_": 100}, {"reward_id_": 3, "item_type_": 27, "item_id_": 40, "item_num_": 150}, {"reward_id_": 4, "item_type_": 27, "item_id_": 140, "item_num_": 18}, {"reward_id_": 5, "item_type_": 4, "item_id_": 22, "item_num_": 100}, {"reward_id_": 6, "item_type_": 4, "item_id_": 32, "item_num_": 100}, {"reward_id_": 7, "item_type_": 4, "item_id_": 42, "item_num_": 100}]}, {"reward_table_id_": 3402, "table_": [{"reward_id_": 0, "item_type_": 8, "item_id_": 2, "item_num_": 4000}, {"reward_id_": 1, "item_type_": 9, "item_id_": 46, "item_num_": 1}, {"reward_id_": 2, "item_type_": 27, "item_id_": 40, "item_num_": 75}, {"reward_id_": 3, "item_type_": 27, "item_id_": 140, "item_num_": 12}, {"reward_id_": 4, "item_type_": 4, "item_id_": 2, "item_num_": 100}, {"reward_id_": 5, "item_type_": 4, "item_id_": 12, "item_num_": 100}]}, {"reward_table_id_": 4401, "table_": [{"reward_id_": 0, "item_type_": 8, "item_id_": 2, "item_num_": 7000}, {"reward_id_": 1, "item_type_": 9, "item_id_": 46, "item_num_": 1}, {"reward_id_": 2, "item_type_": 1, "item_id_": 0, "item_num_": 100}, {"reward_id_": 3, "item_type_": 27, "item_id_": 40, "item_num_": 175}, {"reward_id_": 4, "item_type_": 27, "item_id_": 140, "item_num_": 24}]}, {"reward_table_id_": 4402, "table_": [{"reward_id_": 0, "item_type_": 8, "item_id_": 2, "item_num_": 5000}, {"reward_id_": 1, "item_type_": 9, "item_id_": 46, "item_num_": 1}, {"reward_id_": 2, "item_type_": 27, "item_id_": 40, "item_num_": 100}, {"reward_id_": 3, "item_type_": 27, "item_id_": 140, "item_num_": 18}]}, {"reward_table_id_": 4403, "table_": [{"reward_id_": 0, "item_type_": 8, "item_id_": 2, "item_num_": 2000}, {"reward_id_": 1, "item_type_": 9, "item_id_": 46, "item_num_": 1}, {"reward_id_": 2, "item_type_": 27, "item_id_": 40, "item_num_": 20}, {"reward_id_": 3, "item_type_": 27, "item_id_": 140, "item_num_": 6}]}, {"reward_table_id_": 4404, "table_": [{"reward_id_": 0, "item_type_": 8, "item_id_": 2, "item_num_": 1000}, {"reward_id_": 1, "item_type_": 9, "item_id_": 46, "item_num_": 1}, {"reward_id_": 2, "item_type_": 27, "item_id_": 40, "item_num_": 10}]}, {"reward_table_id_": 5402, "table_": [{"reward_id_": 0, "item_type_": 8, "item_id_": 2, "item_num_": 6000}, {"reward_id_": 1, "item_type_": 9, "item_id_": 46, "item_num_": 1}, {"reward_id_": 2, "item_type_": 27, "item_id_": 40, "item_num_": 150}, {"reward_id_": 3, "item_type_": 27, "item_id_": 140, "item_num_": 18}]}, {"reward_table_id_": 5403, "table_": [{"reward_id_": 0, "item_type_": 8, "item_id_": 2, "item_num_": 2000}, {"reward_id_": 1, "item_type_": 9, "item_id_": 46, "item_num_": 1}, {"reward_id_": 2, "item_type_": 27, "item_id_": 40, "item_num_": 20}, {"reward_id_": 3, "item_type_": 27, "item_id_": 140, "item_num_": 12}]}, {"reward_table_id_": 1411, "table_": [{"reward_id_": 0, "item_type_": 8, "item_id_": 2, "item_num_": 4000}, {"reward_id_": 1, "item_type_": 9, "item_id_": 46, "item_num_": 2}, {"reward_id_": 2, "item_type_": 1, "item_id_": 0, "item_num_": 100}, {"reward_id_": 3, "item_type_": 27, "item_id_": 40, "item_num_": 100}, {"reward_id_": 4, "item_type_": 27, "item_id_": 140, "item_num_": 6}, {"reward_id_": 5, "item_type_": 4, "item_id_": 20, "item_num_": 100}, {"reward_id_": 6, "item_type_": 4, "item_id_": 30, "item_num_": 100}, {"reward_id_": 7, "item_type_": 4, "item_id_": 40, "item_num_": 100}]}, {"reward_table_id_": 2411, "table_": [{"reward_id_": 0, "item_type_": 8, "item_id_": 2, "item_num_": 5000}, {"reward_id_": 1, "item_type_": 9, "item_id_": 46, "item_num_": 2}, {"reward_id_": 2, "item_type_": 1, "item_id_": 0, "item_num_": 100}, {"reward_id_": 3, "item_type_": 27, "item_id_": 40, "item_num_": 125}, {"reward_id_": 4, "item_type_": 27, "item_id_": 140, "item_num_": 12}, {"reward_id_": 5, "item_type_": 4, "item_id_": 21, "item_num_": 100}, {"reward_id_": 6, "item_type_": 4, "item_id_": 31, "item_num_": 100}, {"reward_id_": 7, "item_type_": 4, "item_id_": 41, "item_num_": 100}]}, {"reward_table_id_": 2412, "table_": [{"reward_id_": 0, "item_type_": 8, "item_id_": 2, "item_num_": 4000}, {"reward_id_": 1, "item_type_": 9, "item_id_": 46, "item_num_": 2}, {"reward_id_": 2, "item_type_": 27, "item_id_": 40, "item_num_": 50}, {"reward_id_": 3, "item_type_": 27, "item_id_": 140, "item_num_": 12}, {"reward_id_": 4, "item_type_": 4, "item_id_": 1, "item_num_": 100}, {"reward_id_": 5, "item_type_": 4, "item_id_": 11, "item_num_": 100}]}, {"reward_table_id_": 3411, "table_": [{"reward_id_": 0, "item_type_": 8, "item_id_": 2, "item_num_": 6000}, {"reward_id_": 1, "item_type_": 9, "item_id_": 46, "item_num_": 2}, {"reward_id_": 2, "item_type_": 1, "item_id_": 0, "item_num_": 100}, {"reward_id_": 3, "item_type_": 27, "item_id_": 40, "item_num_": 150}, {"reward_id_": 4, "item_type_": 27, "item_id_": 140, "item_num_": 18}, {"reward_id_": 5, "item_type_": 4, "item_id_": 22, "item_num_": 100}, {"reward_id_": 6, "item_type_": 4, "item_id_": 32, "item_num_": 100}, {"reward_id_": 7, "item_type_": 4, "item_id_": 42, "item_num_": 100}]}, {"reward_table_id_": 3412, "table_": [{"reward_id_": 0, "item_type_": 8, "item_id_": 2, "item_num_": 4000}, {"reward_id_": 1, "item_type_": 9, "item_id_": 46, "item_num_": 2}, {"reward_id_": 2, "item_type_": 27, "item_id_": 40, "item_num_": 75}, {"reward_id_": 3, "item_type_": 27, "item_id_": 140, "item_num_": 12}, {"reward_id_": 4, "item_type_": 4, "item_id_": 2, "item_num_": 100}, {"reward_id_": 5, "item_type_": 4, "item_id_": 12, "item_num_": 100}]}, {"reward_table_id_": 4411, "table_": [{"reward_id_": 0, "item_type_": 8, "item_id_": 2, "item_num_": 7000}, {"reward_id_": 1, "item_type_": 9, "item_id_": 46, "item_num_": 2}, {"reward_id_": 2, "item_type_": 1, "item_id_": 0, "item_num_": 100}, {"reward_id_": 3, "item_type_": 27, "item_id_": 40, "item_num_": 175}, {"reward_id_": 4, "item_type_": 27, "item_id_": 140, "item_num_": 24}]}, {"reward_table_id_": 4412, "table_": [{"reward_id_": 0, "item_type_": 8, "item_id_": 2, "item_num_": 5000}, {"reward_id_": 1, "item_type_": 9, "item_id_": 46, "item_num_": 2}, {"reward_id_": 2, "item_type_": 27, "item_id_": 40, "item_num_": 100}, {"reward_id_": 3, "item_type_": 27, "item_id_": 140, "item_num_": 18}]}, {"reward_table_id_": 4413, "table_": [{"reward_id_": 0, "item_type_": 8, "item_id_": 2, "item_num_": 2000}, {"reward_id_": 1, "item_type_": 9, "item_id_": 46, "item_num_": 2}, {"reward_id_": 2, "item_type_": 27, "item_id_": 40, "item_num_": 20}, {"reward_id_": 3, "item_type_": 27, "item_id_": 140, "item_num_": 6}]}, {"reward_table_id_": 4414, "table_": [{"reward_id_": 0, "item_type_": 8, "item_id_": 2, "item_num_": 1000}, {"reward_id_": 1, "item_type_": 9, "item_id_": 46, "item_num_": 2}, {"reward_id_": 2, "item_type_": 27, "item_id_": 40, "item_num_": 10}]}, {"reward_table_id_": 5412, "table_": [{"reward_id_": 0, "item_type_": 8, "item_id_": 2, "item_num_": 6000}, {"reward_id_": 1, "item_type_": 9, "item_id_": 46, "item_num_": 2}, {"reward_id_": 2, "item_type_": 27, "item_id_": 40, "item_num_": 150}, {"reward_id_": 3, "item_type_": 27, "item_id_": 140, "item_num_": 18}]}, {"reward_table_id_": 5413, "table_": [{"reward_id_": 0, "item_type_": 8, "item_id_": 2, "item_num_": 2000}, {"reward_id_": 1, "item_type_": 9, "item_id_": 46, "item_num_": 2}, {"reward_id_": 2, "item_type_": 27, "item_id_": 40, "item_num_": 20}, {"reward_id_": 3, "item_type_": 27, "item_id_": 140, "item_num_": 12}]}, {"reward_table_id_": 1311, "table_": [{"reward_id_": 0, "item_type_": 8, "item_id_": 2, "item_num_": 4000}, {"reward_id_": 1, "item_type_": 1, "item_id_": 0, "item_num_": 100}, {"reward_id_": 2, "item_type_": 27, "item_id_": 30, "item_num_": 100}, {"reward_id_": 3, "item_type_": 27, "item_id_": 130, "item_num_": 6}, {"reward_id_": 4, "item_type_": 4, "item_id_": 20, "item_num_": 100}, {"reward_id_": 5, "item_type_": 4, "item_id_": 30, "item_num_": 100}, {"reward_id_": 6, "item_type_": 4, "item_id_": 40, "item_num_": 100}]}, {"reward_table_id_": 1312, "table_": [{"reward_id_": 0, "item_type_": 8, "item_id_": 2, "item_num_": 3000}, {"reward_id_": 1, "item_type_": 27, "item_id_": 30, "item_num_": 25}, {"reward_id_": 2, "item_type_": 27, "item_id_": 130, "item_num_": 6}, {"reward_id_": 3, "item_type_": 4, "item_id_": 0, "item_num_": 100}, {"reward_id_": 4, "item_type_": 4, "item_id_": 10, "item_num_": 100}]}, {"reward_table_id_": 1313, "table_": [{"reward_id_": 0, "item_type_": 8, "item_id_": 2, "item_num_": 2000}, {"reward_id_": 1, "item_type_": 27, "item_id_": 30, "item_num_": 20}, {"reward_id_": 2, "item_type_": 27, "item_id_": 130, "item_num_": 6}]}, {"reward_table_id_": 1314, "table_": [{"reward_id_": 0, "item_type_": 8, "item_id_": 2, "item_num_": 1000}, {"reward_id_": 1, "item_type_": 27, "item_id_": 30, "item_num_": 10}]}, {"reward_table_id_": 1318, "table_": [{"reward_id_": 0, "item_type_": 23, "item_id_": 4000101, "item_num_": 1}, {"reward_id_": 1, "item_type_": 9, "item_id_": 57, "item_num_": 2}]}, {"reward_table_id_": 2311, "table_": [{"reward_id_": 0, "item_type_": 8, "item_id_": 2, "item_num_": 5000}, {"reward_id_": 1, "item_type_": 1, "item_id_": 0, "item_num_": 100}, {"reward_id_": 2, "item_type_": 27, "item_id_": 30, "item_num_": 125}, {"reward_id_": 3, "item_type_": 27, "item_id_": 130, "item_num_": 12}, {"reward_id_": 4, "item_type_": 4, "item_id_": 21, "item_num_": 100}, {"reward_id_": 5, "item_type_": 4, "item_id_": 31, "item_num_": 100}, {"reward_id_": 6, "item_type_": 4, "item_id_": 41, "item_num_": 100}]}, {"reward_table_id_": 2312, "table_": [{"reward_id_": 0, "item_type_": 8, "item_id_": 2, "item_num_": 4000}, {"reward_id_": 1, "item_type_": 27, "item_id_": 30, "item_num_": 50}, {"reward_id_": 2, "item_type_": 27, "item_id_": 130, "item_num_": 12}, {"reward_id_": 3, "item_type_": 4, "item_id_": 1, "item_num_": 100}, {"reward_id_": 4, "item_type_": 4, "item_id_": 11, "item_num_": 100}]}, {"reward_table_id_": 2318, "table_": [{"reward_id_": 0, "item_type_": 9, "item_id_": 57, "item_num_": 2}]}, {"reward_table_id_": 3311, "table_": [{"reward_id_": 0, "item_type_": 8, "item_id_": 2, "item_num_": 6000}, {"reward_id_": 1, "item_type_": 1, "item_id_": 0, "item_num_": 100}, {"reward_id_": 2, "item_type_": 27, "item_id_": 30, "item_num_": 150}, {"reward_id_": 3, "item_type_": 27, "item_id_": 130, "item_num_": 18}, {"reward_id_": 4, "item_type_": 4, "item_id_": 22, "item_num_": 100}, {"reward_id_": 5, "item_type_": 4, "item_id_": 32, "item_num_": 100}, {"reward_id_": 6, "item_type_": 4, "item_id_": 42, "item_num_": 100}]}, {"reward_table_id_": 3312, "table_": [{"reward_id_": 0, "item_type_": 8, "item_id_": 2, "item_num_": 4000}, {"reward_id_": 1, "item_type_": 27, "item_id_": 30, "item_num_": 75}, {"reward_id_": 2, "item_type_": 27, "item_id_": 130, "item_num_": 12}, {"reward_id_": 3, "item_type_": 4, "item_id_": 2, "item_num_": 100}, {"reward_id_": 4, "item_type_": 4, "item_id_": 12, "item_num_": 100}]}, {"reward_table_id_": 4311, "table_": [{"reward_id_": 0, "item_type_": 8, "item_id_": 2, "item_num_": 7000}, {"reward_id_": 1, "item_type_": 1, "item_id_": 0, "item_num_": 100}, {"reward_id_": 2, "item_type_": 27, "item_id_": 30, "item_num_": 175}, {"reward_id_": 3, "item_type_": 27, "item_id_": 130, "item_num_": 24}]}, {"reward_table_id_": 4312, "table_": [{"reward_id_": 0, "item_type_": 8, "item_id_": 2, "item_num_": 5000}, {"reward_id_": 1, "item_type_": 27, "item_id_": 30, "item_num_": 100}, {"reward_id_": 2, "item_type_": 27, "item_id_": 130, "item_num_": 18}]}, {"reward_table_id_": 4318, "table_": [{"reward_id_": 0, "item_type_": 9, "item_id_": 57, "item_num_": 2}, {"reward_id_": 1, "item_type_": 19, "item_id_": 3, "item_num_": 1}]}, {"reward_table_id_": 5312, "table_": [{"reward_id_": 0, "item_type_": 8, "item_id_": 2, "item_num_": 6000}, {"reward_id_": 1, "item_type_": 27, "item_id_": 30, "item_num_": 150}, {"reward_id_": 2, "item_type_": 27, "item_id_": 130, "item_num_": 18}]}, {"reward_table_id_": 5313, "table_": [{"reward_id_": 0, "item_type_": 8, "item_id_": 2, "item_num_": 2000}, {"reward_id_": 1, "item_type_": 27, "item_id_": 30, "item_num_": 20}, {"reward_id_": 2, "item_type_": 27, "item_id_": 130, "item_num_": 12}]}, {"reward_table_id_": 1321, "table_": [{"reward_id_": 0, "item_type_": 8, "item_id_": 2, "item_num_": 4000}, {"reward_id_": 1, "item_type_": 9, "item_id_": 46, "item_num_": 2}, {"reward_id_": 2, "item_type_": 1, "item_id_": 0, "item_num_": 100}, {"reward_id_": 3, "item_type_": 27, "item_id_": 30, "item_num_": 100}, {"reward_id_": 4, "item_type_": 27, "item_id_": 130, "item_num_": 6}, {"reward_id_": 5, "item_type_": 4, "item_id_": 20, "item_num_": 100}, {"reward_id_": 6, "item_type_": 4, "item_id_": 30, "item_num_": 100}, {"reward_id_": 7, "item_type_": 4, "item_id_": 40, "item_num_": 100}]}, {"reward_table_id_": 1322, "table_": [{"reward_id_": 0, "item_type_": 8, "item_id_": 2, "item_num_": 3000}, {"reward_id_": 1, "item_type_": 27, "item_id_": 30, "item_num_": 25}, {"reward_id_": 2, "item_type_": 27, "item_id_": 130, "item_num_": 6}, {"reward_id_": 3, "item_type_": 4, "item_id_": 0, "item_num_": 100}, {"reward_id_": 4, "item_type_": 4, "item_id_": 10, "item_num_": 100}]}, {"reward_table_id_": 1323, "table_": [{"reward_id_": 0, "item_type_": 8, "item_id_": 2, "item_num_": 2000}, {"reward_id_": 1, "item_type_": 27, "item_id_": 30, "item_num_": 20}, {"reward_id_": 2, "item_type_": 27, "item_id_": 130, "item_num_": 6}]}, {"reward_table_id_": 1324, "table_": [{"reward_id_": 0, "item_type_": 8, "item_id_": 2, "item_num_": 1000}, {"reward_id_": 1, "item_type_": 27, "item_id_": 30, "item_num_": 10}]}, {"reward_table_id_": 2321, "table_": [{"reward_id_": 0, "item_type_": 8, "item_id_": 2, "item_num_": 5000}, {"reward_id_": 1, "item_type_": 9, "item_id_": 46, "item_num_": 2}, {"reward_id_": 2, "item_type_": 1, "item_id_": 0, "item_num_": 100}, {"reward_id_": 3, "item_type_": 27, "item_id_": 30, "item_num_": 125}, {"reward_id_": 4, "item_type_": 27, "item_id_": 130, "item_num_": 12}, {"reward_id_": 5, "item_type_": 4, "item_id_": 21, "item_num_": 100}, {"reward_id_": 6, "item_type_": 4, "item_id_": 31, "item_num_": 100}, {"reward_id_": 7, "item_type_": 4, "item_id_": 41, "item_num_": 100}]}, {"reward_table_id_": 2322, "table_": [{"reward_id_": 0, "item_type_": 8, "item_id_": 2, "item_num_": 4000}, {"reward_id_": 1, "item_type_": 9, "item_id_": 46, "item_num_": 2}, {"reward_id_": 2, "item_type_": 27, "item_id_": 30, "item_num_": 50}, {"reward_id_": 3, "item_type_": 27, "item_id_": 130, "item_num_": 12}, {"reward_id_": 4, "item_type_": 4, "item_id_": 1, "item_num_": 100}, {"reward_id_": 5, "item_type_": 4, "item_id_": 11, "item_num_": 100}]}, {"reward_table_id_": 3321, "table_": [{"reward_id_": 0, "item_type_": 8, "item_id_": 2, "item_num_": 6000}, {"reward_id_": 1, "item_type_": 9, "item_id_": 46, "item_num_": 2}, {"reward_id_": 2, "item_type_": 1, "item_id_": 0, "item_num_": 100}, {"reward_id_": 3, "item_type_": 27, "item_id_": 30, "item_num_": 150}, {"reward_id_": 4, "item_type_": 27, "item_id_": 130, "item_num_": 18}, {"reward_id_": 5, "item_type_": 4, "item_id_": 22, "item_num_": 100}, {"reward_id_": 6, "item_type_": 4, "item_id_": 32, "item_num_": 100}, {"reward_id_": 7, "item_type_": 4, "item_id_": 42, "item_num_": 100}]}, {"reward_table_id_": 3322, "table_": [{"reward_id_": 0, "item_type_": 8, "item_id_": 2, "item_num_": 4000}, {"reward_id_": 1, "item_type_": 9, "item_id_": 46, "item_num_": 2}, {"reward_id_": 2, "item_type_": 27, "item_id_": 30, "item_num_": 75}, {"reward_id_": 3, "item_type_": 27, "item_id_": 130, "item_num_": 12}, {"reward_id_": 4, "item_type_": 4, "item_id_": 2, "item_num_": 100}, {"reward_id_": 5, "item_type_": 4, "item_id_": 12, "item_num_": 100}]}, {"reward_table_id_": 4321, "table_": [{"reward_id_": 0, "item_type_": 8, "item_id_": 2, "item_num_": 7000}, {"reward_id_": 1, "item_type_": 9, "item_id_": 46, "item_num_": 2}, {"reward_id_": 2, "item_type_": 1, "item_id_": 0, "item_num_": 100}, {"reward_id_": 3, "item_type_": 27, "item_id_": 30, "item_num_": 175}, {"reward_id_": 4, "item_type_": 27, "item_id_": 130, "item_num_": 24}]}, {"reward_table_id_": 4322, "table_": [{"reward_id_": 0, "item_type_": 8, "item_id_": 2, "item_num_": 5000}, {"reward_id_": 1, "item_type_": 9, "item_id_": 46, "item_num_": 2}, {"reward_id_": 2, "item_type_": 27, "item_id_": 30, "item_num_": 100}, {"reward_id_": 3, "item_type_": 27, "item_id_": 130, "item_num_": 18}]}, {"reward_table_id_": 4323, "table_": [{"reward_id_": 0, "item_type_": 8, "item_id_": 2, "item_num_": 2000}, {"reward_id_": 1, "item_type_": 9, "item_id_": 46, "item_num_": 2}, {"reward_id_": 2, "item_type_": 27, "item_id_": 30, "item_num_": 20}, {"reward_id_": 3, "item_type_": 27, "item_id_": 130, "item_num_": 6}]}, {"reward_table_id_": 4324, "table_": [{"reward_id_": 0, "item_type_": 8, "item_id_": 2, "item_num_": 1000}, {"reward_id_": 1, "item_type_": 9, "item_id_": 46, "item_num_": 2}, {"reward_id_": 2, "item_type_": 27, "item_id_": 30, "item_num_": 10}]}, {"reward_table_id_": 5322, "table_": [{"reward_id_": 0, "item_type_": 8, "item_id_": 2, "item_num_": 6000}, {"reward_id_": 1, "item_type_": 9, "item_id_": 46, "item_num_": 2}, {"reward_id_": 2, "item_type_": 27, "item_id_": 30, "item_num_": 150}, {"reward_id_": 3, "item_type_": 27, "item_id_": 130, "item_num_": 18}]}, {"reward_table_id_": 5323, "table_": [{"reward_id_": 0, "item_type_": 8, "item_id_": 2, "item_num_": 2000}, {"reward_id_": 1, "item_type_": 9, "item_id_": 46, "item_num_": 2}, {"reward_id_": 2, "item_type_": 27, "item_id_": 30, "item_num_": 20}, {"reward_id_": 3, "item_type_": 27, "item_id_": 130, "item_num_": 12}]}, {"reward_table_id_": 128, "table_": [{"reward_id_": 0, "item_type_": 23, "item_id_": 4000101, "item_num_": 1}, {"reward_id_": 1, "item_type_": 9, "item_id_": 46, "item_num_": 2}]}, {"reward_table_id_": 129, "table_": [{"reward_id_": 0, "item_type_": 9, "item_id_": 46, "item_num_": 2}]}, {"reward_table_id_": 130, "table_": [{"reward_id_": 0, "item_type_": 9, "item_id_": 46, "item_num_": 2}, {"reward_id_": 1, "item_type_": 19, "item_id_": 3, "item_num_": 1}]}, {"reward_table_id_": 10000, "table_": [{"reward_id_": 0, "item_type_": 9, "item_id_": 108, "item_num_": 1}]}, {"reward_table_id_": 10001, "table_": [{"reward_id_": 0, "item_type_": 20, "item_id_": 4, "item_num_": 5}, {"reward_id_": 1, "item_type_": 17, "item_id_": 0, "item_num_": 20}, {"reward_id_": 2, "item_type_": 4, "item_id_": 0, "item_num_": 500}, {"reward_id_": 3, "item_type_": 4, "item_id_": 10, "item_num_": 500}, {"reward_id_": 4, "item_type_": 4, "item_id_": 20, "item_num_": 500}, {"reward_id_": 5, "item_type_": 4, "item_id_": 30, "item_num_": 500}, {"reward_id_": 6, "item_type_": 4, "item_id_": 40, "item_num_": 500}]}, {"reward_table_id_": 10002, "table_": [{"reward_id_": 0, "item_type_": 1, "item_id_": 0, "item_num_": 50}, {"reward_id_": 1, "item_type_": 5, "item_id_": 6, "item_num_": 20}, {"reward_id_": 2, "item_type_": 4, "item_id_": 1, "item_num_": 500}, {"reward_id_": 3, "item_type_": 4, "item_id_": 11, "item_num_": 500}, {"reward_id_": 4, "item_type_": 4, "item_id_": 21, "item_num_": 500}, {"reward_id_": 5, "item_type_": 4, "item_id_": 31, "item_num_": 500}, {"reward_id_": 6, "item_type_": 4, "item_id_": 41, "item_num_": 500}]}, {"reward_table_id_": 10003, "table_": [{"reward_id_": 0, "item_type_": 1, "item_id_": 0, "item_num_": 50}, {"reward_id_": 1, "item_type_": 5, "item_id_": 10, "item_num_": 20}, {"reward_id_": 2, "item_type_": 4, "item_id_": 2, "item_num_": 500}, {"reward_id_": 3, "item_type_": 4, "item_id_": 12, "item_num_": 500}, {"reward_id_": 4, "item_type_": 4, "item_id_": 22, "item_num_": 500}, {"reward_id_": 5, "item_type_": 4, "item_id_": 32, "item_num_": 500}, {"reward_id_": 6, "item_type_": 4, "item_id_": 42, "item_num_": 500}]}, {"reward_table_id_": 10004, "table_": [{"reward_id_": 0, "item_type_": 1, "item_id_": 0, "item_num_": 100}, {"reward_id_": 1, "item_type_": 5, "item_id_": 19, "item_num_": 10}, {"reward_id_": 2, "item_type_": 4, "item_id_": 3, "item_num_": 500}, {"reward_id_": 3, "item_type_": 4, "item_id_": 13, "item_num_": 500}, {"reward_id_": 4, "item_type_": 4, "item_id_": 23, "item_num_": 500}, {"reward_id_": 5, "item_type_": 4, "item_id_": 33, "item_num_": 500}, {"reward_id_": 6, "item_type_": 4, "item_id_": 43, "item_num_": 500}]}, {"reward_table_id_": 10005, "table_": [{"reward_id_": 0, "item_type_": 1, "item_id_": 0, "item_num_": 100}, {"reward_id_": 1, "item_type_": 5, "item_id_": 19, "item_num_": 10}, {"reward_id_": 2, "item_type_": 4, "item_id_": 4, "item_num_": 500}, {"reward_id_": 3, "item_type_": 4, "item_id_": 14, "item_num_": 500}, {"reward_id_": 4, "item_type_": 4, "item_id_": 24, "item_num_": 500}, {"reward_id_": 5, "item_type_": 4, "item_id_": 34, "item_num_": 500}, {"reward_id_": 6, "item_type_": 4, "item_id_": 44, "item_num_": 500}]}, {"reward_table_id_": 10006, "table_": [{"reward_id_": 0, "item_type_": 1, "item_id_": 0, "item_num_": 100}, {"reward_id_": 1, "item_type_": 5, "item_id_": 19, "item_num_": 10}, {"reward_id_": 2, "item_type_": 4, "item_id_": 5, "item_num_": 500}, {"reward_id_": 3, "item_type_": 4, "item_id_": 15, "item_num_": 500}, {"reward_id_": 4, "item_type_": 4, "item_id_": 25, "item_num_": 500}, {"reward_id_": 5, "item_type_": 4, "item_id_": 35, "item_num_": 500}, {"reward_id_": 6, "item_type_": 4, "item_id_": 45, "item_num_": 500}]}, {"reward_table_id_": 10007, "table_": [{"reward_id_": 0, "item_type_": 1, "item_id_": 0, "item_num_": 200}, {"reward_id_": 1, "item_type_": 5, "item_id_": 11, "item_num_": 1}, {"reward_id_": 2, "item_type_": 4, "item_id_": 6, "item_num_": 500}, {"reward_id_": 3, "item_type_": 4, "item_id_": 16, "item_num_": 500}, {"reward_id_": 4, "item_type_": 4, "item_id_": 26, "item_num_": 500}, {"reward_id_": 5, "item_type_": 4, "item_id_": 36, "item_num_": 500}, {"reward_id_": 6, "item_type_": 4, "item_id_": 46, "item_num_": 500}]}, {"reward_table_id_": 10008, "table_": [{"reward_id_": 0, "item_type_": 28, "item_id_": 103300200, "item_num_": 1}, {"reward_id_": 1, "item_type_": 19, "item_id_": 3, "item_num_": 1}]}, {"reward_table_id_": 20000, "table_": [{"reward_id_": 0, "item_type_": 8, "item_id_": 40053, "item_num_": 5}]}, {"reward_table_id_": 20001, "table_": [{"reward_id_": 0, "item_type_": 8, "item_id_": 2, "item_num_": 7000}]}, {"reward_table_id_": 20002, "table_": [{"reward_id_": 0, "item_type_": 8, "item_id_": 2, "item_num_": 4000}]}, {"reward_table_id_": 20003, "table_": [{"reward_id_": 0, "item_type_": 8, "item_id_": 2, "item_num_": 2000}]}, {"reward_table_id_": 20004, "table_": [{"reward_id_": 0, "item_type_": 8, "item_id_": 2, "item_num_": 500}]}, {"reward_table_id_": 20005, "table_": [{"reward_id_": 0, "item_type_": 8, "item_id_": 40053, "item_num_": 10}]}, {"reward_table_id_": 20006, "table_": [{"reward_id_": 0, "item_type_": 8, "item_id_": 2, "item_num_": 8000}]}, {"reward_table_id_": 20007, "table_": [{"reward_id_": 0, "item_type_": 8, "item_id_": 2, "item_num_": 6000}]}, {"reward_table_id_": 20008, "table_": [{"reward_id_": 0, "item_type_": 8, "item_id_": 2, "item_num_": 4000}]}, {"reward_table_id_": 20009, "table_": [{"reward_id_": 0, "item_type_": 8, "item_id_": 2, "item_num_": 2000}]}, {"reward_table_id_": 20010, "table_": [{"reward_id_": 0, "item_type_": 8, "item_id_": 2, "item_num_": 1000}]}, {"reward_table_id_": 20011, "table_": [{"reward_id_": 0, "item_type_": 8, "item_id_": 2, "item_num_": 500}]}, {"reward_table_id_": 20012, "table_": [{"reward_id_": 0, "item_type_": 8, "item_id_": 40053, "item_num_": 10}]}, {"reward_table_id_": 20013, "table_": [{"reward_id_": 0, "item_type_": 8, "item_id_": 2, "item_num_": 10000}]}, {"reward_table_id_": 20014, "table_": [{"reward_id_": 0, "item_type_": 8, "item_id_": 2, "item_num_": 8000}]}, {"reward_table_id_": 20015, "table_": [{"reward_id_": 0, "item_type_": 8, "item_id_": 2, "item_num_": 6000}]}, {"reward_table_id_": 20016, "table_": [{"reward_id_": 0, "item_type_": 8, "item_id_": 2, "item_num_": 3000}]}, {"reward_table_id_": 20017, "table_": [{"reward_id_": 0, "item_type_": 8, "item_id_": 2, "item_num_": 2000}]}, {"reward_table_id_": 20018, "table_": [{"reward_id_": 0, "item_type_": 8, "item_id_": 2, "item_num_": 1000}]}, {"reward_table_id_": 20019, "table_": [{"reward_id_": 0, "item_type_": 8, "item_id_": 2, "item_num_": 500}]}, {"reward_table_id_": 20101, "table_": [{"reward_id_": 0, "item_type_": 8, "item_id_": 40053, "item_num_": 5}]}, {"reward_table_id_": 20102, "table_": [{"reward_id_": 0, "item_type_": 8, "item_id_": 2, "item_num_": 7000}]}, {"reward_table_id_": 20103, "table_": [{"reward_id_": 0, "item_type_": 8, "item_id_": 2, "item_num_": 4000}]}, {"reward_table_id_": 20104, "table_": [{"reward_id_": 0, "item_type_": 8, "item_id_": 2, "item_num_": 2000}]}, {"reward_table_id_": 20105, "table_": [{"reward_id_": 0, "item_type_": 8, "item_id_": 2, "item_num_": 500}]}, {"reward_table_id_": 20106, "table_": [{"reward_id_": 0, "item_type_": 8, "item_id_": 40053, "item_num_": 5}]}, {"reward_table_id_": 20107, "table_": [{"reward_id_": 0, "item_type_": 8, "item_id_": 2, "item_num_": 7000}]}, {"reward_table_id_": 20108, "table_": [{"reward_id_": 0, "item_type_": 8, "item_id_": 2, "item_num_": 4000}]}, {"reward_table_id_": 20109, "table_": [{"reward_id_": 0, "item_type_": 8, "item_id_": 2, "item_num_": 2000}]}, {"reward_table_id_": 20110, "table_": [{"reward_id_": 0, "item_type_": 8, "item_id_": 2, "item_num_": 500}]}, {"reward_table_id_": 20111, "table_": [{"reward_id_": 0, "item_type_": 8, "item_id_": 40053, "item_num_": 5}]}, {"reward_table_id_": 20112, "table_": [{"reward_id_": 0, "item_type_": 8, "item_id_": 2, "item_num_": 8000}]}, {"reward_table_id_": 20113, "table_": [{"reward_id_": 0, "item_type_": 8, "item_id_": 2, "item_num_": 6000}]}, {"reward_table_id_": 20114, "table_": [{"reward_id_": 0, "item_type_": 8, "item_id_": 2, "item_num_": 4000}]}, {"reward_table_id_": 20115, "table_": [{"reward_id_": 0, "item_type_": 8, "item_id_": 2, "item_num_": 2000}]}, {"reward_table_id_": 20116, "table_": [{"reward_id_": 0, "item_type_": 8, "item_id_": 2, "item_num_": 1000}]}, {"reward_table_id_": 20117, "table_": [{"reward_id_": 0, "item_type_": 8, "item_id_": 40053, "item_num_": 10}]}, {"reward_table_id_": 20118, "table_": [{"reward_id_": 0, "item_type_": 8, "item_id_": 2, "item_num_": 8000}]}, {"reward_table_id_": 20119, "table_": [{"reward_id_": 0, "item_type_": 8, "item_id_": 2, "item_num_": 6000}]}, {"reward_table_id_": 20120, "table_": [{"reward_id_": 0, "item_type_": 8, "item_id_": 2, "item_num_": 4000}]}, {"reward_table_id_": 20121, "table_": [{"reward_id_": 0, "item_type_": 8, "item_id_": 2, "item_num_": 2000}]}, {"reward_table_id_": 20122, "table_": [{"reward_id_": 0, "item_type_": 8, "item_id_": 2, "item_num_": 1000}]}, {"reward_table_id_": 20123, "table_": [{"reward_id_": 0, "item_type_": 8, "item_id_": 40053, "item_num_": 15}]}, {"reward_table_id_": 20124, "table_": [{"reward_id_": 0, "item_type_": 8, "item_id_": 2, "item_num_": 10000}]}, {"reward_table_id_": 20125, "table_": [{"reward_id_": 0, "item_type_": 8, "item_id_": 2, "item_num_": 8000}]}, {"reward_table_id_": 20126, "table_": [{"reward_id_": 0, "item_type_": 8, "item_id_": 2, "item_num_": 6000}]}, {"reward_table_id_": 20127, "table_": [{"reward_id_": 0, "item_type_": 8, "item_id_": 2, "item_num_": 4000}]}, {"reward_table_id_": 20128, "table_": [{"reward_id_": 0, "item_type_": 8, "item_id_": 2, "item_num_": 2000}]}, {"reward_table_id_": 20129, "table_": [{"reward_id_": 0, "item_type_": 8, "item_id_": 2, "item_num_": 1500}]}, {"reward_table_id_": 20130, "table_": [{"reward_id_": 0, "item_type_": 8, "item_id_": 2, "item_num_": 1000}]}, {"reward_table_id_": 20131, "table_": [{"reward_id_": 0, "item_type_": 8, "item_id_": 40053, "item_num_": 20}]}, {"reward_table_id_": 20132, "table_": [{"reward_id_": 0, "item_type_": 8, "item_id_": 2, "item_num_": 12000}]}, {"reward_table_id_": 20133, "table_": [{"reward_id_": 0, "item_type_": 8, "item_id_": 2, "item_num_": 10000}]}, {"reward_table_id_": 20134, "table_": [{"reward_id_": 0, "item_type_": 8, "item_id_": 2, "item_num_": 8000}]}, {"reward_table_id_": 20135, "table_": [{"reward_id_": 0, "item_type_": 8, "item_id_": 2, "item_num_": 6000}]}, {"reward_table_id_": 20136, "table_": [{"reward_id_": 0, "item_type_": 8, "item_id_": 2, "item_num_": 4000}]}, {"reward_table_id_": 20137, "table_": [{"reward_id_": 0, "item_type_": 8, "item_id_": 2, "item_num_": 3000}]}, {"reward_table_id_": 20138, "table_": [{"reward_id_": 0, "item_type_": 8, "item_id_": 2, "item_num_": 1500}]}, {"reward_table_id_": 20139, "table_": [{"reward_id_": 0, "item_type_": 8, "item_id_": 40053, "item_num_": 25}]}, {"reward_table_id_": 20140, "table_": [{"reward_id_": 0, "item_type_": 8, "item_id_": 2, "item_num_": 15000}]}, {"reward_table_id_": 20141, "table_": [{"reward_id_": 0, "item_type_": 8, "item_id_": 2, "item_num_": 12000}]}, {"reward_table_id_": 20142, "table_": [{"reward_id_": 0, "item_type_": 8, "item_id_": 2, "item_num_": 10000}]}, {"reward_table_id_": 20143, "table_": [{"reward_id_": 0, "item_type_": 8, "item_id_": 2, "item_num_": 8000}]}, {"reward_table_id_": 20144, "table_": [{"reward_id_": 0, "item_type_": 8, "item_id_": 2, "item_num_": 6000}]}, {"reward_table_id_": 20145, "table_": [{"reward_id_": 0, "item_type_": 8, "item_id_": 2, "item_num_": 4000}]}, {"reward_table_id_": 20146, "table_": [{"reward_id_": 0, "item_type_": 8, "item_id_": 2, "item_num_": 2000}]}]