[{"table_id_": 1, "table_": [{"id_": 1, "character1_id_": 340, "character1_attribute_id_": 2, "character1_change_attribute_id_": -1, "character2_id_": -1, "character2_attribute_id_": -1, "character2_change_attribute_id_": -1, "character3_id_": -1, "character3_attribute_id_": -1, "character3_change_attribute_id_": -1}]}, {"table_id_": 2, "table_": [{"id_": 1, "character1_id_": 78, "character1_attribute_id_": 3, "character1_change_attribute_id_": -1, "character2_id_": -1, "character2_attribute_id_": -1, "character2_change_attribute_id_": -1, "character3_id_": -1, "character3_attribute_id_": -1, "character3_change_attribute_id_": -1}]}, {"table_id_": 3, "table_": [{"id_": 1, "character1_id_": 0, "character1_attribute_id_": 1, "character1_change_attribute_id_": -1, "character2_id_": -1, "character2_attribute_id_": -1, "character2_change_attribute_id_": -1, "character3_id_": -1, "character3_attribute_id_": -1, "character3_change_attribute_id_": -1}]}, {"table_id_": 4, "table_": [{"id_": 1, "character1_id_": 163, "character1_attribute_id_": 4, "character1_change_attribute_id_": -1, "character2_id_": -1, "character2_attribute_id_": -1, "character2_change_attribute_id_": -1, "character3_id_": -1, "character3_attribute_id_": -1, "character3_change_attribute_id_": -1}]}, {"table_id_": 5, "table_": [{"id_": 1, "character1_id_": 149, "character1_attribute_id_": 3, "character1_change_attribute_id_": -1, "character2_id_": -1, "character2_attribute_id_": -1, "character2_change_attribute_id_": -1, "character3_id_": -1, "character3_attribute_id_": -1, "character3_change_attribute_id_": -1}]}, {"table_id_": 6, "table_": [{"id_": 1, "character1_id_": 320, "character1_attribute_id_": 2, "character1_change_attribute_id_": -1, "character2_id_": -1, "character2_attribute_id_": -1, "character2_change_attribute_id_": -1, "character3_id_": -1, "character3_attribute_id_": -1, "character3_change_attribute_id_": -1}]}, {"table_id_": 7, "table_": [{"id_": 1, "character1_id_": 77, "character1_attribute_id_": 1, "character1_change_attribute_id_": -1, "character2_id_": -1, "character2_attribute_id_": -1, "character2_change_attribute_id_": -1, "character3_id_": -1, "character3_attribute_id_": -1, "character3_change_attribute_id_": -1}]}, {"table_id_": 8, "table_": [{"id_": 1, "character1_id_": 224, "character1_attribute_id_": 3, "character1_change_attribute_id_": -1, "character2_id_": -1, "character2_attribute_id_": -1, "character2_change_attribute_id_": -1, "character3_id_": -1, "character3_attribute_id_": -1, "character3_change_attribute_id_": -1}, {"id_": 2, "character1_id_": 224, "character1_attribute_id_": 3, "character1_change_attribute_id_": -1, "character2_id_": -1, "character2_attribute_id_": -1, "character2_change_attribute_id_": -1, "character3_id_": -1, "character3_attribute_id_": -1, "character3_change_attribute_id_": -1}, {"id_": 3, "character1_id_": 224, "character1_attribute_id_": 3, "character1_change_attribute_id_": -1, "character2_id_": -1, "character2_attribute_id_": -1, "character2_change_attribute_id_": -1, "character3_id_": -1, "character3_attribute_id_": -1, "character3_change_attribute_id_": -1}, {"id_": 4, "character1_id_": 224, "character1_attribute_id_": 3, "character1_change_attribute_id_": -1, "character2_id_": -1, "character2_attribute_id_": -1, "character2_change_attribute_id_": -1, "character3_id_": -1, "character3_attribute_id_": -1, "character3_change_attribute_id_": -1}, {"id_": 5, "character1_id_": 224, "character1_attribute_id_": 3, "character1_change_attribute_id_": -1, "character2_id_": -1, "character2_attribute_id_": -1, "character2_change_attribute_id_": -1, "character3_id_": -1, "character3_attribute_id_": -1, "character3_change_attribute_id_": -1}, {"id_": 6, "character1_id_": 224, "character1_attribute_id_": 3, "character1_change_attribute_id_": -1, "character2_id_": -1, "character2_attribute_id_": -1, "character2_change_attribute_id_": -1, "character3_id_": -1, "character3_attribute_id_": -1, "character3_change_attribute_id_": -1}, {"id_": 7, "character1_id_": 224, "character1_attribute_id_": 3, "character1_change_attribute_id_": -1, "character2_id_": -1, "character2_attribute_id_": -1, "character2_change_attribute_id_": -1, "character3_id_": -1, "character3_attribute_id_": -1, "character3_change_attribute_id_": -1}, {"id_": 8, "character1_id_": 224, "character1_attribute_id_": 3, "character1_change_attribute_id_": -1, "character2_id_": -1, "character2_attribute_id_": -1, "character2_change_attribute_id_": -1, "character3_id_": -1, "character3_attribute_id_": -1, "character3_change_attribute_id_": -1}, {"id_": 9, "character1_id_": 224, "character1_attribute_id_": 3, "character1_change_attribute_id_": -1, "character2_id_": -1, "character2_attribute_id_": -1, "character2_change_attribute_id_": -1, "character3_id_": -1, "character3_attribute_id_": -1, "character3_change_attribute_id_": -1}, {"id_": 10, "character1_id_": 224, "character1_attribute_id_": 3, "character1_change_attribute_id_": -1, "character2_id_": -1, "character2_attribute_id_": -1, "character2_change_attribute_id_": -1, "character3_id_": -1, "character3_attribute_id_": -1, "character3_change_attribute_id_": -1}, {"id_": 11, "character1_id_": 224, "character1_attribute_id_": 3, "character1_change_attribute_id_": -1, "character2_id_": -1, "character2_attribute_id_": -1, "character2_change_attribute_id_": -1, "character3_id_": -1, "character3_attribute_id_": -1, "character3_change_attribute_id_": -1}, {"id_": 12, "character1_id_": 224, "character1_attribute_id_": 3, "character1_change_attribute_id_": -1, "character2_id_": -1, "character2_attribute_id_": -1, "character2_change_attribute_id_": -1, "character3_id_": -1, "character3_attribute_id_": -1, "character3_change_attribute_id_": -1}, {"id_": 13, "character1_id_": 224, "character1_attribute_id_": 3, "character1_change_attribute_id_": -1, "character2_id_": -1, "character2_attribute_id_": -1, "character2_change_attribute_id_": -1, "character3_id_": -1, "character3_attribute_id_": -1, "character3_change_attribute_id_": -1}, {"id_": 14, "character1_id_": 224, "character1_attribute_id_": 3, "character1_change_attribute_id_": -1, "character2_id_": -1, "character2_attribute_id_": -1, "character2_change_attribute_id_": -1, "character3_id_": -1, "character3_attribute_id_": -1, "character3_change_attribute_id_": -1}, {"id_": 15, "character1_id_": 224, "character1_attribute_id_": 3, "character1_change_attribute_id_": -1, "character2_id_": -1, "character2_attribute_id_": -1, "character2_change_attribute_id_": -1, "character3_id_": -1, "character3_attribute_id_": -1, "character3_change_attribute_id_": -1}, {"id_": 16, "character1_id_": 224, "character1_attribute_id_": 3, "character1_change_attribute_id_": -1, "character2_id_": -1, "character2_attribute_id_": -1, "character2_change_attribute_id_": -1, "character3_id_": -1, "character3_attribute_id_": -1, "character3_change_attribute_id_": -1}, {"id_": 17, "character1_id_": 224, "character1_attribute_id_": 3, "character1_change_attribute_id_": -1, "character2_id_": -1, "character2_attribute_id_": -1, "character2_change_attribute_id_": -1, "character3_id_": -1, "character3_attribute_id_": -1, "character3_change_attribute_id_": -1}, {"id_": 18, "character1_id_": 224, "character1_attribute_id_": 3, "character1_change_attribute_id_": -1, "character2_id_": -1, "character2_attribute_id_": -1, "character2_change_attribute_id_": -1, "character3_id_": -1, "character3_attribute_id_": -1, "character3_change_attribute_id_": -1}, {"id_": 19, "character1_id_": 224, "character1_attribute_id_": 3, "character1_change_attribute_id_": -1, "character2_id_": -1, "character2_attribute_id_": -1, "character2_change_attribute_id_": -1, "character3_id_": -1, "character3_attribute_id_": -1, "character3_change_attribute_id_": -1}, {"id_": 20, "character1_id_": 224, "character1_attribute_id_": 3, "character1_change_attribute_id_": -1, "character2_id_": -1, "character2_attribute_id_": -1, "character2_change_attribute_id_": -1, "character3_id_": -1, "character3_attribute_id_": -1, "character3_change_attribute_id_": -1}, {"id_": 21, "character1_id_": 224, "character1_attribute_id_": 3, "character1_change_attribute_id_": -1, "character2_id_": -1, "character2_attribute_id_": -1, "character2_change_attribute_id_": -1, "character3_id_": -1, "character3_attribute_id_": -1, "character3_change_attribute_id_": -1}, {"id_": 22, "character1_id_": 224, "character1_attribute_id_": 3, "character1_change_attribute_id_": -1, "character2_id_": -1, "character2_attribute_id_": -1, "character2_change_attribute_id_": -1, "character3_id_": -1, "character3_attribute_id_": -1, "character3_change_attribute_id_": -1}, {"id_": 23, "character1_id_": 224, "character1_attribute_id_": 3, "character1_change_attribute_id_": -1, "character2_id_": -1, "character2_attribute_id_": -1, "character2_change_attribute_id_": -1, "character3_id_": -1, "character3_attribute_id_": -1, "character3_change_attribute_id_": -1}, {"id_": 24, "character1_id_": 224, "character1_attribute_id_": 3, "character1_change_attribute_id_": -1, "character2_id_": -1, "character2_attribute_id_": -1, "character2_change_attribute_id_": -1, "character3_id_": -1, "character3_attribute_id_": -1, "character3_change_attribute_id_": -1}, {"id_": 25, "character1_id_": 224, "character1_attribute_id_": 3, "character1_change_attribute_id_": -1, "character2_id_": -1, "character2_attribute_id_": -1, "character2_change_attribute_id_": -1, "character3_id_": -1, "character3_attribute_id_": -1, "character3_change_attribute_id_": -1}, {"id_": 26, "character1_id_": 224, "character1_attribute_id_": 3, "character1_change_attribute_id_": -1, "character2_id_": -1, "character2_attribute_id_": -1, "character2_change_attribute_id_": -1, "character3_id_": -1, "character3_attribute_id_": -1, "character3_change_attribute_id_": -1}, {"id_": 27, "character1_id_": 224, "character1_attribute_id_": 3, "character1_change_attribute_id_": -1, "character2_id_": -1, "character2_attribute_id_": -1, "character2_change_attribute_id_": -1, "character3_id_": -1, "character3_attribute_id_": -1, "character3_change_attribute_id_": -1}, {"id_": 28, "character1_id_": 224, "character1_attribute_id_": 3, "character1_change_attribute_id_": -1, "character2_id_": -1, "character2_attribute_id_": -1, "character2_change_attribute_id_": -1, "character3_id_": -1, "character3_attribute_id_": -1, "character3_change_attribute_id_": -1}, {"id_": 29, "character1_id_": 224, "character1_attribute_id_": 3, "character1_change_attribute_id_": -1, "character2_id_": -1, "character2_attribute_id_": -1, "character2_change_attribute_id_": -1, "character3_id_": -1, "character3_attribute_id_": -1, "character3_change_attribute_id_": -1}, {"id_": 30, "character1_id_": 224, "character1_attribute_id_": 3, "character1_change_attribute_id_": -1, "character2_id_": -1, "character2_attribute_id_": -1, "character2_change_attribute_id_": -1, "character3_id_": -1, "character3_attribute_id_": -1, "character3_change_attribute_id_": -1}, {"id_": 31, "character1_id_": 224, "character1_attribute_id_": 3, "character1_change_attribute_id_": -1, "character2_id_": -1, "character2_attribute_id_": -1, "character2_change_attribute_id_": -1, "character3_id_": -1, "character3_attribute_id_": -1, "character3_change_attribute_id_": -1}, {"id_": 32, "character1_id_": 224, "character1_attribute_id_": 3, "character1_change_attribute_id_": -1, "character2_id_": -1, "character2_attribute_id_": -1, "character2_change_attribute_id_": -1, "character3_id_": -1, "character3_attribute_id_": -1, "character3_change_attribute_id_": -1}, {"id_": 33, "character1_id_": 224, "character1_attribute_id_": 3, "character1_change_attribute_id_": -1, "character2_id_": -1, "character2_attribute_id_": -1, "character2_change_attribute_id_": -1, "character3_id_": -1, "character3_attribute_id_": -1, "character3_change_attribute_id_": -1}, {"id_": 34, "character1_id_": 224, "character1_attribute_id_": 3, "character1_change_attribute_id_": -1, "character2_id_": -1, "character2_attribute_id_": -1, "character2_change_attribute_id_": -1, "character3_id_": -1, "character3_attribute_id_": -1, "character3_change_attribute_id_": -1}, {"id_": 35, "character1_id_": 224, "character1_attribute_id_": 3, "character1_change_attribute_id_": -1, "character2_id_": -1, "character2_attribute_id_": -1, "character2_change_attribute_id_": -1, "character3_id_": -1, "character3_attribute_id_": -1, "character3_change_attribute_id_": -1}, {"id_": 36, "character1_id_": 224, "character1_attribute_id_": 3, "character1_change_attribute_id_": -1, "character2_id_": -1, "character2_attribute_id_": -1, "character2_change_attribute_id_": -1, "character3_id_": -1, "character3_attribute_id_": -1, "character3_change_attribute_id_": -1}, {"id_": 37, "character1_id_": 224, "character1_attribute_id_": 3, "character1_change_attribute_id_": -1, "character2_id_": -1, "character2_attribute_id_": -1, "character2_change_attribute_id_": -1, "character3_id_": -1, "character3_attribute_id_": -1, "character3_change_attribute_id_": -1}, {"id_": 38, "character1_id_": 224, "character1_attribute_id_": 3, "character1_change_attribute_id_": -1, "character2_id_": -1, "character2_attribute_id_": -1, "character2_change_attribute_id_": -1, "character3_id_": -1, "character3_attribute_id_": -1, "character3_change_attribute_id_": -1}, {"id_": 39, "character1_id_": 224, "character1_attribute_id_": 3, "character1_change_attribute_id_": -1, "character2_id_": -1, "character2_attribute_id_": -1, "character2_change_attribute_id_": -1, "character3_id_": -1, "character3_attribute_id_": -1, "character3_change_attribute_id_": -1}, {"id_": 40, "character1_id_": 224, "character1_attribute_id_": 3, "character1_change_attribute_id_": -1, "character2_id_": -1, "character2_attribute_id_": -1, "character2_change_attribute_id_": -1, "character3_id_": -1, "character3_attribute_id_": -1, "character3_change_attribute_id_": -1}, {"id_": 41, "character1_id_": 224, "character1_attribute_id_": 3, "character1_change_attribute_id_": -1, "character2_id_": -1, "character2_attribute_id_": -1, "character2_change_attribute_id_": -1, "character3_id_": -1, "character3_attribute_id_": -1, "character3_change_attribute_id_": -1}, {"id_": 42, "character1_id_": 224, "character1_attribute_id_": 3, "character1_change_attribute_id_": -1, "character2_id_": -1, "character2_attribute_id_": -1, "character2_change_attribute_id_": -1, "character3_id_": -1, "character3_attribute_id_": -1, "character3_change_attribute_id_": -1}, {"id_": 43, "character1_id_": 224, "character1_attribute_id_": 3, "character1_change_attribute_id_": -1, "character2_id_": -1, "character2_attribute_id_": -1, "character2_change_attribute_id_": -1, "character3_id_": -1, "character3_attribute_id_": -1, "character3_change_attribute_id_": -1}, {"id_": 44, "character1_id_": 224, "character1_attribute_id_": 3, "character1_change_attribute_id_": -1, "character2_id_": -1, "character2_attribute_id_": -1, "character2_change_attribute_id_": -1, "character3_id_": -1, "character3_attribute_id_": -1, "character3_change_attribute_id_": -1}, {"id_": 45, "character1_id_": 224, "character1_attribute_id_": 3, "character1_change_attribute_id_": -1, "character2_id_": -1, "character2_attribute_id_": -1, "character2_change_attribute_id_": -1, "character3_id_": -1, "character3_attribute_id_": -1, "character3_change_attribute_id_": -1}, {"id_": 46, "character1_id_": 224, "character1_attribute_id_": 3, "character1_change_attribute_id_": -1, "character2_id_": -1, "character2_attribute_id_": -1, "character2_change_attribute_id_": -1, "character3_id_": -1, "character3_attribute_id_": -1, "character3_change_attribute_id_": -1}, {"id_": 47, "character1_id_": 224, "character1_attribute_id_": 3, "character1_change_attribute_id_": -1, "character2_id_": -1, "character2_attribute_id_": -1, "character2_change_attribute_id_": -1, "character3_id_": -1, "character3_attribute_id_": -1, "character3_change_attribute_id_": -1}, {"id_": 48, "character1_id_": 224, "character1_attribute_id_": 3, "character1_change_attribute_id_": -1, "character2_id_": -1, "character2_attribute_id_": -1, "character2_change_attribute_id_": -1, "character3_id_": -1, "character3_attribute_id_": -1, "character3_change_attribute_id_": -1}, {"id_": 49, "character1_id_": 224, "character1_attribute_id_": 3, "character1_change_attribute_id_": -1, "character2_id_": -1, "character2_attribute_id_": -1, "character2_change_attribute_id_": -1, "character3_id_": -1, "character3_attribute_id_": -1, "character3_change_attribute_id_": -1}, {"id_": 50, "character1_id_": 224, "character1_attribute_id_": 3, "character1_change_attribute_id_": -1, "character2_id_": -1, "character2_attribute_id_": -1, "character2_change_attribute_id_": -1, "character3_id_": -1, "character3_attribute_id_": -1, "character3_change_attribute_id_": -1}, {"id_": 51, "character1_id_": 224, "character1_attribute_id_": 3, "character1_change_attribute_id_": -1, "character2_id_": -1, "character2_attribute_id_": -1, "character2_change_attribute_id_": -1, "character3_id_": -1, "character3_attribute_id_": -1, "character3_change_attribute_id_": -1}, {"id_": 52, "character1_id_": 224, "character1_attribute_id_": 3, "character1_change_attribute_id_": -1, "character2_id_": -1, "character2_attribute_id_": -1, "character2_change_attribute_id_": -1, "character3_id_": -1, "character3_attribute_id_": -1, "character3_change_attribute_id_": -1}, {"id_": 53, "character1_id_": 224, "character1_attribute_id_": 3, "character1_change_attribute_id_": -1, "character2_id_": -1, "character2_attribute_id_": -1, "character2_change_attribute_id_": -1, "character3_id_": -1, "character3_attribute_id_": -1, "character3_change_attribute_id_": -1}, {"id_": 54, "character1_id_": 224, "character1_attribute_id_": 3, "character1_change_attribute_id_": -1, "character2_id_": -1, "character2_attribute_id_": -1, "character2_change_attribute_id_": -1, "character3_id_": -1, "character3_attribute_id_": -1, "character3_change_attribute_id_": -1}, {"id_": 55, "character1_id_": 224, "character1_attribute_id_": 3, "character1_change_attribute_id_": -1, "character2_id_": -1, "character2_attribute_id_": -1, "character2_change_attribute_id_": -1, "character3_id_": -1, "character3_attribute_id_": -1, "character3_change_attribute_id_": -1}, {"id_": 56, "character1_id_": 224, "character1_attribute_id_": 3, "character1_change_attribute_id_": -1, "character2_id_": -1, "character2_attribute_id_": -1, "character2_change_attribute_id_": -1, "character3_id_": -1, "character3_attribute_id_": -1, "character3_change_attribute_id_": -1}, {"id_": 57, "character1_id_": 224, "character1_attribute_id_": 3, "character1_change_attribute_id_": -1, "character2_id_": -1, "character2_attribute_id_": -1, "character2_change_attribute_id_": -1, "character3_id_": -1, "character3_attribute_id_": -1, "character3_change_attribute_id_": -1}, {"id_": 58, "character1_id_": 224, "character1_attribute_id_": 3, "character1_change_attribute_id_": -1, "character2_id_": -1, "character2_attribute_id_": -1, "character2_change_attribute_id_": -1, "character3_id_": -1, "character3_attribute_id_": -1, "character3_change_attribute_id_": -1}, {"id_": 59, "character1_id_": 224, "character1_attribute_id_": 3, "character1_change_attribute_id_": -1, "character2_id_": -1, "character2_attribute_id_": -1, "character2_change_attribute_id_": -1, "character3_id_": -1, "character3_attribute_id_": -1, "character3_change_attribute_id_": -1}, {"id_": 60, "character1_id_": 224, "character1_attribute_id_": 3, "character1_change_attribute_id_": -1, "character2_id_": -1, "character2_attribute_id_": -1, "character2_change_attribute_id_": -1, "character3_id_": -1, "character3_attribute_id_": -1, "character3_change_attribute_id_": -1}, {"id_": 61, "character1_id_": 224, "character1_attribute_id_": 3, "character1_change_attribute_id_": -1, "character2_id_": -1, "character2_attribute_id_": -1, "character2_change_attribute_id_": -1, "character3_id_": -1, "character3_attribute_id_": -1, "character3_change_attribute_id_": -1}, {"id_": 62, "character1_id_": 224, "character1_attribute_id_": 3, "character1_change_attribute_id_": -1, "character2_id_": -1, "character2_attribute_id_": -1, "character2_change_attribute_id_": -1, "character3_id_": -1, "character3_attribute_id_": -1, "character3_change_attribute_id_": -1}, {"id_": 63, "character1_id_": 224, "character1_attribute_id_": 3, "character1_change_attribute_id_": -1, "character2_id_": -1, "character2_attribute_id_": -1, "character2_change_attribute_id_": -1, "character3_id_": -1, "character3_attribute_id_": -1, "character3_change_attribute_id_": -1}, {"id_": 64, "character1_id_": 224, "character1_attribute_id_": 3, "character1_change_attribute_id_": -1, "character2_id_": -1, "character2_attribute_id_": -1, "character2_change_attribute_id_": -1, "character3_id_": -1, "character3_attribute_id_": -1, "character3_change_attribute_id_": -1}, {"id_": 65, "character1_id_": 224, "character1_attribute_id_": 3, "character1_change_attribute_id_": -1, "character2_id_": -1, "character2_attribute_id_": -1, "character2_change_attribute_id_": -1, "character3_id_": -1, "character3_attribute_id_": -1, "character3_change_attribute_id_": -1}, {"id_": 66, "character1_id_": 224, "character1_attribute_id_": 3, "character1_change_attribute_id_": -1, "character2_id_": -1, "character2_attribute_id_": -1, "character2_change_attribute_id_": -1, "character3_id_": -1, "character3_attribute_id_": -1, "character3_change_attribute_id_": -1}, {"id_": 67, "character1_id_": 224, "character1_attribute_id_": 3, "character1_change_attribute_id_": -1, "character2_id_": -1, "character2_attribute_id_": -1, "character2_change_attribute_id_": -1, "character3_id_": -1, "character3_attribute_id_": -1, "character3_change_attribute_id_": -1}, {"id_": 68, "character1_id_": 224, "character1_attribute_id_": 3, "character1_change_attribute_id_": -1, "character2_id_": -1, "character2_attribute_id_": -1, "character2_change_attribute_id_": -1, "character3_id_": -1, "character3_attribute_id_": -1, "character3_change_attribute_id_": -1}, {"id_": 69, "character1_id_": 224, "character1_attribute_id_": 3, "character1_change_attribute_id_": -1, "character2_id_": -1, "character2_attribute_id_": -1, "character2_change_attribute_id_": -1, "character3_id_": -1, "character3_attribute_id_": -1, "character3_change_attribute_id_": -1}, {"id_": 70, "character1_id_": 224, "character1_attribute_id_": 3, "character1_change_attribute_id_": -1, "character2_id_": -1, "character2_attribute_id_": -1, "character2_change_attribute_id_": -1, "character3_id_": -1, "character3_attribute_id_": -1, "character3_change_attribute_id_": -1}, {"id_": 71, "character1_id_": 224, "character1_attribute_id_": 1, "character1_change_attribute_id_": -1, "character2_id_": -1, "character2_attribute_id_": -1, "character2_change_attribute_id_": -1, "character3_id_": -1, "character3_attribute_id_": -1, "character3_change_attribute_id_": -1}, {"id_": 72, "character1_id_": 224, "character1_attribute_id_": 1, "character1_change_attribute_id_": -1, "character2_id_": -1, "character2_attribute_id_": -1, "character2_change_attribute_id_": -1, "character3_id_": -1, "character3_attribute_id_": -1, "character3_change_attribute_id_": -1}, {"id_": 73, "character1_id_": 224, "character1_attribute_id_": 1, "character1_change_attribute_id_": -1, "character2_id_": -1, "character2_attribute_id_": -1, "character2_change_attribute_id_": -1, "character3_id_": -1, "character3_attribute_id_": -1, "character3_change_attribute_id_": -1}, {"id_": 74, "character1_id_": 224, "character1_attribute_id_": 1, "character1_change_attribute_id_": -1, "character2_id_": -1, "character2_attribute_id_": -1, "character2_change_attribute_id_": -1, "character3_id_": -1, "character3_attribute_id_": -1, "character3_change_attribute_id_": -1}, {"id_": 75, "character1_id_": 224, "character1_attribute_id_": 1, "character1_change_attribute_id_": -1, "character2_id_": -1, "character2_attribute_id_": -1, "character2_change_attribute_id_": -1, "character3_id_": -1, "character3_attribute_id_": -1, "character3_change_attribute_id_": -1}, {"id_": 76, "character1_id_": 224, "character1_attribute_id_": 3, "character1_change_attribute_id_": -1, "character2_id_": -1, "character2_attribute_id_": -1, "character2_change_attribute_id_": -1, "character3_id_": -1, "character3_attribute_id_": -1, "character3_change_attribute_id_": -1}, {"id_": 77, "character1_id_": 224, "character1_attribute_id_": 3, "character1_change_attribute_id_": -1, "character2_id_": -1, "character2_attribute_id_": -1, "character2_change_attribute_id_": -1, "character3_id_": -1, "character3_attribute_id_": -1, "character3_change_attribute_id_": -1}, {"id_": 78, "character1_id_": 224, "character1_attribute_id_": 3, "character1_change_attribute_id_": -1, "character2_id_": -1, "character2_attribute_id_": -1, "character2_change_attribute_id_": -1, "character3_id_": -1, "character3_attribute_id_": -1, "character3_change_attribute_id_": -1}, {"id_": 79, "character1_id_": 224, "character1_attribute_id_": 3, "character1_change_attribute_id_": -1, "character2_id_": -1, "character2_attribute_id_": -1, "character2_change_attribute_id_": -1, "character3_id_": -1, "character3_attribute_id_": -1, "character3_change_attribute_id_": -1}, {"id_": 80, "character1_id_": 224, "character1_attribute_id_": 3, "character1_change_attribute_id_": -1, "character2_id_": -1, "character2_attribute_id_": -1, "character2_change_attribute_id_": -1, "character3_id_": -1, "character3_attribute_id_": -1, "character3_change_attribute_id_": -1}, {"id_": 81, "character1_id_": 224, "character1_attribute_id_": 1, "character1_change_attribute_id_": -1, "character2_id_": -1, "character2_attribute_id_": -1, "character2_change_attribute_id_": -1, "character3_id_": -1, "character3_attribute_id_": -1, "character3_change_attribute_id_": -1}, {"id_": 82, "character1_id_": 224, "character1_attribute_id_": 1, "character1_change_attribute_id_": -1, "character2_id_": -1, "character2_attribute_id_": -1, "character2_change_attribute_id_": -1, "character3_id_": -1, "character3_attribute_id_": -1, "character3_change_attribute_id_": -1}, {"id_": 83, "character1_id_": 224, "character1_attribute_id_": 1, "character1_change_attribute_id_": -1, "character2_id_": -1, "character2_attribute_id_": -1, "character2_change_attribute_id_": -1, "character3_id_": -1, "character3_attribute_id_": -1, "character3_change_attribute_id_": -1}, {"id_": 84, "character1_id_": 224, "character1_attribute_id_": 1, "character1_change_attribute_id_": -1, "character2_id_": -1, "character2_attribute_id_": -1, "character2_change_attribute_id_": -1, "character3_id_": -1, "character3_attribute_id_": -1, "character3_change_attribute_id_": -1}, {"id_": 85, "character1_id_": 224, "character1_attribute_id_": 1, "character1_change_attribute_id_": -1, "character2_id_": -1, "character2_attribute_id_": -1, "character2_change_attribute_id_": -1, "character3_id_": -1, "character3_attribute_id_": -1, "character3_change_attribute_id_": -1}, {"id_": 86, "character1_id_": 224, "character1_attribute_id_": 3, "character1_change_attribute_id_": -1, "character2_id_": -1, "character2_attribute_id_": -1, "character2_change_attribute_id_": -1, "character3_id_": -1, "character3_attribute_id_": -1, "character3_change_attribute_id_": -1}, {"id_": 87, "character1_id_": 224, "character1_attribute_id_": 3, "character1_change_attribute_id_": -1, "character2_id_": -1, "character2_attribute_id_": -1, "character2_change_attribute_id_": -1, "character3_id_": -1, "character3_attribute_id_": -1, "character3_change_attribute_id_": -1}, {"id_": 88, "character1_id_": 224, "character1_attribute_id_": 3, "character1_change_attribute_id_": -1, "character2_id_": -1, "character2_attribute_id_": -1, "character2_change_attribute_id_": -1, "character3_id_": -1, "character3_attribute_id_": -1, "character3_change_attribute_id_": -1}, {"id_": 89, "character1_id_": 224, "character1_attribute_id_": 3, "character1_change_attribute_id_": -1, "character2_id_": -1, "character2_attribute_id_": -1, "character2_change_attribute_id_": -1, "character3_id_": -1, "character3_attribute_id_": -1, "character3_change_attribute_id_": -1}, {"id_": 90, "character1_id_": 224, "character1_attribute_id_": 3, "character1_change_attribute_id_": -1, "character2_id_": -1, "character2_attribute_id_": -1, "character2_change_attribute_id_": -1, "character3_id_": -1, "character3_attribute_id_": -1, "character3_change_attribute_id_": -1}, {"id_": 91, "character1_id_": 224, "character1_attribute_id_": 1, "character1_change_attribute_id_": -1, "character2_id_": -1, "character2_attribute_id_": -1, "character2_change_attribute_id_": -1, "character3_id_": -1, "character3_attribute_id_": -1, "character3_change_attribute_id_": -1}, {"id_": 92, "character1_id_": 224, "character1_attribute_id_": 1, "character1_change_attribute_id_": -1, "character2_id_": -1, "character2_attribute_id_": -1, "character2_change_attribute_id_": -1, "character3_id_": -1, "character3_attribute_id_": -1, "character3_change_attribute_id_": -1}, {"id_": 93, "character1_id_": 224, "character1_attribute_id_": 1, "character1_change_attribute_id_": -1, "character2_id_": -1, "character2_attribute_id_": -1, "character2_change_attribute_id_": -1, "character3_id_": -1, "character3_attribute_id_": -1, "character3_change_attribute_id_": -1}, {"id_": 94, "character1_id_": 224, "character1_attribute_id_": 1, "character1_change_attribute_id_": -1, "character2_id_": -1, "character2_attribute_id_": -1, "character2_change_attribute_id_": -1, "character3_id_": -1, "character3_attribute_id_": -1, "character3_change_attribute_id_": -1}, {"id_": 95, "character1_id_": 224, "character1_attribute_id_": 1, "character1_change_attribute_id_": -1, "character2_id_": -1, "character2_attribute_id_": -1, "character2_change_attribute_id_": -1, "character3_id_": -1, "character3_attribute_id_": -1, "character3_change_attribute_id_": -1}, {"id_": 96, "character1_id_": 224, "character1_attribute_id_": 3, "character1_change_attribute_id_": -1, "character2_id_": -1, "character2_attribute_id_": -1, "character2_change_attribute_id_": -1, "character3_id_": -1, "character3_attribute_id_": -1, "character3_change_attribute_id_": -1}, {"id_": 97, "character1_id_": 224, "character1_attribute_id_": 3, "character1_change_attribute_id_": -1, "character2_id_": -1, "character2_attribute_id_": -1, "character2_change_attribute_id_": -1, "character3_id_": -1, "character3_attribute_id_": -1, "character3_change_attribute_id_": -1}, {"id_": 98, "character1_id_": 224, "character1_attribute_id_": 3, "character1_change_attribute_id_": -1, "character2_id_": -1, "character2_attribute_id_": -1, "character2_change_attribute_id_": -1, "character3_id_": -1, "character3_attribute_id_": -1, "character3_change_attribute_id_": -1}, {"id_": 99, "character1_id_": 224, "character1_attribute_id_": 3, "character1_change_attribute_id_": -1, "character2_id_": -1, "character2_attribute_id_": -1, "character2_change_attribute_id_": -1, "character3_id_": -1, "character3_attribute_id_": -1, "character3_change_attribute_id_": -1}, {"id_": 100, "character1_id_": 224, "character1_attribute_id_": 3, "character1_change_attribute_id_": -1, "character2_id_": -1, "character2_attribute_id_": -1, "character2_change_attribute_id_": -1, "character3_id_": -1, "character3_attribute_id_": -1, "character3_change_attribute_id_": -1}]}, {"table_id_": 9, "table_": [{"id_": 1, "character1_id_": 277, "character1_attribute_id_": 4, "character1_change_attribute_id_": -1, "character2_id_": -1, "character2_attribute_id_": -1, "character2_change_attribute_id_": -1, "character3_id_": -1, "character3_attribute_id_": -1, "character3_change_attribute_id_": -1}]}, {"table_id_": 10, "table_": [{"id_": 1, "character1_id_": 206, "character1_attribute_id_": 0, "character1_change_attribute_id_": -1, "character2_id_": -1, "character2_attribute_id_": -1, "character2_change_attribute_id_": -1, "character3_id_": -1, "character3_attribute_id_": -1, "character3_change_attribute_id_": -1}]}, {"table_id_": 11, "table_": [{"id_": 1, "character1_id_": 9024, "character1_attribute_id_": 2, "character1_change_attribute_id_": -1, "character2_id_": -1, "character2_attribute_id_": -1, "character2_change_attribute_id_": -1, "character3_id_": -1, "character3_attribute_id_": -1, "character3_change_attribute_id_": -1}, {"id_": 2, "character1_id_": 9024, "character1_attribute_id_": 2, "character1_change_attribute_id_": -1, "character2_id_": -1, "character2_attribute_id_": -1, "character2_change_attribute_id_": -1, "character3_id_": -1, "character3_attribute_id_": -1, "character3_change_attribute_id_": -1}, {"id_": 3, "character1_id_": 9024, "character1_attribute_id_": 2, "character1_change_attribute_id_": -1, "character2_id_": -1, "character2_attribute_id_": -1, "character2_change_attribute_id_": -1, "character3_id_": -1, "character3_attribute_id_": -1, "character3_change_attribute_id_": -1}, {"id_": 4, "character1_id_": 9024, "character1_attribute_id_": 2, "character1_change_attribute_id_": -1, "character2_id_": -1, "character2_attribute_id_": -1, "character2_change_attribute_id_": -1, "character3_id_": -1, "character3_attribute_id_": -1, "character3_change_attribute_id_": -1}, {"id_": 5, "character1_id_": 9023, "character1_attribute_id_": 2, "character1_change_attribute_id_": -1, "character2_id_": -1, "character2_attribute_id_": -1, "character2_change_attribute_id_": -1, "character3_id_": -1, "character3_attribute_id_": -1, "character3_change_attribute_id_": -1}]}, {"table_id_": 12, "table_": [{"id_": 1, "character1_id_": 152, "character1_attribute_id_": 2, "character1_change_attribute_id_": -1, "character2_id_": -1, "character2_attribute_id_": -1, "character2_change_attribute_id_": -1, "character3_id_": -1, "character3_attribute_id_": -1, "character3_change_attribute_id_": -1}]}, {"table_id_": 13, "table_": [{"id_": 1, "character1_id_": 219, "character1_attribute_id_": 4, "character1_change_attribute_id_": -1, "character2_id_": -1, "character2_attribute_id_": -1, "character2_change_attribute_id_": -1, "character3_id_": -1, "character3_attribute_id_": -1, "character3_change_attribute_id_": -1}]}, {"table_id_": 14, "table_": [{"id_": 1, "character1_id_": 128, "character1_attribute_id_": 0, "character1_change_attribute_id_": -1, "character2_id_": -1, "character2_attribute_id_": -1, "character2_change_attribute_id_": -1, "character3_id_": -1, "character3_attribute_id_": -1, "character3_change_attribute_id_": -1}]}, {"table_id_": 15, "table_": [{"id_": 1, "character1_id_": 265, "character1_attribute_id_": 3, "character1_change_attribute_id_": -1, "character2_id_": -1, "character2_attribute_id_": -1, "character2_change_attribute_id_": -1, "character3_id_": -1, "character3_attribute_id_": -1, "character3_change_attribute_id_": -1}]}, {"table_id_": 16, "table_": [{"id_": 1, "character1_id_": 218, "character1_attribute_id_": 1, "character1_change_attribute_id_": -1, "character2_id_": -1, "character2_attribute_id_": -1, "character2_change_attribute_id_": -1, "character3_id_": -1, "character3_attribute_id_": -1, "character3_change_attribute_id_": -1}]}, {"table_id_": 17, "table_": [{"id_": 1, "character1_id_": 218, "character1_attribute_id_": 0, "character1_change_attribute_id_": -1, "character2_id_": -1, "character2_attribute_id_": -1, "character2_change_attribute_id_": -1, "character3_id_": -1, "character3_attribute_id_": -1, "character3_change_attribute_id_": -1}]}, {"table_id_": 18, "table_": [{"id_": 1, "character1_id_": 264, "character1_attribute_id_": 2, "character1_change_attribute_id_": -1, "character2_id_": -1, "character2_attribute_id_": -1, "character2_change_attribute_id_": -1, "character3_id_": -1, "character3_attribute_id_": -1, "character3_change_attribute_id_": -1}]}, {"table_id_": 19, "table_": [{"id_": 1, "character1_id_": 109, "character1_attribute_id_": 3, "character1_change_attribute_id_": -1, "character2_id_": -1, "character2_attribute_id_": -1, "character2_change_attribute_id_": -1, "character3_id_": -1, "character3_attribute_id_": -1, "character3_change_attribute_id_": -1}]}, {"table_id_": 20, "table_": [{"id_": 1, "character1_id_": 242, "character1_attribute_id_": 4, "character1_change_attribute_id_": -1, "character2_id_": -1, "character2_attribute_id_": -1, "character2_change_attribute_id_": -1, "character3_id_": -1, "character3_attribute_id_": -1, "character3_change_attribute_id_": -1}]}, {"table_id_": 21, "table_": [{"id_": 1, "character1_id_": 349, "character1_attribute_id_": 0, "character1_change_attribute_id_": -1, "character2_id_": -1, "character2_attribute_id_": -1, "character2_change_attribute_id_": -1, "character3_id_": -1, "character3_attribute_id_": -1, "character3_change_attribute_id_": -1}]}, {"table_id_": 22, "table_": [{"id_": 1, "character1_id_": 217, "character1_attribute_id_": 4, "character1_change_attribute_id_": -1, "character2_id_": -1, "character2_attribute_id_": -1, "character2_change_attribute_id_": -1, "character3_id_": -1, "character3_attribute_id_": -1, "character3_change_attribute_id_": -1}]}, {"table_id_": 23, "table_": [{"id_": 1, "character1_id_": 318, "character1_attribute_id_": 1, "character1_change_attribute_id_": -1, "character2_id_": -1, "character2_attribute_id_": -1, "character2_change_attribute_id_": -1, "character3_id_": -1, "character3_attribute_id_": -1, "character3_change_attribute_id_": -1}]}, {"table_id_": 24, "table_": [{"id_": 1, "character1_id_": 4, "character1_attribute_id_": 4, "character1_change_attribute_id_": -1, "character2_id_": -1, "character2_attribute_id_": -1, "character2_change_attribute_id_": -1, "character3_id_": -1, "character3_attribute_id_": -1, "character3_change_attribute_id_": -1}]}, {"table_id_": 25, "table_": [{"id_": 1, "character1_id_": 243, "character1_attribute_id_": 2, "character1_change_attribute_id_": -1, "character2_id_": -1, "character2_attribute_id_": -1, "character2_change_attribute_id_": -1, "character3_id_": -1, "character3_attribute_id_": -1, "character3_change_attribute_id_": -1}]}, {"table_id_": 26, "table_": [{"id_": 1, "character1_id_": 186, "character1_attribute_id_": 1, "character1_change_attribute_id_": -1, "character2_id_": -1, "character2_attribute_id_": -1, "character2_change_attribute_id_": -1, "character3_id_": -1, "character3_attribute_id_": -1, "character3_change_attribute_id_": -1}]}, {"table_id_": 27, "table_": [{"id_": 1, "character1_id_": 346, "character1_attribute_id_": 0, "character1_change_attribute_id_": -1, "character2_id_": -1, "character2_attribute_id_": -1, "character2_change_attribute_id_": -1, "character3_id_": -1, "character3_attribute_id_": -1, "character3_change_attribute_id_": -1}, {"id_": 2, "character1_id_": 346, "character1_attribute_id_": 0, "character1_change_attribute_id_": -1, "character2_id_": -1, "character2_attribute_id_": -1, "character2_change_attribute_id_": -1, "character3_id_": -1, "character3_attribute_id_": -1, "character3_change_attribute_id_": -1}, {"id_": 3, "character1_id_": 346, "character1_attribute_id_": 0, "character1_change_attribute_id_": -1, "character2_id_": -1, "character2_attribute_id_": -1, "character2_change_attribute_id_": -1, "character3_id_": -1, "character3_attribute_id_": -1, "character3_change_attribute_id_": -1}, {"id_": 4, "character1_id_": 346, "character1_attribute_id_": 0, "character1_change_attribute_id_": -1, "character2_id_": -1, "character2_attribute_id_": -1, "character2_change_attribute_id_": -1, "character3_id_": -1, "character3_attribute_id_": -1, "character3_change_attribute_id_": -1}, {"id_": 5, "character1_id_": 9042, "character1_attribute_id_": 0, "character1_change_attribute_id_": -1, "character2_id_": -1, "character2_attribute_id_": -1, "character2_change_attribute_id_": -1, "character3_id_": -1, "character3_attribute_id_": -1, "character3_change_attribute_id_": -1}]}, {"table_id_": 28, "table_": [{"id_": 1, "character1_id_": 258, "character1_attribute_id_": 4, "character1_change_attribute_id_": -1, "character2_id_": -1, "character2_attribute_id_": -1, "character2_change_attribute_id_": -1, "character3_id_": -1, "character3_attribute_id_": -1, "character3_change_attribute_id_": -1}, {"id_": 2, "character1_id_": 258, "character1_attribute_id_": 4, "character1_change_attribute_id_": -1, "character2_id_": -1, "character2_attribute_id_": -1, "character2_change_attribute_id_": -1, "character3_id_": -1, "character3_attribute_id_": -1, "character3_change_attribute_id_": -1}, {"id_": 3, "character1_id_": 258, "character1_attribute_id_": 4, "character1_change_attribute_id_": -1, "character2_id_": -1, "character2_attribute_id_": -1, "character2_change_attribute_id_": -1, "character3_id_": -1, "character3_attribute_id_": -1, "character3_change_attribute_id_": -1}, {"id_": 4, "character1_id_": 258, "character1_attribute_id_": 4, "character1_change_attribute_id_": -1, "character2_id_": -1, "character2_attribute_id_": -1, "character2_change_attribute_id_": -1, "character3_id_": -1, "character3_attribute_id_": -1, "character3_change_attribute_id_": -1}, {"id_": 5, "character1_id_": 9043, "character1_attribute_id_": 4, "character1_change_attribute_id_": -1, "character2_id_": -1, "character2_attribute_id_": -1, "character2_change_attribute_id_": -1, "character3_id_": -1, "character3_attribute_id_": -1, "character3_change_attribute_id_": -1}]}, {"table_id_": 29, "table_": [{"id_": 1, "character1_id_": 75, "character1_attribute_id_": 1, "character1_change_attribute_id_": -1, "character2_id_": -1, "character2_attribute_id_": -1, "character2_change_attribute_id_": -1, "character3_id_": -1, "character3_attribute_id_": -1, "character3_change_attribute_id_": -1}]}, {"table_id_": 30, "table_": [{"id_": 1, "character1_id_": 189, "character1_attribute_id_": 1, "character1_change_attribute_id_": -1, "character2_id_": -1, "character2_attribute_id_": -1, "character2_change_attribute_id_": -1, "character3_id_": -1, "character3_attribute_id_": -1, "character3_change_attribute_id_": -1}]}, {"table_id_": 31, "table_": [{"id_": 1, "character1_id_": 38, "character1_attribute_id_": 3, "character1_change_attribute_id_": -1, "character2_id_": -1, "character2_attribute_id_": -1, "character2_change_attribute_id_": -1, "character3_id_": -1, "character3_attribute_id_": -1, "character3_change_attribute_id_": -1}]}, {"table_id_": 32, "table_": [{"id_": 1, "character1_id_": 322, "character1_attribute_id_": 0, "character1_change_attribute_id_": -1, "character2_id_": -1, "character2_attribute_id_": -1, "character2_change_attribute_id_": -1, "character3_id_": -1, "character3_attribute_id_": -1, "character3_change_attribute_id_": -1}]}, {"table_id_": 33, "table_": [{"id_": 1, "character1_id_": 290, "character1_attribute_id_": 3, "character1_change_attribute_id_": -1, "character2_id_": -1, "character2_attribute_id_": -1, "character2_change_attribute_id_": -1, "character3_id_": -1, "character3_attribute_id_": -1, "character3_change_attribute_id_": -1}]}, {"table_id_": 34, "table_": [{"id_": 1, "character1_id_": 388, "character1_attribute_id_": 1, "character1_change_attribute_id_": -1, "character2_id_": -1, "character2_attribute_id_": -1, "character2_change_attribute_id_": -1, "character3_id_": -1, "character3_attribute_id_": -1, "character3_change_attribute_id_": -1}]}, {"table_id_": 35, "table_": [{"id_": 1, "character1_id_": 383, "character1_attribute_id_": 4, "character1_change_attribute_id_": -1, "character2_id_": -1, "character2_attribute_id_": -1, "character2_change_attribute_id_": -1, "character3_id_": -1, "character3_attribute_id_": -1, "character3_change_attribute_id_": -1}]}, {"table_id_": 36, "table_": [{"id_": 1, "character1_id_": 236, "character1_attribute_id_": 2, "character1_change_attribute_id_": -1, "character2_id_": -1, "character2_attribute_id_": -1, "character2_change_attribute_id_": -1, "character3_id_": -1, "character3_attribute_id_": -1, "character3_change_attribute_id_": -1}]}, {"table_id_": 37, "table_": [{"id_": 1, "character1_id_": 302, "character1_attribute_id_": 3, "character1_change_attribute_id_": -1, "character2_id_": -1, "character2_attribute_id_": -1, "character2_change_attribute_id_": -1, "character3_id_": -1, "character3_attribute_id_": -1, "character3_change_attribute_id_": -1}]}, {"table_id_": 38, "table_": [{"id_": 1, "character1_id_": 300, "character1_attribute_id_": 0, "character1_change_attribute_id_": -1, "character2_id_": -1, "character2_attribute_id_": -1, "character2_change_attribute_id_": -1, "character3_id_": -1, "character3_attribute_id_": -1, "character3_change_attribute_id_": -1}]}, {"table_id_": 39, "table_": [{"id_": 1, "character1_id_": 293, "character1_attribute_id_": 1, "character1_change_attribute_id_": -1, "character2_id_": -1, "character2_attribute_id_": -1, "character2_change_attribute_id_": -1, "character3_id_": -1, "character3_attribute_id_": -1, "character3_change_attribute_id_": -1}]}, {"table_id_": 40, "table_": [{"id_": 1, "character1_id_": 340, "character1_attribute_id_": 4, "character1_change_attribute_id_": -1, "character2_id_": -1, "character2_attribute_id_": -1, "character2_change_attribute_id_": -1, "character3_id_": -1, "character3_attribute_id_": -1, "character3_change_attribute_id_": -1}]}, {"table_id_": 41, "table_": [{"id_": 1, "character1_id_": 428, "character1_attribute_id_": 2, "character1_change_attribute_id_": -1, "character2_id_": -1, "character2_attribute_id_": -1, "character2_change_attribute_id_": -1, "character3_id_": -1, "character3_attribute_id_": -1, "character3_change_attribute_id_": -1}]}, {"table_id_": 42, "table_": [{"id_": 1, "character1_id_": 384, "character1_attribute_id_": 4, "character1_change_attribute_id_": -1, "character2_id_": -1, "character2_attribute_id_": -1, "character2_change_attribute_id_": -1, "character3_id_": -1, "character3_attribute_id_": -1, "character3_change_attribute_id_": -1}]}, {"table_id_": 43, "table_": [{"id_": 1, "character1_id_": 143, "character1_attribute_id_": 3, "character1_change_attribute_id_": -1, "character2_id_": -1, "character2_attribute_id_": -1, "character2_change_attribute_id_": -1, "character3_id_": -1, "character3_attribute_id_": -1, "character3_change_attribute_id_": -1}]}, {"table_id_": 44, "table_": [{"id_": 1, "character1_id_": 150, "character1_attribute_id_": 0, "character1_change_attribute_id_": -1, "character2_id_": -1, "character2_attribute_id_": -1, "character2_change_attribute_id_": -1, "character3_id_": -1, "character3_attribute_id_": -1, "character3_change_attribute_id_": -1}]}, {"table_id_": 45, "table_": [{"id_": 1, "character1_id_": 327, "character1_attribute_id_": 2, "character1_change_attribute_id_": -1, "character2_id_": -1, "character2_attribute_id_": -1, "character2_change_attribute_id_": -1, "character3_id_": -1, "character3_attribute_id_": -1, "character3_change_attribute_id_": -1}]}, {"table_id_": 46, "table_": [{"id_": 1, "character1_id_": 199, "character1_attribute_id_": 3, "character1_change_attribute_id_": -1, "character2_id_": -1, "character2_attribute_id_": -1, "character2_change_attribute_id_": -1, "character3_id_": -1, "character3_attribute_id_": -1, "character3_change_attribute_id_": -1}]}, {"table_id_": 47, "table_": [{"id_": 1, "character1_id_": 366, "character1_attribute_id_": 3, "character1_change_attribute_id_": -1, "character2_id_": -1, "character2_attribute_id_": -1, "character2_change_attribute_id_": -1, "character3_id_": -1, "character3_attribute_id_": -1, "character3_change_attribute_id_": -1}]}, {"table_id_": 48, "table_": [{"id_": 1, "character1_id_": 62, "character1_attribute_id_": 4, "character1_change_attribute_id_": -1, "character2_id_": -1, "character2_attribute_id_": -1, "character2_change_attribute_id_": -1, "character3_id_": -1, "character3_attribute_id_": -1, "character3_change_attribute_id_": -1}]}, {"table_id_": 49, "table_": [{"id_": 1, "character1_id_": 451, "character1_attribute_id_": 2, "character1_change_attribute_id_": -1, "character2_id_": -1, "character2_attribute_id_": -1, "character2_change_attribute_id_": -1, "character3_id_": -1, "character3_attribute_id_": -1, "character3_change_attribute_id_": -1}]}]