[{"story_master_id_": 30633001, "boss_floor_": 5, "quick_battle_max_floor_num_": 70, "boss_buff_": 1000, "battle_bgm_asset_name_": "bgm_btl_npc_norm", "boss_battle_bgm_asset_name_": "bgm_btl_npc_boss_m", "tower_reward_table_id_": -1, "tower_character_table_id_": 1, "tower_character_ai_table_id_": 1, "character_view_base_level_": 1100, "character_view_up_level_": 100, "character_view_max_level_": 5000, "lv_base_value_": -1, "lv_multiply_value_": -1, "lv_up_max_": -1, "health_base_value_": 400000, "health_multiply_value_": 55000, "health_up_max_": 1000000000, "strike_atk_base_value_": 40000, "strike_atk_multiply_value_": 55000, "strike_atk_up_max_": 1500000, "shot_atk_base_value_": 40000, "shot_atk_multiply_value_": 55000, "shot_atk_up_max_": 1500000, "strike_def_base_value_": 40000, "strike_def_multiply_value_": 45000, "strike_def_up_max_": 1000000, "shot_def_base_value_": 40000, "shot_def_multiply_value_": 45000, "shot_def_up_max_": 1000000, "luck_base_value_": 1000, "luck_multiply_value_": 10800, "luck_up_max_": 10000, "main_ability_id_": -1, "support_ability_id_": -1, "z_ability_id_": -1, "unique_ability1_id_": -1, "unique_ability2_id_": -1, "unique_ability3_id_": -1, "unique_ability4_id_": -1, "unique_ability5_id_": -1, "unique_ability6_id_": -1, "unique_ability7_id_": -1, "unique_ability8_id_": -1, "unique_ability9_id_": -1, "unique_ability10_id_": -1, "exp_base_value_": 1000, "exp_multiply_value_": 10000, "exp_up_max_": 100000, "zeny_base_value_": 500, "zeny_multiply_value_": 10000, "zeny_up_max_": 50000, "guild_point_value_": 100, "guild_multiply_value_": 0, "guild_point_max_": 2000}, {"story_master_id_": 30634001, "boss_floor_": 5, "quick_battle_max_floor_num_": 70, "boss_buff_": 1000, "battle_bgm_asset_name_": "bgm_btl_npc_norm", "boss_battle_bgm_asset_name_": "bgm_btl_npc_boss_m", "tower_reward_table_id_": -1, "tower_character_table_id_": 2, "tower_character_ai_table_id_": 1, "character_view_base_level_": 1100, "character_view_up_level_": 100, "character_view_max_level_": 5000, "lv_base_value_": -1, "lv_multiply_value_": -1, "lv_up_max_": -1, "health_base_value_": 400000, "health_multiply_value_": 55000, "health_up_max_": 1000000000, "strike_atk_base_value_": 60000, "strike_atk_multiply_value_": 140000, "strike_atk_up_max_": 3000000, "shot_atk_base_value_": 60000, "shot_atk_multiply_value_": 140000, "shot_atk_up_max_": 3000000, "strike_def_base_value_": 45000, "strike_def_multiply_value_": 50000, "strike_def_up_max_": 1500000, "shot_def_base_value_": 45000, "shot_def_multiply_value_": 50000, "shot_def_up_max_": 1500000, "luck_base_value_": 1000, "luck_multiply_value_": 10800, "luck_up_max_": 10000, "main_ability_id_": -1, "support_ability_id_": -1, "z_ability_id_": -1, "unique_ability1_id_": -1, "unique_ability2_id_": -1, "unique_ability3_id_": -1, "unique_ability4_id_": -1, "unique_ability5_id_": -1, "unique_ability6_id_": -1, "unique_ability7_id_": -1, "unique_ability8_id_": -1, "unique_ability9_id_": -1, "unique_ability10_id_": -1, "exp_base_value_": 1000, "exp_multiply_value_": 10000, "exp_up_max_": 100000, "zeny_base_value_": 500, "zeny_multiply_value_": 10000, "zeny_up_max_": 50000, "guild_point_value_": 100, "guild_multiply_value_": 0, "guild_point_max_": 2000}, {"story_master_id_": 30635001, "boss_floor_": 5, "quick_battle_max_floor_num_": 70, "boss_buff_": 1000, "battle_bgm_asset_name_": "bgm_btl_npc_norm", "boss_battle_bgm_asset_name_": "bgm_btl_npc_boss_m", "tower_reward_table_id_": -1, "tower_character_table_id_": 3, "tower_character_ai_table_id_": 1, "character_view_base_level_": 1100, "character_view_up_level_": 100, "character_view_max_level_": 5000, "lv_base_value_": -1, "lv_multiply_value_": -1, "lv_up_max_": -1, "health_base_value_": 400000, "health_multiply_value_": 97000, "health_up_max_": 1000000000, "strike_atk_base_value_": 60000, "strike_atk_multiply_value_": 160000, "strike_atk_up_max_": 3500000, "shot_atk_base_value_": 80000, "shot_atk_multiply_value_": 240000, "shot_atk_up_max_": 3000000, "strike_def_base_value_": 45000, "strike_def_multiply_value_": 60000, "strike_def_up_max_": 1500000, "shot_def_base_value_": 45000, "shot_def_multiply_value_": 60000, "shot_def_up_max_": 1500000, "luck_base_value_": 1000, "luck_multiply_value_": 10800, "luck_up_max_": 10000, "main_ability_id_": -1, "support_ability_id_": -1, "z_ability_id_": -1, "unique_ability1_id_": -1, "unique_ability2_id_": -1, "unique_ability3_id_": -1, "unique_ability4_id_": -1, "unique_ability5_id_": -1, "unique_ability6_id_": -1, "unique_ability7_id_": -1, "unique_ability8_id_": -1, "unique_ability9_id_": -1, "unique_ability10_id_": -1, "exp_base_value_": 1000, "exp_multiply_value_": 10000, "exp_up_max_": 100000, "zeny_base_value_": 500, "zeny_multiply_value_": 10000, "zeny_up_max_": 50000, "guild_point_value_": 100, "guild_multiply_value_": 0, "guild_point_max_": 2000}, {"story_master_id_": 30636001, "boss_floor_": 5, "quick_battle_max_floor_num_": 70, "boss_buff_": 1000, "battle_bgm_asset_name_": "bgm_btl_npc_norm", "boss_battle_bgm_asset_name_": "bgm_btl_npc_boss_m", "tower_reward_table_id_": -1, "tower_character_table_id_": 4, "tower_character_ai_table_id_": 1, "character_view_base_level_": 1100, "character_view_up_level_": 100, "character_view_max_level_": 5000, "lv_base_value_": -1, "lv_multiply_value_": -1, "lv_up_max_": -1, "health_base_value_": 100000, "health_multiply_value_": 30000, "health_up_max_": 1000000000, "strike_atk_base_value_": 40000, "strike_atk_multiply_value_": 45000, "strike_atk_up_max_": 1500000, "shot_atk_base_value_": 40000, "shot_atk_multiply_value_": 45000, "shot_atk_up_max_": 1500000, "strike_def_base_value_": 40000, "strike_def_multiply_value_": 35000, "strike_def_up_max_": 1000000, "shot_def_base_value_": 40000, "shot_def_multiply_value_": 35000, "shot_def_up_max_": 1000000, "luck_base_value_": 1000, "luck_multiply_value_": 10800, "luck_up_max_": 10000, "main_ability_id_": -1, "support_ability_id_": -1, "z_ability_id_": -1, "unique_ability1_id_": -1, "unique_ability2_id_": -1, "unique_ability3_id_": -1, "unique_ability4_id_": -1, "unique_ability5_id_": -1, "unique_ability6_id_": -1, "unique_ability7_id_": -1, "unique_ability8_id_": -1, "unique_ability9_id_": -1, "unique_ability10_id_": -1, "exp_base_value_": 1000, "exp_multiply_value_": 10000, "exp_up_max_": 100000, "zeny_base_value_": 500, "zeny_multiply_value_": 10000, "zeny_up_max_": 50000, "guild_point_value_": 100, "guild_multiply_value_": 0, "guild_point_max_": 2000}, {"story_master_id_": 30637001, "boss_floor_": 5, "quick_battle_max_floor_num_": 70, "boss_buff_": 1000, "battle_bgm_asset_name_": "bgm_btl_npc_norm", "boss_battle_bgm_asset_name_": "bgm_btl_npc_boss_i", "tower_reward_table_id_": -1, "tower_character_table_id_": 5, "tower_character_ai_table_id_": 1, "character_view_base_level_": 1100, "character_view_up_level_": 100, "character_view_max_level_": 5000, "lv_base_value_": -1, "lv_multiply_value_": -1, "lv_up_max_": -1, "health_base_value_": 400000, "health_multiply_value_": 55000, "health_up_max_": 1000000000, "strike_atk_base_value_": 40000, "strike_atk_multiply_value_": 110000, "strike_atk_up_max_": 1500000, "shot_atk_base_value_": 40000, "shot_atk_multiply_value_": 110000, "shot_atk_up_max_": 1500000, "strike_def_base_value_": 40000, "strike_def_multiply_value_": 40000, "strike_def_up_max_": 1000000, "shot_def_base_value_": 40000, "shot_def_multiply_value_": 40000, "shot_def_up_max_": 1000000, "luck_base_value_": 1000, "luck_multiply_value_": 10800, "luck_up_max_": 10000, "main_ability_id_": -1, "support_ability_id_": -1, "z_ability_id_": -1, "unique_ability1_id_": -1, "unique_ability2_id_": -1, "unique_ability3_id_": -1, "unique_ability4_id_": -1, "unique_ability5_id_": -1, "unique_ability6_id_": -1, "unique_ability7_id_": -1, "unique_ability8_id_": -1, "unique_ability9_id_": -1, "unique_ability10_id_": -1, "exp_base_value_": 1000, "exp_multiply_value_": 10000, "exp_up_max_": 100000, "zeny_base_value_": 500, "zeny_multiply_value_": 10000, "zeny_up_max_": 50000, "guild_point_value_": 100, "guild_multiply_value_": 0, "guild_point_max_": 2000}, {"story_master_id_": 30638001, "boss_floor_": 5, "quick_battle_max_floor_num_": 70, "boss_buff_": 1000, "battle_bgm_asset_name_": "bgm_btl_npc_norm", "boss_battle_bgm_asset_name_": "bgm_btl_npc_boss_i", "tower_reward_table_id_": -1, "tower_character_table_id_": 6, "tower_character_ai_table_id_": 1, "character_view_base_level_": 1100, "character_view_up_level_": 100, "character_view_max_level_": 5000, "lv_base_value_": -1, "lv_multiply_value_": -1, "lv_up_max_": -1, "health_base_value_": 400000, "health_multiply_value_": 52000, "health_up_max_": 1000000000, "strike_atk_base_value_": 40000, "strike_atk_multiply_value_": 80000, "strike_atk_up_max_": 1500000, "shot_atk_base_value_": 40000, "shot_atk_multiply_value_": 90000, "shot_atk_up_max_": 3000000, "strike_def_base_value_": 40000, "strike_def_multiply_value_": 35000, "strike_def_up_max_": 1000000, "shot_def_base_value_": 40000, "shot_def_multiply_value_": 35000, "shot_def_up_max_": 1000000, "luck_base_value_": 1000, "luck_multiply_value_": 10800, "luck_up_max_": 10000, "main_ability_id_": -1, "support_ability_id_": -1, "z_ability_id_": -1, "unique_ability1_id_": -1, "unique_ability2_id_": -1, "unique_ability3_id_": -1, "unique_ability4_id_": -1, "unique_ability5_id_": -1, "unique_ability6_id_": -1, "unique_ability7_id_": -1, "unique_ability8_id_": -1, "unique_ability9_id_": -1, "unique_ability10_id_": -1, "exp_base_value_": 1000, "exp_multiply_value_": 10000, "exp_up_max_": 100000, "zeny_base_value_": 500, "zeny_multiply_value_": 10000, "zeny_up_max_": 50000, "guild_point_value_": 100, "guild_multiply_value_": 0, "guild_point_max_": 2000}, {"story_master_id_": 30639001, "boss_floor_": 5, "quick_battle_max_floor_num_": 70, "boss_buff_": 1000, "battle_bgm_asset_name_": "bgm_btl_npc_norm", "boss_battle_bgm_asset_name_": "bgm_btl_npc_boss_i", "tower_reward_table_id_": 7, "tower_character_table_id_": 7, "tower_character_ai_table_id_": 1, "character_view_base_level_": 1100, "character_view_up_level_": 100, "character_view_max_level_": 5000, "lv_base_value_": -1, "lv_multiply_value_": -1, "lv_up_max_": -1, "health_base_value_": 400000, "health_multiply_value_": 65000, "health_up_max_": 1000000000, "strike_atk_base_value_": 40000, "strike_atk_multiply_value_": 85000, "strike_atk_up_max_": 1500000, "shot_atk_base_value_": 40000, "shot_atk_multiply_value_": 110000, "shot_atk_up_max_": 1500000, "strike_def_base_value_": 40000, "strike_def_multiply_value_": 65000, "strike_def_up_max_": 1000000, "shot_def_base_value_": 40000, "shot_def_multiply_value_": 65000, "shot_def_up_max_": 1000000, "luck_base_value_": 1000, "luck_multiply_value_": 10800, "luck_up_max_": 10000, "main_ability_id_": -1, "support_ability_id_": -1, "z_ability_id_": -1, "unique_ability1_id_": -1, "unique_ability2_id_": -1, "unique_ability3_id_": -1, "unique_ability4_id_": -1, "unique_ability5_id_": -1, "unique_ability6_id_": -1, "unique_ability7_id_": -1, "unique_ability8_id_": -1, "unique_ability9_id_": -1, "unique_ability10_id_": -1, "exp_base_value_": 1000, "exp_multiply_value_": 10000, "exp_up_max_": 100000, "zeny_base_value_": 500, "zeny_multiply_value_": 10000, "zeny_up_max_": 50000, "guild_point_value_": 100, "guild_multiply_value_": 0, "guild_point_max_": 2000}, {"story_master_id_": 30640001, "boss_floor_": 5, "quick_battle_max_floor_num_": 70, "boss_buff_": 1000, "battle_bgm_asset_name_": "bgm_btl_npc_norm", "boss_battle_bgm_asset_name_": "bgm_btl_npc_boss_i", "tower_reward_table_id_": 8, "tower_character_table_id_": 8, "tower_character_ai_table_id_": 1, "character_view_base_level_": 1100, "character_view_up_level_": 100, "character_view_max_level_": 5000, "lv_base_value_": -1, "lv_multiply_value_": -1, "lv_up_max_": -1, "health_base_value_": 400000, "health_multiply_value_": 58000, "health_up_max_": 1000000000, "strike_atk_base_value_": 40000, "strike_atk_multiply_value_": 90000, "strike_atk_up_max_": 1500000, "shot_atk_base_value_": 40000, "shot_atk_multiply_value_": 95000, "shot_atk_up_max_": 1500000, "strike_def_base_value_": 40000, "strike_def_multiply_value_": 60000, "strike_def_up_max_": 1000000, "shot_def_base_value_": 40000, "shot_def_multiply_value_": 55000, "shot_def_up_max_": 1000000, "luck_base_value_": 1000, "luck_multiply_value_": 10800, "luck_up_max_": 10000, "main_ability_id_": -1, "support_ability_id_": -1, "z_ability_id_": -1, "unique_ability1_id_": -1, "unique_ability2_id_": -1, "unique_ability3_id_": -1, "unique_ability4_id_": -1, "unique_ability5_id_": -1, "unique_ability6_id_": -1, "unique_ability7_id_": -1, "unique_ability8_id_": -1, "unique_ability9_id_": -1, "unique_ability10_id_": -1, "exp_base_value_": 1000, "exp_multiply_value_": 10000, "exp_up_max_": 100000, "zeny_base_value_": 500, "zeny_multiply_value_": 10000, "zeny_up_max_": 50000, "guild_point_value_": 100, "guild_multiply_value_": 0, "guild_point_max_": 2000}, {"story_master_id_": 30641001, "boss_floor_": 5, "quick_battle_max_floor_num_": 70, "boss_buff_": 1000, "battle_bgm_asset_name_": "bgm_btl_pvp", "boss_battle_bgm_asset_name_": "bgm_btl_pvp", "tower_reward_table_id_": 9, "tower_character_table_id_": 9, "tower_character_ai_table_id_": 1, "character_view_base_level_": 1100, "character_view_up_level_": 100, "character_view_max_level_": 5000, "lv_base_value_": -1, "lv_multiply_value_": -1, "lv_up_max_": -1, "health_base_value_": 400000, "health_multiply_value_": 65000, "health_up_max_": 1000000000, "strike_atk_base_value_": 40000, "strike_atk_multiply_value_": 85000, "strike_atk_up_max_": 1500000, "shot_atk_base_value_": 40000, "shot_atk_multiply_value_": 75000, "shot_atk_up_max_": 1500000, "strike_def_base_value_": 40000, "strike_def_multiply_value_": 65000, "strike_def_up_max_": 1000000, "shot_def_base_value_": 40000, "shot_def_multiply_value_": 65000, "shot_def_up_max_": 1000000, "luck_base_value_": 1000, "luck_multiply_value_": 10800, "luck_up_max_": 10000, "main_ability_id_": -1, "support_ability_id_": -1, "z_ability_id_": -1, "unique_ability1_id_": -1, "unique_ability2_id_": -1, "unique_ability3_id_": -1, "unique_ability4_id_": -1, "unique_ability5_id_": -1, "unique_ability6_id_": -1, "unique_ability7_id_": -1, "unique_ability8_id_": -1, "unique_ability9_id_": -1, "unique_ability10_id_": -1, "exp_base_value_": 1000, "exp_multiply_value_": 10000, "exp_up_max_": 100000, "zeny_base_value_": 500, "zeny_multiply_value_": 10000, "zeny_up_max_": 50000, "guild_point_value_": 100, "guild_multiply_value_": 0, "guild_point_max_": 2000}, {"story_master_id_": 30642001, "boss_floor_": 5, "quick_battle_max_floor_num_": 70, "boss_buff_": 1000, "battle_bgm_asset_name_": "bgm_btl_npc_norm", "boss_battle_bgm_asset_name_": "bgm_btl_npc_boss_f", "tower_reward_table_id_": 10, "tower_character_table_id_": 10, "tower_character_ai_table_id_": 1, "character_view_base_level_": 1100, "character_view_up_level_": 100, "character_view_max_level_": 5000, "lv_base_value_": -1, "lv_multiply_value_": -1, "lv_up_max_": -1, "health_base_value_": 400000, "health_multiply_value_": 60000, "health_up_max_": 1000000000, "strike_atk_base_value_": 40000, "strike_atk_multiply_value_": 90000, "strike_atk_up_max_": 1500000, "shot_atk_base_value_": 40000, "shot_atk_multiply_value_": 95000, "shot_atk_up_max_": 1500000, "strike_def_base_value_": 40000, "strike_def_multiply_value_": 70000, "strike_def_up_max_": 1000000, "shot_def_base_value_": 40000, "shot_def_multiply_value_": 70000, "shot_def_up_max_": 1000000, "luck_base_value_": 1000, "luck_multiply_value_": 10800, "luck_up_max_": 10000, "main_ability_id_": -1, "support_ability_id_": -1, "z_ability_id_": -1, "unique_ability1_id_": 1120038, "unique_ability2_id_": -1, "unique_ability3_id_": -1, "unique_ability4_id_": -1, "unique_ability5_id_": -1, "unique_ability6_id_": -1, "unique_ability7_id_": -1, "unique_ability8_id_": -1, "unique_ability9_id_": -1, "unique_ability10_id_": -1, "exp_base_value_": 1000, "exp_multiply_value_": 10000, "exp_up_max_": 100000, "zeny_base_value_": 500, "zeny_multiply_value_": 10000, "zeny_up_max_": 50000, "guild_point_value_": 100, "guild_multiply_value_": 0, "guild_point_max_": 2000}, {"story_master_id_": 30643001, "boss_floor_": 5, "quick_battle_max_floor_num_": 70, "boss_buff_": 1000, "battle_bgm_asset_name_": "bgm_btl_npc_norm", "boss_battle_bgm_asset_name_": "bgm_btl_npc_boss_h", "tower_reward_table_id_": 11, "tower_character_table_id_": 11, "tower_character_ai_table_id_": 1, "character_view_base_level_": 1100, "character_view_up_level_": 100, "character_view_max_level_": 5000, "lv_base_value_": -1, "lv_multiply_value_": -1, "lv_up_max_": -1, "health_base_value_": 400000, "health_multiply_value_": 95000, "health_up_max_": 1000000000, "strike_atk_base_value_": 40000, "strike_atk_multiply_value_": 135000, "strike_atk_up_max_": 2000000, "shot_atk_base_value_": 40000, "shot_atk_multiply_value_": 120000, "shot_atk_up_max_": 2000000, "strike_def_base_value_": 40000, "strike_def_multiply_value_": 105000, "strike_def_up_max_": 1500000, "shot_def_base_value_": 40000, "shot_def_multiply_value_": 105000, "shot_def_up_max_": 1500000, "luck_base_value_": 1000, "luck_multiply_value_": 10800, "luck_up_max_": 10000, "main_ability_id_": -1, "support_ability_id_": -1, "z_ability_id_": -1, "unique_ability1_id_": 1120038, "unique_ability2_id_": -1, "unique_ability3_id_": -1, "unique_ability4_id_": -1, "unique_ability5_id_": -1, "unique_ability6_id_": -1, "unique_ability7_id_": -1, "unique_ability8_id_": -1, "unique_ability9_id_": -1, "unique_ability10_id_": -1, "exp_base_value_": 1000, "exp_multiply_value_": 10000, "exp_up_max_": 100000, "zeny_base_value_": 500, "zeny_multiply_value_": 10000, "zeny_up_max_": 50000, "guild_point_value_": 100, "guild_multiply_value_": 0, "guild_point_max_": 2000}, {"story_master_id_": 30644001, "boss_floor_": 5, "quick_battle_max_floor_num_": 70, "boss_buff_": 1000, "battle_bgm_asset_name_": "bgm_btl_pvp", "boss_battle_bgm_asset_name_": "bgm_btl_pvp", "tower_reward_table_id_": 12, "tower_character_table_id_": 12, "tower_character_ai_table_id_": 1, "character_view_base_level_": 1100, "character_view_up_level_": 100, "character_view_max_level_": 5000, "lv_base_value_": -1, "lv_multiply_value_": -1, "lv_up_max_": -1, "health_base_value_": 400000, "health_multiply_value_": 65000, "health_up_max_": 1000000000, "strike_atk_base_value_": 40000, "strike_atk_multiply_value_": 100000, "strike_atk_up_max_": 2000000, "shot_atk_base_value_": 40000, "shot_atk_multiply_value_": 100000, "shot_atk_up_max_": 2000000, "strike_def_base_value_": 40000, "strike_def_multiply_value_": 75000, "strike_def_up_max_": 1500000, "shot_def_base_value_": 40000, "shot_def_multiply_value_": 75000, "shot_def_up_max_": 1500000, "luck_base_value_": 1000, "luck_multiply_value_": 10800, "luck_up_max_": 10000, "main_ability_id_": -1, "support_ability_id_": -1, "z_ability_id_": -1, "unique_ability1_id_": 1120038, "unique_ability2_id_": -1, "unique_ability3_id_": -1, "unique_ability4_id_": -1, "unique_ability5_id_": -1, "unique_ability6_id_": -1, "unique_ability7_id_": -1, "unique_ability8_id_": -1, "unique_ability9_id_": -1, "unique_ability10_id_": -1, "exp_base_value_": 1000, "exp_multiply_value_": 10000, "exp_up_max_": 100000, "zeny_base_value_": 500, "zeny_multiply_value_": 10000, "zeny_up_max_": 50000, "guild_point_value_": 100, "guild_multiply_value_": 0, "guild_point_max_": 2000}, {"story_master_id_": 30645001, "boss_floor_": 5, "quick_battle_max_floor_num_": 70, "boss_buff_": 1000, "battle_bgm_asset_name_": "bgm_btl_npc_norm", "boss_battle_bgm_asset_name_": "bgm_btl_npc_boss_f", "tower_reward_table_id_": 13, "tower_character_table_id_": 13, "tower_character_ai_table_id_": 1, "character_view_base_level_": 1100, "character_view_up_level_": 100, "character_view_max_level_": 5000, "lv_base_value_": -1, "lv_multiply_value_": -1, "lv_up_max_": -1, "health_base_value_": 400000, "health_multiply_value_": 75000, "health_up_max_": 1000000000, "strike_atk_base_value_": 40000, "strike_atk_multiply_value_": 88000, "strike_atk_up_max_": 2000000, "shot_atk_base_value_": 40000, "shot_atk_multiply_value_": 90000, "shot_atk_up_max_": 1500000, "strike_def_base_value_": 40000, "strike_def_multiply_value_": 60000, "strike_def_up_max_": 1500000, "shot_def_base_value_": 40000, "shot_def_multiply_value_": 62000, "shot_def_up_max_": 1000000, "luck_base_value_": 1000, "luck_multiply_value_": 10800, "luck_up_max_": 10000, "main_ability_id_": -1, "support_ability_id_": -1, "z_ability_id_": -1, "unique_ability1_id_": 1120038, "unique_ability2_id_": 1100031, "unique_ability3_id_": -1, "unique_ability4_id_": -1, "unique_ability5_id_": -1, "unique_ability6_id_": -1, "unique_ability7_id_": -1, "unique_ability8_id_": -1, "unique_ability9_id_": -1, "unique_ability10_id_": -1, "exp_base_value_": 1000, "exp_multiply_value_": 10000, "exp_up_max_": 100000, "zeny_base_value_": 500, "zeny_multiply_value_": 10000, "zeny_up_max_": 50000, "guild_point_value_": 100, "guild_multiply_value_": 0, "guild_point_max_": 2000}, {"story_master_id_": 30646001, "boss_floor_": 5, "quick_battle_max_floor_num_": 70, "boss_buff_": 1000, "battle_bgm_asset_name_": "bgm_btl_npc_norm", "boss_battle_bgm_asset_name_": "bgm_btl_npc_boss_l", "tower_reward_table_id_": 14, "tower_character_table_id_": 14, "tower_character_ai_table_id_": 1, "character_view_base_level_": 1100, "character_view_up_level_": 100, "character_view_max_level_": 5000, "lv_base_value_": -1, "lv_multiply_value_": -1, "lv_up_max_": -1, "health_base_value_": 400000, "health_multiply_value_": 90000, "health_up_max_": 1000000000, "strike_atk_base_value_": 40000, "strike_atk_multiply_value_": 100000, "strike_atk_up_max_": 2300000, "shot_atk_base_value_": 40000, "shot_atk_multiply_value_": 105000, "shot_atk_up_max_": 2300000, "strike_def_base_value_": 40000, "strike_def_multiply_value_": 80000, "strike_def_up_max_": 1500000, "shot_def_base_value_": 40000, "shot_def_multiply_value_": 80000, "shot_def_up_max_": 1500000, "luck_base_value_": 1000, "luck_multiply_value_": 10800, "luck_up_max_": 10000, "main_ability_id_": -1, "support_ability_id_": -1, "z_ability_id_": -1, "unique_ability1_id_": 1120036, "unique_ability2_id_": -1, "unique_ability3_id_": -1, "unique_ability4_id_": -1, "unique_ability5_id_": -1, "unique_ability6_id_": -1, "unique_ability7_id_": -1, "unique_ability8_id_": -1, "unique_ability9_id_": -1, "unique_ability10_id_": -1, "exp_base_value_": 1000, "exp_multiply_value_": 10000, "exp_up_max_": 100000, "zeny_base_value_": 500, "zeny_multiply_value_": 10000, "zeny_up_max_": 50000, "guild_point_value_": 100, "guild_multiply_value_": 0, "guild_point_max_": 2000}, {"story_master_id_": 30647001, "boss_floor_": 5, "quick_battle_max_floor_num_": 70, "boss_buff_": 1000, "battle_bgm_asset_name_": "bgm_btl_npc_norm", "boss_battle_bgm_asset_name_": "bgm_btl_npc_boss_i", "tower_reward_table_id_": 15, "tower_character_table_id_": 15, "tower_character_ai_table_id_": 1, "character_view_base_level_": 1100, "character_view_up_level_": 100, "character_view_max_level_": 5000, "lv_base_value_": -1, "lv_multiply_value_": -1, "lv_up_max_": -1, "health_base_value_": 400000, "health_multiply_value_": 70000, "health_up_max_": 1000000000, "strike_atk_base_value_": 40000, "strike_atk_multiply_value_": 78000, "strike_atk_up_max_": 2000000, "shot_atk_base_value_": 40000, "shot_atk_multiply_value_": 80000, "shot_atk_up_max_": 1500000, "strike_def_base_value_": 40000, "strike_def_multiply_value_": 65000, "strike_def_up_max_": 1500000, "shot_def_base_value_": 40000, "shot_def_multiply_value_": 65000, "shot_def_up_max_": 1500000, "luck_base_value_": 1000, "luck_multiply_value_": 10800, "luck_up_max_": 10000, "main_ability_id_": -1, "support_ability_id_": -1, "z_ability_id_": -1, "unique_ability1_id_": 1120038, "unique_ability2_id_": -1, "unique_ability3_id_": -1, "unique_ability4_id_": -1, "unique_ability5_id_": -1, "unique_ability6_id_": -1, "unique_ability7_id_": -1, "unique_ability8_id_": -1, "unique_ability9_id_": -1, "unique_ability10_id_": -1, "exp_base_value_": 1000, "exp_multiply_value_": 10000, "exp_up_max_": 100000, "zeny_base_value_": 500, "zeny_multiply_value_": 10000, "zeny_up_max_": 50000, "guild_point_value_": 100, "guild_multiply_value_": 0, "guild_point_max_": 2000}, {"story_master_id_": 30648001, "boss_floor_": 5, "quick_battle_max_floor_num_": 80, "boss_buff_": 1000, "battle_bgm_asset_name_": "bgm_btl_npc_norm", "boss_battle_bgm_asset_name_": "bgm_btl_npc_boss_d", "tower_reward_table_id_": 16, "tower_character_table_id_": 16, "tower_character_ai_table_id_": 1, "character_view_base_level_": 1100, "character_view_up_level_": 100, "character_view_max_level_": 5000, "lv_base_value_": -1, "lv_multiply_value_": -1, "lv_up_max_": -1, "health_base_value_": 400000, "health_multiply_value_": 75000, "health_up_max_": 1000000000, "strike_atk_base_value_": 40000, "strike_atk_multiply_value_": 90000, "strike_atk_up_max_": 2000000, "shot_atk_base_value_": 40000, "shot_atk_multiply_value_": 90000, "shot_atk_up_max_": 2000000, "strike_def_base_value_": 40000, "strike_def_multiply_value_": 75000, "strike_def_up_max_": 1500000, "shot_def_base_value_": 40000, "shot_def_multiply_value_": 75000, "shot_def_up_max_": 1500000, "luck_base_value_": 1000, "luck_multiply_value_": 10800, "luck_up_max_": 10000, "main_ability_id_": -1, "support_ability_id_": -1, "z_ability_id_": -1, "unique_ability1_id_": 1120038, "unique_ability2_id_": -1, "unique_ability3_id_": -1, "unique_ability4_id_": -1, "unique_ability5_id_": -1, "unique_ability6_id_": -1, "unique_ability7_id_": -1, "unique_ability8_id_": -1, "unique_ability9_id_": -1, "unique_ability10_id_": -1, "exp_base_value_": 1000, "exp_multiply_value_": 10000, "exp_up_max_": 100000, "zeny_base_value_": 500, "zeny_multiply_value_": 10000, "zeny_up_max_": 50000, "guild_point_value_": 100, "guild_multiply_value_": 0, "guild_point_max_": 2000}, {"story_master_id_": 30649001, "boss_floor_": 5, "quick_battle_max_floor_num_": 80, "boss_buff_": 1000, "battle_bgm_asset_name_": "bgm_btl_npc_norm", "boss_battle_bgm_asset_name_": "bgm_btl_npc_boss_e", "tower_reward_table_id_": 17, "tower_character_table_id_": 17, "tower_character_ai_table_id_": 1, "character_view_base_level_": 1100, "character_view_up_level_": 100, "character_view_max_level_": 5000, "lv_base_value_": -1, "lv_multiply_value_": -1, "lv_up_max_": -1, "health_base_value_": 400000, "health_multiply_value_": 75000, "health_up_max_": 1000000000, "strike_atk_base_value_": 40000, "strike_atk_multiply_value_": 90000, "strike_atk_up_max_": 2000000, "shot_atk_base_value_": 40000, "shot_atk_multiply_value_": 90000, "shot_atk_up_max_": 2000000, "strike_def_base_value_": 40000, "strike_def_multiply_value_": 75000, "strike_def_up_max_": 1500000, "shot_def_base_value_": 40000, "shot_def_multiply_value_": 75000, "shot_def_up_max_": 1500000, "luck_base_value_": 1000, "luck_multiply_value_": 10800, "luck_up_max_": 10000, "main_ability_id_": -1, "support_ability_id_": -1, "z_ability_id_": -1, "unique_ability1_id_": 1120038, "unique_ability2_id_": -1, "unique_ability3_id_": -1, "unique_ability4_id_": -1, "unique_ability5_id_": -1, "unique_ability6_id_": -1, "unique_ability7_id_": -1, "unique_ability8_id_": -1, "unique_ability9_id_": -1, "unique_ability10_id_": -1, "exp_base_value_": 1000, "exp_multiply_value_": 10000, "exp_up_max_": 100000, "zeny_base_value_": 500, "zeny_multiply_value_": 10000, "zeny_up_max_": 50000, "guild_point_value_": 100, "guild_multiply_value_": 0, "guild_point_max_": 2000}, {"story_master_id_": 30650001, "boss_floor_": 5, "quick_battle_max_floor_num_": 70, "boss_buff_": 1000, "battle_bgm_asset_name_": "bgm_btl_npc_norm", "boss_battle_bgm_asset_name_": "bgm_btl_npc_boss_i", "tower_reward_table_id_": 18, "tower_character_table_id_": 18, "tower_character_ai_table_id_": 1, "character_view_base_level_": 1100, "character_view_up_level_": 100, "character_view_max_level_": 5000, "lv_base_value_": -1, "lv_multiply_value_": -1, "lv_up_max_": -1, "health_base_value_": 400000, "health_multiply_value_": 72000, "health_up_max_": 1000000000, "strike_atk_base_value_": 40000, "strike_atk_multiply_value_": 85000, "strike_atk_up_max_": 2000000, "shot_atk_base_value_": 40000, "shot_atk_multiply_value_": 85000, "shot_atk_up_max_": 2000000, "strike_def_base_value_": 40000, "strike_def_multiply_value_": 70000, "strike_def_up_max_": 1500000, "shot_def_base_value_": 40000, "shot_def_multiply_value_": 70000, "shot_def_up_max_": 1500000, "luck_base_value_": 1000, "luck_multiply_value_": 10800, "luck_up_max_": 10000, "main_ability_id_": -1, "support_ability_id_": -1, "z_ability_id_": -1, "unique_ability1_id_": 1120038, "unique_ability2_id_": -1, "unique_ability3_id_": -1, "unique_ability4_id_": -1, "unique_ability5_id_": -1, "unique_ability6_id_": -1, "unique_ability7_id_": -1, "unique_ability8_id_": -1, "unique_ability9_id_": -1, "unique_ability10_id_": -1, "exp_base_value_": 1000, "exp_multiply_value_": 10000, "exp_up_max_": 100000, "zeny_base_value_": 500, "zeny_multiply_value_": 10000, "zeny_up_max_": 50000, "guild_point_value_": 100, "guild_multiply_value_": 0, "guild_point_max_": 2000}, {"story_master_id_": 30651001, "boss_floor_": 5, "quick_battle_max_floor_num_": 70, "boss_buff_": 1000, "battle_bgm_asset_name_": "bgm_btl_npc_norm", "boss_battle_bgm_asset_name_": "bgm_btl_npc_boss_d", "tower_reward_table_id_": 19, "tower_character_table_id_": 19, "tower_character_ai_table_id_": 1, "character_view_base_level_": 1100, "character_view_up_level_": 100, "character_view_max_level_": 5000, "lv_base_value_": -1, "lv_multiply_value_": -1, "lv_up_max_": -1, "health_base_value_": 400000, "health_multiply_value_": 80000, "health_up_max_": 1000000000, "strike_atk_base_value_": 40000, "strike_atk_multiply_value_": 308000, "strike_atk_up_max_": 11000000, "shot_atk_base_value_": 40000, "shot_atk_multiply_value_": 308000, "shot_atk_up_max_": 11000000, "strike_def_base_value_": 40000, "strike_def_multiply_value_": 100000, "strike_def_up_max_": 8500000, "shot_def_base_value_": 40000, "shot_def_multiply_value_": 100000, "shot_def_up_max_": 8500000, "luck_base_value_": 1000, "luck_multiply_value_": 10800, "luck_up_max_": 10000, "main_ability_id_": -1, "support_ability_id_": -1, "z_ability_id_": -1, "unique_ability1_id_": 1120036, "unique_ability2_id_": 1100114, "unique_ability3_id_": 1100260, "unique_ability4_id_": 1100903, "unique_ability5_id_": 1100916, "unique_ability6_id_": -1, "unique_ability7_id_": -1, "unique_ability8_id_": -1, "unique_ability9_id_": -1, "unique_ability10_id_": -1, "exp_base_value_": 1000, "exp_multiply_value_": 10000, "exp_up_max_": 100000, "zeny_base_value_": 500, "zeny_multiply_value_": 10000, "zeny_up_max_": 50000, "guild_point_value_": 100, "guild_multiply_value_": 0, "guild_point_max_": 2000}, {"story_master_id_": 30652001, "boss_floor_": 5, "quick_battle_max_floor_num_": 70, "boss_buff_": 1000, "battle_bgm_asset_name_": "bgm_btl_npc_norm", "boss_battle_bgm_asset_name_": "bgm_btl_npc_boss_h", "tower_reward_table_id_": 20, "tower_character_table_id_": 20, "tower_character_ai_table_id_": 1, "character_view_base_level_": 1100, "character_view_up_level_": 100, "character_view_max_level_": 5000, "lv_base_value_": -1, "lv_multiply_value_": -1, "lv_up_max_": -1, "health_base_value_": 400000, "health_multiply_value_": 75000, "health_up_max_": 1000000000, "strike_atk_base_value_": 40000, "strike_atk_multiply_value_": 110000, "strike_atk_up_max_": 2300000, "shot_atk_base_value_": 40000, "shot_atk_multiply_value_": 110000, "shot_atk_up_max_": 2300000, "strike_def_base_value_": 40000, "strike_def_multiply_value_": 70000, "strike_def_up_max_": 1500000, "shot_def_base_value_": 40000, "shot_def_multiply_value_": 70000, "shot_def_up_max_": 1500000, "luck_base_value_": 1000, "luck_multiply_value_": 10800, "luck_up_max_": 10000, "main_ability_id_": -1, "support_ability_id_": -1, "z_ability_id_": -1, "unique_ability1_id_": 1120036, "unique_ability2_id_": -1, "unique_ability3_id_": -1, "unique_ability4_id_": -1, "unique_ability5_id_": -1, "unique_ability6_id_": -1, "unique_ability7_id_": -1, "unique_ability8_id_": -1, "unique_ability9_id_": -1, "unique_ability10_id_": -1, "exp_base_value_": 1000, "exp_multiply_value_": 10000, "exp_up_max_": 100000, "zeny_base_value_": 500, "zeny_multiply_value_": 10000, "zeny_up_max_": 50000, "guild_point_value_": 100, "guild_multiply_value_": 0, "guild_point_max_": 2000}, {"story_master_id_": 30653001, "boss_floor_": 5, "quick_battle_max_floor_num_": 70, "boss_buff_": 1000, "battle_bgm_asset_name_": "bgm_btl_npc_norm", "boss_battle_bgm_asset_name_": "bgm_btl_npc_boss_l", "tower_reward_table_id_": 21, "tower_character_table_id_": 21, "tower_character_ai_table_id_": 1, "character_view_base_level_": 1100, "character_view_up_level_": 100, "character_view_max_level_": 5000, "lv_base_value_": -1, "lv_multiply_value_": -1, "lv_up_max_": -1, "health_base_value_": 400000, "health_multiply_value_": 80000, "health_up_max_": 1000000000, "strike_atk_base_value_": 40000, "strike_atk_multiply_value_": 110000, "strike_atk_up_max_": 2700000, "shot_atk_base_value_": 40000, "shot_atk_multiply_value_": 110000, "shot_atk_up_max_": 2700000, "strike_def_base_value_": 40000, "strike_def_multiply_value_": 65000, "strike_def_up_max_": 1500000, "shot_def_base_value_": 40000, "shot_def_multiply_value_": 65000, "shot_def_up_max_": 1500000, "luck_base_value_": 1000, "luck_multiply_value_": 10800, "luck_up_max_": 10000, "main_ability_id_": -1, "support_ability_id_": -1, "z_ability_id_": -1, "unique_ability1_id_": 1120036, "unique_ability2_id_": 1100040, "unique_ability3_id_": 1100041, "unique_ability4_id_": -1, "unique_ability5_id_": -1, "unique_ability6_id_": -1, "unique_ability7_id_": -1, "unique_ability8_id_": -1, "unique_ability9_id_": -1, "unique_ability10_id_": -1, "exp_base_value_": 1000, "exp_multiply_value_": 10000, "exp_up_max_": 100000, "zeny_base_value_": 500, "zeny_multiply_value_": 10000, "zeny_up_max_": 50000, "guild_point_value_": 100, "guild_multiply_value_": 0, "guild_point_max_": 2000}, {"story_master_id_": 30654001, "boss_floor_": 5, "quick_battle_max_floor_num_": 70, "boss_buff_": 1000, "battle_bgm_asset_name_": "bgm_btl_npc_norm", "boss_battle_bgm_asset_name_": "bgm_btl_npc_boss_e", "tower_reward_table_id_": 22, "tower_character_table_id_": 22, "tower_character_ai_table_id_": 1, "character_view_base_level_": 1100, "character_view_up_level_": 100, "character_view_max_level_": 5000, "lv_base_value_": -1, "lv_multiply_value_": -1, "lv_up_max_": -1, "health_base_value_": 400000, "health_multiply_value_": 85000, "health_up_max_": 1000000000, "strike_atk_base_value_": 40000, "strike_atk_multiply_value_": 200000, "strike_atk_up_max_": 5000000, "shot_atk_base_value_": 40000, "shot_atk_multiply_value_": 200000, "shot_atk_up_max_": 5000000, "strike_def_base_value_": 40000, "strike_def_multiply_value_": 60000, "strike_def_up_max_": 1500000, "shot_def_base_value_": 40000, "shot_def_multiply_value_": 60000, "shot_def_up_max_": 1500000, "luck_base_value_": 1000, "luck_multiply_value_": 12000, "luck_up_max_": 10000, "main_ability_id_": -1, "support_ability_id_": -1, "z_ability_id_": -1, "unique_ability1_id_": 1120036, "unique_ability2_id_": 1100272, "unique_ability3_id_": 1100256, "unique_ability4_id_": 1100272, "unique_ability5_id_": -1, "unique_ability6_id_": -1, "unique_ability7_id_": -1, "unique_ability8_id_": -1, "unique_ability9_id_": -1, "unique_ability10_id_": -1, "exp_base_value_": 1000, "exp_multiply_value_": 10000, "exp_up_max_": 100000, "zeny_base_value_": 500, "zeny_multiply_value_": 10000, "zeny_up_max_": 50000, "guild_point_value_": 100, "guild_multiply_value_": 0, "guild_point_max_": 2000}, {"story_master_id_": 30655001, "boss_floor_": 5, "quick_battle_max_floor_num_": 70, "boss_buff_": 1000, "battle_bgm_asset_name_": "bgm_btl_npc_norm", "boss_battle_bgm_asset_name_": "bgm_btl_npc_boss_h", "tower_reward_table_id_": 23, "tower_character_table_id_": 23, "tower_character_ai_table_id_": 1, "character_view_base_level_": 1100, "character_view_up_level_": 100, "character_view_max_level_": 5000, "lv_base_value_": -1, "lv_multiply_value_": -1, "lv_up_max_": -1, "health_base_value_": 400000, "health_multiply_value_": 85000, "health_up_max_": 1000000000, "strike_atk_base_value_": 40000, "strike_atk_multiply_value_": 260000, "strike_atk_up_max_": 9000000, "shot_atk_base_value_": 40000, "shot_atk_multiply_value_": 260000, "shot_atk_up_max_": 9000000, "strike_def_base_value_": 40000, "strike_def_multiply_value_": 100000, "strike_def_up_max_": 2500000, "shot_def_base_value_": 40000, "shot_def_multiply_value_": 100000, "shot_def_up_max_": 2500000, "luck_base_value_": 1000, "luck_multiply_value_": 12000, "luck_up_max_": 10000, "main_ability_id_": -1, "support_ability_id_": -1, "z_ability_id_": -1, "unique_ability1_id_": 1120036, "unique_ability2_id_": 1100040, "unique_ability3_id_": 1100041, "unique_ability4_id_": 1100265, "unique_ability5_id_": 1100265, "unique_ability6_id_": -1, "unique_ability7_id_": -1, "unique_ability8_id_": -1, "unique_ability9_id_": -1, "unique_ability10_id_": -1, "exp_base_value_": 1000, "exp_multiply_value_": 10000, "exp_up_max_": 100000, "zeny_base_value_": 500, "zeny_multiply_value_": 10000, "zeny_up_max_": 50000, "guild_point_value_": 100, "guild_multiply_value_": 0, "guild_point_max_": 2000}, {"story_master_id_": 30656001, "boss_floor_": 5, "quick_battle_max_floor_num_": 70, "boss_buff_": 1000, "battle_bgm_asset_name_": "bgm_btl_npc_norm", "boss_battle_bgm_asset_name_": "bgm_btl_npc_boss_e", "tower_reward_table_id_": 24, "tower_character_table_id_": 24, "tower_character_ai_table_id_": 1, "character_view_base_level_": 1100, "character_view_up_level_": 100, "character_view_max_level_": 5000, "lv_base_value_": -1, "lv_multiply_value_": -1, "lv_up_max_": -1, "health_base_value_": 400000, "health_multiply_value_": 110000, "health_up_max_": 1000000000, "strike_atk_base_value_": 50000, "strike_atk_multiply_value_": 245000, "strike_atk_up_max_": 10000000, "shot_atk_base_value_": 50000, "shot_atk_multiply_value_": 245000, "shot_atk_up_max_": 10000000, "strike_def_base_value_": 55000, "strike_def_multiply_value_": 82000, "strike_def_up_max_": 2500000, "shot_def_base_value_": 55000, "shot_def_multiply_value_": 82000, "shot_def_up_max_": 2500000, "luck_base_value_": 1000, "luck_multiply_value_": 12000, "luck_up_max_": 10000, "main_ability_id_": -1, "support_ability_id_": -1, "z_ability_id_": -1, "unique_ability1_id_": 1120038, "unique_ability2_id_": 1100275, "unique_ability3_id_": 1120493, "unique_ability4_id_": 1100114, "unique_ability5_id_": -1, "unique_ability6_id_": -1, "unique_ability7_id_": -1, "unique_ability8_id_": -1, "unique_ability9_id_": -1, "unique_ability10_id_": -1, "exp_base_value_": 1000, "exp_multiply_value_": 10000, "exp_up_max_": 100000, "zeny_base_value_": 500, "zeny_multiply_value_": 10000, "zeny_up_max_": 50000, "guild_point_value_": 100, "guild_multiply_value_": 0, "guild_point_max_": 2000}, {"story_master_id_": 30657001, "boss_floor_": 5, "quick_battle_max_floor_num_": 70, "boss_buff_": 1000, "battle_bgm_asset_name_": "bgm_btl_npc_norm", "boss_battle_bgm_asset_name_": "bgm_btl_npc_boss_o", "tower_reward_table_id_": 25, "tower_character_table_id_": 25, "tower_character_ai_table_id_": 1, "character_view_base_level_": 1100, "character_view_up_level_": 100, "character_view_max_level_": 5000, "lv_base_value_": -1, "lv_multiply_value_": -1, "lv_up_max_": -1, "health_base_value_": 400000, "health_multiply_value_": 90000, "health_up_max_": 1000000000, "strike_atk_base_value_": 40000, "strike_atk_multiply_value_": 300000, "strike_atk_up_max_": 10000000, "shot_atk_base_value_": 40000, "shot_atk_multiply_value_": 300000, "shot_atk_up_max_": 10000000, "strike_def_base_value_": 40000, "strike_def_multiply_value_": 75000, "strike_def_up_max_": 2500000, "shot_def_base_value_": 40000, "shot_def_multiply_value_": 75000, "shot_def_up_max_": 2500000, "luck_base_value_": 1000, "luck_multiply_value_": 12000, "luck_up_max_": 10000, "main_ability_id_": -1, "support_ability_id_": -1, "z_ability_id_": -1, "unique_ability1_id_": 1120038, "unique_ability2_id_": 1100271, "unique_ability3_id_": 1100916, "unique_ability4_id_": 1100271, "unique_ability5_id_": 1100271, "unique_ability6_id_": -1, "unique_ability7_id_": -1, "unique_ability8_id_": -1, "unique_ability9_id_": -1, "unique_ability10_id_": -1, "exp_base_value_": 1000, "exp_multiply_value_": 10000, "exp_up_max_": 100000, "zeny_base_value_": 500, "zeny_multiply_value_": 10000, "zeny_up_max_": 50000, "guild_point_value_": 100, "guild_multiply_value_": 0, "guild_point_max_": 2000}, {"story_master_id_": 30658001, "boss_floor_": 5, "quick_battle_max_floor_num_": 70, "boss_buff_": 1000, "battle_bgm_asset_name_": "bgm_btl_npc_norm", "boss_battle_bgm_asset_name_": "bgm_btl_npc_boss_g", "tower_reward_table_id_": 26, "tower_character_table_id_": 26, "tower_character_ai_table_id_": 1, "character_view_base_level_": 1100, "character_view_up_level_": 100, "character_view_max_level_": 5000, "lv_base_value_": -1, "lv_multiply_value_": -1, "lv_up_max_": -1, "health_base_value_": 400000, "health_multiply_value_": 100000, "health_up_max_": 1000000000, "strike_atk_base_value_": 40000, "strike_atk_multiply_value_": 300000, "strike_atk_up_max_": 20000000, "shot_atk_base_value_": 40000, "shot_atk_multiply_value_": 300000, "shot_atk_up_max_": 20000000, "strike_def_base_value_": 40000, "strike_def_multiply_value_": 70000, "strike_def_up_max_": 5000000, "shot_def_base_value_": 40000, "shot_def_multiply_value_": 70000, "shot_def_up_max_": 5000000, "luck_base_value_": 1000, "luck_multiply_value_": 12000, "luck_up_max_": 10000, "main_ability_id_": -1, "support_ability_id_": -1, "z_ability_id_": -1, "unique_ability1_id_": -1, "unique_ability2_id_": 1100279, "unique_ability3_id_": 1100916, "unique_ability4_id_": 1100917, "unique_ability5_id_": 1120492, "unique_ability6_id_": -1, "unique_ability7_id_": -1, "unique_ability8_id_": -1, "unique_ability9_id_": -1, "unique_ability10_id_": -1, "exp_base_value_": 1000, "exp_multiply_value_": 10000, "exp_up_max_": 100000, "zeny_base_value_": 500, "zeny_multiply_value_": 10000, "zeny_up_max_": 50000, "guild_point_value_": 100, "guild_multiply_value_": 0, "guild_point_max_": 2000}, {"story_master_id_": 30659001, "boss_floor_": 5, "quick_battle_max_floor_num_": 70, "boss_buff_": 1000, "battle_bgm_asset_name_": "bgm_btl_npc_norm", "boss_battle_bgm_asset_name_": "bgm_btl_npc_boss_e", "tower_reward_table_id_": 27, "tower_character_table_id_": 27, "tower_character_ai_table_id_": 1, "character_view_base_level_": 1100, "character_view_up_level_": 100, "character_view_max_level_": 5000, "lv_base_value_": -1, "lv_multiply_value_": -1, "lv_up_max_": -1, "health_base_value_": 400000, "health_multiply_value_": 100000, "health_up_max_": 1000000000, "strike_atk_base_value_": 40000, "strike_atk_multiply_value_": 280000, "strike_atk_up_max_": 20000000, "shot_atk_base_value_": 40000, "shot_atk_multiply_value_": 280000, "shot_atk_up_max_": 20000000, "strike_def_base_value_": 40000, "strike_def_multiply_value_": 70000, "strike_def_up_max_": 5000000, "shot_def_base_value_": 40000, "shot_def_multiply_value_": 70000, "shot_def_up_max_": 5000000, "luck_base_value_": 1000, "luck_multiply_value_": 12000, "luck_up_max_": 10000, "main_ability_id_": -1, "support_ability_id_": -1, "z_ability_id_": -1, "unique_ability1_id_": -1, "unique_ability2_id_": 1100280, "unique_ability3_id_": 1100903, "unique_ability4_id_": 1100619, "unique_ability5_id_": -1, "unique_ability6_id_": -1, "unique_ability7_id_": -1, "unique_ability8_id_": -1, "unique_ability9_id_": -1, "unique_ability10_id_": -1, "exp_base_value_": 1000, "exp_multiply_value_": 10000, "exp_up_max_": 100000, "zeny_base_value_": 500, "zeny_multiply_value_": 10000, "zeny_up_max_": 50000, "guild_point_value_": 100, "guild_multiply_value_": 0, "guild_point_max_": 2000}, {"story_master_id_": 30660001, "boss_floor_": 5, "quick_battle_max_floor_num_": 70, "boss_buff_": 1000, "battle_bgm_asset_name_": "bgm_btl_npc_norm", "boss_battle_bgm_asset_name_": "bgm_btl_npc_boss_i", "tower_reward_table_id_": 28, "tower_character_table_id_": 28, "tower_character_ai_table_id_": 1, "character_view_base_level_": 1100, "character_view_up_level_": 100, "character_view_max_level_": 5000, "lv_base_value_": -1, "lv_multiply_value_": -1, "lv_up_max_": -1, "health_base_value_": 400000, "health_multiply_value_": 100000, "health_up_max_": 1000000000, "strike_atk_base_value_": 40000, "strike_atk_multiply_value_": 300000, "strike_atk_up_max_": 20000000, "shot_atk_base_value_": 40000, "shot_atk_multiply_value_": 300000, "shot_atk_up_max_": 20000000, "strike_def_base_value_": 40000, "strike_def_multiply_value_": 65000, "strike_def_up_max_": 5000000, "shot_def_base_value_": 40000, "shot_def_multiply_value_": 65000, "shot_def_up_max_": 5000000, "luck_base_value_": 1000, "luck_multiply_value_": 12000, "luck_up_max_": 10000, "main_ability_id_": -1, "support_ability_id_": -1, "z_ability_id_": -1, "unique_ability1_id_": -1, "unique_ability2_id_": 1100279, "unique_ability3_id_": 1100265, "unique_ability4_id_": 1100916, "unique_ability5_id_": 1100619, "unique_ability6_id_": -1, "unique_ability7_id_": -1, "unique_ability8_id_": -1, "unique_ability9_id_": -1, "unique_ability10_id_": -1, "exp_base_value_": 1000, "exp_multiply_value_": 10000, "exp_up_max_": 100000, "zeny_base_value_": 500, "zeny_multiply_value_": 10000, "zeny_up_max_": 50000, "guild_point_value_": 100, "guild_multiply_value_": 0, "guild_point_max_": 2000}, {"story_master_id_": 30661001, "boss_floor_": 5, "quick_battle_max_floor_num_": 70, "boss_buff_": 1000, "battle_bgm_asset_name_": "bgm_btl_npc_norm", "boss_battle_bgm_asset_name_": "bgm_btl_npc_boss_e", "tower_reward_table_id_": 29, "tower_character_table_id_": 29, "tower_character_ai_table_id_": 1, "character_view_base_level_": 1100, "character_view_up_level_": 100, "character_view_max_level_": 5000, "lv_base_value_": -1, "lv_multiply_value_": -1, "lv_up_max_": -1, "health_base_value_": 400000, "health_multiply_value_": 100000, "health_up_max_": 1000000000, "strike_atk_base_value_": 40000, "strike_atk_multiply_value_": 330000, "strike_atk_up_max_": 33000000, "shot_atk_base_value_": 40000, "shot_atk_multiply_value_": 330000, "shot_atk_up_max_": 33000000, "strike_def_base_value_": 40000, "strike_def_multiply_value_": 75000, "strike_def_up_max_": 7500000, "shot_def_base_value_": 40000, "shot_def_multiply_value_": 75000, "shot_def_up_max_": 7500000, "luck_base_value_": 1000, "luck_multiply_value_": 12000, "luck_up_max_": 10000, "main_ability_id_": -1, "support_ability_id_": -1, "z_ability_id_": -1, "unique_ability1_id_": -1, "unique_ability2_id_": 1100279, "unique_ability3_id_": 1100265, "unique_ability4_id_": 1100916, "unique_ability5_id_": 1100265, "unique_ability6_id_": -1, "unique_ability7_id_": -1, "unique_ability8_id_": -1, "unique_ability9_id_": -1, "unique_ability10_id_": -1, "exp_base_value_": 1000, "exp_multiply_value_": 10000, "exp_up_max_": 100000, "zeny_base_value_": 500, "zeny_multiply_value_": 10000, "zeny_up_max_": 50000, "guild_point_value_": 100, "guild_multiply_value_": 0, "guild_point_max_": 2000}, {"story_master_id_": 30662001, "boss_floor_": 5, "quick_battle_max_floor_num_": 70, "boss_buff_": 1000, "battle_bgm_asset_name_": "bgm_btl_npc_norm", "boss_battle_bgm_asset_name_": "bgm_btl_npc_boss_m", "tower_reward_table_id_": 30, "tower_character_table_id_": 30, "tower_character_ai_table_id_": 1, "character_view_base_level_": 1100, "character_view_up_level_": 100, "character_view_max_level_": 5000, "lv_base_value_": -1, "lv_multiply_value_": -1, "lv_up_max_": -1, "health_base_value_": 400000, "health_multiply_value_": 100000, "health_up_max_": 1000000000, "strike_atk_base_value_": 40000, "strike_atk_multiply_value_": 300000, "strike_atk_up_max_": 20000000, "shot_atk_base_value_": 40000, "shot_atk_multiply_value_": 300000, "shot_atk_up_max_": 20000000, "strike_def_base_value_": 40000, "strike_def_multiply_value_": 70000, "strike_def_up_max_": 8500000, "shot_def_base_value_": 40000, "shot_def_multiply_value_": 70000, "shot_def_up_max_": 8500000, "luck_base_value_": 1000, "luck_multiply_value_": 12000, "luck_up_max_": 10000, "main_ability_id_": -1, "support_ability_id_": -1, "z_ability_id_": -1, "unique_ability1_id_": -1, "unique_ability2_id_": 1100279, "unique_ability3_id_": 1100041, "unique_ability4_id_": 1100903, "unique_ability5_id_": -1, "unique_ability6_id_": -1, "unique_ability7_id_": -1, "unique_ability8_id_": -1, "unique_ability9_id_": -1, "unique_ability10_id_": -1, "exp_base_value_": 1000, "exp_multiply_value_": 10000, "exp_up_max_": 100000, "zeny_base_value_": 500, "zeny_multiply_value_": 10000, "zeny_up_max_": 50000, "guild_point_value_": 100, "guild_multiply_value_": 0, "guild_point_max_": 2000}, {"story_master_id_": 30663001, "boss_floor_": 5, "quick_battle_max_floor_num_": 70, "boss_buff_": 1000, "battle_bgm_asset_name_": "bgm_btl_npc_norm", "boss_battle_bgm_asset_name_": "bgm_btl_npc_boss_d", "tower_reward_table_id_": 31, "tower_character_table_id_": 31, "tower_character_ai_table_id_": 1, "character_view_base_level_": 1100, "character_view_up_level_": 100, "character_view_max_level_": 5000, "lv_base_value_": -1, "lv_multiply_value_": -1, "lv_up_max_": -1, "health_base_value_": 400000, "health_multiply_value_": 100000, "health_up_max_": 1000000000, "strike_atk_base_value_": 60000, "strike_atk_multiply_value_": 300000, "strike_atk_up_max_": 30000000, "shot_atk_base_value_": 60000, "shot_atk_multiply_value_": 300000, "shot_atk_up_max_": 30000000, "strike_def_base_value_": 50000, "strike_def_multiply_value_": 85000, "strike_def_up_max_": 8500000, "shot_def_base_value_": 50000, "shot_def_multiply_value_": 85000, "shot_def_up_max_": 8500000, "luck_base_value_": 1000, "luck_multiply_value_": 12000, "luck_up_max_": 10000, "main_ability_id_": -1, "support_ability_id_": -1, "z_ability_id_": -1, "unique_ability1_id_": -1, "unique_ability2_id_": 1100279, "unique_ability3_id_": 1100041, "unique_ability4_id_": 1100903, "unique_ability5_id_": -1, "unique_ability6_id_": -1, "unique_ability7_id_": -1, "unique_ability8_id_": -1, "unique_ability9_id_": -1, "unique_ability10_id_": -1, "exp_base_value_": 1000, "exp_multiply_value_": 10000, "exp_up_max_": 100000, "zeny_base_value_": 500, "zeny_multiply_value_": 10000, "zeny_up_max_": 50000, "guild_point_value_": 100, "guild_multiply_value_": 0, "guild_point_max_": 2000}, {"story_master_id_": 30664001, "boss_floor_": 5, "quick_battle_max_floor_num_": 70, "boss_buff_": 1000, "battle_bgm_asset_name_": "bgm_btl_npc_norm", "boss_battle_bgm_asset_name_": "bgm_btl_npc_boss_e", "tower_reward_table_id_": 32, "tower_character_table_id_": 32, "tower_character_ai_table_id_": 1, "character_view_base_level_": 1100, "character_view_up_level_": 100, "character_view_max_level_": 5000, "lv_base_value_": -1, "lv_multiply_value_": -1, "lv_up_max_": -1, "health_base_value_": 400000, "health_multiply_value_": 95000, "health_up_max_": 1000000000, "strike_atk_base_value_": 40000, "strike_atk_multiply_value_": 255000, "strike_atk_up_max_": 20000000, "shot_atk_base_value_": 40000, "shot_atk_multiply_value_": 262000, "shot_atk_up_max_": 20000000, "strike_def_base_value_": 40000, "strike_def_multiply_value_": 59000, "strike_def_up_max_": 5000000, "shot_def_base_value_": 40000, "shot_def_multiply_value_": 59000, "shot_def_up_max_": 5000000, "luck_base_value_": 1000, "luck_multiply_value_": 10800, "luck_up_max_": 10000, "main_ability_id_": -1, "support_ability_id_": -1, "z_ability_id_": -1, "unique_ability1_id_": 1120038, "unique_ability2_id_": 1100279, "unique_ability3_id_": 1100041, "unique_ability4_id_": 1100903, "unique_ability5_id_": -1, "unique_ability6_id_": -1, "unique_ability7_id_": -1, "unique_ability8_id_": -1, "unique_ability9_id_": -1, "unique_ability10_id_": -1, "exp_base_value_": 1000, "exp_multiply_value_": 10000, "exp_up_max_": 100000, "zeny_base_value_": 500, "zeny_multiply_value_": 10000, "zeny_up_max_": 50000, "guild_point_value_": 100, "guild_multiply_value_": 0, "guild_point_max_": 2000}, {"story_master_id_": 30665001, "boss_floor_": 5, "quick_battle_max_floor_num_": 80, "boss_buff_": 1000, "battle_bgm_asset_name_": "bgm_btl_npc_norm", "boss_battle_bgm_asset_name_": "bgm_btl_npc_boss_l", "tower_reward_table_id_": 33, "tower_character_table_id_": 33, "tower_character_ai_table_id_": 1, "character_view_base_level_": 1100, "character_view_up_level_": 100, "character_view_max_level_": 5000, "lv_base_value_": -1, "lv_multiply_value_": -1, "lv_up_max_": -1, "health_base_value_": 400000, "health_multiply_value_": 100000, "health_up_max_": 1000000000, "strike_atk_base_value_": 40000, "strike_atk_multiply_value_": 280000, "strike_atk_up_max_": 20000000, "shot_atk_base_value_": 40000, "shot_atk_multiply_value_": 280000, "shot_atk_up_max_": 20000000, "strike_def_base_value_": 40000, "strike_def_multiply_value_": 62000, "strike_def_up_max_": 5000000, "shot_def_base_value_": 40000, "shot_def_multiply_value_": 62000, "shot_def_up_max_": 5000000, "luck_base_value_": 1000, "luck_multiply_value_": 12000, "luck_up_max_": 10000, "main_ability_id_": -1, "support_ability_id_": -1, "z_ability_id_": -1, "unique_ability1_id_": -1, "unique_ability2_id_": 1100279, "unique_ability3_id_": 1100041, "unique_ability4_id_": 1100903, "unique_ability5_id_": -1, "unique_ability6_id_": -1, "unique_ability7_id_": -1, "unique_ability8_id_": -1, "unique_ability9_id_": -1, "unique_ability10_id_": -1, "exp_base_value_": 1000, "exp_multiply_value_": 10000, "exp_up_max_": 100000, "zeny_base_value_": 500, "zeny_multiply_value_": 10000, "zeny_up_max_": 50000, "guild_point_value_": 100, "guild_multiply_value_": 0, "guild_point_max_": 2000}, {"story_master_id_": 30666001, "boss_floor_": 5, "quick_battle_max_floor_num_": 80, "boss_buff_": 1000, "battle_bgm_asset_name_": "bgm_btl_npc_norm", "boss_battle_bgm_asset_name_": "bgm_btl_npc_boss_p", "tower_reward_table_id_": 34, "tower_character_table_id_": 34, "tower_character_ai_table_id_": 1, "character_view_base_level_": 1100, "character_view_up_level_": 100, "character_view_max_level_": 5000, "lv_base_value_": -1, "lv_multiply_value_": -1, "lv_up_max_": -1, "health_base_value_": 400000, "health_multiply_value_": 100000, "health_up_max_": 1000000000, "strike_atk_base_value_": 40000, "strike_atk_multiply_value_": 330000, "strike_atk_up_max_": 33000000, "shot_atk_base_value_": 40000, "shot_atk_multiply_value_": 330000, "shot_atk_up_max_": 33000000, "strike_def_base_value_": 40000, "strike_def_multiply_value_": 60000, "strike_def_up_max_": 6000000, "shot_def_base_value_": 40000, "shot_def_multiply_value_": 60000, "shot_def_up_max_": 6000000, "luck_base_value_": 1000, "luck_multiply_value_": 12000, "luck_up_max_": 10000, "main_ability_id_": -1, "support_ability_id_": -1, "z_ability_id_": -1, "unique_ability1_id_": 1120038, "unique_ability2_id_": 1100279, "unique_ability3_id_": 1100040, "unique_ability4_id_": 1100041, "unique_ability5_id_": -1, "unique_ability6_id_": -1, "unique_ability7_id_": -1, "unique_ability8_id_": -1, "unique_ability9_id_": -1, "unique_ability10_id_": -1, "exp_base_value_": 1000, "exp_multiply_value_": 10000, "exp_up_max_": 100000, "zeny_base_value_": 500, "zeny_multiply_value_": 10000, "zeny_up_max_": 50000, "guild_point_value_": 100, "guild_multiply_value_": 0, "guild_point_max_": 2000}, {"story_master_id_": 30667001, "boss_floor_": 5, "quick_battle_max_floor_num_": 80, "boss_buff_": 1000, "battle_bgm_asset_name_": "bgm_btl_npc_boss_m", "boss_battle_bgm_asset_name_": "bgm_btl_pvp_g", "tower_reward_table_id_": 35, "tower_character_table_id_": 35, "tower_character_ai_table_id_": 1, "character_view_base_level_": 1100, "character_view_up_level_": 100, "character_view_max_level_": 5000, "lv_base_value_": -1, "lv_multiply_value_": -1, "lv_up_max_": -1, "health_base_value_": 400000, "health_multiply_value_": 95000, "health_up_max_": 1000000000, "strike_atk_base_value_": 40000, "strike_atk_multiply_value_": 340000, "strike_atk_up_max_": 33000000, "shot_atk_base_value_": 40000, "shot_atk_multiply_value_": 290000, "shot_atk_up_max_": 33000000, "strike_def_base_value_": 40000, "strike_def_multiply_value_": 60500, "strike_def_up_max_": 6000000, "shot_def_base_value_": 40000, "shot_def_multiply_value_": 57500, "shot_def_up_max_": 6000000, "luck_base_value_": 1000, "luck_multiply_value_": 10000, "luck_up_max_": 10000, "main_ability_id_": -1, "support_ability_id_": -1, "z_ability_id_": -1, "unique_ability1_id_": 1120038, "unique_ability2_id_": 1100279, "unique_ability3_id_": 1100040, "unique_ability4_id_": 1100041, "unique_ability5_id_": -1, "unique_ability6_id_": -1, "unique_ability7_id_": -1, "unique_ability8_id_": -1, "unique_ability9_id_": -1, "unique_ability10_id_": -1, "exp_base_value_": 1000, "exp_multiply_value_": 10000, "exp_up_max_": 100000, "zeny_base_value_": 500, "zeny_multiply_value_": 10000, "zeny_up_max_": 50000, "guild_point_value_": 100, "guild_multiply_value_": 0, "guild_point_max_": 2000}, {"story_master_id_": 30668001, "boss_floor_": 5, "quick_battle_max_floor_num_": 80, "boss_buff_": 1000, "battle_bgm_asset_name_": "bgm_btl_npc_boss_e", "boss_battle_bgm_asset_name_": "bgm_btl_npc_boss_d", "tower_reward_table_id_": 36, "tower_character_table_id_": 36, "tower_character_ai_table_id_": 1, "character_view_base_level_": 1100, "character_view_up_level_": 100, "character_view_max_level_": 5000, "lv_base_value_": -1, "lv_multiply_value_": -1, "lv_up_max_": -1, "health_base_value_": 400000, "health_multiply_value_": 97000, "health_up_max_": 1000000000, "strike_atk_base_value_": 40000, "strike_atk_multiply_value_": 350000, "strike_atk_up_max_": 35000000, "shot_atk_base_value_": 40000, "shot_atk_multiply_value_": 330000, "shot_atk_up_max_": 33000000, "strike_def_base_value_": 40000, "strike_def_multiply_value_": 64000, "strike_def_up_max_": 6400000, "shot_def_base_value_": 40000, "shot_def_multiply_value_": 62000, "shot_def_up_max_": 6200000, "luck_base_value_": 1000, "luck_multiply_value_": 10000, "luck_up_max_": 10000, "main_ability_id_": -1, "support_ability_id_": -1, "z_ability_id_": -1, "unique_ability1_id_": 1120038, "unique_ability2_id_": 1100279, "unique_ability3_id_": 1100040, "unique_ability4_id_": 1100916, "unique_ability5_id_": 1100918, "unique_ability6_id_": -1, "unique_ability7_id_": -1, "unique_ability8_id_": -1, "unique_ability9_id_": -1, "unique_ability10_id_": -1, "exp_base_value_": 1000, "exp_multiply_value_": 10000, "exp_up_max_": 100000, "zeny_base_value_": 500, "zeny_multiply_value_": 10000, "zeny_up_max_": 50000, "guild_point_value_": 100, "guild_multiply_value_": 0, "guild_point_max_": 2000}, {"story_master_id_": 30669001, "boss_floor_": 5, "quick_battle_max_floor_num_": 80, "boss_buff_": 1000, "battle_bgm_asset_name_": "bgm_btl_npc_norm", "boss_battle_bgm_asset_name_": "bgm_btl_npc_boss_g", "tower_reward_table_id_": 37, "tower_character_table_id_": 37, "tower_character_ai_table_id_": 1, "character_view_base_level_": 1100, "character_view_up_level_": 100, "character_view_max_level_": 5000, "lv_base_value_": -1, "lv_multiply_value_": -1, "lv_up_max_": -1, "health_base_value_": 400000, "health_multiply_value_": 95000, "health_up_max_": 1000000000, "strike_atk_base_value_": 40000, "strike_atk_multiply_value_": 320000, "strike_atk_up_max_": 35000000, "shot_atk_base_value_": 40000, "shot_atk_multiply_value_": 320000, "shot_atk_up_max_": 33000000, "strike_def_base_value_": 40000, "strike_def_multiply_value_": 63000, "strike_def_up_max_": 6400000, "shot_def_base_value_": 40000, "shot_def_multiply_value_": 63000, "shot_def_up_max_": 6200000, "luck_base_value_": 1000, "luck_multiply_value_": 10000, "luck_up_max_": 10000, "main_ability_id_": -1, "support_ability_id_": -1, "z_ability_id_": -1, "unique_ability1_id_": 1120038, "unique_ability2_id_": 1100279, "unique_ability3_id_": 1100040, "unique_ability4_id_": 1100041, "unique_ability5_id_": -1, "unique_ability6_id_": -1, "unique_ability7_id_": -1, "unique_ability8_id_": -1, "unique_ability9_id_": -1, "unique_ability10_id_": -1, "exp_base_value_": 1000, "exp_multiply_value_": 10000, "exp_up_max_": 100000, "zeny_base_value_": 500, "zeny_multiply_value_": 10000, "zeny_up_max_": 50000, "guild_point_value_": 100, "guild_multiply_value_": 0, "guild_point_max_": 2000}, {"story_master_id_": 30670001, "boss_floor_": 5, "quick_battle_max_floor_num_": 80, "boss_buff_": 1000, "battle_bgm_asset_name_": "bgm_btl_npc_norm", "boss_battle_bgm_asset_name_": "bgm_btl_npc_boss_e", "tower_reward_table_id_": 38, "tower_character_table_id_": 38, "tower_character_ai_table_id_": 1, "character_view_base_level_": 1100, "character_view_up_level_": 100, "character_view_max_level_": 5000, "lv_base_value_": -1, "lv_multiply_value_": -1, "lv_up_max_": -1, "health_base_value_": 400000, "health_multiply_value_": 95000, "health_up_max_": 1000000000, "strike_atk_base_value_": 40000, "strike_atk_multiply_value_": 320000, "strike_atk_up_max_": 35000000, "shot_atk_base_value_": 40000, "shot_atk_multiply_value_": 330000, "shot_atk_up_max_": 33000000, "strike_def_base_value_": 40000, "strike_def_multiply_value_": 67000, "strike_def_up_max_": 6400000, "shot_def_base_value_": 40000, "shot_def_multiply_value_": 67000, "shot_def_up_max_": 6200000, "luck_base_value_": 1000, "luck_multiply_value_": 10000, "luck_up_max_": 10000, "main_ability_id_": -1, "support_ability_id_": -1, "z_ability_id_": -1, "unique_ability1_id_": 1120038, "unique_ability2_id_": 1100279, "unique_ability3_id_": 1100040, "unique_ability4_id_": 1100041, "unique_ability5_id_": -1, "unique_ability6_id_": -1, "unique_ability7_id_": -1, "unique_ability8_id_": -1, "unique_ability9_id_": -1, "unique_ability10_id_": -1, "exp_base_value_": 1000, "exp_multiply_value_": 10000, "exp_up_max_": 100000, "zeny_base_value_": 500, "zeny_multiply_value_": 10000, "zeny_up_max_": 50000, "guild_point_value_": 100, "guild_multiply_value_": 0, "guild_point_max_": 2000}, {"story_master_id_": 30671001, "boss_floor_": 5, "quick_battle_max_floor_num_": 80, "boss_buff_": 1000, "battle_bgm_asset_name_": "bgm_btl_npc_norm", "boss_battle_bgm_asset_name_": "bgm_btl_npc_boss_p", "tower_reward_table_id_": 39, "tower_character_table_id_": 39, "tower_character_ai_table_id_": 1, "character_view_base_level_": 1100, "character_view_up_level_": 100, "character_view_max_level_": 5000, "lv_base_value_": -1, "lv_multiply_value_": -1, "lv_up_max_": -1, "health_base_value_": 400000, "health_multiply_value_": 100000, "health_up_max_": 1000000000, "strike_atk_base_value_": 40000, "strike_atk_multiply_value_": 350000, "strike_atk_up_max_": 35000000, "shot_atk_base_value_": 40000, "shot_atk_multiply_value_": 360000, "shot_atk_up_max_": 33000000, "strike_def_base_value_": 40000, "strike_def_multiply_value_": 67000, "strike_def_up_max_": 6400000, "shot_def_base_value_": 40000, "shot_def_multiply_value_": 68000, "shot_def_up_max_": 6200000, "luck_base_value_": 1000, "luck_multiply_value_": 10000, "luck_up_max_": 10000, "main_ability_id_": -1, "support_ability_id_": -1, "z_ability_id_": -1, "unique_ability1_id_": 1120038, "unique_ability2_id_": 1100279, "unique_ability3_id_": 1100040, "unique_ability4_id_": 1100041, "unique_ability5_id_": -1, "unique_ability6_id_": -1, "unique_ability7_id_": -1, "unique_ability8_id_": -1, "unique_ability9_id_": -1, "unique_ability10_id_": -1, "exp_base_value_": 1000, "exp_multiply_value_": 10000, "exp_up_max_": 100000, "zeny_base_value_": 500, "zeny_multiply_value_": 10000, "zeny_up_max_": 50000, "guild_point_value_": 100, "guild_multiply_value_": 0, "guild_point_max_": 2000}, {"story_master_id_": 30672001, "boss_floor_": 5, "quick_battle_max_floor_num_": 80, "boss_buff_": 1000, "battle_bgm_asset_name_": "bgm_btl_npc_norm", "boss_battle_bgm_asset_name_": "bgm_btl_npc_boss_m", "tower_reward_table_id_": 40, "tower_character_table_id_": 40, "tower_character_ai_table_id_": 1, "character_view_base_level_": 1100, "character_view_up_level_": 100, "character_view_max_level_": 5000, "lv_base_value_": -1, "lv_multiply_value_": -1, "lv_up_max_": -1, "health_base_value_": 400000, "health_multiply_value_": 100000, "health_up_max_": 1000000000, "strike_atk_base_value_": 40000, "strike_atk_multiply_value_": 350000, "strike_atk_up_max_": 35000000, "shot_atk_base_value_": 40000, "shot_atk_multiply_value_": 350000, "shot_atk_up_max_": 33000000, "strike_def_base_value_": 40000, "strike_def_multiply_value_": 73000, "strike_def_up_max_": 6400000, "shot_def_base_value_": 40000, "shot_def_multiply_value_": 73000, "shot_def_up_max_": 6200000, "luck_base_value_": 1000, "luck_multiply_value_": 10000, "luck_up_max_": 10000, "main_ability_id_": -1, "support_ability_id_": -1, "z_ability_id_": -1, "unique_ability1_id_": 1120038, "unique_ability2_id_": 1100279, "unique_ability3_id_": 1100040, "unique_ability4_id_": 1100041, "unique_ability5_id_": -1, "unique_ability6_id_": -1, "unique_ability7_id_": -1, "unique_ability8_id_": -1, "unique_ability9_id_": -1, "unique_ability10_id_": -1, "exp_base_value_": 1000, "exp_multiply_value_": 10000, "exp_up_max_": 100000, "zeny_base_value_": 500, "zeny_multiply_value_": 10000, "zeny_up_max_": 50000, "guild_point_value_": 100, "guild_multiply_value_": 0, "guild_point_max_": 2000}, {"story_master_id_": 30673001, "boss_floor_": 5, "quick_battle_max_floor_num_": 80, "boss_buff_": 1000, "battle_bgm_asset_name_": "bgm_btl_npc_norm", "boss_battle_bgm_asset_name_": "bgm_btl_npc_boss_i", "tower_reward_table_id_": 41, "tower_character_table_id_": 41, "tower_character_ai_table_id_": 1, "character_view_base_level_": 1100, "character_view_up_level_": 100, "character_view_max_level_": 5000, "lv_base_value_": -1, "lv_multiply_value_": -1, "lv_up_max_": -1, "health_base_value_": 400000, "health_multiply_value_": 100000, "health_up_max_": 1000000000, "strike_atk_base_value_": 40000, "strike_atk_multiply_value_": 350000, "strike_atk_up_max_": 35000000, "shot_atk_base_value_": 40000, "shot_atk_multiply_value_": 350000, "shot_atk_up_max_": 33000000, "strike_def_base_value_": 40000, "strike_def_multiply_value_": 66000, "strike_def_up_max_": 6400000, "shot_def_base_value_": 40000, "shot_def_multiply_value_": 66000, "shot_def_up_max_": 6200000, "luck_base_value_": 1000, "luck_multiply_value_": 10000, "luck_up_max_": 10000, "main_ability_id_": -1, "support_ability_id_": -1, "z_ability_id_": -1, "unique_ability1_id_": 1120038, "unique_ability2_id_": 1100279, "unique_ability3_id_": 1100040, "unique_ability4_id_": 1100041, "unique_ability5_id_": 1120446, "unique_ability6_id_": -1, "unique_ability7_id_": -1, "unique_ability8_id_": -1, "unique_ability9_id_": -1, "unique_ability10_id_": -1, "exp_base_value_": 1000, "exp_multiply_value_": 10000, "exp_up_max_": 100000, "zeny_base_value_": 500, "zeny_multiply_value_": 10000, "zeny_up_max_": 50000, "guild_point_value_": 100, "guild_multiply_value_": 0, "guild_point_max_": 2000}, {"story_master_id_": 30674001, "boss_floor_": 5, "quick_battle_max_floor_num_": 80, "boss_buff_": 1000, "battle_bgm_asset_name_": "bgm_btl_npc_norm", "boss_battle_bgm_asset_name_": "bgm_btl_npc_boss_e", "tower_reward_table_id_": 42, "tower_character_table_id_": 42, "tower_character_ai_table_id_": 1, "character_view_base_level_": 1100, "character_view_up_level_": 100, "character_view_max_level_": 5000, "lv_base_value_": -1, "lv_multiply_value_": -1, "lv_up_max_": -1, "health_base_value_": 400000, "health_multiply_value_": 100000, "health_up_max_": 1000000000, "strike_atk_base_value_": 40000, "strike_atk_multiply_value_": 360000, "strike_atk_up_max_": 35000000, "shot_atk_base_value_": 40000, "shot_atk_multiply_value_": 340000, "shot_atk_up_max_": 33000000, "strike_def_base_value_": 40000, "strike_def_multiply_value_": 66000, "strike_def_up_max_": 6400000, "shot_def_base_value_": 40000, "shot_def_multiply_value_": 65000, "shot_def_up_max_": 6200000, "luck_base_value_": 1000, "luck_multiply_value_": 10000, "luck_up_max_": 10000, "main_ability_id_": -1, "support_ability_id_": -1, "z_ability_id_": -1, "unique_ability1_id_": 1120038, "unique_ability2_id_": 1100279, "unique_ability3_id_": 1100040, "unique_ability4_id_": 1100041, "unique_ability5_id_": 1120446, "unique_ability6_id_": -1, "unique_ability7_id_": -1, "unique_ability8_id_": -1, "unique_ability9_id_": -1, "unique_ability10_id_": -1, "exp_base_value_": 1000, "exp_multiply_value_": 10000, "exp_up_max_": 100000, "zeny_base_value_": 500, "zeny_multiply_value_": 10000, "zeny_up_max_": 50000, "guild_point_value_": 100, "guild_multiply_value_": 0, "guild_point_max_": 2000}, {"story_master_id_": 30675001, "boss_floor_": 5, "quick_battle_max_floor_num_": 80, "boss_buff_": 1000, "battle_bgm_asset_name_": "bgm_btl_npc_norm", "boss_battle_bgm_asset_name_": "bgm_btl_npc_boss_l", "tower_reward_table_id_": 43, "tower_character_table_id_": 43, "tower_character_ai_table_id_": 1, "character_view_base_level_": 1100, "character_view_up_level_": 100, "character_view_max_level_": 5000, "lv_base_value_": -1, "lv_multiply_value_": -1, "lv_up_max_": -1, "health_base_value_": 400000, "health_multiply_value_": 100000, "health_up_max_": 1000000000, "strike_atk_base_value_": 40000, "strike_atk_multiply_value_": 400000, "strike_atk_up_max_": 35000000, "shot_atk_base_value_": 40000, "shot_atk_multiply_value_": 400000, "shot_atk_up_max_": 33000000, "strike_def_base_value_": 40000, "strike_def_multiply_value_": 67000, "strike_def_up_max_": 6400000, "shot_def_base_value_": 40000, "shot_def_multiply_value_": 67000, "shot_def_up_max_": 6200000, "luck_base_value_": 1000, "luck_multiply_value_": 10000, "luck_up_max_": 10000, "main_ability_id_": -1, "support_ability_id_": -1, "z_ability_id_": -1, "unique_ability1_id_": -1, "unique_ability2_id_": 1100279, "unique_ability3_id_": 1100040, "unique_ability4_id_": 1100041, "unique_ability5_id_": 1100619, "unique_ability6_id_": 1100903, "unique_ability7_id_": -1, "unique_ability8_id_": -1, "unique_ability9_id_": -1, "unique_ability10_id_": -1, "exp_base_value_": 1000, "exp_multiply_value_": 10000, "exp_up_max_": 100000, "zeny_base_value_": 500, "zeny_multiply_value_": 10000, "zeny_up_max_": 50000, "guild_point_value_": 100, "guild_multiply_value_": 0, "guild_point_max_": 2000}, {"story_master_id_": 30676001, "boss_floor_": 5, "quick_battle_max_floor_num_": 80, "boss_buff_": 1000, "battle_bgm_asset_name_": "bgm_btl_npc_norm", "boss_battle_bgm_asset_name_": "bgm_btl_npc_boss_e", "tower_reward_table_id_": 44, "tower_character_table_id_": 44, "tower_character_ai_table_id_": 1, "character_view_base_level_": 1100, "character_view_up_level_": 100, "character_view_max_level_": 5000, "lv_base_value_": -1, "lv_multiply_value_": -1, "lv_up_max_": -1, "health_base_value_": 400000, "health_multiply_value_": 100000, "health_up_max_": 1000000000, "strike_atk_base_value_": 40000, "strike_atk_multiply_value_": 410000, "strike_atk_up_max_": 35000000, "shot_atk_base_value_": 40000, "shot_atk_multiply_value_": 410000, "shot_atk_up_max_": 33000000, "strike_def_base_value_": 40000, "strike_def_multiply_value_": 73000, "strike_def_up_max_": 6400000, "shot_def_base_value_": 40000, "shot_def_multiply_value_": 73000, "shot_def_up_max_": 6200000, "luck_base_value_": 1000, "luck_multiply_value_": 10000, "luck_up_max_": 10000, "main_ability_id_": -1, "support_ability_id_": -1, "z_ability_id_": -1, "unique_ability1_id_": 1120038, "unique_ability2_id_": 1100279, "unique_ability3_id_": 1100040, "unique_ability4_id_": 1100041, "unique_ability5_id_": 1100903, "unique_ability6_id_": 1100272, "unique_ability7_id_": 1100272, "unique_ability8_id_": -1, "unique_ability9_id_": -1, "unique_ability10_id_": -1, "exp_base_value_": 1000, "exp_multiply_value_": 10000, "exp_up_max_": 100000, "zeny_base_value_": 500, "zeny_multiply_value_": 10000, "zeny_up_max_": 50000, "guild_point_value_": 100, "guild_multiply_value_": 0, "guild_point_max_": 2000}, {"story_master_id_": 30677001, "boss_floor_": 5, "quick_battle_max_floor_num_": 80, "boss_buff_": 1000, "battle_bgm_asset_name_": "bgm_btl_npc_norm", "boss_battle_bgm_asset_name_": "bgm_btl_npc_boss_e", "tower_reward_table_id_": 45, "tower_character_table_id_": 45, "tower_character_ai_table_id_": 1, "character_view_base_level_": 1100, "character_view_up_level_": 100, "character_view_max_level_": 5000, "lv_base_value_": -1, "lv_multiply_value_": -1, "lv_up_max_": -1, "health_base_value_": 400000, "health_multiply_value_": 100000, "health_up_max_": 1000000000, "strike_atk_base_value_": 40000, "strike_atk_multiply_value_": 370000, "strike_atk_up_max_": 35000000, "shot_atk_base_value_": 40000, "shot_atk_multiply_value_": 400000, "shot_atk_up_max_": 33000000, "strike_def_base_value_": 40000, "strike_def_multiply_value_": 68000, "strike_def_up_max_": 6400000, "shot_def_base_value_": 40000, "shot_def_multiply_value_": 70000, "shot_def_up_max_": 6200000, "luck_base_value_": 1000, "luck_multiply_value_": 10000, "luck_up_max_": 10000, "main_ability_id_": -1, "support_ability_id_": -1, "z_ability_id_": -1, "unique_ability1_id_": 1120038, "unique_ability2_id_": 1100279, "unique_ability3_id_": 1100040, "unique_ability4_id_": 1100041, "unique_ability5_id_": 1100903, "unique_ability6_id_": 1100272, "unique_ability7_id_": -1, "unique_ability8_id_": -1, "unique_ability9_id_": -1, "unique_ability10_id_": -1, "exp_base_value_": 1000, "exp_multiply_value_": 10000, "exp_up_max_": 100000, "zeny_base_value_": 500, "zeny_multiply_value_": 10000, "zeny_up_max_": 50000, "guild_point_value_": 100, "guild_multiply_value_": 0, "guild_point_max_": 2000}, {"story_master_id_": 30678001, "boss_floor_": 5, "quick_battle_max_floor_num_": 80, "boss_buff_": 1000, "battle_bgm_asset_name_": "bgm_btl_npc_norm", "boss_battle_bgm_asset_name_": "bgm_btl_npc_boss_f", "tower_reward_table_id_": 46, "tower_character_table_id_": 46, "tower_character_ai_table_id_": 1, "character_view_base_level_": 1100, "character_view_up_level_": 100, "character_view_max_level_": 5000, "lv_base_value_": -1, "lv_multiply_value_": -1, "lv_up_max_": -1, "health_base_value_": 400000, "health_multiply_value_": 100000, "health_up_max_": 1000000000, "strike_atk_base_value_": 40000, "strike_atk_multiply_value_": 450000, "strike_atk_up_max_": 35000000, "shot_atk_base_value_": 40000, "shot_atk_multiply_value_": 450000, "shot_atk_up_max_": 33000000, "strike_def_base_value_": 40000, "strike_def_multiply_value_": 70000, "strike_def_up_max_": 6400000, "shot_def_base_value_": 40000, "shot_def_multiply_value_": 70000, "shot_def_up_max_": 6200000, "luck_base_value_": 1000, "luck_multiply_value_": 10000, "luck_up_max_": 10000, "main_ability_id_": -1, "support_ability_id_": -1, "z_ability_id_": -1, "unique_ability1_id_": 1120038, "unique_ability2_id_": 1100279, "unique_ability3_id_": 1100040, "unique_ability4_id_": 1100041, "unique_ability5_id_": 1100903, "unique_ability6_id_": 1100272, "unique_ability7_id_": 1100041, "unique_ability8_id_": -1, "unique_ability9_id_": -1, "unique_ability10_id_": -1, "exp_base_value_": 1000, "exp_multiply_value_": 10000, "exp_up_max_": 100000, "zeny_base_value_": 500, "zeny_multiply_value_": 10000, "zeny_up_max_": 50000, "guild_point_value_": 100, "guild_multiply_value_": 0, "guild_point_max_": 2000}, {"story_master_id_": 30679001, "boss_floor_": 5, "quick_battle_max_floor_num_": 80, "boss_buff_": 1000, "battle_bgm_asset_name_": "bgm_btl_npc_norm", "boss_battle_bgm_asset_name_": "bgm_btl_npc_boss_i", "tower_reward_table_id_": 47, "tower_character_table_id_": 47, "tower_character_ai_table_id_": 1, "character_view_base_level_": 1100, "character_view_up_level_": 100, "character_view_max_level_": 5000, "lv_base_value_": -1, "lv_multiply_value_": -1, "lv_up_max_": -1, "health_base_value_": 400000, "health_multiply_value_": 100000, "health_up_max_": 1000000000, "strike_atk_base_value_": 40000, "strike_atk_multiply_value_": 210000, "strike_atk_up_max_": 35000000, "shot_atk_base_value_": 40000, "shot_atk_multiply_value_": 210000, "shot_atk_up_max_": 33000000, "strike_def_base_value_": 40000, "strike_def_multiply_value_": 67000, "strike_def_up_max_": 6400000, "shot_def_base_value_": 40000, "shot_def_multiply_value_": 67000, "shot_def_up_max_": 6200000, "luck_base_value_": 1000, "luck_multiply_value_": 10000, "luck_up_max_": 10000, "main_ability_id_": -1, "support_ability_id_": -1, "z_ability_id_": -1, "unique_ability1_id_": 1120038, "unique_ability2_id_": 1100279, "unique_ability3_id_": 1100040, "unique_ability4_id_": 1100041, "unique_ability5_id_": -1, "unique_ability6_id_": -1, "unique_ability7_id_": -1, "unique_ability8_id_": -1, "unique_ability9_id_": -1, "unique_ability10_id_": -1, "exp_base_value_": 1000, "exp_multiply_value_": 10000, "exp_up_max_": 100000, "zeny_base_value_": 500, "zeny_multiply_value_": 10000, "zeny_up_max_": 50000, "guild_point_value_": 100, "guild_multiply_value_": 0, "guild_point_max_": 2000}, {"story_master_id_": 30680001, "boss_floor_": 5, "quick_battle_max_floor_num_": 80, "boss_buff_": 1000, "battle_bgm_asset_name_": "bgm_btl_npc_norm", "boss_battle_bgm_asset_name_": "bgm_btl_npc_boss_l", "tower_reward_table_id_": 48, "tower_character_table_id_": 48, "tower_character_ai_table_id_": 1, "character_view_base_level_": 1100, "character_view_up_level_": 100, "character_view_max_level_": 5000, "lv_base_value_": -1, "lv_multiply_value_": -1, "lv_up_max_": -1, "health_base_value_": 400000, "health_multiply_value_": 100000, "health_up_max_": 1000000000, "strike_atk_base_value_": 40000, "strike_atk_multiply_value_": 350000, "strike_atk_up_max_": 35000000, "shot_atk_base_value_": 40000, "shot_atk_multiply_value_": 350000, "shot_atk_up_max_": 33000000, "strike_def_base_value_": 40000, "strike_def_multiply_value_": 75000, "strike_def_up_max_": 6400000, "shot_def_base_value_": 40000, "shot_def_multiply_value_": 75000, "shot_def_up_max_": 6200000, "luck_base_value_": 1000, "luck_multiply_value_": 10000, "luck_up_max_": 10000, "main_ability_id_": -1, "support_ability_id_": -1, "z_ability_id_": -1, "unique_ability1_id_": -1, "unique_ability2_id_": 1100279, "unique_ability3_id_": 1100040, "unique_ability4_id_": 1100041, "unique_ability5_id_": 1100916, "unique_ability6_id_": 1100114, "unique_ability7_id_": 1100272, "unique_ability8_id_": 1120493, "unique_ability9_id_": -1, "unique_ability10_id_": -1, "exp_base_value_": 1000, "exp_multiply_value_": 10000, "exp_up_max_": 100000, "zeny_base_value_": 500, "zeny_multiply_value_": 10000, "zeny_up_max_": 50000, "guild_point_value_": 100, "guild_multiply_value_": 0, "guild_point_max_": 2000}, {"story_master_id_": 30681001, "boss_floor_": 5, "quick_battle_max_floor_num_": 80, "boss_buff_": 1000, "battle_bgm_asset_name_": "bgm_btl_npc_norm", "boss_battle_bgm_asset_name_": "bgm_btl_npc_boss_m", "tower_reward_table_id_": 49, "tower_character_table_id_": 49, "tower_character_ai_table_id_": 1, "character_view_base_level_": 1100, "character_view_up_level_": 100, "character_view_max_level_": 5000, "lv_base_value_": -1, "lv_multiply_value_": -1, "lv_up_max_": -1, "health_base_value_": 400000, "health_multiply_value_": 107000, "health_up_max_": 1000000000, "strike_atk_base_value_": 40000, "strike_atk_multiply_value_": 390000, "strike_atk_up_max_": 35000000, "shot_atk_base_value_": 40000, "shot_atk_multiply_value_": 370000, "shot_atk_up_max_": 33000000, "strike_def_base_value_": 40000, "strike_def_multiply_value_": 70000, "strike_def_up_max_": 6000000, "shot_def_base_value_": 40000, "shot_def_multiply_value_": 65000, "shot_def_up_max_": 6000000, "luck_base_value_": 1000, "luck_multiply_value_": 8000, "luck_up_max_": 10000, "main_ability_id_": -1, "support_ability_id_": -1, "z_ability_id_": -1, "unique_ability1_id_": 1120038, "unique_ability2_id_": 1100040, "unique_ability3_id_": 1100041, "unique_ability4_id_": 1100271, "unique_ability5_id_": 1100271, "unique_ability6_id_": 1100409, "unique_ability7_id_": 1101015, "unique_ability8_id_": 1100271, "unique_ability9_id_": -1, "unique_ability10_id_": -1, "exp_base_value_": 1000, "exp_multiply_value_": 10000, "exp_up_max_": 100000, "zeny_base_value_": 500, "zeny_multiply_value_": 10000, "zeny_up_max_": 50000, "guild_point_value_": 100, "guild_multiply_value_": 0, "guild_point_max_": 2000}]