[{"target_scene_name_": "EnergyRecovery", "target_event_id_": -1, "image_name_": "Tutorial_pop_00_00.png", "image_version_": 1, "display_type_": 0}, {"target_scene_name_": "DopEpisodeList", "target_event_id_": -1, "image_name_": "Tutorial_pop_02_01.png", "image_version_": 1, "display_type_": 0}, {"target_scene_name_": "EquipPowerup", "target_event_id_": -1, "image_name_": "Tutorial_pop_03_01.png", "image_version_": 1, "display_type_": 0}, {"target_scene_name_": "SoulBoostCharacterSelect", "target_event_id_": -1, "image_name_": "Tutorial_pop_04_01.png", "image_version_": 1, "display_type_": 0}, {"target_scene_name_": "StoryList_20_1", "target_event_id_": -1, "image_name_": "Tutorial_pop_01_01.png", "image_version_": 1, "display_type_": 0}, {"target_scene_name_": "ExchangeShopTop@Help_1", "target_event_id_": -1, "image_name_": "Tutorial_pop_06_01.png", "image_version_": 1, "display_type_": 0}, {"target_scene_name_": "OnlineBattleTop", "target_event_id_": -1, "image_name_": "Tutorial_pop_07_01", "image_version_": 1, "display_type_": 0}, {"target_scene_name_": "EquipPowerup_2", "target_event_id_": -1, "image_name_": "Tutorial_pop_08_01", "image_version_": 1, "display_type_": 0}, {"target_scene_name_": "CharacterSelect", "target_event_id_": -1, "image_name_": "Tutorial_pop_09_01", "image_version_": 1, "display_type_": 0}, {"target_scene_name_": "Home_Comeback", "target_event_id_": -1, "image_name_": "Tutorial_pop_11_01.png", "image_version_": 1, "display_type_": 0}, {"target_scene_name_": "CargoTop", "target_event_id_": -1, "image_name_": "Tutorial_pop_10_01.png", "image_version_": 1, "display_type_": 0}, {"target_scene_name_": "CharacterSelect_2", "target_event_id_": -1, "image_name_": "Tutorial_pop_12_01", "image_version_": 1, "display_type_": 0}, {"target_scene_name_": "CharacterSelect_3", "target_event_id_": -1, "image_name_": "Tutorial_pop_13_01", "image_version_": 1, "display_type_": 0}, {"target_scene_name_": "RaidDopBattleDetail", "target_event_id_": 80028, "image_name_": "Event_pop_80028", "image_version_": 1, "display_type_": 1}, {"target_scene_name_": "RaidDopBattleDetail", "target_event_id_": 80023, "image_name_": "Event_pop_80023", "image_version_": 1, "display_type_": 1}, {"target_scene_name_": "RaidDopBattleDetail", "target_event_id_": 80037, "image_name_": "Event_pop_80037", "image_version_": 1, "display_type_": 1}, {"target_scene_name_": "RaidDopBattleDetail", "target_event_id_": 80036, "image_name_": "Event_pop_80036", "image_version_": 1, "display_type_": 1}, {"target_scene_name_": "OnlineTournamentTop", "target_event_id_": -1, "image_name_": "Event_pop_lbr1", "image_version_": 5, "display_type_": 1}, {"target_scene_name_": "SoulBoostCharacterSelect_1", "target_event_id_": -1, "image_name_": "Tutorial_pop_14_01", "image_version_": 1, "display_type_": 0}, {"target_scene_name_": "SelectionStory", "target_event_id_": 100016, "image_name_": "Event_pop_100016", "image_version_": 1, "display_type_": 0}]