[{"id_": 0, "category_id_": 0, "title_id_": 0}, {"id_": 1, "category_id_": 1, "title_id_": 1}, {"id_": 2, "category_id_": 2, "title_id_": 2}, {"id_": 3, "category_id_": 3, "title_id_": 3}, {"id_": 4, "category_id_": 4, "title_id_": 4}, {"id_": 5, "category_id_": 5, "title_id_": 5}, {"id_": 6, "category_id_": 6, "title_id_": 6}, {"id_": 7, "category_id_": 7, "title_id_": 7}, {"id_": 8, "category_id_": 8, "title_id_": 8}, {"id_": 9, "category_id_": 9, "title_id_": 9}, {"id_": 10, "category_id_": 10, "title_id_": 10}, {"id_": 11, "category_id_": 11, "title_id_": 11}, {"id_": 12, "category_id_": 12, "title_id_": 12}, {"id_": 13, "category_id_": 13, "title_id_": 13}, {"id_": 14, "category_id_": 14, "title_id_": 14}, {"id_": 15, "category_id_": 15, "title_id_": 15}, {"id_": 16, "category_id_": 16, "title_id_": 16}, {"id_": 17, "category_id_": 17, "title_id_": 17}, {"id_": 18, "category_id_": 18, "title_id_": 18}, {"id_": 19, "category_id_": 19, "title_id_": 19}, {"id_": 20, "category_id_": 20, "title_id_": 20}, {"id_": 21, "category_id_": 21, "title_id_": 21}, {"id_": 22, "category_id_": 22, "title_id_": 22}, {"id_": 23, "category_id_": 23, "title_id_": 23}, {"id_": 24, "category_id_": 24, "title_id_": 24}, {"id_": 25, "category_id_": 25, "title_id_": 25}, {"id_": 26, "category_id_": 26, "title_id_": 26}, {"id_": 27, "category_id_": 27, "title_id_": 27}, {"id_": 28, "category_id_": 28, "title_id_": 28}, {"id_": 29, "category_id_": 29, "title_id_": 29}, {"id_": 30, "category_id_": 30, "title_id_": 30}, {"id_": 31, "category_id_": 31, "title_id_": 30}, {"id_": 32, "category_id_": 32, "title_id_": 31}, {"id_": 33, "category_id_": 33, "title_id_": 32}, {"id_": 34, "category_id_": 34, "title_id_": 34}, {"id_": 35, "category_id_": 35, "title_id_": 35}, {"id_": 36, "category_id_": 36, "title_id_": 36}, {"id_": 37, "category_id_": 37, "title_id_": 37}, {"id_": 38, "category_id_": 38, "title_id_": 38}, {"id_": 39, "category_id_": 39, "title_id_": 39}, {"id_": 40, "category_id_": 40, "title_id_": 40}, {"id_": 41, "category_id_": 41, "title_id_": 41}, {"id_": 42, "category_id_": 42, "title_id_": 42}, {"id_": 43, "category_id_": 43, "title_id_": 43}, {"id_": 44, "category_id_": 44, "title_id_": 44}, {"id_": 45, "category_id_": 45, "title_id_": 45}, {"id_": 46, "category_id_": 46, "title_id_": 46}, {"id_": 47, "category_id_": 47, "title_id_": 47}, {"id_": 48, "category_id_": 48, "title_id_": 48}, {"id_": 49, "category_id_": 49, "title_id_": 49}, {"id_": 50, "category_id_": 50, "title_id_": 50}, {"id_": 52, "category_id_": 52, "title_id_": 52}, {"id_": 53, "category_id_": 53, "title_id_": 53}, {"id_": 54, "category_id_": 54, "title_id_": 54}, {"id_": 55, "category_id_": 55, "title_id_": 55}, {"id_": 56, "category_id_": 56, "title_id_": 56}, {"id_": 57, "category_id_": 57, "title_id_": 57}, {"id_": 59, "category_id_": 59, "title_id_": 59}, {"id_": 60, "category_id_": 60, "title_id_": 60}, {"id_": 61, "category_id_": 61, "title_id_": 61}, {"id_": 62, "category_id_": 62, "title_id_": 62}, {"id_": 63, "category_id_": 63, "title_id_": 63}, {"id_": 64, "category_id_": 64, "title_id_": 64}, {"id_": 65, "category_id_": 65, "title_id_": 65}, {"id_": 66, "category_id_": 66, "title_id_": 66}, {"id_": 67, "category_id_": 67, "title_id_": 67}, {"id_": 68, "category_id_": 68, "title_id_": 68}, {"id_": 69, "category_id_": 69, "title_id_": 69}, {"id_": 70, "category_id_": 70, "title_id_": 70}, {"id_": 71, "category_id_": 71, "title_id_": 71}, {"id_": 72, "category_id_": 72, "title_id_": 72}, {"id_": 73, "category_id_": 73, "title_id_": 73}, {"id_": 74, "category_id_": 74, "title_id_": 74}, {"id_": 75, "category_id_": 75, "title_id_": 75}, {"id_": 76, "category_id_": 76, "title_id_": 76}, {"id_": 77, "category_id_": 77, "title_id_": 77}, {"id_": 78, "category_id_": 78, "title_id_": 78}, {"id_": 79, "category_id_": 79, "title_id_": 86}, {"id_": 80, "category_id_": 80, "title_id_": 78}, {"id_": 87, "category_id_": 87, "title_id_": 87}, {"id_": 90, "category_id_": 90, "title_id_": 84}, {"id_": 91, "category_id_": 91, "title_id_": 85}, {"id_": 92, "category_id_": 92, "title_id_": 92}, {"id_": 93, "category_id_": 93, "title_id_": 93}, {"id_": 94, "category_id_": 94, "title_id_": 94}, {"id_": 96, "category_id_": 96, "title_id_": 96}, {"id_": 97, "category_id_": 97, "title_id_": 9}, {"id_": 98, "category_id_": 98, "title_id_": 10}, {"id_": 99, "category_id_": 99, "title_id_": 97}, {"id_": 100, "category_id_": 100, "title_id_": 97}, {"id_": 101, "category_id_": 101, "title_id_": 102}, {"id_": 102, "category_id_": 102, "title_id_": 78}, {"id_": 103, "category_id_": 103, "title_id_": 103}, {"id_": 104, "category_id_": 104, "title_id_": 104}, {"id_": 105, "category_id_": 105, "title_id_": 105}, {"id_": 106, "category_id_": 106, "title_id_": 106}, {"id_": 107, "category_id_": 107, "title_id_": 107}, {"id_": 108, "category_id_": 108, "title_id_": 108}, {"id_": 109, "category_id_": 109, "title_id_": 109}, {"id_": 110, "category_id_": 110, "title_id_": 110}, {"id_": 111, "category_id_": 111, "title_id_": 18}, {"id_": 112, "category_id_": 112, "title_id_": 111}, {"id_": 113, "category_id_": 113, "title_id_": 90}, {"id_": 114, "category_id_": 114, "title_id_": 101}, {"id_": 115, "category_id_": 115, "title_id_": 112}, {"id_": 116, "category_id_": 116, "title_id_": 118}, {"id_": 120, "category_id_": 120, "title_id_": 122}, {"id_": 121, "category_id_": 121, "title_id_": 113}, {"id_": 124, "category_id_": 124, "title_id_": 116}, {"id_": 126, "category_id_": 126, "title_id_": 123}, {"id_": 127, "category_id_": 127, "title_id_": 124}, {"id_": 128, "category_id_": 128, "title_id_": 4}, {"id_": 129, "category_id_": 129, "title_id_": 125}, {"id_": 130, "category_id_": 130, "title_id_": 126}, {"id_": 131, "category_id_": 131, "title_id_": 127}, {"id_": 132, "category_id_": 132, "title_id_": 128}, {"id_": 133, "category_id_": 133, "title_id_": 129}, {"id_": 134, "category_id_": 134, "title_id_": 130}, {"id_": 135, "category_id_": 135, "title_id_": 38}, {"id_": 136, "category_id_": 136, "title_id_": 131}, {"id_": 137, "category_id_": 137, "title_id_": 132}, {"id_": 138, "category_id_": 138, "title_id_": 133}, {"id_": 139, "category_id_": 139, "title_id_": 134}, {"id_": 140, "category_id_": 140, "title_id_": 135}, {"id_": 141, "category_id_": 141, "title_id_": 136}, {"id_": 142, "category_id_": 142, "title_id_": 137}, {"id_": 0, "category_id_": 0, "title_id_": 0}, {"id_": 1000, "category_id_": 1000, "title_id_": 1000}, {"id_": 1001, "category_id_": 1001, "title_id_": 1001}, {"id_": 1002, "category_id_": 1002, "title_id_": 1002}, {"id_": 1003, "category_id_": 1003, "title_id_": 1003}, {"id_": 1004, "category_id_": 1004, "title_id_": 1004}, {"id_": 1005, "category_id_": 1005, "title_id_": 1005}, {"id_": 1006, "category_id_": 1006, "title_id_": 1006}, {"id_": 1007, "category_id_": 1007, "title_id_": 1007}, {"id_": 1008, "category_id_": 1008, "title_id_": 1008}, {"id_": 1009, "category_id_": 1009, "title_id_": 1009}, {"id_": 1010, "category_id_": 1010, "title_id_": 1010}, {"id_": 1011, "category_id_": 1011, "title_id_": 1011}, {"id_": 1012, "category_id_": 1012, "title_id_": 1012}, {"id_": 1013, "category_id_": 1013, "title_id_": 1013}, {"id_": 1014, "category_id_": 1014, "title_id_": 1014}, {"id_": 1015, "category_id_": 1015, "title_id_": 1015}, {"id_": 1016, "category_id_": 1016, "title_id_": 1016}]