[{"id_": 0, "category_id_": 0, "guide_asset_name_": "tutorial_guide_00_01", "view_type_": 1, "detail_id_": 0}, {"id_": 1, "category_id_": 1, "guide_asset_name_": "tutorial_guide_01_01", "view_type_": 1, "detail_id_": 100}, {"id_": 2, "category_id_": 1, "guide_asset_name_": "tutorial_guide_01_02", "view_type_": 1, "detail_id_": 101}, {"id_": 3, "category_id_": 1, "guide_asset_name_": "tutorial_guide_01_03", "view_type_": 1, "detail_id_": 102}, {"id_": 4, "category_id_": 2, "guide_asset_name_": "-1", "view_type_": 0, "detail_id_": 200}, {"id_": 5, "category_id_": 2, "guide_asset_name_": "-1", "view_type_": 0, "detail_id_": 201}, {"id_": 6, "category_id_": 3, "guide_asset_name_": "tutorial_guide_03_01", "view_type_": 1, "detail_id_": 300}, {"id_": 7, "category_id_": 3, "guide_asset_name_": "tutorial_guide_03_02", "view_type_": 1, "detail_id_": 301}, {"id_": 8, "category_id_": 3, "guide_asset_name_": "tutorial_guide_03_03", "view_type_": 1, "detail_id_": 302}, {"id_": 9, "category_id_": 3, "guide_asset_name_": "-1", "view_type_": 0, "detail_id_": 303}, {"id_": 11, "category_id_": 4, "guide_asset_name_": "-1", "view_type_": 0, "detail_id_": 401}, {"id_": 12, "category_id_": 5, "guide_asset_name_": "tutorial_guide_05_01", "view_type_": 1, "detail_id_": 500}, {"id_": 13, "category_id_": 5, "guide_asset_name_": "-1", "view_type_": 0, "detail_id_": 501}, {"id_": 14, "category_id_": 6, "guide_asset_name_": "-1", "view_type_": 0, "detail_id_": 600}, {"id_": 15, "category_id_": 7, "guide_asset_name_": "-1", "view_type_": 0, "detail_id_": 700}, {"id_": 16, "category_id_": 8, "guide_asset_name_": "-1", "view_type_": 0, "detail_id_": 800}, {"id_": 17, "category_id_": 9, "guide_asset_name_": "-1", "view_type_": 0, "detail_id_": 900}, {"id_": 18, "category_id_": 9, "guide_asset_name_": "tutorial_guide_09_01", "view_type_": 1, "detail_id_": 901}, {"id_": 19, "category_id_": 10, "guide_asset_name_": "tutorial_guide_10_01", "view_type_": 1, "detail_id_": 1000}, {"id_": 20, "category_id_": 10, "guide_asset_name_": "-1", "view_type_": 0, "detail_id_": 1001}, {"id_": 21, "category_id_": 11, "guide_asset_name_": "-1", "view_type_": 0, "detail_id_": 1100}, {"id_": 22, "category_id_": 11, "guide_asset_name_": "-1", "view_type_": 0, "detail_id_": 1101}, {"id_": 23, "category_id_": 12, "guide_asset_name_": "-1", "view_type_": 0, "detail_id_": 1200}, {"id_": 24, "category_id_": 13, "guide_asset_name_": "tutorial_guide_13_01", "view_type_": 1, "detail_id_": 2102}, {"id_": 25, "category_id_": 13, "guide_asset_name_": "tutorial_guide_13_02", "view_type_": 1, "detail_id_": 2103}, {"id_": 26, "category_id_": 14, "guide_asset_name_": "-1", "view_type_": 0, "detail_id_": 1400}, {"id_": 27, "category_id_": 15, "guide_asset_name_": "-1", "view_type_": 0, "detail_id_": 1500}, {"id_": 28, "category_id_": 16, "guide_asset_name_": "-1", "view_type_": 0, "detail_id_": 1600}, {"id_": 29, "category_id_": 17, "guide_asset_name_": "-1", "view_type_": 0, "detail_id_": 1700}, {"id_": 30, "category_id_": 17, "guide_asset_name_": "tutorial_guide_17_01", "view_type_": 1, "detail_id_": 1701}, {"id_": 31, "category_id_": 17, "guide_asset_name_": "tutorial_guide_17_02", "view_type_": 1, "detail_id_": 1702}, {"id_": 32, "category_id_": 18, "guide_asset_name_": "tutorial_guide_18_01", "view_type_": 1, "detail_id_": 1903}, {"id_": 33, "category_id_": 111, "guide_asset_name_": "tutorial_guide_18_02", "view_type_": 1, "detail_id_": 1904}, {"id_": 35, "category_id_": 19, "guide_asset_name_": "tutorial_guide_19_01", "view_type_": 1, "detail_id_": 5804}, {"id_": 36, "category_id_": 112, "guide_asset_name_": "tutorial_guide_112_01", "view_type_": 1, "detail_id_": 5805}, {"id_": 37, "category_id_": 112, "guide_asset_name_": "tutorial_guide_19_02", "view_type_": 1, "detail_id_": 5806}, {"id_": 38, "category_id_": 20, "guide_asset_name_": "-1", "view_type_": 0, "detail_id_": 2000}, {"id_": 39, "category_id_": 20, "guide_asset_name_": "-1", "view_type_": 0, "detail_id_": 2001}, {"id_": 40, "category_id_": 21, "guide_asset_name_": "tutorial_guide_21_01", "view_type_": 1, "detail_id_": 2100}, {"id_": 41, "category_id_": 21, "guide_asset_name_": "-1", "view_type_": 0, "detail_id_": 2101}, {"id_": 42, "category_id_": 21, "guide_asset_name_": "tutorial_guide_21_03", "view_type_": 1, "detail_id_": 2105}, {"id_": 43, "category_id_": 21, "guide_asset_name_": "-1", "view_type_": 0, "detail_id_": 2106}, {"id_": 44, "category_id_": 22, "guide_asset_name_": "tutorial_guide_22_01", "view_type_": 1, "detail_id_": 2200}, {"id_": 45, "category_id_": 22, "guide_asset_name_": "-1", "view_type_": 0, "detail_id_": 2201}, {"id_": 46, "category_id_": 23, "guide_asset_name_": "-1", "view_type_": 0, "detail_id_": 2300}, {"id_": 47, "category_id_": 23, "guide_asset_name_": "-1", "view_type_": 0, "detail_id_": 2301}, {"id_": 48, "category_id_": 24, "guide_asset_name_": "-1", "view_type_": 0, "detail_id_": 2400}, {"id_": 49, "category_id_": 25, "guide_asset_name_": "-1", "view_type_": 0, "detail_id_": 2500}, {"id_": 50, "category_id_": 26, "guide_asset_name_": "-1", "view_type_": 0, "detail_id_": 2600}, {"id_": 51, "category_id_": 26, "guide_asset_name_": "tutorial_guide_26_01", "view_type_": 1, "detail_id_": 2602}, {"id_": 52, "category_id_": 26, "guide_asset_name_": "tutorial_guide_26_02", "view_type_": 1, "detail_id_": 2601}, {"id_": 53, "category_id_": 27, "guide_asset_name_": "-1", "view_type_": 0, "detail_id_": 2700}, {"id_": 54, "category_id_": 28, "guide_asset_name_": "-1", "view_type_": 0, "detail_id_": 2800}, {"id_": 55, "category_id_": 29, "guide_asset_name_": "-1", "view_type_": 0, "detail_id_": 2900}, {"id_": 56, "category_id_": 29, "guide_asset_name_": "-1", "view_type_": 0, "detail_id_": 2901}, {"id_": 57, "category_id_": 29, "guide_asset_name_": "-1", "view_type_": 0, "detail_id_": 2903}, {"id_": 58, "category_id_": 29, "guide_asset_name_": "-1", "view_type_": 0, "detail_id_": 2904}, {"id_": 59, "category_id_": 29, "guide_asset_name_": "tutorial_guide_29_01", "view_type_": 1, "detail_id_": 2902}, {"id_": 60, "category_id_": 30, "guide_asset_name_": "tutorial_guide_30_01", "view_type_": 1, "detail_id_": 3000}, {"id_": 61, "category_id_": 30, "guide_asset_name_": "tutorial_guide_30_02", "view_type_": 1, "detail_id_": 3001}, {"id_": 62, "category_id_": 30, "guide_asset_name_": "tutorial_guide_30_03", "view_type_": 1, "detail_id_": 3002}, {"id_": 63, "category_id_": 30, "guide_asset_name_": "-1", "view_type_": 0, "detail_id_": 3003}, {"id_": 64, "category_id_": 30, "guide_asset_name_": "-1", "view_type_": 0, "detail_id_": 3004}, {"id_": 65, "category_id_": 30, "guide_asset_name_": "tutorial_guide_30_04", "view_type_": 1, "detail_id_": 3005}, {"id_": 66, "category_id_": 30, "guide_asset_name_": "tutorial_guide_30_05", "view_type_": 1, "detail_id_": 3006}, {"id_": 67, "category_id_": 31, "guide_asset_name_": "tutorial_guide_31_01", "view_type_": 1, "detail_id_": 3007}, {"id_": 68, "category_id_": 31, "guide_asset_name_": "-1", "view_type_": 0, "detail_id_": 3008}, {"id_": 69, "category_id_": 31, "guide_asset_name_": "tutorial_guide_31_02", "view_type_": 1, "detail_id_": 3009}, {"id_": 70, "category_id_": 31, "guide_asset_name_": "-1", "view_type_": 0, "detail_id_": 3010}, {"id_": 71, "category_id_": 31, "guide_asset_name_": "-1", "view_type_": 0, "detail_id_": 3011}, {"id_": 72, "category_id_": 32, "guide_asset_name_": "-1", "view_type_": 0, "detail_id_": 3100}, {"id_": 73, "category_id_": 32, "guide_asset_name_": "tutorial_guide_30_02", "view_type_": 1, "detail_id_": 3101}, {"id_": 74, "category_id_": 33, "guide_asset_name_": "tutorial_guide_33_01", "view_type_": 1, "detail_id_": 3200}, {"id_": 75, "category_id_": 33, "guide_asset_name_": "-1", "view_type_": 0, "detail_id_": 3201}, {"id_": 76, "category_id_": 34, "guide_asset_name_": "-1", "view_type_": 0, "detail_id_": 3202}, {"id_": 77, "category_id_": 34, "guide_asset_name_": "tutorial_guide_34_01", "view_type_": 1, "detail_id_": 3203}, {"id_": 78, "category_id_": 35, "guide_asset_name_": "tutorial_guide_35_01", "view_type_": 1, "detail_id_": 3204}, {"id_": 79, "category_id_": 35, "guide_asset_name_": "-1", "view_type_": 0, "detail_id_": 3205}, {"id_": 80, "category_id_": 36, "guide_asset_name_": "-1", "view_type_": 0, "detail_id_": 3600}, {"id_": 81, "category_id_": 36, "guide_asset_name_": "-1", "view_type_": 0, "detail_id_": 3601}, {"id_": 82, "category_id_": 37, "guide_asset_name_": "tutorial_guide_37_01", "view_type_": 1, "detail_id_": 3700}, {"id_": 83, "category_id_": 37, "guide_asset_name_": "tutorial_guide_37_02", "view_type_": 1, "detail_id_": 3701}, {"id_": 84, "category_id_": 37, "guide_asset_name_": "tutorial_guide_37_03", "view_type_": 1, "detail_id_": 3702}, {"id_": 85, "category_id_": 38, "guide_asset_name_": "tutorial_guide_37_02", "view_type_": 1, "detail_id_": 3701}, {"id_": 86, "category_id_": 38, "guide_asset_name_": "tutorial_guide_37_03", "view_type_": 1, "detail_id_": 3702}, {"id_": 88, "category_id_": 39, "guide_asset_name_": "tutorial_guide_39_02", "view_type_": 1, "detail_id_": 3902}, {"id_": 89, "category_id_": 39, "guide_asset_name_": "tutorial_guide_39_03", "view_type_": 1, "detail_id_": 3903}, {"id_": 90, "category_id_": 39, "guide_asset_name_": "tutorial_guide_39_04", "view_type_": 1, "detail_id_": 3904}, {"id_": 91, "category_id_": 39, "guide_asset_name_": "-1", "view_type_": 0, "detail_id_": 3905}, {"id_": 92, "category_id_": 40, "guide_asset_name_": "tutorial_guide_40_01", "view_type_": 1, "detail_id_": 4001}, {"id_": 93, "category_id_": 40, "guide_asset_name_": "tutorial_guide_40_02", "view_type_": 1, "detail_id_": 4002}, {"id_": 94, "category_id_": 40, "guide_asset_name_": "-1", "view_type_": 0, "detail_id_": 4003}, {"id_": 95, "category_id_": 41, "guide_asset_name_": "tutorial_guide_41_01", "view_type_": 1, "detail_id_": 4100}, {"id_": 96, "category_id_": 41, "guide_asset_name_": "tutorial_guide_41_02", "view_type_": 1, "detail_id_": 4101}, {"id_": 97, "category_id_": 41, "guide_asset_name_": "tutorial_guide_41_03", "view_type_": 1, "detail_id_": 4102}, {"id_": 98, "category_id_": 41, "guide_asset_name_": "tutorial_guide_41_04", "view_type_": 1, "detail_id_": 4103}, {"id_": 99, "category_id_": 41, "guide_asset_name_": "-1", "view_type_": 0, "detail_id_": 4104}, {"id_": 100, "category_id_": 42, "guide_asset_name_": "-1", "view_type_": 0, "detail_id_": 4200}, {"id_": 101, "category_id_": 42, "guide_asset_name_": "-1", "view_type_": 0, "detail_id_": 4201}, {"id_": 102, "category_id_": 43, "guide_asset_name_": "-1", "view_type_": 0, "detail_id_": 4300}, {"id_": 103, "category_id_": 43, "guide_asset_name_": "-1", "view_type_": 0, "detail_id_": 4301}, {"id_": 104, "category_id_": 43, "guide_asset_name_": "tutorial_guide_43_01", "view_type_": 1, "detail_id_": 4302}, {"id_": 105, "category_id_": 43, "guide_asset_name_": "-1", "view_type_": 0, "detail_id_": 4303}, {"id_": 106, "category_id_": 44, "guide_asset_name_": "tutorial_guide_44_01", "view_type_": 1, "detail_id_": 4400}, {"id_": 107, "category_id_": 44, "guide_asset_name_": "tutorial_guide_44_02", "view_type_": 1, "detail_id_": 4401}, {"id_": 108, "category_id_": 45, "guide_asset_name_": "tutorial_guide_45_01", "view_type_": 1, "detail_id_": 4500}, {"id_": 109, "category_id_": 45, "guide_asset_name_": "tutorial_guide_45_02", "view_type_": 1, "detail_id_": 4501}, {"id_": 110, "category_id_": 45, "guide_asset_name_": "-1", "view_type_": 0, "detail_id_": 4502}, {"id_": 111, "category_id_": 45, "guide_asset_name_": "-1", "view_type_": 0, "detail_id_": 4503}, {"id_": 112, "category_id_": 46, "guide_asset_name_": "tutorial_guide_46_01", "view_type_": 1, "detail_id_": 4600}, {"id_": 113, "category_id_": 46, "guide_asset_name_": "-1", "view_type_": 0, "detail_id_": 4601}, {"id_": 114, "category_id_": 47, "guide_asset_name_": "-1", "view_type_": 0, "detail_id_": 4700}, {"id_": 115, "category_id_": 47, "guide_asset_name_": "-1", "view_type_": 0, "detail_id_": 4701}, {"id_": 116, "category_id_": 48, "guide_asset_name_": "-1", "view_type_": 0, "detail_id_": 4800}, {"id_": 117, "category_id_": 48, "guide_asset_name_": "tutorial_guide_48_01", "view_type_": 1, "detail_id_": 4801}, {"id_": 118, "category_id_": 48, "guide_asset_name_": "-1", "view_type_": 0, "detail_id_": 4802}, {"id_": 119, "category_id_": 48, "guide_asset_name_": "-1", "view_type_": 0, "detail_id_": 4803}, {"id_": 120, "category_id_": 49, "guide_asset_name_": "tutorial_guide_49_01", "view_type_": 1, "detail_id_": 4900}, {"id_": 121, "category_id_": 49, "guide_asset_name_": "-1", "view_type_": 0, "detail_id_": 4901}, {"id_": 122, "category_id_": 49, "guide_asset_name_": "-1", "view_type_": 0, "detail_id_": 4902}, {"id_": 123, "category_id_": 50, "guide_asset_name_": "-1", "view_type_": 0, "detail_id_": 5000}, {"id_": 124, "category_id_": 50, "guide_asset_name_": "tutorial_guide_50_01", "view_type_": 1, "detail_id_": 5001}, {"id_": 125, "category_id_": 52, "guide_asset_name_": "-1", "view_type_": 0, "detail_id_": 5200}, {"id_": 126, "category_id_": 53, "guide_asset_name_": "tutorial_guide_53_01", "view_type_": 1, "detail_id_": 5300}, {"id_": 127, "category_id_": 53, "guide_asset_name_": "-1", "view_type_": 0, "detail_id_": 5301}, {"id_": 128, "category_id_": 54, "guide_asset_name_": "-1", "view_type_": 0, "detail_id_": 5400}, {"id_": 129, "category_id_": 55, "guide_asset_name_": "-1", "view_type_": 0, "detail_id_": 5500}, {"id_": 130, "category_id_": 56, "guide_asset_name_": "tutorial_guide_56_01", "view_type_": 1, "detail_id_": 5600}, {"id_": 131, "category_id_": 56, "guide_asset_name_": "-1", "view_type_": 0, "detail_id_": 5601}, {"id_": 132, "category_id_": 57, "guide_asset_name_": "-1", "view_type_": 0, "detail_id_": 5700}, {"id_": 135, "category_id_": 59, "guide_asset_name_": "tutorial_guide_59_01", "view_type_": 1, "detail_id_": 5900}, {"id_": 136, "category_id_": 60, "guide_asset_name_": "-1", "view_type_": 0, "detail_id_": 6000}, {"id_": 137, "category_id_": 61, "guide_asset_name_": "-1", "view_type_": 0, "detail_id_": 6100}, {"id_": 138, "category_id_": 61, "guide_asset_name_": "-1", "view_type_": 0, "detail_id_": 6101}, {"id_": 139, "category_id_": 61, "guide_asset_name_": "tutorial_guide_61_01", "view_type_": 1, "detail_id_": 6102}, {"id_": 140, "category_id_": 61, "guide_asset_name_": "-1", "view_type_": 0, "detail_id_": 6103}, {"id_": 141, "category_id_": 62, "guide_asset_name_": "-1", "view_type_": 0, "detail_id_": 6200}, {"id_": 142, "category_id_": 63, "guide_asset_name_": "-1", "view_type_": 0, "detail_id_": 6300}, {"id_": 143, "category_id_": 64, "guide_asset_name_": "-1", "view_type_": 0, "detail_id_": 6400}, {"id_": 144, "category_id_": 64, "guide_asset_name_": "tutorial_guide_64_01", "view_type_": 1, "detail_id_": 6401}, {"id_": 145, "category_id_": 64, "guide_asset_name_": "tutorial_guide_64_02", "view_type_": 1, "detail_id_": 6402}, {"id_": 146, "category_id_": 65, "guide_asset_name_": "-1", "view_type_": 0, "detail_id_": 6500}, {"id_": 147, "category_id_": 65, "guide_asset_name_": "tutorial_guide_65_01", "view_type_": 1, "detail_id_": 6501}, {"id_": 148, "category_id_": 66, "guide_asset_name_": "-1", "view_type_": 0, "detail_id_": 6600}, {"id_": 149, "category_id_": 67, "guide_asset_name_": "-1", "view_type_": 0, "detail_id_": 6700}, {"id_": 150, "category_id_": 68, "guide_asset_name_": "tutorial_guide_68_01", "view_type_": 1, "detail_id_": 6800}, {"id_": 151, "category_id_": 68, "guide_asset_name_": "tutorial_guide_68_02", "view_type_": 1, "detail_id_": 6801}, {"id_": 152, "category_id_": 69, "guide_asset_name_": "tutorial_guide_69_01", "view_type_": 1, "detail_id_": 6900}, {"id_": 153, "category_id_": 70, "guide_asset_name_": "-1", "view_type_": 0, "detail_id_": 7000}, {"id_": 155, "category_id_": 71, "guide_asset_name_": "-1", "view_type_": 0, "detail_id_": 7100}, {"id_": 156, "category_id_": 72, "guide_asset_name_": "-1", "view_type_": 0, "detail_id_": 7200}, {"id_": 157, "category_id_": 73, "guide_asset_name_": "-1", "view_type_": 0, "detail_id_": 2104}, {"id_": 158, "category_id_": 74, "guide_asset_name_": "-1", "view_type_": 0, "detail_id_": 7400}, {"id_": 159, "category_id_": 75, "guide_asset_name_": "tutorial_guide_75_01", "view_type_": 1, "detail_id_": 7500}, {"id_": 160, "category_id_": 76, "guide_asset_name_": "tutorial_guide_76_01", "view_type_": 1, "detail_id_": 7600}, {"id_": 161, "category_id_": 77, "guide_asset_name_": "-1", "view_type_": 0, "detail_id_": 7700}, {"id_": 162, "category_id_": 77, "guide_asset_name_": "-1", "view_type_": 0, "detail_id_": 7701}, {"id_": 163, "category_id_": 87, "guide_asset_name_": "-1", "view_type_": 0, "detail_id_": 7800}, {"id_": 164, "category_id_": 87, "guide_asset_name_": "-1", "view_type_": 0, "detail_id_": 7801}, {"id_": 165, "category_id_": 87, "guide_asset_name_": "-1", "view_type_": 0, "detail_id_": 7803}, {"id_": 166, "category_id_": 78, "guide_asset_name_": "tutorial_guide_80_01", "view_type_": 1, "detail_id_": 7702}, {"id_": 167, "category_id_": 78, "guide_asset_name_": "tutorial_guide_81_01", "view_type_": 1, "detail_id_": 7703}, {"id_": 168, "category_id_": 78, "guide_asset_name_": "tutorial_guide_82_01", "view_type_": 1, "detail_id_": 7704}, {"id_": 169, "category_id_": 78, "guide_asset_name_": "tutorial_guide_83_01", "view_type_": 1, "detail_id_": 7705}, {"id_": 170, "category_id_": 78, "guide_asset_name_": "tutorial_guide_87_01", "view_type_": 1, "detail_id_": 7802}, {"id_": 171, "category_id_": 78, "guide_asset_name_": "tutorial_guide_84_01", "view_type_": 1, "detail_id_": 7706}, {"id_": 172, "category_id_": 78, "guide_asset_name_": "tutorial_guide_85_01", "view_type_": 1, "detail_id_": 7707}, {"id_": 173, "category_id_": 79, "guide_asset_name_": "tutorial_guide_86_01", "view_type_": 1, "detail_id_": 7710}, {"id_": 174, "category_id_": 90, "guide_asset_name_": "tutorial_guide_90_01", "view_type_": 1, "detail_id_": 7708}, {"id_": 175, "category_id_": 91, "guide_asset_name_": "tutorial_guide_91_01", "view_type_": 1, "detail_id_": 7709}, {"id_": 176, "category_id_": 80, "guide_asset_name_": "tutorial_guide_80_01", "view_type_": 1, "detail_id_": 7702}, {"id_": 177, "category_id_": 80, "guide_asset_name_": "tutorial_guide_81_01", "view_type_": 1, "detail_id_": 7703}, {"id_": 178, "category_id_": 80, "guide_asset_name_": "tutorial_guide_82_01", "view_type_": 1, "detail_id_": 7704}, {"id_": 179, "category_id_": 80, "guide_asset_name_": "tutorial_guide_83_01", "view_type_": 1, "detail_id_": 7705}, {"id_": 180, "category_id_": 80, "guide_asset_name_": "tutorial_guide_87_01", "view_type_": 1, "detail_id_": 7802}, {"id_": 181, "category_id_": 80, "guide_asset_name_": "tutorial_guide_84_01", "view_type_": 1, "detail_id_": 7706}, {"id_": 182, "category_id_": 80, "guide_asset_name_": "tutorial_guide_85_01", "view_type_": 1, "detail_id_": 7707}, {"id_": 183, "category_id_": 80, "guide_asset_name_": "tutorial_guide_86_01", "view_type_": 1, "detail_id_": 7710}, {"id_": 184, "category_id_": 93, "guide_asset_name_": "tutorial_guide_93_01", "view_type_": 1, "detail_id_": 9300}, {"id_": 185, "category_id_": 93, "guide_asset_name_": "tutorial_guide_93_02", "view_type_": 1, "detail_id_": 9301}, {"id_": 186, "category_id_": 93, "guide_asset_name_": "-1", "view_type_": 0, "detail_id_": 9302}, {"id_": 187, "category_id_": 92, "guide_asset_name_": "tutorial_guide_92_01", "view_type_": 1, "detail_id_": 9200}, {"id_": 188, "category_id_": 94, "guide_asset_name_": "-1", "view_type_": 0, "detail_id_": 9400}, {"id_": 189, "category_id_": 94, "guide_asset_name_": "-1", "view_type_": 0, "detail_id_": 9401}, {"id_": 190, "category_id_": 94, "guide_asset_name_": "-1", "view_type_": 0, "detail_id_": 9402}, {"id_": 191, "category_id_": 96, "guide_asset_name_": "-1", "view_type_": 0, "detail_id_": 9600}, {"id_": 192, "category_id_": 96, "guide_asset_name_": "-1", "view_type_": 0, "detail_id_": 9601}, {"id_": 193, "category_id_": 97, "guide_asset_name_": "-1", "view_type_": 0, "detail_id_": 902}, {"id_": 194, "category_id_": 98, "guide_asset_name_": "-1", "view_type_": 0, "detail_id_": 903}, {"id_": 195, "category_id_": 99, "guide_asset_name_": "tutorial_guide_99_01", "view_type_": 1, "detail_id_": 904}, {"id_": 196, "category_id_": 100, "guide_asset_name_": "tutorial_guide_100_01", "view_type_": 1, "detail_id_": 905}, {"id_": 197, "category_id_": 100, "guide_asset_name_": "tutorial_guide_100_02", "view_type_": 1, "detail_id_": 906}, {"id_": 198, "category_id_": 100, "guide_asset_name_": "tutorial_guide_100_03", "view_type_": 1, "detail_id_": 907}, {"id_": 199, "category_id_": 101, "guide_asset_name_": "tutorial_guide_101_01", "view_type_": 1, "detail_id_": 10200}, {"id_": 200, "category_id_": 101, "guide_asset_name_": "-1", "view_type_": 0, "detail_id_": 10201}, {"id_": 201, "category_id_": 101, "guide_asset_name_": "-1", "view_type_": 0, "detail_id_": 10202}, {"id_": 202, "category_id_": 102, "guide_asset_name_": "tutorial_guide_80_01", "view_type_": 1, "detail_id_": 7702}, {"id_": 203, "category_id_": 102, "guide_asset_name_": "tutorial_guide_81_01", "view_type_": 1, "detail_id_": 7703}, {"id_": 204, "category_id_": 103, "guide_asset_name_": "tutorial_guide_103_01", "view_type_": 1, "detail_id_": 10300}, {"id_": 205, "category_id_": 103, "guide_asset_name_": "tutorial_guide_103_02", "view_type_": 1, "detail_id_": 10301}, {"id_": 206, "category_id_": 104, "guide_asset_name_": "tutorial_guide_104_01", "view_type_": 1, "detail_id_": 10400}, {"id_": 207, "category_id_": 105, "guide_asset_name_": "tutorial_guide_105_01", "view_type_": 1, "detail_id_": 10500}, {"id_": 208, "category_id_": 106, "guide_asset_name_": "tutorial_guide_106_01", "view_type_": 1, "detail_id_": 10600}, {"id_": 209, "category_id_": 106, "guide_asset_name_": "tutorial_guide_106_02", "view_type_": 1, "detail_id_": 10601}, {"id_": 210, "category_id_": 107, "guide_asset_name_": "tutorial_guide_107_01", "view_type_": 1, "detail_id_": 10700}, {"id_": 211, "category_id_": 107, "guide_asset_name_": "tutorial_guide_87_01", "view_type_": 1, "detail_id_": 7802}, {"id_": 212, "category_id_": 107, "guide_asset_name_": "tutorial_guide_84_01", "view_type_": 1, "detail_id_": 7706}, {"id_": 213, "category_id_": 107, "guide_asset_name_": "tutorial_guide_85_01", "view_type_": 1, "detail_id_": 7707}, {"id_": 214, "category_id_": 108, "guide_asset_name_": "tutorial_guide_108_01", "view_type_": 1, "detail_id_": 10800}, {"id_": 215, "category_id_": 109, "guide_asset_name_": "tutorial_guide_109_01", "view_type_": 1, "detail_id_": 10900}, {"id_": 216, "category_id_": 110, "guide_asset_name_": "tutorial_guide_110_01", "view_type_": 1, "detail_id_": 11000}, {"id_": 217, "category_id_": 113, "guide_asset_name_": "tutorial_guide_113_01", "view_type_": 1, "detail_id_": 5807}, {"id_": 218, "category_id_": 113, "guide_asset_name_": "tutorial_guide_113_01", "view_type_": 1, "detail_id_": 5808}, {"id_": 219, "category_id_": 113, "guide_asset_name_": "-1", "view_type_": 0, "detail_id_": 5809}, {"id_": 220, "category_id_": 114, "guide_asset_name_": "tutorial_guide_114_01", "view_type_": 1, "detail_id_": 10100}, {"id_": 221, "category_id_": 114, "guide_asset_name_": "tutorial_guide_114_02", "view_type_": 1, "detail_id_": 10101}, {"id_": 222, "category_id_": 114, "guide_asset_name_": "tutorial_guide_114_03", "view_type_": 1, "detail_id_": 10102}, {"id_": 223, "category_id_": 114, "guide_asset_name_": "tutorial_guide_114_04", "view_type_": 1, "detail_id_": 10103}, {"id_": 224, "category_id_": 115, "guide_asset_name_": "-1", "view_type_": 0, "detail_id_": 11200}, {"id_": 225, "category_id_": 115, "guide_asset_name_": "-1", "view_type_": 0, "detail_id_": 11201}, {"id_": 226, "category_id_": 116, "guide_asset_name_": "tutorial_guide_116_01", "view_type_": 1, "detail_id_": 11801}, {"id_": 227, "category_id_": 116, "guide_asset_name_": "tutorial_guide_116_02", "view_type_": 1, "detail_id_": 11901}, {"id_": 228, "category_id_": 116, "guide_asset_name_": "tutorial_guide_116_03", "view_type_": 1, "detail_id_": 12001}, {"id_": 229, "category_id_": 116, "guide_asset_name_": "tutorial_guide_116_04", "view_type_": 1, "detail_id_": 12101}, {"id_": 230, "category_id_": 120, "guide_asset_name_": "tutorial_guide_120_01", "view_type_": 1, "detail_id_": 12201}, {"id_": 231, "category_id_": 121, "guide_asset_name_": "tutorial_guide_121_01", "view_type_": 1, "detail_id_": 11301}, {"id_": 232, "category_id_": 121, "guide_asset_name_": "tutorial_guide_121_02", "view_type_": 1, "detail_id_": 11302}, {"id_": 233, "category_id_": 122, "guide_asset_name_": "tutorial_guide_122_01", "view_type_": 1, "detail_id_": 11401}, {"id_": 234, "category_id_": 122, "guide_asset_name_": "tutorial_guide_122_02", "view_type_": 1, "detail_id_": 11402}, {"id_": 235, "category_id_": 123, "guide_asset_name_": "tutorial_guide_123_01", "view_type_": 1, "detail_id_": 11501}, {"id_": 236, "category_id_": 123, "guide_asset_name_": "tutorial_guide_123_02", "view_type_": 1, "detail_id_": 11502}, {"id_": 237, "category_id_": 124, "guide_asset_name_": "tutorial_guide_124_01", "view_type_": 1, "detail_id_": 11601}, {"id_": 238, "category_id_": 124, "guide_asset_name_": "tutorial_guide_124_02", "view_type_": 1, "detail_id_": 11701}, {"id_": 239, "category_id_": 126, "guide_asset_name_": "tutorial_guide_126_01", "view_type_": 1, "detail_id_": 12301}, {"id_": 240, "category_id_": 126, "guide_asset_name_": "-1", "view_type_": 0, "detail_id_": 12302}, {"id_": 241, "category_id_": 126, "guide_asset_name_": "-1", "view_type_": 0, "detail_id_": 12303}, {"id_": 242, "category_id_": 126, "guide_asset_name_": "-1", "view_type_": 0, "detail_id_": 12304}, {"id_": 243, "category_id_": 29, "guide_asset_name_": "tutorial_guide_29_02", "view_type_": 1, "detail_id_": 2905}, {"id_": 244, "category_id_": 127, "guide_asset_name_": "tutorial_guide_127_01", "view_type_": 1, "detail_id_": 12401}, {"id_": 245, "category_id_": 127, "guide_asset_name_": "tutorial_guide_127_02", "view_type_": 1, "detail_id_": 12402}, {"id_": 246, "category_id_": 127, "guide_asset_name_": "tutorial_guide_127_03", "view_type_": 1, "detail_id_": 12403}, {"id_": 247, "category_id_": 127, "guide_asset_name_": "tutorial_guide_127_04", "view_type_": 1, "detail_id_": 12404}, {"id_": 248, "category_id_": 128, "guide_asset_name_": "-1", "view_type_": 0, "detail_id_": 400}, {"id_": 249, "category_id_": 128, "guide_asset_name_": "-1", "view_type_": 0, "detail_id_": 401}, {"id_": 250, "category_id_": 129, "guide_asset_name_": "-1", "view_type_": 0, "detail_id_": 12500}, {"id_": 251, "category_id_": 129, "guide_asset_name_": "-1", "view_type_": 0, "detail_id_": 12501}, {"id_": 252, "category_id_": 130, "guide_asset_name_": "tutorial_guide_129_01", "view_type_": 1, "detail_id_": 12502}, {"id_": 253, "category_id_": 130, "guide_asset_name_": "tutorial_guide_129_02", "view_type_": 1, "detail_id_": 12503}, {"id_": 254, "category_id_": 130, "guide_asset_name_": "tutorial_guide_129_03", "view_type_": 1, "detail_id_": 12504}, {"id_": 255, "category_id_": 131, "guide_asset_name_": "tutorial_guide_131_01", "view_type_": 1, "detail_id_": 12505}, {"id_": 256, "category_id_": 131, "guide_asset_name_": "tutorial_guide_131_02", "view_type_": 1, "detail_id_": 12506}, {"id_": 257, "category_id_": 132, "guide_asset_name_": "-1", "view_type_": 0, "detail_id_": 12800}, {"id_": 258, "category_id_": 132, "guide_asset_name_": "tutorial_guide_132_01", "view_type_": 1, "detail_id_": 12801}, {"id_": 259, "category_id_": 132, "guide_asset_name_": "-1", "view_type_": 0, "detail_id_": 12802}, {"id_": 260, "category_id_": 133, "guide_asset_name_": "tutorial_guide_133_01", "view_type_": 1, "detail_id_": 12900}, {"id_": 261, "category_id_": 134, "guide_asset_name_": "tutorial_guide_134_01", "view_type_": 1, "detail_id_": 13000}, {"id_": 262, "category_id_": 134, "guide_asset_name_": "-1", "view_type_": 0, "detail_id_": 13001}, {"id_": 263, "category_id_": 134, "guide_asset_name_": "-1", "view_type_": 0, "detail_id_": 13002}, {"id_": 264, "category_id_": 134, "guide_asset_name_": "-1", "view_type_": 0, "detail_id_": 13003}, {"id_": 265, "category_id_": 134, "guide_asset_name_": "tutorial_guide_134_02", "view_type_": 1, "detail_id_": 13004}, {"id_": 266, "category_id_": 135, "guide_asset_name_": "tutorial_guide_37_02", "view_type_": 1, "detail_id_": 3703}, {"id_": 267, "category_id_": 136, "guide_asset_name_": "tutorial_guide_136_01", "view_type_": 1, "detail_id_": 13100}, {"id_": 268, "category_id_": 137, "guide_asset_name_": "-1", "view_type_": 0, "detail_id_": 13200}, {"id_": 269, "category_id_": 137, "guide_asset_name_": "tutorial_guide_137_01", "view_type_": 1, "detail_id_": 13201}, {"id_": 270, "category_id_": 138, "guide_asset_name_": "tutorial_guide_138_01", "view_type_": 1, "detail_id_": 13300}, {"id_": 271, "category_id_": 142, "guide_asset_name_": "tutorial_guide_21_02", "view_type_": 1, "detail_id_": 13700}, {"id_": 272, "category_id_": 142, "guide_asset_name_": "tutorial_guide_21_02", "view_type_": 1, "detail_id_": 13701}, {"id_": 273, "category_id_": 139, "guide_asset_name_": "tutorial_guide_139_01", "view_type_": 1, "detail_id_": 13400}, {"id_": 274, "category_id_": 139, "guide_asset_name_": "tutorial_guide_139_02", "view_type_": 1, "detail_id_": 13401}, {"id_": 275, "category_id_": 139, "guide_asset_name_": "-1", "view_type_": 0, "detail_id_": 13402}, {"id_": 276, "category_id_": 139, "guide_asset_name_": "tutorial_guide_139_03", "view_type_": 1, "detail_id_": 13403}, {"id_": 278, "category_id_": 140, "guide_asset_name_": "tutorial_guide_140_02", "view_type_": 1, "detail_id_": 13501}, {"id_": 279, "category_id_": 141, "guide_asset_name_": "-1", "view_type_": 0, "detail_id_": 13600}, {"id_": 280, "category_id_": 141, "guide_asset_name_": "-1", "view_type_": 0, "detail_id_": 13601}, {"id_": 1000, "category_id_": 1000, "guide_asset_name_": "tutorial_guide_900_02", "view_type_": 1, "detail_id_": 20000}, {"id_": 1001, "category_id_": 1001, "guide_asset_name_": "tutorial_guide_901_01", "view_type_": 1, "detail_id_": 20001}, {"id_": 1002, "category_id_": 1002, "guide_asset_name_": "tutorial_guide_29_02", "view_type_": 1, "detail_id_": 20002}, {"id_": 1003, "category_id_": 1002, "guide_asset_name_": "tutorial_guide_29_02", "view_type_": 1, "detail_id_": 20003}, {"id_": 1004, "category_id_": 1003, "guide_asset_name_": "tutorial_guide_902_01", "view_type_": 1, "detail_id_": 20100}, {"id_": 1005, "category_id_": 1004, "guide_asset_name_": "tutorial_guide_902_02", "view_type_": 1, "detail_id_": 20101}, {"id_": 1006, "category_id_": 1005, "guide_asset_name_": "tutorial_guide_39_02", "view_type_": 1, "detail_id_": 20102}, {"id_": 1007, "category_id_": 1006, "guide_asset_name_": "tutorial_guide_114_01", "view_type_": 1, "detail_id_": 20200}, {"id_": 1008, "category_id_": 1006, "guide_asset_name_": "tutorial_guide_114_03", "view_type_": 1, "detail_id_": 20201}, {"id_": 1009, "category_id_": 1006, "guide_asset_name_": "tutorial_guide_114_04", "view_type_": 1, "detail_id_": 20202}, {"id_": 1010, "category_id_": 1007, "guide_asset_name_": "tutorial_guide_903_01", "view_type_": 1, "detail_id_": 20300}, {"id_": 1011, "category_id_": 1008, "guide_asset_name_": "tutorial_guide_00_01", "view_type_": 1, "detail_id_": 20301}, {"id_": 1012, "category_id_": 1009, "guide_asset_name_": "tutorial_guide_99_01", "view_type_": 1, "detail_id_": 20302}, {"id_": 1013, "category_id_": 1010, "guide_asset_name_": "tutorial_guide_01_03", "view_type_": 1, "detail_id_": 20303}, {"id_": 1014, "category_id_": 1011, "guide_asset_name_": "tutorial_guide_905_01", "view_type_": 1, "detail_id_": 30000}, {"id_": 1015, "category_id_": 1011, "guide_asset_name_": "tutorial_guide_905_02", "view_type_": 1, "detail_id_": 30001}, {"id_": 1016, "category_id_": 1012, "guide_asset_name_": "tutorial_guide_906_01", "view_type_": 1, "detail_id_": 30500}, {"id_": 1017, "category_id_": 1013, "guide_asset_name_": "-1", "view_type_": 0, "detail_id_": 30200}, {"id_": 1018, "category_id_": 1014, "guide_asset_name_": "-1", "view_type_": 0, "detail_id_": 30300}, {"id_": 1019, "category_id_": 1015, "guide_asset_name_": "-1", "view_type_": 0, "detail_id_": 30400}, {"id_": 1020, "category_id_": 1016, "guide_asset_name_": "-1", "view_type_": 0, "detail_id_": 30100}]