[{"vip_id_": 0, "vip_group_id_": 0, "vip_name_id_": 20000, "vip_detail_id_": 20000, "vip_reward_table_id_": 0, "vip_duration_time_": 30, "next_reward_duration_time_": 1200, "max_count_": 30, "icon_asset_name_": "shop_20000", "release_flag_": 1, "vip_legendspass_flag_": 0, "display_order_": 998, "visible_start_date_": "2019/4/1  15:00:00", "end_date_": "2030/4/22  13:00:00"}, {"vip_id_": 1, "vip_group_id_": 1, "vip_name_id_": 20001, "vip_detail_id_": 20001, "vip_reward_table_id_": 1, "vip_duration_time_": 30, "next_reward_duration_time_": 1200, "max_count_": 30, "icon_asset_name_": "shop_20001", "release_flag_": 1, "vip_legendspass_flag_": 0, "display_order_": 996, "visible_start_date_": "2019/4/1  15:00:00", "end_date_": "2030/4/22  13:00:00"}, {"vip_id_": 100, "vip_group_id_": 100, "vip_name_id_": 2001, "vip_detail_id_": 2001, "vip_reward_table_id_": 100, "vip_duration_time_": 16, "next_reward_duration_time_": 1200, "max_count_": 14, "icon_asset_name_": "shop_2001", "release_flag_": 1, "vip_legendspass_flag_": 0, "display_order_": 101, "visible_start_date_": "2020/7/1  12:00:00", "end_date_": "2020/7/7  15:00:00"}, {"vip_id_": 101, "vip_group_id_": 101, "vip_name_id_": 2001, "vip_detail_id_": 2001, "vip_reward_table_id_": 100, "vip_duration_time_": 16, "next_reward_duration_time_": 1200, "max_count_": 14, "icon_asset_name_": "shop_2001", "release_flag_": 1, "vip_legendspass_flag_": 0, "display_order_": 102, "visible_start_date_": "2020/8/1  15:00:00", "end_date_": "2020/8/7  15:00:00"}, {"vip_id_": 102, "vip_group_id_": 102, "vip_name_id_": 2001, "vip_detail_id_": 2001, "vip_reward_table_id_": 100, "vip_duration_time_": 16, "next_reward_duration_time_": 1200, "max_count_": 14, "icon_asset_name_": "shop_2001", "release_flag_": 1, "vip_legendspass_flag_": 0, "display_order_": 103, "visible_start_date_": "2020/9/1  15:00:00", "end_date_": "2020/9/7  15:00:00"}, {"vip_id_": 103, "vip_group_id_": 103, "vip_name_id_": 2001, "vip_detail_id_": 2001, "vip_reward_table_id_": 100, "vip_duration_time_": 16, "next_reward_duration_time_": 1200, "max_count_": 14, "icon_asset_name_": "shop_2001", "release_flag_": 1, "vip_legendspass_flag_": 0, "display_order_": 104, "visible_start_date_": "2020/10/1  15:00:00", "end_date_": "2020/10/8  15:00:00"}, {"vip_id_": 104, "vip_group_id_": 104, "vip_name_id_": 2001, "vip_detail_id_": 2001, "vip_reward_table_id_": 100, "vip_duration_time_": 16, "next_reward_duration_time_": 1200, "max_count_": 14, "icon_asset_name_": "shop_2001", "release_flag_": 1, "vip_legendspass_flag_": 0, "display_order_": 997, "visible_start_date_": "2020/11/1  15:00:00", "end_date_": "2030/4/22  13:00:00"}, {"vip_id_": 61001, "vip_group_id_": 61001, "vip_name_id_": 61001, "vip_detail_id_": 61001, "vip_reward_table_id_": 61001, "vip_duration_time_": 1, "next_reward_duration_time_": -1, "max_count_": 1, "icon_asset_name_": "Shp_icnSubscription01", "release_flag_": 1, "vip_legendspass_flag_": 1, "display_order_": 999, "visible_start_date_": "2021/11/4  11:00:00", "end_date_": "2030/4/22  13:00:00"}]