[{"vip_reward_table_id_": 0, "table_": [{"reward_id_": 0, "reward_pack_id_": 0, "reward_group_id_": 0, "item_type_": 1, "item_id_": 0, "item_num_": 40}, {"reward_id_": 1, "reward_pack_id_": 1, "reward_group_id_": 0, "item_type_": 1, "item_id_": 0, "item_num_": 40}, {"reward_id_": 2, "reward_pack_id_": 2, "reward_group_id_": 0, "item_type_": 1, "item_id_": 0, "item_num_": 40}, {"reward_id_": 3, "reward_pack_id_": 3, "reward_group_id_": 0, "item_type_": 1, "item_id_": 0, "item_num_": 40}, {"reward_id_": 4, "reward_pack_id_": 4, "reward_group_id_": 0, "item_type_": 1, "item_id_": 0, "item_num_": 40}, {"reward_id_": 5, "reward_pack_id_": 5, "reward_group_id_": 0, "item_type_": 1, "item_id_": 0, "item_num_": 40}, {"reward_id_": 6, "reward_pack_id_": 6, "reward_group_id_": 0, "item_type_": 1, "item_id_": 0, "item_num_": 40}, {"reward_id_": 7, "reward_pack_id_": 7, "reward_group_id_": 0, "item_type_": 1, "item_id_": 0, "item_num_": 40}, {"reward_id_": 8, "reward_pack_id_": 8, "reward_group_id_": 0, "item_type_": 1, "item_id_": 0, "item_num_": 40}, {"reward_id_": 9, "reward_pack_id_": 9, "reward_group_id_": 0, "item_type_": 1, "item_id_": 0, "item_num_": 40}, {"reward_id_": 10, "reward_pack_id_": 10, "reward_group_id_": 0, "item_type_": 1, "item_id_": 0, "item_num_": 40}, {"reward_id_": 11, "reward_pack_id_": 11, "reward_group_id_": 0, "item_type_": 1, "item_id_": 0, "item_num_": 40}, {"reward_id_": 12, "reward_pack_id_": 12, "reward_group_id_": 0, "item_type_": 1, "item_id_": 0, "item_num_": 40}, {"reward_id_": 13, "reward_pack_id_": 13, "reward_group_id_": 0, "item_type_": 1, "item_id_": 0, "item_num_": 40}, {"reward_id_": 14, "reward_pack_id_": 14, "reward_group_id_": 0, "item_type_": 1, "item_id_": 0, "item_num_": 40}, {"reward_id_": 15, "reward_pack_id_": 15, "reward_group_id_": 0, "item_type_": 1, "item_id_": 0, "item_num_": 40}, {"reward_id_": 16, "reward_pack_id_": 16, "reward_group_id_": 0, "item_type_": 1, "item_id_": 0, "item_num_": 40}, {"reward_id_": 17, "reward_pack_id_": 17, "reward_group_id_": 0, "item_type_": 1, "item_id_": 0, "item_num_": 40}, {"reward_id_": 18, "reward_pack_id_": 18, "reward_group_id_": 0, "item_type_": 1, "item_id_": 0, "item_num_": 40}, {"reward_id_": 19, "reward_pack_id_": 19, "reward_group_id_": 0, "item_type_": 1, "item_id_": 0, "item_num_": 40}, {"reward_id_": 20, "reward_pack_id_": 20, "reward_group_id_": 0, "item_type_": 1, "item_id_": 0, "item_num_": 40}, {"reward_id_": 21, "reward_pack_id_": 21, "reward_group_id_": 0, "item_type_": 1, "item_id_": 0, "item_num_": 40}, {"reward_id_": 22, "reward_pack_id_": 22, "reward_group_id_": 0, "item_type_": 1, "item_id_": 0, "item_num_": 40}, {"reward_id_": 23, "reward_pack_id_": 23, "reward_group_id_": 0, "item_type_": 1, "item_id_": 0, "item_num_": 40}, {"reward_id_": 24, "reward_pack_id_": 24, "reward_group_id_": 0, "item_type_": 1, "item_id_": 0, "item_num_": 40}, {"reward_id_": 25, "reward_pack_id_": 25, "reward_group_id_": 0, "item_type_": 1, "item_id_": 0, "item_num_": 40}, {"reward_id_": 26, "reward_pack_id_": 26, "reward_group_id_": 0, "item_type_": 1, "item_id_": 0, "item_num_": 40}, {"reward_id_": 27, "reward_pack_id_": 27, "reward_group_id_": 0, "item_type_": 1, "item_id_": 0, "item_num_": 40}, {"reward_id_": 28, "reward_pack_id_": 28, "reward_group_id_": 0, "item_type_": 1, "item_id_": 0, "item_num_": 40}, {"reward_id_": 29, "reward_pack_id_": 29, "reward_group_id_": 0, "item_type_": 1, "item_id_": 0, "item_num_": 40}]}, {"vip_reward_table_id_": 1, "table_": [{"reward_id_": 0, "reward_pack_id_": 0, "reward_group_id_": 0, "item_type_": 17, "item_id_": 0, "item_num_": 10}, {"reward_id_": 1, "reward_pack_id_": 1, "reward_group_id_": 0, "item_type_": 17, "item_id_": 0, "item_num_": 10}, {"reward_id_": 2, "reward_pack_id_": 2, "reward_group_id_": 0, "item_type_": 17, "item_id_": 0, "item_num_": 10}, {"reward_id_": 3, "reward_pack_id_": 3, "reward_group_id_": 0, "item_type_": 17, "item_id_": 0, "item_num_": 10}, {"reward_id_": 4, "reward_pack_id_": 4, "reward_group_id_": 0, "item_type_": 17, "item_id_": 0, "item_num_": 10}, {"reward_id_": 5, "reward_pack_id_": 5, "reward_group_id_": 0, "item_type_": 17, "item_id_": 0, "item_num_": 10}, {"reward_id_": 6, "reward_pack_id_": 6, "reward_group_id_": 0, "item_type_": 17, "item_id_": 0, "item_num_": 10}, {"reward_id_": 7, "reward_pack_id_": 7, "reward_group_id_": 0, "item_type_": 17, "item_id_": 0, "item_num_": 10}, {"reward_id_": 8, "reward_pack_id_": 8, "reward_group_id_": 0, "item_type_": 17, "item_id_": 0, "item_num_": 10}, {"reward_id_": 9, "reward_pack_id_": 9, "reward_group_id_": 0, "item_type_": 17, "item_id_": 0, "item_num_": 10}, {"reward_id_": 10, "reward_pack_id_": 10, "reward_group_id_": 0, "item_type_": 17, "item_id_": 0, "item_num_": 10}, {"reward_id_": 11, "reward_pack_id_": 11, "reward_group_id_": 0, "item_type_": 17, "item_id_": 0, "item_num_": 10}, {"reward_id_": 12, "reward_pack_id_": 12, "reward_group_id_": 0, "item_type_": 17, "item_id_": 0, "item_num_": 10}, {"reward_id_": 13, "reward_pack_id_": 13, "reward_group_id_": 0, "item_type_": 17, "item_id_": 0, "item_num_": 10}, {"reward_id_": 14, "reward_pack_id_": 14, "reward_group_id_": 0, "item_type_": 17, "item_id_": 0, "item_num_": 10}, {"reward_id_": 15, "reward_pack_id_": 15, "reward_group_id_": 0, "item_type_": 17, "item_id_": 0, "item_num_": 10}, {"reward_id_": 16, "reward_pack_id_": 16, "reward_group_id_": 0, "item_type_": 17, "item_id_": 0, "item_num_": 10}, {"reward_id_": 17, "reward_pack_id_": 17, "reward_group_id_": 0, "item_type_": 17, "item_id_": 0, "item_num_": 10}, {"reward_id_": 18, "reward_pack_id_": 18, "reward_group_id_": 0, "item_type_": 17, "item_id_": 0, "item_num_": 10}, {"reward_id_": 19, "reward_pack_id_": 19, "reward_group_id_": 0, "item_type_": 17, "item_id_": 0, "item_num_": 10}, {"reward_id_": 20, "reward_pack_id_": 20, "reward_group_id_": 0, "item_type_": 17, "item_id_": 0, "item_num_": 10}, {"reward_id_": 21, "reward_pack_id_": 21, "reward_group_id_": 0, "item_type_": 17, "item_id_": 0, "item_num_": 10}, {"reward_id_": 22, "reward_pack_id_": 22, "reward_group_id_": 0, "item_type_": 17, "item_id_": 0, "item_num_": 10}, {"reward_id_": 23, "reward_pack_id_": 23, "reward_group_id_": 0, "item_type_": 17, "item_id_": 0, "item_num_": 10}, {"reward_id_": 24, "reward_pack_id_": 24, "reward_group_id_": 0, "item_type_": 17, "item_id_": 0, "item_num_": 10}, {"reward_id_": 25, "reward_pack_id_": 25, "reward_group_id_": 0, "item_type_": 17, "item_id_": 0, "item_num_": 10}, {"reward_id_": 26, "reward_pack_id_": 26, "reward_group_id_": 0, "item_type_": 17, "item_id_": 0, "item_num_": 10}, {"reward_id_": 27, "reward_pack_id_": 27, "reward_group_id_": 0, "item_type_": 17, "item_id_": 0, "item_num_": 10}, {"reward_id_": 28, "reward_pack_id_": 28, "reward_group_id_": 0, "item_type_": 17, "item_id_": 0, "item_num_": 10}, {"reward_id_": 29, "reward_pack_id_": 29, "reward_group_id_": 0, "item_type_": 17, "item_id_": 0, "item_num_": 10}]}, {"vip_reward_table_id_": 100, "table_": [{"reward_id_": 0, "reward_pack_id_": 0, "reward_group_id_": 0, "item_type_": 1, "item_id_": 0, "item_num_": 100}, {"reward_id_": 1, "reward_pack_id_": 1, "reward_group_id_": 0, "item_type_": 1, "item_id_": 0, "item_num_": 100}, {"reward_id_": 2, "reward_pack_id_": 2, "reward_group_id_": 0, "item_type_": 1, "item_id_": 0, "item_num_": 100}, {"reward_id_": 3, "reward_pack_id_": 3, "reward_group_id_": 0, "item_type_": 1, "item_id_": 0, "item_num_": 150}, {"reward_id_": 4, "reward_pack_id_": 4, "reward_group_id_": 0, "item_type_": 1, "item_id_": 0, "item_num_": 150}, {"reward_id_": 5, "reward_pack_id_": 5, "reward_group_id_": 0, "item_type_": 1, "item_id_": 0, "item_num_": 150}, {"reward_id_": 6, "reward_pack_id_": 6, "reward_group_id_": 0, "item_type_": 1, "item_id_": 0, "item_num_": 150}, {"reward_id_": 7, "reward_pack_id_": 7, "reward_group_id_": 0, "item_type_": 1, "item_id_": 0, "item_num_": 150}, {"reward_id_": 8, "reward_pack_id_": 8, "reward_group_id_": 0, "item_type_": 1, "item_id_": 0, "item_num_": 150}, {"reward_id_": 9, "reward_pack_id_": 9, "reward_group_id_": 0, "item_type_": 1, "item_id_": 0, "item_num_": 200}, {"reward_id_": 10, "reward_pack_id_": 10, "reward_group_id_": 0, "item_type_": 1, "item_id_": 0, "item_num_": 200}, {"reward_id_": 11, "reward_pack_id_": 11, "reward_group_id_": 0, "item_type_": 1, "item_id_": 0, "item_num_": 300}, {"reward_id_": 12, "reward_pack_id_": 12, "reward_group_id_": 0, "item_type_": 1, "item_id_": 0, "item_num_": 300}, {"reward_id_": 13, "reward_pack_id_": 13, "reward_group_id_": 0, "item_type_": 1, "item_id_": 0, "item_num_": 300}]}, {"vip_reward_table_id_": 61001, "table_": [{"reward_id_": 0, "reward_pack_id_": 0, "reward_group_id_": 0, "item_type_": 8, "item_id_": 16, "item_num_": 1}]}]