[{"reward_table_id_": 1032, "table_": [{"reward_id_": 103200, "item_type_": 8, "item_id_": 50058, "item_num_": 1}]}, {"reward_table_id_": 1031, "table_": [{"reward_id_": 103100, "item_type_": 19, "item_id_": 3, "item_num_": 25}]}, {"reward_table_id_": 1030, "table_": [{"reward_id_": 103000, "item_type_": 19, "item_id_": 3, "item_num_": 15}]}, {"reward_table_id_": 1029, "table_": [{"reward_id_": 102900, "item_type_": 19, "item_id_": 3, "item_num_": 10}]}, {"reward_table_id_": 1028, "table_": [{"reward_id_": 102800, "item_type_": 8, "item_id_": 50040, "item_num_": 5}]}, {"reward_table_id_": 1027, "table_": [{"reward_id_": 102700, "item_type_": 8, "item_id_": 50040, "item_num_": 3}]}, {"reward_table_id_": 1026, "table_": [{"reward_id_": 102600, "item_type_": 8, "item_id_": 50040, "item_num_": 2}]}, {"reward_table_id_": 1025, "table_": [{"reward_id_": 102200, "item_type_": 8, "item_id_": 90009, "item_num_": 1}]}, {"reward_table_id_": 1024, "table_": [{"reward_id_": 102100, "item_type_": 8, "item_id_": 50029, "item_num_": 3}]}, {"reward_table_id_": 1023, "table_": [{"reward_id_": 102100, "item_type_": 8, "item_id_": 50029, "item_num_": 2}]}, {"reward_table_id_": 1022, "table_": [{"reward_id_": 102200, "item_type_": 8, "item_id_": 90008, "item_num_": 1}]}, {"reward_table_id_": 1021, "table_": [{"reward_id_": 102100, "item_type_": 8, "item_id_": 50029, "item_num_": 5}]}, {"reward_table_id_": 1020, "table_": [{"reward_id_": 102000, "item_type_": 1, "item_id_": 0, "item_num_": 50}]}, {"reward_table_id_": 1014, "table_": [{"reward_id_": 101400, "item_type_": 1, "item_id_": 0, "item_num_": 50}]}, {"reward_table_id_": 1013, "table_": [{"reward_id_": 101300, "item_type_": 8, "item_id_": 50027, "item_num_": 1}, {"reward_id_": 101301, "item_type_": 9, "item_id_": 3006, "item_num_": 10}]}, {"reward_table_id_": 1012, "table_": [{"reward_id_": 101200, "item_type_": 1, "item_id_": 0, "item_num_": 50}]}, {"reward_table_id_": 1011, "table_": [{"reward_id_": 101100, "item_type_": 8, "item_id_": 50027, "item_num_": 1}, {"reward_id_": 101101, "item_type_": 9, "item_id_": 3006, "item_num_": 7}, {"reward_id_": 101102, "item_type_": 19, "item_id_": 3, "item_num_": 5}]}, {"reward_table_id_": 1010, "table_": [{"reward_id_": 101000, "item_type_": 9, "item_id_": 186, "item_num_": 5}, {"reward_id_": 101001, "item_type_": 9, "item_id_": 3006, "item_num_": 5}, {"reward_id_": 101002, "item_type_": 19, "item_id_": 3, "item_num_": 5}]}, {"reward_table_id_": 1009, "table_": [{"reward_id_": 100900, "item_type_": 1, "item_id_": 0, "item_num_": 100}]}, {"reward_table_id_": 1008, "table_": [{"reward_id_": 100800, "item_type_": 9, "item_id_": 186, "item_num_": 5}]}, {"reward_table_id_": 1007, "table_": [{"reward_id_": 100700, "item_type_": 19, "item_id_": 3, "item_num_": 5}]}, {"reward_table_id_": 1006, "table_": [{"reward_id_": 100600, "item_type_": 9, "item_id_": 3006, "item_num_": 10}]}, {"reward_table_id_": 1005, "table_": [{"reward_id_": 100500, "item_type_": 8, "item_id_": 50027, "item_num_": 1}]}, {"reward_table_id_": 1004, "table_": [{"reward_id_": 100400, "item_type_": 19, "item_id_": 3, "item_num_": 3}]}, {"reward_table_id_": 1003, "table_": [{"reward_id_": 100300, "item_type_": 9, "item_id_": 3006, "item_num_": 7}]}, {"reward_table_id_": 1002, "table_": [{"reward_id_": 100200, "item_type_": 8, "item_id_": 50027, "item_num_": 1}]}, {"reward_table_id_": 1001, "table_": [{"reward_id_": 100100, "item_type_": 19, "item_id_": 3, "item_num_": 2}]}, {"reward_table_id_": 1000, "table_": [{"reward_id_": 100000, "item_type_": 9, "item_id_": 3006, "item_num_": 5}]}]