[{"mission_set_id_": 1000, "mission_name_": 1000, "banner_id_": 1000, "mission_start_date_": "2021/11/29  15:00:00", "mission_end_date_": "2021/12/6  15:00:00", "reward_receive_end_date_": "2021/12/6  15:00:00", "release_flag_": 1}, {"mission_set_id_": 1001, "mission_name_": 1000, "banner_id_": 1000, "mission_start_date_": "2021/12/6  15:00:00", "mission_end_date_": "2021/12/13  15:00:00", "reward_receive_end_date_": "2021/12/13  15:00:00", "release_flag_": 1}, {"mission_set_id_": 1002, "mission_name_": 1000, "banner_id_": 1000, "mission_start_date_": "2021/12/13  15:00:00", "mission_end_date_": "2021/12/20  15:00:00", "reward_receive_end_date_": "2021/12/20  15:00:00", "release_flag_": 1}, {"mission_set_id_": 1003, "mission_name_": 1000, "banner_id_": 1000, "mission_start_date_": "2021/12/20  15:00:00", "mission_end_date_": "2021/12/27  15:00:00", "reward_receive_end_date_": "2021/12/27  15:00:00", "release_flag_": 1}, {"mission_set_id_": 1004, "mission_name_": 1000, "banner_id_": 1000, "mission_start_date_": "2021/12/27  15:00:00", "mission_end_date_": "2022/1/3  15:00:00", "reward_receive_end_date_": "2022/1/3  15:00:00", "release_flag_": 1}, {"mission_set_id_": 1005, "mission_name_": 1000, "banner_id_": 1000, "mission_start_date_": "2022/1/3  15:00:00", "mission_end_date_": "2022/1/10  15:00:00", "reward_receive_end_date_": "2022/1/10  15:00:00", "release_flag_": 1}, {"mission_set_id_": 1006, "mission_name_": 1000, "banner_id_": 1000, "mission_start_date_": "2022/1/10  15:00:00", "mission_end_date_": "2022/1/17  15:00:00", "reward_receive_end_date_": "2022/1/17  15:00:00", "release_flag_": 1}, {"mission_set_id_": 1007, "mission_name_": 1001, "banner_id_": 1001, "mission_start_date_": "2022/5/28  15:00:00", "mission_end_date_": "2022/6/6  15:00:00", "reward_receive_end_date_": "2022/6/6  15:00:00", "release_flag_": 1}, {"mission_set_id_": 1008, "mission_name_": 1001, "banner_id_": 1001, "mission_start_date_": "2022/6/6  15:00:00", "mission_end_date_": "2022/6/13  15:00:00", "reward_receive_end_date_": "2022/6/13  15:00:00", "release_flag_": 1}, {"mission_set_id_": 1009, "mission_name_": 1001, "banner_id_": 1001, "mission_start_date_": "2022/6/13  15:00:00", "mission_end_date_": "2022/6/20  15:00:00", "reward_receive_end_date_": "2022/6/20  15:00:00", "release_flag_": 1}, {"mission_set_id_": 1010, "mission_name_": 1001, "banner_id_": 1001, "mission_start_date_": "2022/6/20  15:00:00", "mission_end_date_": "2022/6/27  15:00:00", "reward_receive_end_date_": "2022/6/27  15:00:00", "release_flag_": 1}, {"mission_set_id_": 1011, "mission_name_": 1001, "banner_id_": 1001, "mission_start_date_": "2022/6/27  15:00:00", "mission_end_date_": "2022/7/4  15:00:00", "reward_receive_end_date_": "2022/7/4  15:00:00", "release_flag_": 1}, {"mission_set_id_": 1012, "mission_name_": 1001, "banner_id_": 1001, "mission_start_date_": "2022/7/4  15:00:00", "mission_end_date_": "2022/7/11  15:00:00", "reward_receive_end_date_": "2022/7/11  15:00:00", "release_flag_": 1}, {"mission_set_id_": 1013, "mission_name_": 1001, "banner_id_": 1001, "mission_start_date_": "2022/7/11  15:00:00", "mission_end_date_": "2022/7/18  15:00:00", "reward_receive_end_date_": "2022/7/18  15:00:00", "release_flag_": 1}, {"mission_set_id_": 1014, "mission_name_": 1000, "banner_id_": 1000, "mission_start_date_": "2022/11/25  15:00:00", "mission_end_date_": "2022/12/9  15:00:00", "reward_receive_end_date_": "2022/12/9  15:00:00", "release_flag_": 1}, {"mission_set_id_": 1015, "mission_name_": 1000, "banner_id_": 1000, "mission_start_date_": "2022/12/9  15:00:00", "mission_end_date_": "2022/12/23  15:00:00", "reward_receive_end_date_": "2022/12/23  15:00:00", "release_flag_": 1}, {"mission_set_id_": 1016, "mission_name_": 1000, "banner_id_": 1000, "mission_start_date_": "2022/12/23  15:00:00", "mission_end_date_": "2023/1/6  15:00:00", "reward_receive_end_date_": "2023/1/6  15:00:00", "release_flag_": 1}, {"mission_set_id_": 1017, "mission_name_": 1000, "banner_id_": 1000, "mission_start_date_": "2023/1/6  15:00:00", "mission_end_date_": "2023/1/20  15:00:00", "reward_receive_end_date_": "2023/1/20  15:00:00", "release_flag_": 1}, {"mission_set_id_": 1018, "mission_name_": 1001, "banner_id_": 1002, "mission_start_date_": "2023/5/27  15:00:00", "mission_end_date_": "2023/6/5  15:00:00", "reward_receive_end_date_": "2023/6/5  15:00:00", "release_flag_": 1}, {"mission_set_id_": 1019, "mission_name_": 1001, "banner_id_": 1002, "mission_start_date_": "2023/6/5  15:00:00", "mission_end_date_": "2023/6/12  15:00:00", "reward_receive_end_date_": "2023/6/12  15:00:00", "release_flag_": 1}, {"mission_set_id_": 1020, "mission_name_": 1001, "banner_id_": 1002, "mission_start_date_": "2023/6/12  15:00:00", "mission_end_date_": "2023/6/19  15:00:00", "reward_receive_end_date_": "2023/6/19  15:00:00", "release_flag_": 1}, {"mission_set_id_": 1021, "mission_name_": 1001, "banner_id_": 1002, "mission_start_date_": "2023/6/19  15:00:00", "mission_end_date_": "2023/6/26  15:00:00", "reward_receive_end_date_": "2023/6/26  15:00:00", "release_flag_": 1}, {"mission_set_id_": 1022, "mission_name_": 1001, "banner_id_": 1002, "mission_start_date_": "2023/6/26  15:00:00", "mission_end_date_": "2023/7/3  15:00:00", "reward_receive_end_date_": "2023/7/3  15:00:00", "release_flag_": 1}, {"mission_set_id_": 1023, "mission_name_": 1001, "banner_id_": 1002, "mission_start_date_": "2023/7/3  15:00:00", "mission_end_date_": "2023/7/10  15:00:00", "reward_receive_end_date_": "2023/7/10  15:00:00", "release_flag_": 1}, {"mission_set_id_": 1024, "mission_name_": 1001, "banner_id_": 1002, "mission_start_date_": "2023/7/10  15:00:00", "mission_end_date_": "2023/7/17  15:00:00", "reward_receive_end_date_": "2023/7/17  15:00:00", "release_flag_": 1}]