[{"mission_id_": 1000, "mission_set_id_": 1000, "mission_detail_id_": -1, "mission_sort_id_": 0, "reward_table_id_": 1000, "mission_condition_id_": 91, "mission_condition_text_id_": 91, "param1_value_": "15000000", "param2_type_": -1, "param2_value_": "-1", "param3_type_": -1, "param3_value_": "-1", "param4_type_": -1, "param4_value_": "-1", "param5_type_": -1, "param5_value_": "-1", "param6_type_": -1, "param6_value_": "-1", "jump_type_": 20, "jump_param_": 2}, {"mission_id_": 1001, "mission_set_id_": 1000, "mission_detail_id_": -1, "mission_sort_id_": 1, "reward_table_id_": 1001, "mission_condition_id_": 91, "mission_condition_text_id_": 91, "param1_value_": "30000000", "param2_type_": -1, "param2_value_": "-1", "param3_type_": -1, "param3_value_": "-1", "param4_type_": -1, "param4_value_": "-1", "param5_type_": -1, "param5_value_": "-1", "param6_type_": -1, "param6_value_": "-1", "jump_type_": 20, "jump_param_": 2}, {"mission_id_": 1002, "mission_set_id_": 1000, "mission_detail_id_": -1, "mission_sort_id_": 2, "reward_table_id_": 1002, "mission_condition_id_": 91, "mission_condition_text_id_": 91, "param1_value_": "45000000", "param2_type_": -1, "param2_value_": "-1", "param3_type_": -1, "param3_value_": "-1", "param4_type_": -1, "param4_value_": "-1", "param5_type_": -1, "param5_value_": "-1", "param6_type_": -1, "param6_value_": "-1", "jump_type_": 20, "jump_param_": 2}, {"mission_id_": 1003, "mission_set_id_": 1000, "mission_detail_id_": -1, "mission_sort_id_": 3, "reward_table_id_": 1003, "mission_condition_id_": 91, "mission_condition_text_id_": 91, "param1_value_": "60000000", "param2_type_": -1, "param2_value_": "-1", "param3_type_": -1, "param3_value_": "-1", "param4_type_": -1, "param4_value_": "-1", "param5_type_": -1, "param5_value_": "-1", "param6_type_": -1, "param6_value_": "-1", "jump_type_": 20, "jump_param_": 2}, {"mission_id_": 1004, "mission_set_id_": 1000, "mission_detail_id_": -1, "mission_sort_id_": 4, "reward_table_id_": 1004, "mission_condition_id_": 91, "mission_condition_text_id_": 91, "param1_value_": "75000000", "param2_type_": -1, "param2_value_": "-1", "param3_type_": -1, "param3_value_": "-1", "param4_type_": -1, "param4_value_": "-1", "param5_type_": -1, "param5_value_": "-1", "param6_type_": -1, "param6_value_": "-1", "jump_type_": 20, "jump_param_": 2}, {"mission_id_": 1005, "mission_set_id_": 1000, "mission_detail_id_": -1, "mission_sort_id_": 5, "reward_table_id_": 1005, "mission_condition_id_": 91, "mission_condition_text_id_": 91, "param1_value_": "90000000", "param2_type_": -1, "param2_value_": "-1", "param3_type_": -1, "param3_value_": "-1", "param4_type_": -1, "param4_value_": "-1", "param5_type_": -1, "param5_value_": "-1", "param6_type_": -1, "param6_value_": "-1", "jump_type_": 20, "jump_param_": 2}, {"mission_id_": 1006, "mission_set_id_": 1000, "mission_detail_id_": -1, "mission_sort_id_": 6, "reward_table_id_": 1006, "mission_condition_id_": 91, "mission_condition_text_id_": 91, "param1_value_": "105000000", "param2_type_": -1, "param2_value_": "-1", "param3_type_": -1, "param3_value_": "-1", "param4_type_": -1, "param4_value_": "-1", "param5_type_": -1, "param5_value_": "-1", "param6_type_": -1, "param6_value_": "-1", "jump_type_": 20, "jump_param_": 2}, {"mission_id_": 1007, "mission_set_id_": 1000, "mission_detail_id_": -1, "mission_sort_id_": 7, "reward_table_id_": 1007, "mission_condition_id_": 91, "mission_condition_text_id_": 91, "param1_value_": "120000000", "param2_type_": -1, "param2_value_": "-1", "param3_type_": -1, "param3_value_": "-1", "param4_type_": -1, "param4_value_": "-1", "param5_type_": -1, "param5_value_": "-1", "param6_type_": -1, "param6_value_": "-1", "jump_type_": 20, "jump_param_": 2}, {"mission_id_": 1008, "mission_set_id_": 1000, "mission_detail_id_": -1, "mission_sort_id_": 8, "reward_table_id_": 1008, "mission_condition_id_": 91, "mission_condition_text_id_": 91, "param1_value_": "135000000", "param2_type_": -1, "param2_value_": "-1", "param3_type_": -1, "param3_value_": "-1", "param4_type_": -1, "param4_value_": "-1", "param5_type_": -1, "param5_value_": "-1", "param6_type_": -1, "param6_value_": "-1", "jump_type_": 20, "jump_param_": 2}, {"mission_id_": 1009, "mission_set_id_": 1000, "mission_detail_id_": -1, "mission_sort_id_": 9, "reward_table_id_": 1009, "mission_condition_id_": 91, "mission_condition_text_id_": 91, "param1_value_": "150000000", "param2_type_": -1, "param2_value_": "-1", "param3_type_": -1, "param3_value_": "-1", "param4_type_": -1, "param4_value_": "-1", "param5_type_": -1, "param5_value_": "-1", "param6_type_": -1, "param6_value_": "-1", "jump_type_": 20, "jump_param_": 2}, {"mission_id_": 1010, "mission_set_id_": 1001, "mission_detail_id_": -1, "mission_sort_id_": 0, "reward_table_id_": 1010, "mission_condition_id_": 91, "mission_condition_text_id_": 91, "param1_value_": "400000000", "param2_type_": -1, "param2_value_": "-1", "param3_type_": -1, "param3_value_": "-1", "param4_type_": -1, "param4_value_": "-1", "param5_type_": -1, "param5_value_": "-1", "param6_type_": -1, "param6_value_": "-1", "jump_type_": 20, "jump_param_": 2}, {"mission_id_": 1011, "mission_set_id_": 1001, "mission_detail_id_": -1, "mission_sort_id_": 1, "reward_table_id_": 1011, "mission_condition_id_": 292, "mission_condition_text_id_": 292, "param1_value_": "2000000", "param2_type_": -1, "param2_value_": "-1", "param3_type_": -1, "param3_value_": "-1", "param4_type_": -1, "param4_value_": "-1", "param5_type_": -1, "param5_value_": "-1", "param6_type_": -1, "param6_value_": "-1", "jump_type_": 20, "jump_param_": 2}, {"mission_id_": 1012, "mission_set_id_": 1001, "mission_detail_id_": -1, "mission_sort_id_": 2, "reward_table_id_": 1012, "mission_condition_id_": 292, "mission_condition_text_id_": 292, "param1_value_": "4000000", "param2_type_": -1, "param2_value_": "-1", "param3_type_": -1, "param3_value_": "-1", "param4_type_": -1, "param4_value_": "-1", "param5_type_": -1, "param5_value_": "-1", "param6_type_": -1, "param6_value_": "-1", "jump_type_": 20, "jump_param_": 2}, {"mission_id_": 1013, "mission_set_id_": 1001, "mission_detail_id_": -1, "mission_sort_id_": 3, "reward_table_id_": 1013, "mission_condition_id_": 99, "mission_condition_text_id_": 99, "param1_value_": "7500000", "param2_type_": -1, "param2_value_": "-1", "param3_type_": -1, "param3_value_": "-1", "param4_type_": -1, "param4_value_": "-1", "param5_type_": -1, "param5_value_": "-1", "param6_type_": -1, "param6_value_": "-1", "jump_type_": 2, "jump_param_": -1}, {"mission_id_": 1014, "mission_set_id_": 1001, "mission_detail_id_": -1, "mission_sort_id_": 4, "reward_table_id_": 1014, "mission_condition_id_": 99, "mission_condition_text_id_": 99, "param1_value_": "15000000", "param2_type_": -1, "param2_value_": "-1", "param3_type_": -1, "param3_value_": "-1", "param4_type_": -1, "param4_value_": "-1", "param5_type_": -1, "param5_value_": "-1", "param6_type_": -1, "param6_value_": "-1", "jump_type_": 2, "jump_param_": -1}, {"mission_id_": 1015, "mission_set_id_": 1002, "mission_detail_id_": -1, "mission_sort_id_": 0, "reward_table_id_": 1014, "mission_condition_id_": 91, "mission_condition_text_id_": 91, "param1_value_": "700000000", "param2_type_": -1, "param2_value_": "-1", "param3_type_": -1, "param3_value_": "-1", "param4_type_": -1, "param4_value_": "-1", "param5_type_": -1, "param5_value_": "-1", "param6_type_": -1, "param6_value_": "-1", "jump_type_": 20, "jump_param_": 2}, {"mission_id_": 1016, "mission_set_id_": 1002, "mission_detail_id_": -1, "mission_sort_id_": 1, "reward_table_id_": 1011, "mission_condition_id_": 99, "mission_condition_text_id_": 99, "param1_value_": "5000000", "param2_type_": -1, "param2_value_": "-1", "param3_type_": -1, "param3_value_": "-1", "param4_type_": -1, "param4_value_": "-1", "param5_type_": -1, "param5_value_": "-1", "param6_type_": -1, "param6_value_": "-1", "jump_type_": 2, "jump_param_": -1}, {"mission_id_": 1017, "mission_set_id_": 1002, "mission_detail_id_": -1, "mission_sort_id_": 2, "reward_table_id_": 1010, "mission_condition_id_": 99, "mission_condition_text_id_": 99, "param1_value_": "10000000", "param2_type_": -1, "param2_value_": "-1", "param3_type_": -1, "param3_value_": "-1", "param4_type_": -1, "param4_value_": "-1", "param5_type_": -1, "param5_value_": "-1", "param6_type_": -1, "param6_value_": "-1", "jump_type_": 2, "jump_param_": -1}, {"mission_id_": 1018, "mission_set_id_": 1002, "mission_detail_id_": -1, "mission_sort_id_": 3, "reward_table_id_": 1013, "mission_condition_id_": 242, "mission_condition_text_id_": 242, "param1_value_": "15000000", "param2_type_": -1, "param2_value_": "-1", "param3_type_": -1, "param3_value_": "-1", "param4_type_": -1, "param4_value_": "-1", "param5_type_": -1, "param5_value_": "-1", "param6_type_": -1, "param6_value_": "-1", "jump_type_": 4, "jump_param_": -1}, {"mission_id_": 1019, "mission_set_id_": 1002, "mission_detail_id_": -1, "mission_sort_id_": 4, "reward_table_id_": 1012, "mission_condition_id_": 242, "mission_condition_text_id_": 242, "param1_value_": "30000000", "param2_type_": -1, "param2_value_": "-1", "param3_type_": -1, "param3_value_": "-1", "param4_type_": -1, "param4_value_": "-1", "param5_type_": -1, "param5_value_": "-1", "param6_type_": -1, "param6_value_": "-1", "jump_type_": 4, "jump_param_": -1}, {"mission_id_": 1020, "mission_set_id_": 1003, "mission_detail_id_": -1, "mission_sort_id_": 0, "reward_table_id_": 1014, "mission_condition_id_": 91, "mission_condition_text_id_": 91, "param1_value_": "700000000", "param2_type_": -1, "param2_value_": "-1", "param3_type_": -1, "param3_value_": "-1", "param4_type_": -1, "param4_value_": "-1", "param5_type_": -1, "param5_value_": "-1", "param6_type_": -1, "param6_value_": "-1", "jump_type_": 20, "jump_param_": 2}, {"mission_id_": 1021, "mission_set_id_": 1003, "mission_detail_id_": -1, "mission_sort_id_": 1, "reward_table_id_": 1013, "mission_condition_id_": 292, "mission_condition_text_id_": 292, "param1_value_": "3000000", "param2_type_": -1, "param2_value_": "-1", "param3_type_": -1, "param3_value_": "-1", "param4_type_": -1, "param4_value_": "-1", "param5_type_": -1, "param5_value_": "-1", "param6_type_": -1, "param6_value_": "-1", "jump_type_": 20, "jump_param_": 2}, {"mission_id_": 1022, "mission_set_id_": 1003, "mission_detail_id_": -1, "mission_sort_id_": 2, "reward_table_id_": 1012, "mission_condition_id_": 292, "mission_condition_text_id_": 292, "param1_value_": "5500000", "param2_type_": -1, "param2_value_": "-1", "param3_type_": -1, "param3_value_": "-1", "param4_type_": -1, "param4_value_": "-1", "param5_type_": -1, "param5_value_": "-1", "param6_type_": -1, "param6_value_": "-1", "jump_type_": 20, "jump_param_": 2}, {"mission_id_": 1023, "mission_set_id_": 1003, "mission_detail_id_": -1, "mission_sort_id_": 3, "reward_table_id_": 1010, "mission_condition_id_": 242, "mission_condition_text_id_": 242, "param1_value_": "15000000", "param2_type_": -1, "param2_value_": "-1", "param3_type_": -1, "param3_value_": "-1", "param4_type_": -1, "param4_value_": "-1", "param5_type_": -1, "param5_value_": "-1", "param6_type_": -1, "param6_value_": "-1", "jump_type_": 4, "jump_param_": -1}, {"mission_id_": 1024, "mission_set_id_": 1003, "mission_detail_id_": -1, "mission_sort_id_": 4, "reward_table_id_": 1011, "mission_condition_id_": 242, "mission_condition_text_id_": 242, "param1_value_": "25000000", "param2_type_": -1, "param2_value_": "-1", "param3_type_": -1, "param3_value_": "-1", "param4_type_": -1, "param4_value_": "-1", "param5_type_": -1, "param5_value_": "-1", "param6_type_": -1, "param6_value_": "-1", "jump_type_": 4, "jump_param_": -1}, {"mission_id_": 1025, "mission_set_id_": 1004, "mission_detail_id_": -1, "mission_sort_id_": 0, "reward_table_id_": 1014, "mission_condition_id_": 91, "mission_condition_text_id_": 91, "param1_value_": "700000000", "param2_type_": -1, "param2_value_": "-1", "param3_type_": -1, "param3_value_": "-1", "param4_type_": -1, "param4_value_": "-1", "param5_type_": -1, "param5_value_": "-1", "param6_type_": -1, "param6_value_": "-1", "jump_type_": 20, "jump_param_": 2}, {"mission_id_": 1026, "mission_set_id_": 1004, "mission_detail_id_": -1, "mission_sort_id_": 1, "reward_table_id_": 1013, "mission_condition_id_": 292, "mission_condition_text_id_": 292, "param1_value_": "3500000", "param2_type_": -1, "param2_value_": "-1", "param3_type_": -1, "param3_value_": "-1", "param4_type_": -1, "param4_value_": "-1", "param5_type_": -1, "param5_value_": "-1", "param6_type_": -1, "param6_value_": "-1", "jump_type_": 20, "jump_param_": 2}, {"mission_id_": 1027, "mission_set_id_": 1004, "mission_detail_id_": -1, "mission_sort_id_": 2, "reward_table_id_": 1011, "mission_condition_id_": 292, "mission_condition_text_id_": 292, "param1_value_": "5000000", "param2_type_": -1, "param2_value_": "-1", "param3_type_": -1, "param3_value_": "-1", "param4_type_": -1, "param4_value_": "-1", "param5_type_": -1, "param5_value_": "-1", "param6_type_": -1, "param6_value_": "-1", "jump_type_": 20, "jump_param_": 2}, {"mission_id_": 1028, "mission_set_id_": 1004, "mission_detail_id_": -1, "mission_sort_id_": 3, "reward_table_id_": 1010, "mission_condition_id_": 99, "mission_condition_text_id_": 99, "param1_value_": "10000000", "param2_type_": -1, "param2_value_": "-1", "param3_type_": -1, "param3_value_": "-1", "param4_type_": -1, "param4_value_": "-1", "param5_type_": -1, "param5_value_": "-1", "param6_type_": -1, "param6_value_": "-1", "jump_type_": 2, "jump_param_": -1}, {"mission_id_": 1029, "mission_set_id_": 1004, "mission_detail_id_": -1, "mission_sort_id_": 4, "reward_table_id_": 1012, "mission_condition_id_": 99, "mission_condition_text_id_": 99, "param1_value_": "15000000", "param2_type_": -1, "param2_value_": "-1", "param3_type_": -1, "param3_value_": "-1", "param4_type_": -1, "param4_value_": "-1", "param5_type_": -1, "param5_value_": "-1", "param6_type_": -1, "param6_value_": "-1", "jump_type_": 2, "jump_param_": -1}, {"mission_id_": 1030, "mission_set_id_": 1005, "mission_detail_id_": -1, "mission_sort_id_": 0, "reward_table_id_": 1014, "mission_condition_id_": 91, "mission_condition_text_id_": 91, "param1_value_": "700000000", "param2_type_": -1, "param2_value_": "-1", "param3_type_": -1, "param3_value_": "-1", "param4_type_": -1, "param4_value_": "-1", "param5_type_": -1, "param5_value_": "-1", "param6_type_": -1, "param6_value_": "-1", "jump_type_": 20, "jump_param_": 2}, {"mission_id_": 1031, "mission_set_id_": 1005, "mission_detail_id_": -1, "mission_sort_id_": 1, "reward_table_id_": 1013, "mission_condition_id_": 242, "mission_condition_text_id_": 242, "param1_value_": "20000000", "param2_type_": -1, "param2_value_": "-1", "param3_type_": -1, "param3_value_": "-1", "param4_type_": -1, "param4_value_": "-1", "param5_type_": -1, "param5_value_": "-1", "param6_type_": -1, "param6_value_": "-1", "jump_type_": 4, "jump_param_": -1}, {"mission_id_": 1032, "mission_set_id_": 1005, "mission_detail_id_": -1, "mission_sort_id_": 2, "reward_table_id_": 1011, "mission_condition_id_": 242, "mission_condition_text_id_": 242, "param1_value_": "30000000", "param2_type_": -1, "param2_value_": "-1", "param3_type_": -1, "param3_value_": "-1", "param4_type_": -1, "param4_value_": "-1", "param5_type_": -1, "param5_value_": "-1", "param6_type_": -1, "param6_value_": "-1", "jump_type_": 4, "jump_param_": -1}, {"mission_id_": 1033, "mission_set_id_": 1005, "mission_detail_id_": -1, "mission_sort_id_": 3, "reward_table_id_": 1010, "mission_condition_id_": 99, "mission_condition_text_id_": 99, "param1_value_": "10000000", "param2_type_": -1, "param2_value_": "-1", "param3_type_": -1, "param3_value_": "-1", "param4_type_": -1, "param4_value_": "-1", "param5_type_": -1, "param5_value_": "-1", "param6_type_": -1, "param6_value_": "-1", "jump_type_": 2, "jump_param_": -1}, {"mission_id_": 1034, "mission_set_id_": 1005, "mission_detail_id_": -1, "mission_sort_id_": 4, "reward_table_id_": 1012, "mission_condition_id_": 99, "mission_condition_text_id_": 99, "param1_value_": "15000000", "param2_type_": -1, "param2_value_": "-1", "param3_type_": -1, "param3_value_": "-1", "param4_type_": -1, "param4_value_": "-1", "param5_type_": -1, "param5_value_": "-1", "param6_type_": -1, "param6_value_": "-1", "jump_type_": 2, "jump_param_": -1}, {"mission_id_": 1035, "mission_set_id_": 1006, "mission_detail_id_": -1, "mission_sort_id_": 0, "reward_table_id_": 1014, "mission_condition_id_": 91, "mission_condition_text_id_": 91, "param1_value_": "700000000", "param2_type_": -1, "param2_value_": "-1", "param3_type_": -1, "param3_value_": "-1", "param4_type_": -1, "param4_value_": "-1", "param5_type_": -1, "param5_value_": "-1", "param6_type_": -1, "param6_value_": "-1", "jump_type_": 20, "jump_param_": 2}, {"mission_id_": 1036, "mission_set_id_": 1006, "mission_detail_id_": -1, "mission_sort_id_": 1, "reward_table_id_": 1013, "mission_condition_id_": 292, "mission_condition_text_id_": 292, "param1_value_": "3000000", "param2_type_": -1, "param2_value_": "-1", "param3_type_": -1, "param3_value_": "-1", "param4_type_": -1, "param4_value_": "-1", "param5_type_": -1, "param5_value_": "-1", "param6_type_": -1, "param6_value_": "-1", "jump_type_": 20, "jump_param_": 2}, {"mission_id_": 1037, "mission_set_id_": 1006, "mission_detail_id_": -1, "mission_sort_id_": 2, "reward_table_id_": 1012, "mission_condition_id_": 292, "mission_condition_text_id_": 292, "param1_value_": "5500000", "param2_type_": -1, "param2_value_": "-1", "param3_type_": -1, "param3_value_": "-1", "param4_type_": -1, "param4_value_": "-1", "param5_type_": -1, "param5_value_": "-1", "param6_type_": -1, "param6_value_": "-1", "jump_type_": 20, "jump_param_": 2}, {"mission_id_": 1038, "mission_set_id_": 1006, "mission_detail_id_": -1, "mission_sort_id_": 3, "reward_table_id_": 1010, "mission_condition_id_": 242, "mission_condition_text_id_": 242, "param1_value_": "15000000", "param2_type_": -1, "param2_value_": "-1", "param3_type_": -1, "param3_value_": "-1", "param4_type_": -1, "param4_value_": "-1", "param5_type_": -1, "param5_value_": "-1", "param6_type_": -1, "param6_value_": "-1", "jump_type_": 4, "jump_param_": -1}, {"mission_id_": 1039, "mission_set_id_": 1006, "mission_detail_id_": -1, "mission_sort_id_": 4, "reward_table_id_": 1011, "mission_condition_id_": 242, "mission_condition_text_id_": 242, "param1_value_": "25000000", "param2_type_": -1, "param2_value_": "-1", "param3_type_": -1, "param3_value_": "-1", "param4_type_": -1, "param4_value_": "-1", "param5_type_": -1, "param5_value_": "-1", "param6_type_": -1, "param6_value_": "-1", "jump_type_": 4, "jump_param_": -1}, {"mission_id_": 1040, "mission_set_id_": 1007, "mission_detail_id_": -1, "mission_sort_id_": 0, "reward_table_id_": 1020, "mission_condition_id_": 91, "mission_condition_text_id_": 91, "param1_value_": "800000000", "param2_type_": -1, "param2_value_": "-1", "param3_type_": -1, "param3_value_": "-1", "param4_type_": -1, "param4_value_": "-1", "param5_type_": -1, "param5_value_": "-1", "param6_type_": -1, "param6_value_": "-1", "jump_type_": 20, "jump_param_": 2}, {"mission_id_": 1041, "mission_set_id_": 1007, "mission_detail_id_": -1, "mission_sort_id_": 1, "reward_table_id_": 1021, "mission_condition_id_": 292, "mission_condition_text_id_": 292, "param1_value_": "3500000", "param2_type_": -1, "param2_value_": "-1", "param3_type_": -1, "param3_value_": "-1", "param4_type_": -1, "param4_value_": "-1", "param5_type_": -1, "param5_value_": "-1", "param6_type_": -1, "param6_value_": "-1", "jump_type_": 20, "jump_param_": 2}, {"mission_id_": 1042, "mission_set_id_": 1007, "mission_detail_id_": -1, "mission_sort_id_": 2, "reward_table_id_": 1020, "mission_condition_id_": 292, "mission_condition_text_id_": 292, "param1_value_": "6500000", "param2_type_": -1, "param2_value_": "-1", "param3_type_": -1, "param3_value_": "-1", "param4_type_": -1, "param4_value_": "-1", "param5_type_": -1, "param5_value_": "-1", "param6_type_": -1, "param6_value_": "-1", "jump_type_": 20, "jump_param_": 2}, {"mission_id_": 1043, "mission_set_id_": 1007, "mission_detail_id_": -1, "mission_sort_id_": 3, "reward_table_id_": 1021, "mission_condition_id_": 99, "mission_condition_text_id_": 99, "param1_value_": "10000000", "param2_type_": -1, "param2_value_": "-1", "param3_type_": -1, "param3_value_": "-1", "param4_type_": -1, "param4_value_": "-1", "param5_type_": -1, "param5_value_": "-1", "param6_type_": -1, "param6_value_": "-1", "jump_type_": 2, "jump_param_": -1}, {"mission_id_": 1044, "mission_set_id_": 1007, "mission_detail_id_": -1, "mission_sort_id_": 4, "reward_table_id_": 1022, "mission_condition_id_": 99, "mission_condition_text_id_": 99, "param1_value_": "20000000", "param2_type_": -1, "param2_value_": "-1", "param3_type_": -1, "param3_value_": "-1", "param4_type_": -1, "param4_value_": "-1", "param5_type_": -1, "param5_value_": "-1", "param6_type_": -1, "param6_value_": "-1", "jump_type_": 2, "jump_param_": -1}, {"mission_id_": 1045, "mission_set_id_": 1008, "mission_detail_id_": -1, "mission_sort_id_": 0, "reward_table_id_": 1020, "mission_condition_id_": 91, "mission_condition_text_id_": 91, "param1_value_": "700000000", "param2_type_": -1, "param2_value_": "-1", "param3_type_": -1, "param3_value_": "-1", "param4_type_": -1, "param4_value_": "-1", "param5_type_": -1, "param5_value_": "-1", "param6_type_": -1, "param6_value_": "-1", "jump_type_": 20, "jump_param_": 2}, {"mission_id_": 1046, "mission_set_id_": 1008, "mission_detail_id_": -1, "mission_sort_id_": 1, "reward_table_id_": 1021, "mission_condition_id_": 292, "mission_condition_text_id_": 292, "param1_value_": "3500000", "param2_type_": -1, "param2_value_": "-1", "param3_type_": -1, "param3_value_": "-1", "param4_type_": -1, "param4_value_": "-1", "param5_type_": -1, "param5_value_": "-1", "param6_type_": -1, "param6_value_": "-1", "jump_type_": 20, "jump_param_": 2}, {"mission_id_": 1047, "mission_set_id_": 1008, "mission_detail_id_": -1, "mission_sort_id_": 2, "reward_table_id_": 1020, "mission_condition_id_": 292, "mission_condition_text_id_": 292, "param1_value_": "5500000", "param2_type_": -1, "param2_value_": "-1", "param3_type_": -1, "param3_value_": "-1", "param4_type_": -1, "param4_value_": "-1", "param5_type_": -1, "param5_value_": "-1", "param6_type_": -1, "param6_value_": "-1", "jump_type_": 20, "jump_param_": 2}, {"mission_id_": 1048, "mission_set_id_": 1008, "mission_detail_id_": -1, "mission_sort_id_": 3, "reward_table_id_": 1021, "mission_condition_id_": 242, "mission_condition_text_id_": 242, "param1_value_": "15000000", "param2_type_": -1, "param2_value_": "-1", "param3_type_": -1, "param3_value_": "-1", "param4_type_": -1, "param4_value_": "-1", "param5_type_": -1, "param5_value_": "-1", "param6_type_": -1, "param6_value_": "-1", "jump_type_": 4, "jump_param_": -1}, {"mission_id_": 1049, "mission_set_id_": 1008, "mission_detail_id_": -1, "mission_sort_id_": 4, "reward_table_id_": 1022, "mission_condition_id_": 242, "mission_condition_text_id_": 242, "param1_value_": "25000000", "param2_type_": -1, "param2_value_": "-1", "param3_type_": -1, "param3_value_": "-1", "param4_type_": -1, "param4_value_": "-1", "param5_type_": -1, "param5_value_": "-1", "param6_type_": -1, "param6_value_": "-1", "jump_type_": 4, "jump_param_": -1}, {"mission_id_": 1050, "mission_set_id_": 1009, "mission_detail_id_": -1, "mission_sort_id_": 0, "reward_table_id_": 1020, "mission_condition_id_": 91, "mission_condition_text_id_": 91, "param1_value_": "700000000", "param2_type_": -1, "param2_value_": "-1", "param3_type_": -1, "param3_value_": "-1", "param4_type_": -1, "param4_value_": "-1", "param5_type_": -1, "param5_value_": "-1", "param6_type_": -1, "param6_value_": "-1", "jump_type_": 20, "jump_param_": 2}, {"mission_id_": 1051, "mission_set_id_": 1009, "mission_detail_id_": -1, "mission_sort_id_": 1, "reward_table_id_": 1023, "mission_condition_id_": 292, "mission_condition_text_id_": 292, "param1_value_": "3500000", "param2_type_": -1, "param2_value_": "-1", "param3_type_": -1, "param3_value_": "-1", "param4_type_": -1, "param4_value_": "-1", "param5_type_": -1, "param5_value_": "-1", "param6_type_": -1, "param6_value_": "-1", "jump_type_": 20, "jump_param_": 2}, {"mission_id_": 1052, "mission_set_id_": 1009, "mission_detail_id_": -1, "mission_sort_id_": 2, "reward_table_id_": 1021, "mission_condition_id_": 292, "mission_condition_text_id_": 292, "param1_value_": "5500000", "param2_type_": -1, "param2_value_": "-1", "param3_type_": -1, "param3_value_": "-1", "param4_type_": -1, "param4_value_": "-1", "param5_type_": -1, "param5_value_": "-1", "param6_type_": -1, "param6_value_": "-1", "jump_type_": 20, "jump_param_": 2}, {"mission_id_": 1053, "mission_set_id_": 1009, "mission_detail_id_": -1, "mission_sort_id_": 3, "reward_table_id_": 1024, "mission_condition_id_": 99, "mission_condition_text_id_": 99, "param1_value_": "12000000", "param2_type_": -1, "param2_value_": "-1", "param3_type_": -1, "param3_value_": "-1", "param4_type_": -1, "param4_value_": "-1", "param5_type_": -1, "param5_value_": "-1", "param6_type_": -1, "param6_value_": "-1", "jump_type_": 2, "jump_param_": -1}, {"mission_id_": 1054, "mission_set_id_": 1009, "mission_detail_id_": -1, "mission_sort_id_": 4, "reward_table_id_": 1020, "mission_condition_id_": 99, "mission_condition_text_id_": 99, "param1_value_": "18000000", "param2_type_": -1, "param2_value_": "-1", "param3_type_": -1, "param3_value_": "-1", "param4_type_": -1, "param4_value_": "-1", "param5_type_": -1, "param5_value_": "-1", "param6_type_": -1, "param6_value_": "-1", "jump_type_": 2, "jump_param_": -1}, {"mission_id_": 1055, "mission_set_id_": 1010, "mission_detail_id_": -1, "mission_sort_id_": 0, "reward_table_id_": 1020, "mission_condition_id_": 91, "mission_condition_text_id_": 91, "param1_value_": "700000000", "param2_type_": -1, "param2_value_": "-1", "param3_type_": -1, "param3_value_": "-1", "param4_type_": -1, "param4_value_": "-1", "param5_type_": -1, "param5_value_": "-1", "param6_type_": -1, "param6_value_": "-1", "jump_type_": 20, "jump_param_": 2}, {"mission_id_": 1056, "mission_set_id_": 1010, "mission_detail_id_": -1, "mission_sort_id_": 1, "reward_table_id_": 1024, "mission_condition_id_": 292, "mission_condition_text_id_": 292, "param1_value_": "4500000", "param2_type_": -1, "param2_value_": "-1", "param3_type_": -1, "param3_value_": "-1", "param4_type_": -1, "param4_value_": "-1", "param5_type_": -1, "param5_value_": "-1", "param6_type_": -1, "param6_value_": "-1", "jump_type_": 20, "jump_param_": 2}, {"mission_id_": 1057, "mission_set_id_": 1010, "mission_detail_id_": -1, "mission_sort_id_": 2, "reward_table_id_": 1020, "mission_condition_id_": 292, "mission_condition_text_id_": 292, "param1_value_": "6500000", "param2_type_": -1, "param2_value_": "-1", "param3_type_": -1, "param3_value_": "-1", "param4_type_": -1, "param4_value_": "-1", "param5_type_": -1, "param5_value_": "-1", "param6_type_": -1, "param6_value_": "-1", "jump_type_": 20, "jump_param_": 2}, {"mission_id_": 1058, "mission_set_id_": 1010, "mission_detail_id_": -1, "mission_sort_id_": 3, "reward_table_id_": 1023, "mission_condition_id_": 99, "mission_condition_text_id_": 99, "param1_value_": "13500000", "param2_type_": -1, "param2_value_": "-1", "param3_type_": -1, "param3_value_": "-1", "param4_type_": -1, "param4_value_": "-1", "param5_type_": -1, "param5_value_": "-1", "param6_type_": -1, "param6_value_": "-1", "jump_type_": 2, "jump_param_": -1}, {"mission_id_": 1059, "mission_set_id_": 1010, "mission_detail_id_": -1, "mission_sort_id_": 4, "reward_table_id_": 1021, "mission_condition_id_": 99, "mission_condition_text_id_": 99, "param1_value_": "20000000", "param2_type_": -1, "param2_value_": "-1", "param3_type_": -1, "param3_value_": "-1", "param4_type_": -1, "param4_value_": "-1", "param5_type_": -1, "param5_value_": "-1", "param6_type_": -1, "param6_value_": "-1", "jump_type_": 2, "jump_param_": -1}, {"mission_id_": 1060, "mission_set_id_": 1011, "mission_detail_id_": -1, "mission_sort_id_": 0, "reward_table_id_": 1020, "mission_condition_id_": 91, "mission_condition_text_id_": 91, "param1_value_": "700000000", "param2_type_": -1, "param2_value_": "-1", "param3_type_": -1, "param3_value_": "-1", "param4_type_": -1, "param4_value_": "-1", "param5_type_": -1, "param5_value_": "-1", "param6_type_": -1, "param6_value_": "-1", "jump_type_": 20, "jump_param_": 2}, {"mission_id_": 1061, "mission_set_id_": 1011, "mission_detail_id_": -1, "mission_sort_id_": 1, "reward_table_id_": 1021, "mission_condition_id_": 292, "mission_condition_text_id_": 292, "param1_value_": "4500000", "param2_type_": -1, "param2_value_": "-1", "param3_type_": -1, "param3_value_": "-1", "param4_type_": -1, "param4_value_": "-1", "param5_type_": -1, "param5_value_": "-1", "param6_type_": -1, "param6_value_": "-1", "jump_type_": 20, "jump_param_": 2}, {"mission_id_": 1062, "mission_set_id_": 1011, "mission_detail_id_": -1, "mission_sort_id_": 2, "reward_table_id_": 1020, "mission_condition_id_": 292, "mission_condition_text_id_": 292, "param1_value_": "6500000", "param2_type_": -1, "param2_value_": "-1", "param3_type_": -1, "param3_value_": "-1", "param4_type_": -1, "param4_value_": "-1", "param5_type_": -1, "param5_value_": "-1", "param6_type_": -1, "param6_value_": "-1", "jump_type_": 20, "jump_param_": 2}, {"mission_id_": 1063, "mission_set_id_": 1011, "mission_detail_id_": -1, "mission_sort_id_": 3, "reward_table_id_": 1021, "mission_condition_id_": 242, "mission_condition_text_id_": 242, "param1_value_": "20000000", "param2_type_": -1, "param2_value_": "-1", "param3_type_": -1, "param3_value_": "-1", "param4_type_": -1, "param4_value_": "-1", "param5_type_": -1, "param5_value_": "-1", "param6_type_": -1, "param6_value_": "-1", "jump_type_": 4, "jump_param_": -1}, {"mission_id_": 1064, "mission_set_id_": 1011, "mission_detail_id_": -1, "mission_sort_id_": 4, "reward_table_id_": 1025, "mission_condition_id_": 242, "mission_condition_text_id_": 242, "param1_value_": "30000000", "param2_type_": -1, "param2_value_": "-1", "param3_type_": -1, "param3_value_": "-1", "param4_type_": -1, "param4_value_": "-1", "param5_type_": -1, "param5_value_": "-1", "param6_type_": -1, "param6_value_": "-1", "jump_type_": 4, "jump_param_": -1}, {"mission_id_": 1065, "mission_set_id_": 1012, "mission_detail_id_": -1, "mission_sort_id_": 0, "reward_table_id_": 1020, "mission_condition_id_": 91, "mission_condition_text_id_": 91, "param1_value_": "700000000", "param2_type_": -1, "param2_value_": "-1", "param3_type_": -1, "param3_value_": "-1", "param4_type_": -1, "param4_value_": "-1", "param5_type_": -1, "param5_value_": "-1", "param6_type_": -1, "param6_value_": "-1", "jump_type_": 20, "jump_param_": 2}, {"mission_id_": 1066, "mission_set_id_": 1012, "mission_detail_id_": -1, "mission_sort_id_": 1, "reward_table_id_": 1024, "mission_condition_id_": 292, "mission_condition_text_id_": 292, "param1_value_": "4500000", "param2_type_": -1, "param2_value_": "-1", "param3_type_": -1, "param3_value_": "-1", "param4_type_": -1, "param4_value_": "-1", "param5_type_": -1, "param5_value_": "-1", "param6_type_": -1, "param6_value_": "-1", "jump_type_": 20, "jump_param_": 2}, {"mission_id_": 1067, "mission_set_id_": 1012, "mission_detail_id_": -1, "mission_sort_id_": 2, "reward_table_id_": 1020, "mission_condition_id_": 292, "mission_condition_text_id_": 292, "param1_value_": "6500000", "param2_type_": -1, "param2_value_": "-1", "param3_type_": -1, "param3_value_": "-1", "param4_type_": -1, "param4_value_": "-1", "param5_type_": -1, "param5_value_": "-1", "param6_type_": -1, "param6_value_": "-1", "jump_type_": 20, "jump_param_": 2}, {"mission_id_": 1068, "mission_set_id_": 1012, "mission_detail_id_": -1, "mission_sort_id_": 3, "reward_table_id_": 1023, "mission_condition_id_": 99, "mission_condition_text_id_": 99, "param1_value_": "13500000", "param2_type_": -1, "param2_value_": "-1", "param3_type_": -1, "param3_value_": "-1", "param4_type_": -1, "param4_value_": "-1", "param5_type_": -1, "param5_value_": "-1", "param6_type_": -1, "param6_value_": "-1", "jump_type_": 2, "jump_param_": -1}, {"mission_id_": 1069, "mission_set_id_": 1012, "mission_detail_id_": -1, "mission_sort_id_": 4, "reward_table_id_": 1021, "mission_condition_id_": 99, "mission_condition_text_id_": 99, "param1_value_": "20000000", "param2_type_": -1, "param2_value_": "-1", "param3_type_": -1, "param3_value_": "-1", "param4_type_": -1, "param4_value_": "-1", "param5_type_": -1, "param5_value_": "-1", "param6_type_": -1, "param6_value_": "-1", "jump_type_": 2, "jump_param_": -1}, {"mission_id_": 1070, "mission_set_id_": 1013, "mission_detail_id_": -1, "mission_sort_id_": 0, "reward_table_id_": 1020, "mission_condition_id_": 91, "mission_condition_text_id_": 91, "param1_value_": "700000000", "param2_type_": -1, "param2_value_": "-1", "param3_type_": -1, "param3_value_": "-1", "param4_type_": -1, "param4_value_": "-1", "param5_type_": -1, "param5_value_": "-1", "param6_type_": -1, "param6_value_": "-1", "jump_type_": 20, "jump_param_": 2}, {"mission_id_": 1071, "mission_set_id_": 1013, "mission_detail_id_": -1, "mission_sort_id_": 1, "reward_table_id_": 1024, "mission_condition_id_": 292, "mission_condition_text_id_": 292, "param1_value_": "5000000", "param2_type_": -1, "param2_value_": "-1", "param3_type_": -1, "param3_value_": "-1", "param4_type_": -1, "param4_value_": "-1", "param5_type_": -1, "param5_value_": "-1", "param6_type_": -1, "param6_value_": "-1", "jump_type_": 20, "jump_param_": 2}, {"mission_id_": 1072, "mission_set_id_": 1013, "mission_detail_id_": -1, "mission_sort_id_": 2, "reward_table_id_": 1020, "mission_condition_id_": 292, "mission_condition_text_id_": 292, "param1_value_": "7000000", "param2_type_": -1, "param2_value_": "-1", "param3_type_": -1, "param3_value_": "-1", "param4_type_": -1, "param4_value_": "-1", "param5_type_": -1, "param5_value_": "-1", "param6_type_": -1, "param6_value_": "-1", "jump_type_": 20, "jump_param_": 2}, {"mission_id_": 1073, "mission_set_id_": 1013, "mission_detail_id_": -1, "mission_sort_id_": 3, "reward_table_id_": 1023, "mission_condition_id_": 242, "mission_condition_text_id_": 242, "param1_value_": "25000000", "param2_type_": -1, "param2_value_": "-1", "param3_type_": -1, "param3_value_": "-1", "param4_type_": -1, "param4_value_": "-1", "param5_type_": -1, "param5_value_": "-1", "param6_type_": -1, "param6_value_": "-1", "jump_type_": 4, "jump_param_": -1}, {"mission_id_": 1074, "mission_set_id_": 1013, "mission_detail_id_": -1, "mission_sort_id_": 4, "reward_table_id_": 1021, "mission_condition_id_": 242, "mission_condition_text_id_": 242, "param1_value_": "35000000", "param2_type_": -1, "param2_value_": "-1", "param3_type_": -1, "param3_value_": "-1", "param4_type_": -1, "param4_value_": "-1", "param5_type_": -1, "param5_value_": "-1", "param6_type_": -1, "param6_value_": "-1", "jump_type_": 4, "jump_param_": -1}, {"mission_id_": 1075, "mission_set_id_": 1014, "mission_detail_id_": -1, "mission_sort_id_": 0, "reward_table_id_": 1020, "mission_condition_id_": 91, "mission_condition_text_id_": 91, "param1_value_": "1400000000", "param2_type_": -1, "param2_value_": "-1", "param3_type_": -1, "param3_value_": "-1", "param4_type_": -1, "param4_value_": "-1", "param5_type_": -1, "param5_value_": "-1", "param6_type_": -1, "param6_value_": "-1", "jump_type_": 20, "jump_param_": 2}, {"mission_id_": 1076, "mission_set_id_": 1014, "mission_detail_id_": -1, "mission_sort_id_": 1, "reward_table_id_": 1026, "mission_condition_id_": 292, "mission_condition_text_id_": 292, "param1_value_": "5500000", "param2_type_": -1, "param2_value_": "-1", "param3_type_": -1, "param3_value_": "-1", "param4_type_": -1, "param4_value_": "-1", "param5_type_": -1, "param5_value_": "-1", "param6_type_": -1, "param6_value_": "-1", "jump_type_": 20, "jump_param_": 2}, {"mission_id_": 1077, "mission_set_id_": 1014, "mission_detail_id_": -1, "mission_sort_id_": 2, "reward_table_id_": 1028, "mission_condition_id_": 292, "mission_condition_text_id_": 292, "param1_value_": "8500000", "param2_type_": -1, "param2_value_": "-1", "param3_type_": -1, "param3_value_": "-1", "param4_type_": -1, "param4_value_": "-1", "param5_type_": -1, "param5_value_": "-1", "param6_type_": -1, "param6_value_": "-1", "jump_type_": 20, "jump_param_": 2}, {"mission_id_": 1078, "mission_set_id_": 1014, "mission_detail_id_": -1, "mission_sort_id_": 3, "reward_table_id_": 1027, "mission_condition_id_": 99, "mission_condition_text_id_": 99, "param1_value_": "30000000", "param2_type_": -1, "param2_value_": "-1", "param3_type_": -1, "param3_value_": "-1", "param4_type_": -1, "param4_value_": "-1", "param5_type_": -1, "param5_value_": "-1", "param6_type_": -1, "param6_value_": "-1", "jump_type_": 2, "jump_param_": -1}, {"mission_id_": 1079, "mission_set_id_": 1014, "mission_detail_id_": -1, "mission_sort_id_": 4, "reward_table_id_": 1020, "mission_condition_id_": 99, "mission_condition_text_id_": 99, "param1_value_": "42000000", "param2_type_": -1, "param2_value_": "-1", "param3_type_": -1, "param3_value_": "-1", "param4_type_": -1, "param4_value_": "-1", "param5_type_": -1, "param5_value_": "-1", "param6_type_": -1, "param6_value_": "-1", "jump_type_": 2, "jump_param_": -1}, {"mission_id_": 1080, "mission_set_id_": 1015, "mission_detail_id_": -1, "mission_sort_id_": 0, "reward_table_id_": 1020, "mission_condition_id_": 91, "mission_condition_text_id_": 91, "param1_value_": "2500000000", "param2_type_": -1, "param2_value_": "-1", "param3_type_": -1, "param3_value_": "-1", "param4_type_": -1, "param4_value_": "-1", "param5_type_": -1, "param5_value_": "-1", "param6_type_": -1, "param6_value_": "-1", "jump_type_": 20, "jump_param_": 2}, {"mission_id_": 1081, "mission_set_id_": 1015, "mission_detail_id_": -1, "mission_sort_id_": 1, "reward_table_id_": 1026, "mission_condition_id_": 242, "mission_condition_text_id_": 242, "param1_value_": "35000000", "param2_type_": -1, "param2_value_": "-1", "param3_type_": -1, "param3_value_": "-1", "param4_type_": -1, "param4_value_": "-1", "param5_type_": -1, "param5_value_": "-1", "param6_type_": -1, "param6_value_": "-1", "jump_type_": 4, "jump_param_": -1}, {"mission_id_": 1082, "mission_set_id_": 1015, "mission_detail_id_": -1, "mission_sort_id_": 2, "reward_table_id_": 1028, "mission_condition_id_": 242, "mission_condition_text_id_": 242, "param1_value_": "60000000", "param2_type_": -1, "param2_value_": "-1", "param3_type_": -1, "param3_value_": "-1", "param4_type_": -1, "param4_value_": "-1", "param5_type_": -1, "param5_value_": "-1", "param6_type_": -1, "param6_value_": "-1", "jump_type_": 4, "jump_param_": -1}, {"mission_id_": 1083, "mission_set_id_": 1015, "mission_detail_id_": -1, "mission_sort_id_": 3, "reward_table_id_": 1027, "mission_condition_id_": 99, "mission_condition_text_id_": 99, "param1_value_": "35000000", "param2_type_": -1, "param2_value_": "-1", "param3_type_": -1, "param3_value_": "-1", "param4_type_": -1, "param4_value_": "-1", "param5_type_": -1, "param5_value_": "-1", "param6_type_": -1, "param6_value_": "-1", "jump_type_": 2, "jump_param_": -1}, {"mission_id_": 1084, "mission_set_id_": 1015, "mission_detail_id_": -1, "mission_sort_id_": 4, "reward_table_id_": 1020, "mission_condition_id_": 99, "mission_condition_text_id_": 99, "param1_value_": "50000000", "param2_type_": -1, "param2_value_": "-1", "param3_type_": -1, "param3_value_": "-1", "param4_type_": -1, "param4_value_": "-1", "param5_type_": -1, "param5_value_": "-1", "param6_type_": -1, "param6_value_": "-1", "jump_type_": 2, "jump_param_": -1}, {"mission_id_": 1085, "mission_set_id_": 1016, "mission_detail_id_": -1, "mission_sort_id_": 0, "reward_table_id_": 1020, "mission_condition_id_": 91, "mission_condition_text_id_": 91, "param1_value_": "2500000000", "param2_type_": -1, "param2_value_": "-1", "param3_type_": -1, "param3_value_": "-1", "param4_type_": -1, "param4_value_": "-1", "param5_type_": -1, "param5_value_": "-1", "param6_type_": -1, "param6_value_": "-1", "jump_type_": 20, "jump_param_": 2}, {"mission_id_": 1086, "mission_set_id_": 1016, "mission_detail_id_": -1, "mission_sort_id_": 1, "reward_table_id_": 1026, "mission_condition_id_": 99, "mission_condition_text_id_": 99, "param1_value_": "35000000", "param2_type_": -1, "param2_value_": "-1", "param3_type_": -1, "param3_value_": "-1", "param4_type_": -1, "param4_value_": "-1", "param5_type_": -1, "param5_value_": "-1", "param6_type_": -1, "param6_value_": "-1", "jump_type_": 2, "jump_param_": -1}, {"mission_id_": 1087, "mission_set_id_": 1016, "mission_detail_id_": -1, "mission_sort_id_": 2, "reward_table_id_": 1028, "mission_condition_id_": 99, "mission_condition_text_id_": 99, "param1_value_": "50000000", "param2_type_": -1, "param2_value_": "-1", "param3_type_": -1, "param3_value_": "-1", "param4_type_": -1, "param4_value_": "-1", "param5_type_": -1, "param5_value_": "-1", "param6_type_": -1, "param6_value_": "-1", "jump_type_": 2, "jump_param_": -1}, {"mission_id_": 1088, "mission_set_id_": 1016, "mission_detail_id_": -1, "mission_sort_id_": 3, "reward_table_id_": 1027, "mission_condition_id_": 292, "mission_condition_text_id_": 292, "param1_value_": "5500000", "param2_type_": -1, "param2_value_": "-1", "param3_type_": -1, "param3_value_": "-1", "param4_type_": -1, "param4_value_": "-1", "param5_type_": -1, "param5_value_": "-1", "param6_type_": -1, "param6_value_": "-1", "jump_type_": 20, "jump_param_": 2}, {"mission_id_": 1089, "mission_set_id_": 1016, "mission_detail_id_": -1, "mission_sort_id_": 4, "reward_table_id_": 1020, "mission_condition_id_": 292, "mission_condition_text_id_": 292, "param1_value_": "7000000", "param2_type_": -1, "param2_value_": "-1", "param3_type_": -1, "param3_value_": "-1", "param4_type_": -1, "param4_value_": "-1", "param5_type_": -1, "param5_value_": "-1", "param6_type_": -1, "param6_value_": "-1", "jump_type_": 20, "jump_param_": 2}, {"mission_id_": 1090, "mission_set_id_": 1017, "mission_detail_id_": -1, "mission_sort_id_": 0, "reward_table_id_": 1020, "mission_condition_id_": 91, "mission_condition_text_id_": 91, "param1_value_": "2000000000", "param2_type_": -1, "param2_value_": "-1", "param3_type_": -1, "param3_value_": "-1", "param4_type_": -1, "param4_value_": "-1", "param5_type_": -1, "param5_value_": "-1", "param6_type_": -1, "param6_value_": "-1", "jump_type_": 20, "jump_param_": 2}, {"mission_id_": 1091, "mission_set_id_": 1017, "mission_detail_id_": -1, "mission_sort_id_": 1, "reward_table_id_": 1029, "mission_condition_id_": 292, "mission_condition_text_id_": 292, "param1_value_": "4500000", "param2_type_": -1, "param2_value_": "-1", "param3_type_": -1, "param3_value_": "-1", "param4_type_": -1, "param4_value_": "-1", "param5_type_": -1, "param5_value_": "-1", "param6_type_": -1, "param6_value_": "-1", "jump_type_": 20, "jump_param_": 2}, {"mission_id_": 1092, "mission_set_id_": 1017, "mission_detail_id_": -1, "mission_sort_id_": 2, "reward_table_id_": 1031, "mission_condition_id_": 292, "mission_condition_text_id_": 292, "param1_value_": "6500000", "param2_type_": -1, "param2_value_": "-1", "param3_type_": -1, "param3_value_": "-1", "param4_type_": -1, "param4_value_": "-1", "param5_type_": -1, "param5_value_": "-1", "param6_type_": -1, "param6_value_": "-1", "jump_type_": 20, "jump_param_": 2}, {"mission_id_": 1093, "mission_set_id_": 1017, "mission_detail_id_": -1, "mission_sort_id_": 3, "reward_table_id_": 1030, "mission_condition_id_": 242, "mission_condition_text_id_": 242, "param1_value_": "40000000", "param2_type_": -1, "param2_value_": "-1", "param3_type_": -1, "param3_value_": "-1", "param4_type_": -1, "param4_value_": "-1", "param5_type_": -1, "param5_value_": "-1", "param6_type_": -1, "param6_value_": "-1", "jump_type_": 4, "jump_param_": -1}, {"mission_id_": 1094, "mission_set_id_": 1017, "mission_detail_id_": -1, "mission_sort_id_": 4, "reward_table_id_": 1020, "mission_condition_id_": 242, "mission_condition_text_id_": 242, "param1_value_": "55000000", "param2_type_": -1, "param2_value_": "-1", "param3_type_": -1, "param3_value_": "-1", "param4_type_": -1, "param4_value_": "-1", "param5_type_": -1, "param5_value_": "-1", "param6_type_": -1, "param6_value_": "-1", "jump_type_": 4, "jump_param_": -1}, {"mission_id_": 1095, "mission_set_id_": 1018, "mission_detail_id_": -1, "mission_sort_id_": 0, "reward_table_id_": 1020, "mission_condition_id_": 91, "mission_condition_text_id_": 91, "param1_value_": "1300000000", "param2_type_": -1, "param2_value_": "-1", "param3_type_": -1, "param3_value_": "-1", "param4_type_": -1, "param4_value_": "-1", "param5_type_": -1, "param5_value_": "-1", "param6_type_": -1, "param6_value_": "-1", "jump_type_": 20, "jump_param_": 2}, {"mission_id_": 1096, "mission_set_id_": 1018, "mission_detail_id_": -1, "mission_sort_id_": 1, "reward_table_id_": 1032, "mission_condition_id_": 292, "mission_condition_text_id_": 292, "param1_value_": "3000000", "param2_type_": -1, "param2_value_": "-1", "param3_type_": -1, "param3_value_": "-1", "param4_type_": -1, "param4_value_": "-1", "param5_type_": -1, "param5_value_": "-1", "param6_type_": -1, "param6_value_": "-1", "jump_type_": 20, "jump_param_": 2}, {"mission_id_": 1097, "mission_set_id_": 1018, "mission_detail_id_": -1, "mission_sort_id_": 2, "reward_table_id_": 1032, "mission_condition_id_": 292, "mission_condition_text_id_": 292, "param1_value_": "5000000", "param2_type_": -1, "param2_value_": "-1", "param3_type_": -1, "param3_value_": "-1", "param4_type_": -1, "param4_value_": "-1", "param5_type_": -1, "param5_value_": "-1", "param6_type_": -1, "param6_value_": "-1", "jump_type_": 20, "jump_param_": 2}, {"mission_id_": 1098, "mission_set_id_": 1018, "mission_detail_id_": -1, "mission_sort_id_": 3, "reward_table_id_": 1032, "mission_condition_id_": 99, "mission_condition_text_id_": 99, "param1_value_": "20000000", "param2_type_": -1, "param2_value_": "-1", "param3_type_": -1, "param3_value_": "-1", "param4_type_": -1, "param4_value_": "-1", "param5_type_": -1, "param5_value_": "-1", "param6_type_": -1, "param6_value_": "-1", "jump_type_": 2, "jump_param_": -1}, {"mission_id_": 1099, "mission_set_id_": 1018, "mission_detail_id_": -1, "mission_sort_id_": 4, "reward_table_id_": 1020, "mission_condition_id_": 99, "mission_condition_text_id_": 99, "param1_value_": "30000000", "param2_type_": -1, "param2_value_": "-1", "param3_type_": -1, "param3_value_": "-1", "param4_type_": -1, "param4_value_": "-1", "param5_type_": -1, "param5_value_": "-1", "param6_type_": -1, "param6_value_": "-1", "jump_type_": 2, "jump_param_": -1}, {"mission_id_": 1100, "mission_set_id_": 1019, "mission_detail_id_": -1, "mission_sort_id_": 0, "reward_table_id_": 1020, "mission_condition_id_": 91, "mission_condition_text_id_": 91, "param1_value_": "1000000000", "param2_type_": -1, "param2_value_": "-1", "param3_type_": -1, "param3_value_": "-1", "param4_type_": -1, "param4_value_": "-1", "param5_type_": -1, "param5_value_": "-1", "param6_type_": -1, "param6_value_": "-1", "jump_type_": 20, "jump_param_": 2}, {"mission_id_": 1101, "mission_set_id_": 1019, "mission_detail_id_": -1, "mission_sort_id_": 1, "reward_table_id_": 1032, "mission_condition_id_": 242, "mission_condition_text_id_": 242, "param1_value_": "12000000", "param2_type_": -1, "param2_value_": "-1", "param3_type_": -1, "param3_value_": "-1", "param4_type_": -1, "param4_value_": "-1", "param5_type_": -1, "param5_value_": "-1", "param6_type_": -1, "param6_value_": "-1", "jump_type_": 4, "jump_param_": -1}, {"mission_id_": 1102, "mission_set_id_": 1019, "mission_detail_id_": -1, "mission_sort_id_": 2, "reward_table_id_": 1032, "mission_condition_id_": 242, "mission_condition_text_id_": 242, "param1_value_": "25000000", "param2_type_": -1, "param2_value_": "-1", "param3_type_": -1, "param3_value_": "-1", "param4_type_": -1, "param4_value_": "-1", "param5_type_": -1, "param5_value_": "-1", "param6_type_": -1, "param6_value_": "-1", "jump_type_": 4, "jump_param_": -1}, {"mission_id_": 1103, "mission_set_id_": 1019, "mission_detail_id_": -1, "mission_sort_id_": 3, "reward_table_id_": 1032, "mission_condition_id_": 99, "mission_condition_text_id_": 99, "param1_value_": "15000000", "param2_type_": -1, "param2_value_": "-1", "param3_type_": -1, "param3_value_": "-1", "param4_type_": -1, "param4_value_": "-1", "param5_type_": -1, "param5_value_": "-1", "param6_type_": -1, "param6_value_": "-1", "jump_type_": 2, "jump_param_": -1}, {"mission_id_": 1104, "mission_set_id_": 1019, "mission_detail_id_": -1, "mission_sort_id_": 4, "reward_table_id_": 1020, "mission_condition_id_": 99, "mission_condition_text_id_": 99, "param1_value_": "28000000", "param2_type_": -1, "param2_value_": "-1", "param3_type_": -1, "param3_value_": "-1", "param4_type_": -1, "param4_value_": "-1", "param5_type_": -1, "param5_value_": "-1", "param6_type_": -1, "param6_value_": "-1", "jump_type_": 2, "jump_param_": -1}, {"mission_id_": 1105, "mission_set_id_": 1020, "mission_detail_id_": -1, "mission_sort_id_": 0, "reward_table_id_": 1020, "mission_condition_id_": 91, "mission_condition_text_id_": 91, "param1_value_": "1000000000", "param2_type_": -1, "param2_value_": "-1", "param3_type_": -1, "param3_value_": "-1", "param4_type_": -1, "param4_value_": "-1", "param5_type_": -1, "param5_value_": "-1", "param6_type_": -1, "param6_value_": "-1", "jump_type_": 20, "jump_param_": 2}, {"mission_id_": 1106, "mission_set_id_": 1020, "mission_detail_id_": -1, "mission_sort_id_": 1, "reward_table_id_": 1032, "mission_condition_id_": 292, "mission_condition_text_id_": 292, "param1_value_": "12000000", "param2_type_": -1, "param2_value_": "-1", "param3_type_": -1, "param3_value_": "-1", "param4_type_": -1, "param4_value_": "-1", "param5_type_": -1, "param5_value_": "-1", "param6_type_": -1, "param6_value_": "-1", "jump_type_": 20, "jump_param_": 2}, {"mission_id_": 1107, "mission_set_id_": 1020, "mission_detail_id_": -1, "mission_sort_id_": 2, "reward_table_id_": 1032, "mission_condition_id_": 292, "mission_condition_text_id_": 292, "param1_value_": "25000000", "param2_type_": -1, "param2_value_": "-1", "param3_type_": -1, "param3_value_": "-1", "param4_type_": -1, "param4_value_": "-1", "param5_type_": -1, "param5_value_": "-1", "param6_type_": -1, "param6_value_": "-1", "jump_type_": 20, "jump_param_": 2}, {"mission_id_": 1108, "mission_set_id_": 1020, "mission_detail_id_": -1, "mission_sort_id_": 3, "reward_table_id_": 1032, "mission_condition_id_": 242, "mission_condition_text_id_": 242, "param1_value_": "15000000", "param2_type_": -1, "param2_value_": "-1", "param3_type_": -1, "param3_value_": "-1", "param4_type_": -1, "param4_value_": "-1", "param5_type_": -1, "param5_value_": "-1", "param6_type_": -1, "param6_value_": "-1", "jump_type_": 4, "jump_param_": -1}, {"mission_id_": 1109, "mission_set_id_": 1020, "mission_detail_id_": -1, "mission_sort_id_": 4, "reward_table_id_": 1020, "mission_condition_id_": 242, "mission_condition_text_id_": 242, "param1_value_": "28000000", "param2_type_": -1, "param2_value_": "-1", "param3_type_": -1, "param3_value_": "-1", "param4_type_": -1, "param4_value_": "-1", "param5_type_": -1, "param5_value_": "-1", "param6_type_": -1, "param6_value_": "-1", "jump_type_": 4, "jump_param_": -1}, {"mission_id_": 1110, "mission_set_id_": 1021, "mission_detail_id_": -1, "mission_sort_id_": 0, "reward_table_id_": 1020, "mission_condition_id_": 91, "mission_condition_text_id_": 91, "param1_value_": "1000000000", "param2_type_": -1, "param2_value_": "-1", "param3_type_": -1, "param3_value_": "-1", "param4_type_": -1, "param4_value_": "-1", "param5_type_": -1, "param5_value_": "-1", "param6_type_": -1, "param6_value_": "-1", "jump_type_": 20, "jump_param_": 2}, {"mission_id_": 1111, "mission_set_id_": 1021, "mission_detail_id_": -1, "mission_sort_id_": 1, "reward_table_id_": 1032, "mission_condition_id_": 99, "mission_condition_text_id_": 99, "param1_value_": "12000000", "param2_type_": -1, "param2_value_": "-1", "param3_type_": -1, "param3_value_": "-1", "param4_type_": -1, "param4_value_": "-1", "param5_type_": -1, "param5_value_": "-1", "param6_type_": -1, "param6_value_": "-1", "jump_type_": 2, "jump_param_": -1}, {"mission_id_": 1112, "mission_set_id_": 1021, "mission_detail_id_": -1, "mission_sort_id_": 2, "reward_table_id_": 1032, "mission_condition_id_": 99, "mission_condition_text_id_": 99, "param1_value_": "25000000", "param2_type_": -1, "param2_value_": "-1", "param3_type_": -1, "param3_value_": "-1", "param4_type_": -1, "param4_value_": "-1", "param5_type_": -1, "param5_value_": "-1", "param6_type_": -1, "param6_value_": "-1", "jump_type_": 2, "jump_param_": -1}, {"mission_id_": 1113, "mission_set_id_": 1021, "mission_detail_id_": -1, "mission_sort_id_": 3, "reward_table_id_": 1032, "mission_condition_id_": 292, "mission_condition_text_id_": 292, "param1_value_": "3000000", "param2_type_": -1, "param2_value_": "-1", "param3_type_": -1, "param3_value_": "-1", "param4_type_": -1, "param4_value_": "-1", "param5_type_": -1, "param5_value_": "-1", "param6_type_": -1, "param6_value_": "-1", "jump_type_": 20, "jump_param_": 2}, {"mission_id_": 1114, "mission_set_id_": 1021, "mission_detail_id_": -1, "mission_sort_id_": 4, "reward_table_id_": 1020, "mission_condition_id_": 292, "mission_condition_text_id_": 292, "param1_value_": "5000000", "param2_type_": -1, "param2_value_": "-1", "param3_type_": -1, "param3_value_": "-1", "param4_type_": -1, "param4_value_": "-1", "param5_type_": -1, "param5_value_": "-1", "param6_type_": -1, "param6_value_": "-1", "jump_type_": 20, "jump_param_": 2}, {"mission_id_": 1115, "mission_set_id_": 1022, "mission_detail_id_": -1, "mission_sort_id_": 0, "reward_table_id_": 1020, "mission_condition_id_": 91, "mission_condition_text_id_": 91, "param1_value_": "850000000", "param2_type_": -1, "param2_value_": "-1", "param3_type_": -1, "param3_value_": "-1", "param4_type_": -1, "param4_value_": "-1", "param5_type_": -1, "param5_value_": "-1", "param6_type_": -1, "param6_value_": "-1", "jump_type_": 20, "jump_param_": 2}, {"mission_id_": 1116, "mission_set_id_": 1022, "mission_detail_id_": -1, "mission_sort_id_": 1, "reward_table_id_": 1032, "mission_condition_id_": 242, "mission_condition_text_id_": 242, "param1_value_": "15000000", "param2_type_": -1, "param2_value_": "-1", "param3_type_": -1, "param3_value_": "-1", "param4_type_": -1, "param4_value_": "-1", "param5_type_": -1, "param5_value_": "-1", "param6_type_": -1, "param6_value_": "-1", "jump_type_": 4, "jump_param_": -1}, {"mission_id_": 1117, "mission_set_id_": 1022, "mission_detail_id_": -1, "mission_sort_id_": 2, "reward_table_id_": 1032, "mission_condition_id_": 242, "mission_condition_text_id_": 242, "param1_value_": "30000000", "param2_type_": -1, "param2_value_": "-1", "param3_type_": -1, "param3_value_": "-1", "param4_type_": -1, "param4_value_": "-1", "param5_type_": -1, "param5_value_": "-1", "param6_type_": -1, "param6_value_": "-1", "jump_type_": 4, "jump_param_": -1}, {"mission_id_": 1118, "mission_set_id_": 1022, "mission_detail_id_": -1, "mission_sort_id_": 3, "reward_table_id_": 1032, "mission_condition_id_": 99, "mission_condition_text_id_": 99, "param1_value_": "20000000", "param2_type_": -1, "param2_value_": "-1", "param3_type_": -1, "param3_value_": "-1", "param4_type_": -1, "param4_value_": "-1", "param5_type_": -1, "param5_value_": "-1", "param6_type_": -1, "param6_value_": "-1", "jump_type_": 2, "jump_param_": -1}, {"mission_id_": 1119, "mission_set_id_": 1022, "mission_detail_id_": -1, "mission_sort_id_": 4, "reward_table_id_": 1020, "mission_condition_id_": 99, "mission_condition_text_id_": 99, "param1_value_": "35000000", "param2_type_": -1, "param2_value_": "-1", "param3_type_": -1, "param3_value_": "-1", "param4_type_": -1, "param4_value_": "-1", "param5_type_": -1, "param5_value_": "-1", "param6_type_": -1, "param6_value_": "-1", "jump_type_": 2, "jump_param_": -1}, {"mission_id_": 1120, "mission_set_id_": 1023, "mission_detail_id_": -1, "mission_sort_id_": 0, "reward_table_id_": 1020, "mission_condition_id_": 91, "mission_condition_text_id_": 91, "param1_value_": "850000000", "param2_type_": -1, "param2_value_": "-1", "param3_type_": -1, "param3_value_": "-1", "param4_type_": -1, "param4_value_": "-1", "param5_type_": -1, "param5_value_": "-1", "param6_type_": -1, "param6_value_": "-1", "jump_type_": 20, "jump_param_": 2}, {"mission_id_": 1121, "mission_set_id_": 1023, "mission_detail_id_": -1, "mission_sort_id_": 1, "reward_table_id_": 1032, "mission_condition_id_": 99, "mission_condition_text_id_": 99, "param1_value_": "15000000", "param2_type_": -1, "param2_value_": "-1", "param3_type_": -1, "param3_value_": "-1", "param4_type_": -1, "param4_value_": "-1", "param5_type_": -1, "param5_value_": "-1", "param6_type_": -1, "param6_value_": "-1", "jump_type_": 2, "jump_param_": -1}, {"mission_id_": 1122, "mission_set_id_": 1023, "mission_detail_id_": -1, "mission_sort_id_": 2, "reward_table_id_": 1032, "mission_condition_id_": 99, "mission_condition_text_id_": 99, "param1_value_": "30000000", "param2_type_": -1, "param2_value_": "-1", "param3_type_": -1, "param3_value_": "-1", "param4_type_": -1, "param4_value_": "-1", "param5_type_": -1, "param5_value_": "-1", "param6_type_": -1, "param6_value_": "-1", "jump_type_": 2, "jump_param_": -1}, {"mission_id_": 1123, "mission_set_id_": 1023, "mission_detail_id_": -1, "mission_sort_id_": 3, "reward_table_id_": 1032, "mission_condition_id_": 292, "mission_condition_text_id_": 292, "param1_value_": "4000000", "param2_type_": -1, "param2_value_": "-1", "param3_type_": -1, "param3_value_": "-1", "param4_type_": -1, "param4_value_": "-1", "param5_type_": -1, "param5_value_": "-1", "param6_type_": -1, "param6_value_": "-1", "jump_type_": 20, "jump_param_": 2}, {"mission_id_": 1124, "mission_set_id_": 1023, "mission_detail_id_": -1, "mission_sort_id_": 4, "reward_table_id_": 1020, "mission_condition_id_": 292, "mission_condition_text_id_": 292, "param1_value_": "7000000", "param2_type_": -1, "param2_value_": "-1", "param3_type_": -1, "param3_value_": "-1", "param4_type_": -1, "param4_value_": "-1", "param5_type_": -1, "param5_value_": "-1", "param6_type_": -1, "param6_value_": "-1", "jump_type_": 20, "jump_param_": 2}, {"mission_id_": 1125, "mission_set_id_": 1024, "mission_detail_id_": -1, "mission_sort_id_": 0, "reward_table_id_": 1020, "mission_condition_id_": 91, "mission_condition_text_id_": 91, "param1_value_": "850000000", "param2_type_": -1, "param2_value_": "-1", "param3_type_": -1, "param3_value_": "-1", "param4_type_": -1, "param4_value_": "-1", "param5_type_": -1, "param5_value_": "-1", "param6_type_": -1, "param6_value_": "-1", "jump_type_": 20, "jump_param_": 2}, {"mission_id_": 1126, "mission_set_id_": 1024, "mission_detail_id_": -1, "mission_sort_id_": 1, "reward_table_id_": 1032, "mission_condition_id_": 292, "mission_condition_text_id_": 292, "param1_value_": "3000000", "param2_type_": -1, "param2_value_": "-1", "param3_type_": -1, "param3_value_": "-1", "param4_type_": -1, "param4_value_": "-1", "param5_type_": -1, "param5_value_": "-1", "param6_type_": -1, "param6_value_": "-1", "jump_type_": 20, "jump_param_": 2}, {"mission_id_": 1127, "mission_set_id_": 1024, "mission_detail_id_": -1, "mission_sort_id_": 2, "reward_table_id_": 1032, "mission_condition_id_": 292, "mission_condition_text_id_": 292, "param1_value_": "6000000", "param2_type_": -1, "param2_value_": "-1", "param3_type_": -1, "param3_value_": "-1", "param4_type_": -1, "param4_value_": "-1", "param5_type_": -1, "param5_value_": "-1", "param6_type_": -1, "param6_value_": "-1", "jump_type_": 20, "jump_param_": 2}, {"mission_id_": 1128, "mission_set_id_": 1024, "mission_detail_id_": -1, "mission_sort_id_": 3, "reward_table_id_": 1032, "mission_condition_id_": 242, "mission_condition_text_id_": 242, "param1_value_": "20000000", "param2_type_": -1, "param2_value_": "-1", "param3_type_": -1, "param3_value_": "-1", "param4_type_": -1, "param4_value_": "-1", "param5_type_": -1, "param5_value_": "-1", "param6_type_": -1, "param6_value_": "-1", "jump_type_": 4, "jump_param_": -1}, {"mission_id_": 1129, "mission_set_id_": 1024, "mission_detail_id_": -1, "mission_sort_id_": 4, "reward_table_id_": 1020, "mission_condition_id_": 242, "mission_condition_text_id_": 242, "param1_value_": "35000000", "param2_type_": -1, "param2_value_": "-1", "param3_type_": -1, "param3_value_": "-1", "param4_type_": -1, "param4_value_": "-1", "param5_type_": -1, "param5_value_": "-1", "param6_type_": -1, "param6_value_": "-1", "jump_type_": 4, "jump_param_": -1}]